t,r,r_hold,vel_r_measured,v_r,v_theta,vel_theta,v_z,vel_z
10.689205639999273,11.46687248695589,11.46687248695589,-0.01031767657105399,0.0,0.0,-0.013894814985188261,0.0,8.582208829466254e-05
10.75080871099999,11.467027514711226,11.46687248695589,-0.010292343181750213,0.0,0.0,-0.01390017732803353,0.0,8.88175709405914e-05
10.782056389998615,11.467079063979117,11.46687248695589,-0.010263046204110253,0.0,0.0,-0.013895388800895431,0.0,3.693498729262501e-05
10.844381831000646,11.467048852059962,11.46687248695589,-0.010203919811384238,0.0,0.0,-0.013879452977764006,0.0,-5.888649320695549e-05
10.907324553998478,11.467106122819674,11.46687248695589,-0.010087791463588559,0.0,0.0,-0.013797053516656332,0.0,-7.272933726198971e-05
10.938016525000421,11.467234262399145,11.46687248695589,-0.010046769026346858,0.0,0.0,-0.013808336287899164,0.0,-7.53726126276888e-05
11.00013877499805,11.467273614148452,11.46687248695589,-0.010022328816863432,0.0,0.0,-0.01388545391857153,0.0,-0.00014153002121020108
11.03203854199819,11.467222293091105,11.46687248695589,-0.009939379457426286,0.0,0.0,-0.013844313043729758,0.0,-0.00013594060146715492
11.092586660997767,11.467255947055552,11.46687248695589,-0.00980975926865278,0.0,0.0,-0.013731281961882157,0.0,-7.508707494707778e-05
11.156505287999607,11.46738058829784,11.46687248695589,-0.009668093168126706,0.0,0.0,-0.013725891999181384,0.0,-0.00010372958786319941
11.187336759998288,11.467381235848475,11.46687248695589,-0.009548156536216526,0.0,0.0,-0.013838364206636778,0.0,-0.00013656260853167623
11.250677396998071,11.467300304924413,11.46687248695589,-0.009408691274196605,0.0,0.0,-0.013820649891075659,0.0,-0.00012880944996140897
11.281013420997624,11.4673020638301,11.46687248695589,-0.009195059914778255,0.0,0.0,-0.01376722676096008,0.0,-0.0001730519434204325
11.344386859000224,11.467359054325348,11.46687248695589,-0.0090536464196758,0.0,0.0,-0.013876882440319104,0.0,-0.00016317366680596024
11.407014123000408,11.467410015061015,11.46687248695589,-0.008980688653566223,0.0,0.0,-0.013957188987460163,0.0,-0.0005643383483402431
11.437517239999579,11.46728027342204,11.46687248695589,-0.008851775619642227,0.0,0.0,-0.014091055153416984,0.0,-0.0005388780846260488
11.500258317999396,11.467241366266483,11.46687248695589,-0.008706379925318811,0.0,0.0,-0.014082563158827595,0.0,-0.0004565203853417188
11.531591095001204,11.467275804418597,11.46687248695589,-0.008637852944273394,0.0,0.0,-0.014178860820412698,0.0,-0.0005264514475129545
11.59311252399857,11.467349842231721,11.46687248695589,-0.008576638560928196,0.0,0.0,-0.014273138481003728,0.0,-0.00050638074753806
11.654430398997647,11.467399364669344,11.46687248695589,-0.00854825073126085,0.0,0.0,-0.014386936326540138,0.0,-0.00047585833817720413
11.686706259999482,11.46751584545289,11.46687248695589,-0.008494856546721864,0.0,0.0,-0.014318073710216667,0.0,-0.0004887746181339025
11.75042076599857,11.467686701521103,11.46687248695589,-0.008502548676402915,0.0,0.0,-0.014329554177432402,0.0,-0.0005140498396940529
11.781407835998834,11.467869210586148,11.46687248695589,-0.008517388618346928,0.0,0.0,-0.014360563702659451,0.0,-0.0005383607931435108
11.843986948999373,11.46797977147567,11.46687248695589,-0.0085045017664267,0.0,0.0,-0.014406672817333746,0.0,-0.0005827110726386309
11.90718471999935,11.468139234405431,11.46687248695589,-0.008347081793332009,0.0,0.0,-0.014282235534920772,0.0,-0.0005353809683583677
11.93855909299964,11.468333343745197,11.46687248695589,-0.008161498814629901,0.0,0.0,-0.014250953090280056,0.0,-0.0005138309206813574
12.000218359000428,11.46851595711296,11.46687248695589,-0.007978193744472926,0.0,0.0,-0.01426154227390493,0.0,-0.0004957746132276952
12.030505362999975,11.46859263837957,11.46687248695589,-0.007825497887122562,0.0,0.0,-0.014220485119504777,0.0,-0.0005075933877378702
12.092778686001111,11.468708704264538,11.46687248695589,-0.007508543494510259,0.0,0.0,-0.014061600522564353,0.0,-0.0005179370637051761
12.15726790899862,11.468850990478996,11.46687248695589,-0.007196071416023204,0.0,0.0,-0.013976004873743429,0.0,-0.0005247468943707645
12.186933311000757,11.468965754750943,11.46687248695589,-0.006875545063698845,0.0,0.0,-0.013976460942048023,0.0,-0.0004036555765196681
12.250336655000865,11.46894805666075,11.46687248695589,-0.0065740636632362175,0.0,0.0,-0.013931627934806222,0.0,-0.000551527482457459
12.280727291999938,11.468968039422931,11.46687248695589,-0.006157959113547053,0.0,0.0,-0.01378184060419802,0.0,-0.0006709377048537135
12.342568215997744,11.4690143548562,11.46687248695589,-0.005752691510555371,0.0,0.0,-0.013701921084994389,0.0,-0.0006619721534661949
12.40486988399789,11.46903947403273,11.46687248695589,-0.0053734866108488336,0.0,0.0,-0.013702635564599105,0.0,-0.0007736436673440039
12.435464940997917,11.468952150695241,11.46687248695589,-0.004994893588005819,0.0,0.0,-0.013720145493561403,0.0,-0.0006907421047799289
12.498598201000277,11.468903272830516,11.46687248695589,-0.004595563095060264,0.0,0.0,-0.013526791595995444,0.0,-0.0007477388135157526
12.560673613999825,11.468881090462572,11.46687248695589,-0.00423539918137507,0.0,0.0,-0.013434208467958276,0.0,-0.0007333566900342703
12.592816116000904,11.468831675008966,11.46687248695589,-0.0038810934071245333,0.0,0.0,-0.013419376444350968,0.0,-0.0007814605487510562
12.656001259998447,11.468649923898337,11.46687248695589,-0.0035459541884402903,0.0,0.0,-0.013385089663128655,0.0,-0.0007501416257582605
12.687140335998265,11.468510915850064,11.46687248695589,-0.0031473021558082372,0.0,0.0,-0.013173955891438006,0.0,-0.0008051405311562121
12.75007928299965,11.468402052973815,11.46687248695589,-0.0027759272883210026,0.0,0.0,-0.013035663224987594,0.0,-0.00086768384790048
12.780926311999792,11.468273264096617,11.46687248695589,-0.0024813322715096127,0.0,0.0,-0.01296862524448111,0.0,-0.0008925992297008634
12.84471324399783,11.468020591488237,11.46687248695589,-0.002309267691242009,0.0,0.0,-0.012941817187815504,0.0,-0.000919696525670588
12.909001659998466,11.467819696685114,11.46687248695589,-0.0020761282886087684,0.0,0.0,-0.012702042991654144,0.0,-0.0009145934018306434
12.941096210997785,11.467662317637913,11.46687248695589,-0.0019221439536883907,0.0,0.0,-0.012605356262080208,0.0,-0.0008786785765551031
13.004116768999666,11.467498457087075,11.46687248695589,-0.0018370578744618359,0.0,0.0,-0.012605183260976453,0.0,-0.000843079702463001
13.034908266999992,11.467231690476208,11.46687248695589,-0.0018087069218847961,0.0,0.0,-0.012565242089458844,0.0,-0.0008509348845109344
13.096243666997907,11.467021599794062,11.46687248695589,-0.001721265901745378,0.0,0.0,-0.012374807032370738,0.0,-0.0007719489512965083
13.156881933999102,11.466859638395528,11.46687248695589,-0.0017039414851568661,0.0,0.0,-0.012347700141613854,0.0,-0.0007681053248234093
13.188321600999188,11.46669494119741,11.46687248695589,-0.001713936953849199,0.0,0.0,-0.012416685107635913,0.0,-0.0007045401143841445
13.248744224998518,11.466358403856368,11.46687248695589,-0.0018070594746436297,0.0,0.0,-0.01248845532606769,0.0,-0.0006548354285769165
13.281293585998355,11.466171198274125,11.46687248695589,-0.0017972109288413485,0.0,0.0,-0.012325807655451227,0.0,-0.00045490494812838733
13.34455738899851,11.466035207126454,11.46687248695589,-0.0019012878483708473,0.0,0.0,-0.01237340773795536,0.0,-0.0005521922139450908
13.407500281999091,11.465844217256482,11.46687248695589,-0.0019945651826014116,0.0,0.0,-0.012507120793926883,0.0,-0.000469640945084393
13.437624211001093,11.465677778007505,11.46687248695589,-0.002041239070170936,0.0,0.0,-0.012576833915578718,0.0,-0.0004518397036008537
13.50078221700096,11.465482597989972,11.46687248695589,-0.0021133768196492124,0.0,0.0,-0.01263759959436804,0.0,-0.0003471412928774953
13.53216650000104,11.46534306883435,11.46687248695589,-0.0021862854108515963,0.0,0.0,-0.012659309116580812,0.0,-0.0001549848821014166
13.59709596600078,11.465211049445841,11.46687248695589,-0.0024062583172537694,0.0,0.0,-0.012783128926077409,0.0,1.5304371117963456e-05
13.627432200999465,11.464989750101225,11.46687248695589,-0.0026380129107873664,0.0,0.0,-0.01287980700879503,0.0,1.5708721548435278e-05
13.689897660999122,11.46483759522611,11.46687248695589,-0.0027957628084840994,0.0,0.0,-0.012850096563717347,0.0,9.95430164039135e-05
13.752172636999603,11.46474421702568,11.46687248695589,-0.003019406466346041,0.0,0.0,-0.012926732433409267,0.0,0.00017780988127924502
13.783775708998292,11.464661475616182,11.46687248695589,-0.003317179003805036,0.0,0.0,-0.013082839191318321,0.0,0.00019952277943957597
13.844566881998617,11.464493017071783,11.46687248695589,-0.0036355074581270784,0.0,0.0,-0.013265301292004775,0.0,0.0002741613716352731
13.907324088999303,11.464400206821468,11.46687248695589,-0.003957832111093051,0.0,0.0,-0.013276270992325211,0.0,0.0003680361551232636
13.937825151999277,11.464373330081889,11.46687248695589,-0.004341183911174835,0.0,0.0,-0.01337503462428586,0.0,0.00039979739813134074
14.003050129998883,11.464363740092978,11.46687248695589,-0.004749487997885625,0.0,0.0,-0.013547616987448791,0.0,0.00027307396521791816
14.032912389000558,11.464273042880823,11.46687248695589,-0.0051656974314751416,0.0,0.0,-0.013696828027107354,0.0,0.0001915798638947308
14.090991012999439,11.464258752631636,11.46687248695589,-0.005511328980265206,0.0,0.0,-0.01359396733073769,0.0,0.0002302849607076496
14.140906142998574,11.464310792424817,11.46687248695589,-0.005902879796417068,0.0,0.0,-0.013547120992379848,0.0,0.00021302785899024457
14.194194837000396,11.464375542607035,11.46687248695589,-0.006301198406739035,0.0,0.0,-0.013638861961070229,0.0,0.0002852780162356794
14.240755087997968,11.46434648020664,11.46687248695589,-0.006729240005938423,0.0,0.0,-0.013750258886961174,0.0,0.00030692762811668217
14.29504127600012,11.464391428277985,11.46687248695589,-0.006990651550039953,0.0,0.0,-0.013662737939366608,0.0,0.0002949167974293232
14.346906859998853,11.464501257841237,11.46687248695589,-0.007326125265037786,0.0,0.0,-0.013728400686086318,0.0,0.00033772189635783434
14.408979816998908,11.464620125271315,11.46687248695589,-0.007650561976549334,0.0,0.0,-0.01392138799772099,0.0,0.0004034914600197226
14.434791939998831,11.464640296023756,11.46687248695589,-0.008009381973981577,0.0,0.0,-0.014048934448300375,0.0,0.00047003524377942085
14.495030588997906,11.464730337283877,11.46687248695589,-0.00817435047948301,0.0,0.0,-0.013957675503584267,0.0,0.00042093146475963295
14.562674946999323,11.464877809553302,11.46687248695589,-0.008334885486860776,0.0,0.0,-0.013962893260862934,0.0,0.0003933683910872787
14.587447765999968,11.464972282323236,11.46687248695589,-0.008506913705581234,0.0,0.0,-0.01403630109495073,0.0,0.00043740717228502035
14.644669368997711,11.464814039118574,11.46687248695589,-0.00868684552015642,0.0,0.0,-0.014045219505881137,0.0,0.0005100857233628631
14.695797275999212,11.464747907931462,11.46687248695589,-0.008656680379092747,0.0,0.0,-0.01383350423256527,0.0,0.0005560835124924779
14.746271380998223,11.464751665328434,11.46687248695589,-0.008679110690733502,0.0,0.0,-0.013779390305205464,0.0,0.00045420354581438005
14.795931251999718,11.464726707060636,11.46687248695589,-0.008693761640712602,0.0,0.0,-0.013775362267658676,0.0,0.0005078983958810568
14.842195930999878,11.464468594963295,11.46687248695589,-0.008660719796851103,0.0,0.0,-0.013737767241271412,0.0,0.0005780692445114255
14.895658170000388,11.464310480449534,11.46687248695589,-0.008486775188896381,0.0,0.0,-0.013540095527383222,0.0,0.0005652513937093318
14.945714552999561,11.46423759619487,11.46687248695589,-0.008399123716875314,0.0,0.0,-0.01349682873708228,0.0,0.0005803907988592982
14.995546808000654,11.464139263192848,11.46687248695589,-0.008362566833281296,0.0,0.0,-0.013527559245211051,0.0,0.0006139669567346573
15.061676114000875,11.463821560886576,11.46687248695589,-0.008368192779280517,0.0,0.0,-0.013561851842228329,0.0,0.0006424096645787358
15.084306240998558,11.463618428106276,11.46687248695589,-0.008278866527073268,0.0,0.0,-0.013473824155392956,0.0,0.0005862450925633311
15.140877980000369,11.463412178941804,11.46687248695589,-0.008395128528519724,0.0,0.0,-0.013520189726868527,0.0,0.0006749394815415144
15.193869818998792,11.463236244858455,11.46687248695589,-0.008625122742068787,0.0,0.0,-0.013542750351369577,0.0,0.0007273192168213427
15.247784912000498,11.462983785699087,11.46687248695589,-0.008947838657245504,0.0,0.0,-0.013583552647925039,0.0,0.0007322746678255498
15.308350522998808,11.462889651595043,11.46687248695589,-0.009299257419824743,0.0,0.0,-0.01354363293766402,0.0,0.0007416002335958183
15.333541584001068,11.462895210864021,11.46687248695589,-0.009906656505078975,0.0,0.0,-0.013669774608331062,0.0,0.0008579633431509137
15.3959498180011,11.462831953801368,11.46687248695589,-0.010573775391567692,0.0,0.0,-0.013765491154801482,0.0,0.0008963539148680866
15.446432458000345,11.462719815418504,11.46687248695589,-0.011247220581497502,0.0,0.0,-0.013736629422535814,0.0,0.000914091884624213
15.51189999000053,11.462732020320228,11.46687248695589,-0.011899697097534396,0.0,0.0,-0.01359755439761022,0.0,0.0009477610583417118
15.544684829001199,11.46289540092939,11.46687248695589,-0.012606421032830458,0.0,0.0,-0.013536178678021961,0.0,0.0009758076048456132
15.600021620000916,11.462988807645424,11.46687248695589,-0.0134855572694393,0.0,0.0,-0.013524216588560303,0.0,0.0009962411131709814
15.629162543998973,11.463028830956459,11.466140231962983,-0.014282495875093136,-0.02500000037252903,0.0,-0.013393831021616348,0.0,0.0010077418992295861
15.679312641997967,11.463214791117217,11.463947111808347,-0.014954248327149788,-0.0437500006519258,0.0,-0.013229518496433376,0.0,0.000956472591497004
15.735116297000786,11.463523240182129,11.460717771966902,-0.015676537628872476,-0.05781250086147338,0.0,-0.013178901773029036,0.0,0.0009707598946988583
15.79817686000024,11.463705910884945,11.45640969951826,-0.01620702005319917,-0.06835937601863407,0.0,-0.01323069744337503,0.0,0.0008314137812703848
15.861635397999635,11.463746947652819,11.45156789899297,-0.01602158759278887,-0.07626953238650458,0.0,-0.013152854955149007,0.0,0.0006805643788538873
15.885228783998173,11.46382117980279,11.449631369259277,-0.014838535965845164,-0.08220214966240746,0.0,-0.013000145868663993,0.0,0.0007345047197304666
15.944622858998628,11.463859090270308,11.444479132876046,-0.012699628768941568,-0.08665161261933463,0.0,-0.012904335386501094,0.0,0.0007816774887032807
15.995969134997722,11.463693091564796,11.439861162908842,-0.009603839495295464,-0.08998870983703,0.0,-0.012947583256946862,0.0,0.0008174251997843385
16.060204677,11.463035079285861,11.433918913410787,-0.0050133966286127814,-0.09249153275030153,0.0,-0.01296233773620354,0.0,0.0008357152692042291
16.09464959199977,11.46217366760422,11.430684422750431,0.001199072035584872,-0.09436864993525518,0.0,-0.012760825438532575,0.0,0.0008044220739975572
16.15403016900018,11.461060229896836,11.424979809496794,0.007952658378173836,-0.09577648782397041,0.0,-0.012660688256742048,0.0,0.0007086016121320426
16.18595231799918,11.459578478638974,11.421891464136818,0.015218368951925534,-0.09683236624050684,0.0,-0.012654593371757103,0.0,0.0005468516610562801
16.249051857001177,11.45752911739569,11.41573268936129,0.02297478951577514,-0.09762427505290916,0.0,-0.012655204588179186,0.0,0.000714510097168386
16.281714698998258,11.455166528101127,11.412521673862141,0.03144263364946315,-0.0982182066622109,0.0,-0.012568767961341688,0.0,0.0008068482857197523
16.34319702599896,11.452459524410022,11.406457874381365,0.040070000390261255,-0.0986636553691872,0.0,-0.01264843316910155,0.0,0.0008636188576929271
16.406201546000375,11.449355263196207,11.400255386053137,0.04881295042842873,-0.09899774189941943,-0.10000000149011612,-0.012855046965607521,0.0,0.0009332983754575253
16.437324794998858,11.445757095583502,11.397135963847033,0.05745841937572921,-0.0992483067970936,-0.10000000149011612,-0.013085586144384136,0.0,0.0009109640959650278
16.501323962998868,11.441833348152569,11.390784526023479,0.06604976391746145,-0.09943623047034922,-0.10000000149011612,-0.013152904315467742,0.0,0.0009435598622076213
16.531672721997893,11.437597036413825,11.387742086961838,0.07395022405625051,-0.09957717322529094,-0.10000000149011612,-0.013565426476317567,0.0,0.0009801165433600545
16.59784448999926,11.433014607724303,11.381185952815546,0.0815281271208744,-0.09968288029149724,-0.10000000149011612,-0.015111453868882525,0.0,0.0009380650008097291
16.659010846000456,11.428020388842343,11.37505311771983,0.08892477798921028,-0.09976216059115196,-0.10000000149011612,-0.01784115510069405,0.0,0.0009259849903173745
16.689583112998662,11.422738337150685,11.371994665950227,0.09612057458263044,-0.099821620815893,-0.10000000149011612,-0.02134924618786755,0.0,0.0008917936938814819
16.752623880998726,11.417183938036901,11.365705717058066,0.10299669344643897,-0.09986621598444878,-0.10000000149011612,-0.025625665870575808,0.0,0.0007728707860223949
16.78486834299838,11.411408151871752,11.362485079630552,0.1091788392995111,-0.09989966236086562,-0.10000000149011612,-0.030288646551120853,0.0,0.0007055019377730787
16.845893503999832,11.405104353207102,11.356381606707426,0.11492718303663853,-0.09992474714317824,-0.10000000149011612,-0.03494694432587128,0.0,0.0005313719739206135
16.878336386998853,11.398607713888355,11.353135201426024,0.12057802516849611,-0.09994356072991271,-0.30000001192092896,-0.03950489634306718,0.0,0.0004402317281346768
16.938500509000733,11.391927311759591,11.347128500165292,0.12566286337532603,-0.09995767091996356,-0.30000001192092896,-0.04413232936058053,0.0,0.0004870549018960446
17.001095764000638,11.38499917137122,11.340886276049854,0.13026724096367695,-0.0999682535625017,-0.6000000238418579,-0.04873489155764217,0.0,0.0005006003775633872
17.031869638998614,11.37768956121433,11.337795581438604,0.13435875133383393,-0.0999761905444053,-0.6000000238418579,-0.05404821486557197,0.0,0.00038833916187286377
17.093826479998825,11.37030427026633,11.331645027585765,0.13796072863863634,-0.099982143280833,-0.699999988079071,-0.06138005303242394,0.0,0.00041906561818905175
17.155927111998608,11.362854732780788,11.325398987461304,0.1408639939794631,-0.09998660783315379,-1.100000023841858,-0.07095584561448393,0.0,0.0003359466209076345
17.187187593997805,11.355280311305112,11.322267221007975,0.14323980767299163,-0.09998995624739437,-1.100000023841858,-0.08448637724590667,0.0,5.572226655203849e-05
17.24801645000116,11.347331671889874,11.316179947247813,0.1452069152442007,-0.09999246755807481,-1.2999999523162842,-0.10276763785673695,0.0,-0.00010313392704119906
17.28036265099945,11.33952252300326,11.312947507710703,0.14680657111373052,-0.09999435104108514,-1.2999999523162842,-0.12614371556055015,0.0,-0.00026103397249244153
17.343520268997963,11.331738133937494,11.30663244855916,0.1479188362123718,-0.0999957636533429,-1.2999999523162842,-0.1551256310086039,0.0,-0.0004328362992964685
17.40551164399949,11.32353474772516,11.300430591567695,0.14858610801021438,-0.0999968231125362,-1.2999999523162842,-0.19117948048327618,0.0,-0.000743711250834167
17.4351189279987,11.315518075427745,11.297471482185797,0.1488071393050582,-0.09999761770693118,-1.2999999523162842,-0.23675576841874102,0.0,-0.0011409344151616096
17.496929787001136,11.30760914467566,11.291286084906094,0.14869373104059846,-0.09999821365272742,-1.2999999523162842,-0.2854971794340295,0.0,-0.001161790220066905
17.557968433000497,11.299817717457524,11.285202439507863,0.14795096241175834,-0.09999866061207459,-1.2999999523162842,-0.3373263322131574,0.0,-0.0011378669878467917
17.589368328001,11.292293231694732,11.282051268949397,0.1467357234480978,-0.09999899583158497,-1.2999999523162842,-0.39023576406879024,0.0,-0.0009324955171905458
17.65130684399992,11.284372454050303,11.275858607549798,0.14506204950672727,-0.09999924724621775,-1.2999999523162842,-0.44085913325420645,0.0,-0.0006984416395425797
17.68209154899887,11.276660444448696,11.272775634297448,0.14299379049428015,-0.09999943580719234,-1.2999999523162842,-0.4913448590088658,0.0,-0.0003408524498809129
17.744565476998105,11.269160273361265,11.266523252703234,0.14049290131273373,-0.09999957722792328,-1.2999999523162842,-0.5397977238108704,0.0,0.0001565726415719837
17.807537355998647,11.261750920267549,11.260240513888371,0.13753108416913265,-0.09999968329347149,-1.2999999523162842,-0.5857097594265276,0.0,0.0004896937753073871
17.837527653999132,11.254196033338284,11.257225694263658,0.1342201843027962,-0.09999976284263265,-1.2999999523162842,-0.6287143524524657,0.0,0.0006840968271717429
17.900477070998022,11.246953502290372,11.25093538884696,0.13065829014197,-0.09999982250450351,-1.2999999523162842,-0.6685058321854284,0.0,0.0007955365581437945
17.93200647699996,11.240021002950945,11.247772436807963,0.12650213306569585,-0.09999986725090666,-1.2999999523162842,-0.7057853964913923,0.0,0.0009207315742969513
17.9925065790012,11.233239722043608,11.241732108097791,0.12209577031307699,-0.09999990081070903,-1.2999999523162842,-0.7406489799561575,0.0,0.0009207436232827604
18.055088859000534,11.22632038003699,11.235474674069843,0.11752994784839677,-0.0999999259805608,-1.2999999523162842,-0.7729883518269476,0.0,0.0009585178922861814
18.080760077999003,11.219775961189518,11.23290135223901,0.11301465250136805,-0.09999994485794964,-1.2999999523162842,-0.8025587913414991,0.0,0.0007753396639600396
18.12992065999788,11.213602607666202,11.227988787113704,0.10822775259086596,-0.09999995901599126,-1.2999999523162842,-0.830100767635987,0.0,0.0006517092697322369
18.18560473099933,11.207617492582553,11.222423479279101,0.10306432494273457,-0.09999996963452248,-1.2999999523162842,-0.8557928564498644,0.0,0.0005039474344812334
18.236004878999665,11.201499905834828,11.21738042678181,0.09802029650284183,-0.09999997759842089,-1.2999999523162842,-0.879671931230055,0.0,0.0005363934906199574
18.295204918998934,11.19581227116076,11.21146399918782,0.09296479261394289,-0.0999999835713447,-1.2999999523162842,-0.9015796147026734,0.0,0.00028805388137698174
18.3472541379997,11.1905346124246,11.206252718034087,0.0876239241549564,-0.09999998805103755,-1.2999999523162842,-0.9221737649764266,0.0,0.00017591548385098577
18.3959140750012,11.185480966151887,11.201385975364332,0.08226730862545767,-0.09999999141080719,-1.2999999523162842,-0.941551490976766,0.0,-6.746059079887345e-05
18.44599776999894,11.180334529758053,11.196383405515673,0.07705878868496407,-0.09999999393063443,-1.2999999523162842,-0.9596480590336406,0.0,-0.0003583368088584393
18.49632266700064,11.175607232307412,11.191346622507801,0.07219369388423094,-0.09999999582050485,-1.2999999523162842,-0.9763745215558798,0.0,-0.0003391626523807645
18.54714292999779,11.171264024122955,11.1862668048762,0.06743306432905374,-0.09999999723790767,-1.2999999523162842,-0.9921890737471198,0.0,-0.0005194538389332592
18.59581211299883,11.167097541887925,11.181404019619464,0.06278869724911917,-0.09999999830095979,-1.2999999523162842,-1.007195924574344,0.0,-0.0007132730097509921
18.64600331999827,11.162756979956221,11.176376725505863,0.058298646015986055,-0.09999999909824887,-1.2999999523162842,-1.0214147430106095,0.0,-0.0005878433003090322
18.681027566999546,11.158816943953184,11.17287259229202,0.05417594390658692,-0.09999999969621569,-1.2999999523162842,-1.0347040905829106,0.0,-0.0008722067577764392
18.72974588999932,11.155243821027693,11.168003465011415,0.050092522273093104,-0.10000000014469079,-1.2999999523162842,-1.0474005125454457,0.0,-0.0008619421860203147
18.781244019999576,11.151841645309839,11.162872625638894,0.046088775719552305,-0.10000000048104712,-1.2999999523162842,-1.0594956533193298,0.0,-0.0008878234657458961
18.83672458000001,11.14828136276094,11.15730753065027,0.04239072172424099,-0.10000000073331437,-1.2999999523162842,-1.070929910912114,0.0,-0.0009173014550469816
18.896117042000697,11.14511707176923,11.151376868440407,0.039153598724631256,-0.1000000009225148,-1.2999999523162842,-1.0816588053053169,0.0,-0.0007953390013426542
18.947271446999366,11.14224407071474,11.146272278923792,0.03584574546932834,-0.10000000106441513,-1.2999999523162842,-1.0916847142655914,0.0,-0.0009876427939161658
18.99612248899939,11.139519446442243,11.141390586933957,0.0326805580240766,-0.10000000117084037,-1.2999999523162842,-1.1014257498071298,0.0,-0.0010558294598013163
19.04832711799827,11.136646310566439,11.136173654571959,0.02979179846806493,-0.1000000012506593,-1.2999999523162842,-1.110659038452308,0.0,-0.0009204822708852589
19.103294077998726,11.134067999195166,11.130668998661806,0.027438526258047102,-0.1000000013105235,-1.2999999523162842,-1.1193331476414907,0.0,-0.0008092408534139395
19.13094037799965,11.131744038236608,11.12788701143385,0.02535829412728241,-0.10000000135542166,-1.2999999523162842,-1.1276573184246634,0.0,-0.0009765714639797807
19.18079104699791,11.129511261306137,11.122902108029034,0.02346298784664641,-0.10000000138909527,-1.2999999523162842,-1.1357314853000176,0.0,-0.0010349485091865063
19.236159469000995,11.127096464614052,11.117364979502234,0.021826727595362527,-0.10000000141435049,-1.2999999523162842,-1.1435312685041696,0.0,-0.00088178098667413
19.286461101997702,11.124872354454894,11.112340641661666,0.020806774510471387,-0.1000000014332919,-1.2999999523162842,-1.1509149922921078,0.0,-0.0010135634802281857
19.346495350000623,11.122856122805885,11.10633590276707,0.02010327093925396,-0.10000000144749795,-1.2999999523162842,-1.1581723375279556,0.0,-0.001072805724106729
19.396463659999426,11.12088189359868,11.101340938094626,0.01930713318764593,-0.1000000014581525,-1.2999999523162842,-1.1650499399015124,0.0,-0.0010745866457000375
19.446447787999205,11.118711505996146,11.09633820097599,0.018745796430409856,-0.1000000014661434,-1.2999999523162842,-1.1716755315959182,0.0,-0.0011213147081434727
19.496851271000196,11.116468213474576,11.09129385981439,0.01828344244252414,-0.10000000147213658,-1.2999999523162842,-1.1780584349265173,0.0,-0.0011344277299940586
19.5528986299978,11.114610386476961,11.085692429792408,0.01871114859486231,-0.10000000147663146,-1.2999999523162842,-1.1844835430975271,0.0,-0.001013743574731052
19.613415795000037,11.11254953089615,11.079644537132403,0.018974234235548837,-0.10000000148000263,-1.2999999523162842,-1.1905447226436252,0.0,-0.0009966320358216763
19.636573645999306,11.110353389313229,11.077328014499793,0.019872049414778103,-0.10000000148253099,-1.2999999523162842,-1.1963452892329711,0.0,-0.0011644490296021104
19.695963891001156,11.10821622415257,11.071384429969426,0.020664466277616755,-0.10000000148442728,-1.2999999523162842,-1.2017762391849787,0.0,-0.0011454133782535791
19.7471805339992,11.106142026126754,11.06626238819105,0.02178749027622988,-0.10000000148584949,-1.2999999523162842,-1.2072627272624594,0.0,-0.0012987647205591202
19.79625494300126,11.10390420093294,11.061363196261818,0.02344266445014144,-0.10000000148691615,-1.2999999523162842,-1.2126473532677302,0.0,-0.0012985639041289687
19.84669668999777,11.101508515827806,11.05634276848327,0.02566995260323622,-0.10000000148771615,-1.2999999523162842,-1.2179296228751368,0.0,-0.001267992309294641
19.903039680000802,11.099128739986547,11.050677227703758,0.02789730248284314,-0.10000000148831614,-1.2999999523162842,-1.2231119333317666,0.0,-0.0013211568584665656
19.930466739999247,11.096742357551951,11.04793624846831,0.030142523164815596,-0.10000000148876614,-1.2999999523162842,-1.2281640436328791,0.0,-0.0013293332885950804
19.980838182000298,11.094083255193393,11.042897510142547,0.03241199544404888,-0.10000000148910364,-1.2999999523162842,-1.233094466128921,0.0,-0.0013508746633306146
20.036682041998574,11.091169895327113,11.037309765346496,0.03483955978191719,-0.10000000148935675,-1.2999999523162842,-1.2378125954466674,0.0,-0.0014076126972213387
20.095759133000684,11.088245005460314,11.03140501920294,0.037725514298397766,-0.1000000014895466,-1.2999999523162842,-1.242321435092696,0.0,-0.0013822328764945269
20.15878074599823,11.085298091167752,11.025126575772923,0.04054620691569463,-0.10000000148968899,-1.2999999523162842,-1.2466938653146549,0.0,-0.0014846354024484754
20.189692707001086,11.082081335363883,11.022015308636728,0.04321479833491791,-0.10000000148979576,-1.2999999523162842,-1.25092641629434,0.0,-0.0015483127208426595
20.25057017099971,11.078620098944324,11.015926622556634,0.045953027822586145,-0.10000000148987585,-1.2999999523162842,-1.2550056880185327,0.0,-0.001506555126979947
20.312593126000138,11.075145233900448,11.009722494198815,0.04875885219398941,-0.10000000148993592,-1.2999999523162842,-1.2589304831855477,0.0,-0.0014185805339366198
20.344145203998778,11.071624571209137,11.006568097141011,0.05177072785426361,-0.10000000148998096,-1.2999999523162842,-1.2627427340256452,0.0,-0.0015022055013105273
20.40575804299806,11.067760654409623,11.000416897708538,0.054939340418904636,-0.10000000149001476,-1.2999999523162842,-1.2664358109186866,0.0,-0.0014666097704321146
20.436712373000773,11.063597337290254,10.997311114199736,0.05799305218777209,-0.1000000014900401,-1.2999999523162842,-1.2699741203282695,0.0,-0.0014616241678595543
20.50051511499987,11.05941109075868,10.990929054053675,0.06125653668551434,-0.10000000149005911,-1.2999999523162842,-1.273406769832956,0.0,-0.0015133448177948594
20.562436420001177,11.055179877269635,10.984749506651719,0.06460830735611969,-0.10000000149007336,-1.2999999523162842,-1.2767273639634307,0.0,-0.0015423267614096403
20.59324431799905,11.050668172587946,10.981659649504238,0.06793962632742565,-0.10000000149008405,-1.2999999523162842,-1.2799025930615593,0.0,-0.0015173061983659863
20.65683203699882,11.045911097379667,10.97529868940274,0.07127415562044456,-0.10000000149009207,-1.2999999523162842,-1.2828992542559734,0.0,-0.0015292338794097304
20.689061689998198,11.041140801576427,10.972076056946577,0.07430282176893367,-0.10000000149009808,-1.2999999523162842,-1.2857274838607622,0.0,-0.0016770386137068272
20.750979077998636,11.036334292517505,10.965886829750163,0.0772641761744669,-0.10000000149010259,-1.2999999523162842,-1.2884280129892551,0.0,-0.0016296253306791186
20.81306971899903,11.03128109357643,10.95967657403476,0.08019969826347408,-0.10000000149010597,-1.2999999523162842,-1.2910502223806442,0.0,-0.0016517476178705692
20.844618981998792,11.025999630520309,10.956519745107409,0.08312950163519221,-0.10000000149010851,-1.2999999523162842,-1.2935284200135426,0.0,-0.0015828307950869203
20.907331005000742,11.020706858731401,10.950257013461963,0.08607259321574556,-0.10000000149011042,-1.2999999523162842,-1.2958536099419569,0.0,-0.001671559177339077
20.93772014899878,11.015394537553936,10.947204444980807,0.08860923152683357,-0.10000000149011185,-1.2999999523162842,-1.298119228846981,0.0,-0.0015377495437860489
21.000592582000536,11.010026347699839,10.940922306062733,0.0911745393861686,-0.10000000149011291,-1.2999999523162842,-1.3002890099707993,0.0,-0.0015759940724819899
21.031589722999342,11.004438993626058,10.937821934655755,0.09344639812012769,-0.10000000149011372,-1.2999999523162842,-1.3023169624313844,0.0,-0.0014302065828815103
21.09400309799821,10.99882436928886,10.931589219909865,0.09590702470857232,-0.10000000149011432,-1.2999999523162842,-1.3042629409402027,0.0,-0.0014934900682419538
21.157193323000683,10.993172749377297,10.925264952428236,0.09826751514791457,-0.10000000149011476,-1.2999999523162842,-1.3061369884252303,0.0,-0.0014608156634494662
21.18937285300126,10.987297897416807,10.922046110827537,0.10049799858430958,-0.10000000149011509,-1.2999999523162842,-1.3079633603491794,0.0,-0.001338946633040905
21.2512563579985,10.981230136976231,10.915855620012636,0.10264307273897791,-0.10000000149011534,-1.2999999523162842,-1.3097173693084094,0.0,-0.0011988099431619048
21.282840707001014,10.975160307017829,10.912706849633379,0.10462500930212854,-0.10000000149011554,-1.2999999523162842,-1.3112373531328905,0.0,-0.001160120707936585
21.344395756997983,10.96907060195963,10.906541392769656,0.10663062806315006,-0.10000000149011568,-1.2999999523162842,-1.3127344919270292,0.0,-0.0010336280101910233
21.406866761000856,10.962811195749532,10.900293586127484,0.10838675461905732,-0.10000000149011579,-1.2999999523162842,-1.3142863578685833,0.0,-0.0008631136734038591
21.437894536000385,10.95646089782336,10.897188303297703,0.11033704043198889,-0.10000000149011587,-1.2999999523162842,-1.3156839969535852,0.0,-0.0007825866341590881
21.50192193700059,10.950113574510548,10.890805933207481,0.11207277031008406,-0.10000000149011593,-1.2999999523162842,-1.3169112152590474,0.0,-0.00039153816760517657
21.563373315999343,10.943456395899348,10.884638712046247,0.11307484563057181,-0.10000000149011598,-1.2999999523162842,-1.318156625816839,0.0,-0.0003928268270101398
21.594341290998273,10.937027993303177,10.881571003985092,0.11488368461027768,-0.10000000149011601,-1.2999999523162842,-1.319382195792579,0.0,-0.00020147496252320707
21.655954529000155,10.930400622765008,10.875385710695292,0.1162043921043952,-0.10000000149011604,-1.2999999523162842,-1.3204771316567028,0.0,-0.00010357546125305817
21.686995513999136,10.923794654682428,10.872278878144725,0.11735541218493059,-0.10000000149011606,-1.2999999523162842,-1.3214423968127436,0.0,5.6843793572625145e-05
21.7503363600008,10.917406361821348,10.865949961500734,0.11876966650678511,-0.10000000149011608,-1.2999999523162842,-1.3224514913443657,0.0,4.111130328965373e-05
21.814919689000817,10.91072743610194,10.859515878419934,0.11952883791971625,-0.10000000149011609,-1.2999999523162842,-1.3234478718601117,0.0,0.00011016671487595886
21.845761217999097,10.903801118163202,10.856401488000296,0.12052868405234635,-0.10000000149011609,-1.2999999523162842,-1.3244190070538466,0.0,0.0003423592133913189
21.909992941000382,10.896922086669223,10.849982234555338,0.12154486434427333,-0.10000000149011609,-1.5,-1.325249144916016,0.0,0.0004257074324414134
21.94078032899779,10.890087153871692,10.846904107602121,0.1221940389572593,-0.10000000149011609,-1.5,-1.3261883209347776,0.0,0.0005226783105172217
22.00672806700095,10.883164127679496,10.840314766340297,0.1227469557585856,-0.10000000149011609,-1.5,-1.3271865893545238,0.0,0.0006542861228808761
22.03659790099846,10.87592538055826,10.83732983721104,0.12328158465896752,-0.10000000149011609,-1.5,-1.3283345877196306,0.0,0.0006862634909339249
22.091299887000787,10.86877673103934,10.831859537408763,0.12386169382332038,-0.10000000149011609,-1.5,-1.3311741667524535,0.0,0.000628223700914532
22.14417738100019,10.861716674897789,10.826563521590405,0.12414034608018118,-0.10000000149011609,-1.600000023841858,-1.3364489007318119,0.0,0.0007674554944969714
22.1981029569979,10.854681806757464,10.821179743891772,0.12402471307903112,-0.10000000149011609,-1.600000023841858,-1.343676016961407,0.0,0.0008374938042834401
22.23175366400028,10.847556160388903,10.817796941831782,0.12349173775545383,-0.10000000149011609,-1.600000023841858,-1.3523242782415845,0.0,0.0009146776865236461
22.28097032900041,10.840579955470517,10.812879749299404,0.1225537487873895,-0.10000000149011609,-1.600000023841858,-1.3620831073847686,0.0,0.0008756978204473853
22.332935530001123,10.833752750276723,10.807685705108847,0.1212378220068458,-0.10000000149011609,-1.600000023841858,-1.3734162228652085,0.0,0.0007929400308057666
22.38108717599971,10.826983878998767,10.802869363636932,0.11953845236163696,-0.10000000149011609,-1.600000023841858,-1.3858530429789355,0.0,0.0009667639387771487
22.43064913499984,10.820097456121728,10.797923250930477,0.11742078145096274,-0.10000000149011609,-1.600000023841858,-1.398808533166357,0.0,0.0011035483330488205
22.49606944900006,10.813433925842132,10.79137353483709,0.11509545160819196,-0.10000000149011609,-1.600000023841858,-1.4117793433694847,0.0,0.001091311452910304
22.534076027000992,10.806982022508874,10.787568588834652,0.11252621551596537,-0.10000000149011609,-1.600000023841858,-1.4245774769295632,0.0,0.0012103617191314697
22.596731533998536,10.800644243048154,10.78131351042571,0.1097762642866999,-0.10000000149011609,-1.600000023841858,-1.4369418679549009,0.0,0.0012580999173223972
22.654168729997764,10.794223434605742,10.77556516687234,0.10692230391307045,-0.10000000149011609,-1.600000023841858,-1.4487081821836554,0.0,0.0014895990025252104
22.686655353998503,10.788031265371917,10.772318239562605,0.10437944652215908,-0.10000000149011609,-1.600000023841858,-1.4595711341203448,0.0,0.0014258786104619503
22.738253460000124,10.782057548983673,10.767187042510436,0.10181019685685588,-0.10000000149011609,-1.600000023841858,-1.469886179027505,0.0,0.0015867428155615926
22.79786332599906,10.776202849671142,10.761220998949245,0.0990384847655249,-0.10000000149011609,-1.5,-1.4795678451126728,0.0,0.0015358171658590436
22.863742976998765,10.770279002667587,10.754609365549943,0.0963013935775352,-0.10000000149011609,-1.5,-1.488652250316454,0.0,0.0015292941825464368
22.887257385998964,10.764598461063258,10.75226943021234,0.09365893818240423,-0.10000000149011609,-1.5,-1.4969762975621403,0.0,0.0013817939907312393
22.940858023001056,10.759153134704485,10.746892185182872,0.09078979193991521,-0.10000000149011609,-1.5,-1.5044466682426927,0.0,0.0014250980457291007
22.997902154998883,10.753800368761215,10.741193718796994,0.08784574672260448,-0.10000000149011609,-1.5,-1.510260216020526,0.0,0.0014839490177109838
23.048462680999364,10.748365639862838,10.736135740091559,0.08549757326232638,-0.10000000149011609,-1.5,-1.514377330027178,0.0,0.001513362629339099
23.112712768001074,10.743087882964323,10.729735703184362,0.08321519944020966,-0.10000000149011609,-1.5,-1.5169427248083054,0.0,0.001424002810381353
23.144574344998546,10.738028202995533,10.726528949405804,0.08093953376649721,-0.10000000149011609,-1.5,-1.5185542120503983,0.0,0.0016013991553336382
23.19677466400026,10.733064292615996,10.7213044830041,0.07874529887024745,-0.10000000149011609,-1.5,-1.5195900885142473,0.0,0.0014447595458477736
23.248445867000555,10.727983983481794,10.71614059876425,0.07678768094680716,-0.10000000149011609,-1.5,-1.5201499448099158,0.0,0.0014584437012672424
23.281886652999674,10.723094884622988,10.712785477101706,0.07529071140886595,-0.10000000149011609,-1.5,-1.5204254900578598,0.0,0.0013645197032019496
23.337770303998695,10.718377362385553,10.707204121923628,0.07397498235473021,-0.10000000149011609,-1.5,-1.5205797727805694,0.0,0.00131923274602741
23.396601827000268,10.713715518933313,10.701327485330932,0.07255614804235333,-0.10000000149011609,-1.5,-1.520680828741077,0.0,0.0011742402566596866
23.421013701998163,10.708904865421852,10.698891014309213,0.07129244870677443,-0.10000000149011609,-1.5,-1.520762660524779,0.0,0.0012093924451619387
23.495772033998946,10.704216922698551,10.691408318618183,0.06995560918202332,-0.10000000149011609,-1.5,-1.5207532184783714,0.0,0.0012138293823227286
23.54859586800012,10.699753922594185,10.68612160112455,0.06885548858239587,-0.10000000149011609,-1.5,-1.5207648284382789,0.0,0.0009002684964798391
23.604845935999037,10.695281020080674,10.680497139866727,0.06792956963628871,-0.10000000149011609,-1.5,-1.5208495856320035,0.0,0.0009786720620468259
23.631727003998094,10.690341906730941,10.677805894747584,0.06659650394819983,-0.10000000149011609,-1.5,-1.5209115905509023,0.0,0.0006518303416669369
23.682934960997954,10.685761624701716,10.67268795376861,0.06652896305666645,-0.10000000149011609,-1.5,-1.5209263631345178,0.0,0.0005814527976326644
23.74621049900088,10.681316825850411,10.666360872947706,0.0661223018814111,-0.10000000149011609,-1.5,-1.520942125524253,0.0,0.0004461787175387144
23.7977721999996,10.676857837584388,10.661205571776831,0.06587548852591518,-0.10000000149011609,-1.5,-1.5210430441505915,0.0,0.00038567098090425134
23.849523795001005,10.67226317080684,10.656037491369926,0.06587853450806169,-0.10000000149011609,-1.5,-1.5211317771012696,0.0,0.000163458869792521
23.904506308001146,10.667710305522055,10.650528901543273,0.06521485107374325,-0.10000000149011609,-1.5,-1.5211763490198913,0.0,0.00016706844326108694
23.932206129000406,10.663298314083475,10.647758000775665,0.06486634046748074,-0.10000000149011609,-1.5,-1.5212930064653716,0.0,9.047505591297522e-05
23.981729619998077,10.6588733983548,10.642807954162597,0.0645430075552712,-0.10000000149011609,-1.5,-1.521490624990515,0.0,-1.8420292690279894e-05
24.03075859800083,10.654163463204931,10.637910788791162,0.06438823357612455,-0.10000000149011609,-1.5,-1.5218224157890456,0.0,-5.6250264606205747e-05
24.082255237000936,10.649597195289681,10.632758539378145,0.06468672291040356,-0.10000000149011609,-1.5,-1.5221589289028028,0.0,-0.0001019752089632675
24.14654647399948,10.645161387084375,10.626332800947738,0.06476507825432487,-0.10000000149011609,-1.5,-1.522544820175789,0.0,-0.0002618732687551528
24.19883702700099,10.640753218527626,10.621119659428711,0.06466061158775249,-0.10000000149011609,-1.5,-1.5229206029306899,0.0,-0.0002429371961625293
24.248791843998333,10.636183784170571,10.616116111685695,0.06454560823179112,-0.10000000149011609,-1.5,-1.523229129488356,0.0,-0.0002331444266019389
24.304473072999826,10.631602261887922,10.610537164535302,0.06457077533591993,-0.10000000149011609,-1.5,-1.5235709766078103,0.0,-0.00031685817521065474
24.332395950001228,10.627305721124545,10.607739966198027,0.06470650328254146,-0.10000000149011609,-1.5,-1.523803884033779,0.0,-0.0005329209961928427
24.38261745699856,10.622783244905724,10.602722757070225,0.06476891137485452,-0.10000000149011609,-1.5,-1.524131235524578,0.0,-0.0004311995580792427
24.446479219997855,10.618067096744342,10.596337978952318,0.06508049990157694,-0.10000000149011609,-1.5,-1.5243608759425582,0.0,-0.0003787792520597577
24.49806003699996,10.613471505297193,10.591177003419176,0.06570143211253687,-0.10000000149011609,-1.5,-1.524544717214916,0.0,-0.0005353296874091029
24.5444963000009,10.608986886754252,10.586533277001102,0.06617105543563806,-0.10000000149011609,-1.5,-1.5247810461188038,0.0,-0.00044985327986069024
24.59760560200084,10.60429109596498,10.581220714933108,0.0663621720166665,-0.10000000149011609,-1.5,-1.5250309473126538,0.0,-0.0005107077886350453
24.623986139999033,10.599417138962833,10.578593795147565,0.06667657161502105,-0.10000000149011609,-1.5,-1.5252862697317533,0.0,-0.0004257366817910224
24.70380721499896,10.59467815855842,10.57059847566197,0.06724214298372289,-0.10000000149011609,-1.5,-1.5255067760444723,0.0,-0.000671328860335052
24.73227960999793,10.59005284244093,10.567756478473015,0.06773481587335184,-0.10000000149011609,-1.5,-1.5257359135611663,0.0,-0.0008922350243665278
24.7951255759981,10.585283921647372,10.561470191071603,0.06818512104781227,-0.10000000149011609,-1.5,-1.5259757522231534,0.0,-0.0006573353311978281
24.850355341000977,10.580390446608138,10.55594691466026,0.06866130477786592,-0.10000000149011609,-1.5,-1.5261263339532478,0.0,-0.0007113408646546304
24.89854206599921,10.575589363627193,10.551129357253572,0.069606668644836,-0.10000000149011609,-1.5,-1.526300765555999,0.0,-0.0008848243742249906
24.950262624999596,10.570867622940852,10.545966665106635,0.07072689081407779,-0.10000000149011609,-1.5,-1.5264904528737773,0.0,-0.000819849781692028
24.99930972400034,10.56600332877376,10.541061059717373,0.0715279306872485,-0.10000000149011609,-1.5,-1.5266715140071383,0.0,-0.0009740932146087289
25.04990067000108,10.56101554194967,10.534720585732588,0.0723408460730316,-0.12500000186264512,-1.5,-1.5268623312597205,0.0,-0.0009736376814544201
25.098920128999453,10.556128002450512,10.527669120712238,0.0731614393322928,-0.1437500021420419,-1.5,-1.5270371356349206,0.0,-0.00093546585412696
25.152420551999967,10.551399076299175,10.519289447747134,0.07395682214946064,-0.15781250235158947,-1.5,-1.5272174751720375,0.0,-0.0009316189680248499
25.202024522997817,10.546381853298257,10.510887422481112,0.07431468248131046,-0.16835937750875016,-1.5,-1.5274429885243879,0.0,-0.0008957322570495307
25.26047728100093,10.541151267726786,10.500575813775455,0.07534435737148593,-0.17626953387662067,-1.5,-1.5276669890864403,0.0,-0.0010924051748588681
25.286428453000553,10.535952412525027,10.4958634450118,0.07717397036079843,-0.18220215115252356,-1.5,-1.527996226298849,0.0,-0.0011483170092105865
25.34807197199916,10.530713432322447,10.48433447135635,0.079971967996462,-0.18665161410945072,-1.5,-1.5284013161539245,0.0,-0.001068978221155703
25.39879823099909,10.524996464261651,10.47471858667732,0.08372687551711988,-0.1899887113271461,-1.5,-1.5288836260453609,0.0,-0.0011266652727499604
25.451254654999502,10.518768053987152,10.46460116822376,0.08912536085254741,-0.19249153424041762,-1.5,-1.529302785987577,0.0,-0.0011884579434990883
25.480809671000316,10.512364460659796,10.458844677068122,0.09594674671547587,-0.19436865142537127,-1.5,-1.5298000159552068,0.0,-0.001175561803393066
25.533413418997952,10.505638146780242,10.447238117991072,0.10292075671604528,-0.22077649154926068,-1.5,-1.530373948211727,0.0,-0.0011116688838228583
25.59711553499801,10.49843399265644,10.431917217599704,0.11084257290998945,-0.24058237164217774,-1.5,-1.5310018169167385,0.0,-0.0011691492982208729
25.6500201739982,10.490670442232245,10.418501729351208,0.11915485417834937,-0.25543678171186557,-1.5,-1.531627365311011,0.0,-0.0011614051181823015
25.701787336998677,10.48265584123395,10.404611653847446,0.12771714099448261,-0.26657758926413144,-1.5,-1.532235791690372,0.0,-0.0010238700779154897
25.74885655199978,10.473960507917695,10.390483993693286,0.1356087992398638,-0.2999331934382147,-1.5,-1.5329045109051649,0.0,-0.001076810178346932
25.798494397000468,10.464989414373106,10.374366593361172,0.1457141014494161,-0.32494989656877715,-1.5,-1.5335850615541124,0.0,-0.0010875194566324353
25.85023208599887,10.455346765992147,10.356562613265174,0.15611181617168557,-0.343712423916699,-1.5,-1.5343208246366786,0.0,-0.001184739638119936
25.902219209998293,10.445577407576614,10.33798604738089,0.168106685667749,-0.35778431942764033,-1.5,-1.5350519315110973,0.0,-0.001090959063731134
25.956144145999133,10.434978205664933,10.318120232489232,0.18016297676079773,-0.36833824106084634,-1.5,-1.53600625213774,0.0,-0.0011492461198940873
25.982762465999258,10.42350976583895,10.308124845818401,0.19420153255072758,-0.37625368228575085,-1.5,-1.5370254865706723,0.0,-0.0011301325866952538
26.03305112900125,10.411118323315188,10.287657494354086,0.20981782441110552,-0.40719026171431316,-1.5,-1.5380889941619829,0.0,-0.0011681864270940423
26.09749944899886,10.397983772762634,10.259875884200792,0.2269553449248788,-0.43039269628573484,-1.5,-1.5393175772200336,0.0,-0.0011668596416711807
26.161334792999696,10.383995794857169,10.231361106120774,0.24588249621867497,-0.44779452221430116,-1.5,-1.5407065239476034,0.0,-0.0013435444561764598
26.19154591699771,10.36891818531507,10.217367525120943,0.26580853234330426,-0.46084589166072587,-1.5,-1.5422706664396788,0.0,-0.00132972642313689
26.253345178000018,10.352764723454063,10.18685997501815,0.28552572628327666,-0.4956344247060089,-1.5,-1.5438878110001912,0.0,-0.0012434690725058317
26.284077404998243,10.335702435806374,10.170700085615096,0.30577742855446643,-0.5217258244899712,-1.5,-1.5456174446645052,0.0,-0.0011596556287258863
26.345989196001028,10.317590079269157,10.137212472550303,0.3277373321030409,-0.5412943743279428,-1.5,-1.5475181574073038,0.0,-0.001204481697641313
26.406825317000767,10.298066295237268,10.103384486617701,0.3521822503187543,-0.5559707867064216,-1.5,-1.5496842002694615,0.0,-0.0012326681753620505
26.438242885000363,10.277059886527336,10.084860048731162,0.37835481851704,-0.591978087049584,-1.5,-1.5520382033697302,0.0,-0.0013591015012934804
26.49912907899852,10.25479118669514,10.04705564490028,0.4064974288828025,-0.6189835623069557,-1.5,-1.5546499487622643,0.0,-0.0013272252399474382
26.56183716799933,10.23124996397561,10.007028764002563,0.43416036714574535,-0.6392376687499846,-1.5,-1.5573985098682726,0.0,-0.0012356899678707123
26.594428731001244,10.2062080337129,9.985694919613387,0.4625198506319008,-0.6544282485822561,-1.5,-1.5603336654206608,0.0,-0.001050759106874466
26.65571667599943,10.179643694310995,9.944853703379149,0.4924938355310401,-0.6658211834564598,-1.5,-1.563476209487529,0.0,-0.0010641097323969007
26.687488282997947,10.151718958353806,9.923466567403525,0.5219117489144938,-0.6743658846121126,-1.5,-1.5667250639002637,0.0,-0.0010755830444395542
26.748266794998926,10.12234167909577,9.88203323141725,0.5517756245348793,-0.6807744104788522,-1.5,-1.5702168743254248,0.0,-0.0010554984910413623
26.81189916099902,10.091265587994908,9.838427143164424,0.5835815024074409,-0.6855808048789069,-1.5,-1.5739151689281028,0.0,-0.0011397014604881406
26.843615024998144,10.05843903790348,9.816554891253839,0.6166796551654563,-0.689185600678948,-1.5,-1.5777334328985462,0.0,-0.0010867574019357562
26.90647198199804,10.024040320293741,9.773096544600898,0.6507879712150262,-0.6918891975289787,-1.5,-1.5816708931555252,0.0,-0.0009313060436397791
26.937686739998753,9.988147802107541,9.75141660490735,0.6830728409242587,-0.6939168951665018,-1.5,-1.5858575986773404,0.0,-0.0007504265522584319
27.00058082800024,9.95066701760683,9.707714649109809,0.7141728611382809,-0.6954376683946442,-1.5,-1.5901461178154124,0.0,-0.00066924694692716
27.063469921999058,9.911628656855935,9.663850007895997,0.745184752316191,-0.6965782483157509,-1.5,-1.5944352196870946,0.0,-0.0006018697749823332
27.096321951998107,9.871189312344592,9.640958913686918,0.775210886122396,-0.697433683256581,-1.5,-1.5987498901456045,0.0,-0.0005104293813928962
27.156880874001217,9.829439554691254,9.598642042241782,0.8040832678978973,-0.6980752594622035,-1.5,-1.6032048212685985,0.0,-0.0003950175305362791
27.189335881997977,9.787107282019386,9.576011719743947,0.8299032165498572,-0.6985564416164204,-1.5,-1.6076691912855363,0.0,-0.0001536510098958388
27.251070218000677,9.742877054155962,9.533003091534349,0.8523915078776967,-0.6989173282320831,-1.5,-1.6121982665612253,0.0,-0.0001203577485284768
27.312071718999505,9.697708723549848,9.490206685952716,0.8738977295819977,-0.6991879931938301,-1.5,-1.6166335748656662,0.0,-0.00010045822273241356
27.344373187999736,9.651692173996562,9.467602520047473,0.8931007069003821,-0.6993909919151403,-1.5,-1.6210920093340264,0.0,-8.317337051266804e-05
27.40686939999796,9.604747609769342,9.423854548814937,0.9101382959864917,-0.699543240956123,-1.5,-1.625510125835494,0.0,0.0001660689595155418
27.437670565999724,9.557062622433577,9.402326712650325,0.9236306683199172,-0.69965742773686,-1.5,-1.629809869916022,0.0,0.0003836386895272881
27.500805903000582,9.508961021314269,9.358207389573622,0.9347854513252379,-0.6997430678224128,-1.5,-1.6338736733183423,0.0,0.0002860560780391097
27.561723104998237,9.460534394106627,9.315523573190944,0.944005464168874,-0.6998072978865774,-1.5,-1.6378504456242289,0.0,0.0003473019751254469
27.591971358000592,9.411673460458005,9.294356064797686,0.9508394358223233,-0.6998554704347008,-1.5,-1.6416592323172878,0.0,0.00018555870337877423
27.65549453800122,9.361712546988903,9.25005233301433,0.9556582431939724,-0.6998915998457933,-1.5,-1.6454389375480887,0.0,0.00019623097614385188
27.68780993299879,9.312609560960256,9.227350178091458,0.9579830589884782,-0.6999186969041127,-1.5,-1.6488255940680925,0.0,0.000129307372844778
27.75109633199827,9.263619838166417,9.183072147687497,0.958041930790712,-0.6999390196978523,-1.5,-1.6521820394186726,0.0,0.00011955380614381284
27.7839662639999,9.21230915795145,9.160021056905101,0.9558051112228663,-0.699954261793157,-1.5,-1.6557831998210168,0.0,2.8617789212148637e-05
27.84680231099992,9.163401410683004,9.11612484045947,0.9530092529570324,-0.6999656933646355,-1.5,-1.6584327887568902,0.0,1.2257360140210949e-05
27.911219784000423,9.114854960066655,9.071316383370036,0.9486606080645794,-0.6999742670432444,-1.5,-1.661111184693974,0.0,-5.8894009271170944e-05
27.941475258998253,9.066724342978747,9.04979161778415,0.9426647209554205,-0.699980697302201,-1.5,-1.6635815159380245,0.0,-0.00016228036838583648
28.003970940000727,9.020559448024887,9.006154672564037,0.9356600384953223,-0.6999855199964186,-1.5,-1.6656578477803996,0.0,-8.939700637711212e-05
28.036285343998316,8.97306359507514,8.983473263764045,0.9258920216377428,-0.6999891370170817,-1.5,-1.6679987176415914,0.0,5.601221801043721e-06
28.099037854997732,8.926165465849492,8.93941736116242,0.9160510232211241,-0.699991849782579,-1.5,-1.669869071485556,0.0,-9.583410428604111e-05
28.158828011000878,8.879865896583148,8.89754076722534,0.9061534886481211,-0.699993884356702,-1.5,-1.6716851298317497,0.0,-0.00020444364054128528
28.19020392099992,8.834007959688995,8.875595982943112,0.8956146747429312,-0.6999954102872943,-1.5,-1.673461534339953,0.0,-0.00021966917847748846
28.25401282600069,8.788325880654538,8.830975521748462,0.8848188146296733,-0.6999965547352385,-1.5,-1.67514977838811,0.0,-5.911106927669607e-05
28.316328259999864,8.743410211017778,8.787546116817623,0.8726748693378004,-0.6999974130711966,-1.5,-1.676689742792397,0.0,-3.7185887777013704e-05
28.345581264999055,8.699249500606015,8.76697727857623,0.8600333674577288,-0.6999980568231652,-1.5,-1.6781486217186046,0.0,-7.574410847155377e-05
28.40871720299765,8.655696200041561,8.722677959221427,0.847047984215399,-0.6999985396371416,-1.5,-1.6795197088139027,0.0,5.94378579990007e-05
28.440410274997703,8.612461750424725,8.700674319236555,0.8326510167756653,-0.699998901747624,-1.5,-1.6808088030964203,0.0,0.00017820773064158857
28.502160511998227,8.570092234747138,8.657253149735707,0.8185381814465602,-0.6999991733304858,-1.5,-1.6819826346612443,0.0,0.00024023994046729058
28.54250713700094,8.528541326042008,8.62903974539396,0.8050223977701625,-0.699999377017632,-1.5,-1.6830973687516502,0.0,0.00028380408184602857
28.610815447998903,8.487594791891215,8.581310881314248,0.7915185491052649,-0.6999995297829917,-1.5,-1.6840966008434535,0.0,0.0003231999871786684
28.642419985000743,8.446914502380823,8.559108949196677,0.7786391801271427,-0.6999996443570116,-1.5,-1.6850387927055033,0.0,0.00036104946047998965
28.704891892997694,8.407075099491367,8.515446918633648,0.7654649242060391,-0.6999997302875265,-1.5,-1.6858392560163522,0.0,0.0004063327796757221
28.735961058999237,8.36805000971008,8.493626665937876,0.7524983878600944,-0.6999997947354126,-1.5,-1.6866883996724902,0.0,0.0006898177089169621
28.797557029000018,8.329622698516241,8.450531229966243,0.739292562415773,-0.6999998430713272,-1.5,-1.6874728085212136,0.0,0.0006375155644491315
28.86129871599769,8.291422442117595,8.405831115792758,0.7273613646135848,-0.6999998793232631,-1.5,-1.6881735163319573,0.0,0.000630294147413224
28.891531811001187,8.253952576433125,8.384687443766115,0.7163770070452017,-0.6999999065122151,-1.5,-1.68880891413138,0.0,0.000732865184545517
28.953589434000605,8.217221393392263,8.34124903754311,0.705604825261944,-0.6999999269039291,-1.5,-1.689417844346442,0.0,0.0009583482751622796
28.986695407998923,8.181158015699728,8.318071773336055,0.6930777427216995,-0.6999999421977146,-1.5,-1.6899417708031814,0.0,0.0009430547943338752
29.04680718199961,8.14549315403225,8.276035266604532,0.6803834185541516,-0.6999999536680537,-1.5,-1.6903412526686037,0.0,0.0010884389048442245
29.078279802997713,8.110559948986653,8.253941804851314,0.6689962350209924,-0.699999962270808,-1.5,-1.690670079306188,0.0,0.0010799954179674387
29.14101796599789,8.076296063611464,8.210090335863402,0.6580012844507438,-0.6999999687228737,-1.5,-1.6908705189931976,0.0,0.0011967156315222383
29.20266170800096,8.042528295321874,8.166950331427374,0.6475891864467308,-0.6999999735619231,-1.5,-1.6910158541259424,0.0,0.001141251064836979
29.264038908000657,8.00895150698679,8.123953354068622,0.6374856817577627,-0.6999999771912101,-1.5,-1.6910118941372472,0.0,0.0011900733225047588
29.296030097000767,7.97660920039535,8.101545966024478,0.6279455933989785,-0.6999999799131753,-1.5,-1.6908703556177394,0.0,0.0011823453241959214
29.358898735998082,7.944462024235329,8.057532109317624,0.6162912446943928,-0.6999999819546492,-1.5,-1.6908177962950603,0.0,0.0012857099063694477
29.39020630899904,7.912898941847661,8.035685314750936,0.6045301476514312,-0.6999999834857547,-1.5,-1.6905654286981813,0.0,0.001255893032066524
29.45403479200104,7.881613725723158,7.990943971281162,0.5939296227487857,-0.6999999846340837,-1.5,-1.6902540336683782,0.0,0.001245148479938507
29.51660405900111,7.850874899355905,7.947135893423038,0.5855450910788509,-0.6999999854953306,-1.5,-1.6900581419259872,0.0,0.0010449979454278946
29.549529604999407,7.820587730983369,7.9240841312985495,0.5781205616888203,-0.6999999861412657,-1.5,-1.689833701443173,0.0,0.000913119874894619
29.609866953000164,7.790562695354517,7.881961672691725,0.5722457748829284,-0.699999986625717,-1.5,-1.6896315644453739,0.0,0.0007543702959083021
29.64161645999775,7.760565731260777,7.859644907321311,0.5657372783809231,-0.6999999869890555,-1.5,-1.6893921797693254,0.0,0.0007608867017552257
29.702600286000234,7.730375296847832,7.817001408722938,0.5586910459173517,-0.6999999872615594,-1.5,-1.6892637498724794,0.0,0.0006970798713155091
29.764895652999257,7.701262956436786,7.773346538517675,0.5536133120315716,-0.6999999874659373,-1.5,-1.6889073608001168,0.0,0.0005465775029733777
29.796144203999575,7.672223675378155,7.751469703081548,0.5488806847009328,-0.6999999876192207,-1.5,-1.6886331700899206,0.0,0.00031147198751568794
29.857166541998595,7.643278342456171,7.708779975092705,0.5453661408859601,-0.6999999877341833,-1.5,-1.6885050567252333,0.0,0.00032202008878812194
29.88914735399885,7.613346016482399,7.686387607165669,0.5398439471844267,-0.6999999878204052,-1.5,-1.6886072929079836,0.0,0.00027087144553661346
29.952850058998592,7.585143099088343,7.64190878618101,0.5354782103384169,-0.6999999878850717,-1.5,-1.6879728174275026,0.0,0.0001635503867873922
30.014561254,7.556963429803757,7.598617575799018,0.5320628654524546,-0.6999999879335715,-1.5,-1.6876565728323223,0.0,9.215408499585465e-05
30.04606483200041,7.528762599907082,7.5765229449836635,0.5298853891777611,-0.6999999879699464,-1.5,-1.6873433788599579,0.0,-6.195457535795867e-05
30.10803717499948,7.501677210591152,7.533189176882095,0.5295936297180357,-0.6999999879972276,-1.5,-1.6868977474624447,0.0,-0.00015238887863233685
30.139149393999105,7.473925466711127,7.511837386819424,0.5268537521479131,-0.6999999880176885,-1.5,-1.6868184890132771,0.0,-0.00024558044970035553
30.200931088998914,7.446135755061481,7.468334556104089,0.5242844050711598,-0.6999999880330341,-1.5,-1.686456071380202,0.0,-0.00011223188630538061
30.26273420600046,7.418262946794959,7.4249081623831925,0.5234840688851354,-0.6999999880445433,-1.5,-1.6861015261813932,0.0,-0.00021920280414633453
30.293514863999008,7.390454175302245,7.40335726896743,0.523865207778063,-0.6999999880531753,-1.5,-1.6858373348034903,0.0,-0.00037466961657628417
30.35799207599848,7.362658333387413,7.358253934356233,0.5259159967987064,-0.6999999880596492,-1.5,-1.685636927753559,0.0,-0.0004727295890916139
30.38925788999768,7.334693531621171,7.336458876477427,0.5272805534172103,-0.6999999880645047,-1.5,-1.6855136641541875,0.0,-0.00042126906919293106
30.45150195899987,7.306532662511889,7.292789319650385,0.528668748534823,-0.6999999880681462,-1.5,-1.6853486248135898,0.0,-0.0005706309457309544
30.48284170199986,7.278325102967558,7.270733408008431,0.5316712160199288,-0.6999999880708774,-1.5,-1.6853390040522496,0.0,-0.0007370897219516337
30.547474185998,7.249981046454505,7.225561814158344,0.5355784851604376,-0.6999999880729257,-1.5,-1.6854310872493234,0.0,-0.0008091737981885672
30.60871223600043,7.221268464645597,7.182744913680823,0.5409410681879158,-0.6999999880744621,-1.5,-1.6856639666291677,0.0,-0.0008806653786450624
30.64027861199793,7.1921610719282825,7.160628753664807,0.5470858045698889,-0.6999999880756143,-1.5,-1.6859353651794498,0.0,-0.0008788336999714375
30.70148909099953,7.162865255839581,7.1177295749369165,0.553857179164524,-0.6999999880764785,-1.5,-1.68632961015932,0.0,-0.0009215464815497398
30.76262921899979,7.133455906354316,7.075099761515067,0.5586503531764203,-0.6999999880771266,-1.5,-1.6867383390310875,0.0,-0.0007528415299020708
30.792699828998593,7.103702739181793,7.053908856305006,0.5625028632605948,-0.6999999880776127,-1.5,-1.6870823098794034,0.0,-0.0006904814508743584
30.85586018200047,7.073653428083375,7.009781678864418,0.566882618988286,-0.6999999880779773,-1.5,-1.687396620686829,0.0,-0.0006607564864680171
30.88662988899887,7.043600919810193,6.9881775465800775,0.5697517670717834,-0.6999999880782507,-1.5,-1.6876724870745061,0.0,-0.0005610989755950868
30.95036904399967,7.013502414094021,6.943579730872328,0.5719481781428424,-0.6999999880784558,-1.5,-1.6879233688519284,0.0,-0.0006963444175198674
30.981492733000778,6.983094997062309,6.921694884557722,0.5752435011196169,-0.6999999880786096,-1.5,-1.6882795662034427,0.0,-0.0007548980647698045
31.043808685997647,6.952343893362151,6.8780967579351024,0.5793250252724153,-0.699999988078725,-1.5,-1.6886536177801763,0.0,-0.0008154710521921515
31.106163994998496,6.921426620079711,6.834516989542756,0.5847179517057733,-0.6999999880788115,-1.5,-1.689194656044744,0.0,-0.0008833541069179773
31.137795450998965,6.890288651951567,6.812341916296744,0.5905665142449001,-0.6999999880788763,-1.5,-1.6898315104781096,0.0,-0.0009533942793495953
31.17058659599934,6.858712909209771,6.7893867851569105,0.5969104985325386,-0.6999999880789249,-1.5,-1.6905879275655717,0.0,-0.0009721250389702618
31.263198051998188,6.826809456385589,6.724539006987285,0.6014548292645572,-0.6999999880789615,-1.5,-1.6914020200712792,0.0,-0.0008462823461741209
31.294404633998056,6.794832959913949,6.702689541989203,0.6054613714395622,-0.6999999880789889,-1.5,-1.692227210105663,0.0,-0.0007591648027300835
31.357070725000085,6.7628576992464495,6.658912672960858,0.6087023299530661,-0.6999999880790094,-1.5,-1.6929674872677518,0.0,-0.000803450820967555
31.390115833997697,6.731339811652589,6.635995593425598,0.6094389780836463,-0.6999999880790249,-1.5,-1.6935368690378299,0.0,-0.0008006289717741311
31.451062267999077,6.699252540449439,6.593069211138138,0.6079541419445756,-0.6999999880790364,-1.5,-1.694230064923935,0.0,-0.0008256814326159656
31.48455540299983,6.6672174556412855,6.569594708974431,0.6081692267037399,-0.6999999880790451,-1.5,-1.6948765245421151,0.0,-0.0009305760031566024
31.545424595999066,6.635108890458415,6.526978914564676,0.6103213125585425,-0.6999999880790515,-1.5,-1.6956546437188524,0.0,-0.0010384384077042341
31.60582140399856,6.602630669614694,6.484680884431737,0.6143638823042896,-0.6999999880790564,-1.5,-1.6966297311926828,0.0,-0.0011669356608763337
31.63767947499946,6.569761379514613,6.462405007812191,0.619378694084598,-0.69999998807906,-1.5,-1.6977389598789865,0.0,-0.0013448901008814573
31.70146509999904,6.536759355226021,6.417723411817134,0.6250273593381517,-0.6999999880790628,-1.5,-1.699001721731815,0.0,-0.0013981759548187256
31.732809072000236,6.503670010460853,6.395813030873127,0.6289357801915303,-0.6999999880790648,-1.5,-1.7003326272626358,0.0,-0.0012415250530466437
31.796009014000447,6.46978512174823,6.351717729995952,0.6322655217395277,-0.6999999880790664,-1.5,-1.701782704325907,0.0,-0.0011058676755055785
31.857065058000444,6.4361990840712675,6.31041214050242,0.6369313864121092,-0.6749999970197642,-1.5,-1.703021074584568,0.0,-0.0011263707419857383
31.887847107998823,6.4024600372442935,6.290152633386968,0.6413109080551378,-0.6562500037252876,-1.5,-1.7043985728387052,0.0,-0.0010120711522176862
31.949218100999133,6.366895863405794,6.250774418222652,0.6451509963917343,-0.6421875087544302,-1.5,-1.7062624624386764,0.0,-0.0010970535222440958
32.01291166399824,6.332696542277507,6.210654591285277,0.6496983883995924,-0.6316406375262871,-1.5,-1.7074368017045245,0.0,-0.0010348840150982141
32.04446545599785,6.298235373428318,6.1908418023557426,0.6523961824123046,-0.6237304841051798,-1.5,-1.7089301519313576,0.0,-0.0009793509962037206
32.10122368700104,6.263814049085992,6.155761410119091,0.6547724205631744,-0.6177978690393493,-1.5,-1.710493961860644,0.0,-0.0009353716159239411
32.151971635001246,6.230636944677161,6.124807254779666,0.6556145486765953,-0.6133484077399765,-1.5,-1.711803144736067,0.0,-0.0008180608856491745
32.201091671999166,6.196464836434734,6.09480382546618,0.6539516638242745,-0.6100113117654469,-1.5,-1.71344491511665,0.0,-0.0008363404194824398
32.24939731400082,6.1624729219452945,6.065325287342471,0.6524859868649173,-0.6075084897845496,-1.5,-1.7147290407523554,0.0,-0.0008394548203796148
32.2907714819994,6.128734980072565,6.0403675459107955,0.6490170952321958,-0.6056313732988767,-1.5,-1.715795783700678,0.0,-0.0006583383656106889
32.340908186997694,6.0953041980255005,6.011288737832967,0.6442736532909281,-0.5792235299741575,-1.5,-1.716793590302125,0.0,-0.0007060969364829361
32.40064474599785,6.0621962781010215,5.979454713044326,0.6383043083236599,-0.5344176489707342,-1.5,-1.717670608846653,0.0,-0.0007918000919744372
32.467174518998945,6.029383512578533,5.946053344901674,0.6314001657221637,-0.5008132382181667,-1.5,-1.7183181890188628,0.0,-0.0008823765674605966
32.49075386699769,5.997050598350862,5.9349004540572645,0.6233197453924177,-0.47560993015374115,-1.5,-1.7187490123595865,0.0,-0.0008474862552247941
32.54445311100062,5.965246928067163,5.910292631985788,0.6138746179096685,-0.456707449105422,-1.5,-1.7189553643473472,0.0,-0.0009551024413667619
32.602338699998654,5.93396061109004,5.884813833426594,0.6034148163583714,-0.4425305883191826,-1.5,-1.7191254737649297,0.0,-0.0009204014204442501
32.62615500099855,5.9031223738693885,5.8744230850199575,0.5923813605960111,-0.4318979427295031,-1.5,-1.719192681903484,0.0,-0.0010449487017467618
32.71947221099981,5.872991165750895,5.839622909009107,0.5804931804458646,-0.3739234577921854,-1.5,-1.7191667869610008,0.0,-0.001163625274784863
32.74227097199764,5.8436877409445955,5.83204565475803,0.565863842226009,-0.3304425940891971,-1.5,-1.7188853838700187,0.0,-0.0010749675566330552
32.801590772000054,5.815227321262091,5.814411716829978,0.5488854458723988,-0.29783194631195586,-1.5,-1.7182838000968077,0.0,-0.0012103725457563996
32.87057334999918,5.7875380923814,5.795558167187901,0.5299789970351895,-0.27337396047902496,-1.5,-1.7173689093133868,0.0,-0.0011550858616828918
32.89609548899898,5.760908391275724,5.789040646958751,0.5100247372968817,-0.25503047110432675,-1.5,-1.7161845280912886,0.0,-0.0013081686338409781
32.951029379997635,5.735343747333641,5.777105973261717,0.4903517231034944,-0.2162728537007741,-1.5,-1.7148042813847142,0.0,-0.001294781919568777
33.00155229699885,5.710857410560725,5.7676587603133616,0.4692303095268825,-0.1872046406481096,-1.5,-1.713174047566234,0.0,-0.0013010570546612144
33.06530477100023,5.687430466770806,5.757100954557538,0.4455883052969296,-0.16540348085861123,-1.5,-1.7111469629634741,0.0,-0.0013593032490462065
33.09051931800059,5.665511619268919,5.753357034296055,0.41884544427573545,-0.14905261101648745,-1.5,-1.7086596147325903,0.0,-0.0013543618842959404
33.15056233699943,5.64522921081959,5.746638825554652,0.38877004106189716,-0.11178945826236558,-1.5,-1.705573530017562,0.0,-0.0013451429549604654
33.201896691,5.626542213788351,5.742325088682035,0.3563640695083067,-0.0838420936967742,-1.5,-1.70196019417289,0.0,-0.0013510057469829917
33.23648962600055,5.609316303379199,5.740149565032861,0.32165753509742445,-0.06288157027258065,-1.5,-1.6977520947772535,0.0,-0.0013423507334664464
33.28457049699864,5.59409430195915,5.737884159788511,0.28487225267445293,-0.047161177704435495,-1.5,-1.6930077933351866,0.0,-0.0015085284831002355
33.35173084900089,5.5809267826822575,5.735509009307599,0.24663108443073067,-0.035370883278326624,-1.5,-1.6876880849122162,0.0,-0.0015345385763794184
33.3864805459998,5.569761523571916,5.734585732985415,0.20690844905474848,-0.026528162458744974,-1.5,-1.6818634622125288,0.0,-0.001624539028853178
33.44957190399873,5.560551096445748,5.733334023676943,0.1664951768422961,-0.019896121844058735,-1.5,-1.6754958656176162,0.0,-0.001587092992849648
33.50295196099978,5.5533522626045535,5.732534504454106,0.1259037100930015,-0.014922091383044058,-1.5,-1.6690096125087903,0.0,-0.0015008479822427034
33.53284583099958,5.548296622621297,5.732201895612954,0.08514780005805855,-0.01119156853728305,-1.5,-1.6619761674498055,0.0,-0.0014303319621831179
33.586741782997706,5.545164482522518,5.732201895612954,0.04484753805395636,-0.008393676402962295,-1.5,-1.6546631004771242,0.0,-0.001377716544084251
33.635133167001186,5.543595674192276,5.732201895612954,0.005888579887868617,-0.006295257302221728,-1.5,-1.6471536742420607,0.0,-0.0013527196133509278
33.685867076997965,5.544018043418953,5.732201895612954,-0.0314590859073729,-0.004721442976666303,-1.5,-1.6396344392217128,0.0,-0.0012531224638223648
33.74157125800048,5.5463141125397915,5.732201895612954,-0.06716715439399223,-0.003541082232499734,-1.5,-1.6319509542060966,0.0,-0.001158461906015873
33.801487429998815,5.550169788061884,5.732201895612954,-0.10085784350444127,-0.0026558116743748074,-1.5,-1.6242057741506843,0.0,-0.0013126685516908765
33.82588789500005,5.555124703564078,5.732201895612954,-0.13223856584435711,-0.0019918587557811126,-1.5,-1.6164861776644623,0.0,-0.0012572652194648981
33.918819913000334,5.561793855481452,5.732201895612954,-0.16135665729855286,-0.0014938940668358415,-1.5,-1.6089465149295563,0.0,-0.001074131578207016
33.949859436001134,5.569766202843075,5.732201895612954,-0.18784404065016314,-0.001120420550126888,-1.5,-1.6014247157276063,0.0,-0.0011034759227186441
34.0166076179994,5.5788943289706605,5.732201895612954,-0.21147938409053602,-0.000840315412595173,-1.5,-1.5941794209730504,0.0,-0.0010521437507122755
34.05034975200033,5.589218599388412,5.732201895612954,-0.2335473862411639,-0.0006302365594463867,-1.5,-1.5869608896428185,0.0,-0.00105890235863626
34.08412630000021,5.600293820681833,5.732201895612954,-0.2516217895096883,-0.000472677419584797,-1.5,-1.580205426121783,0.0,-0.0010637221857905388
34.143863557997975,5.612254863248022,5.732201895612954,-0.26763191694889255,-0.0003545080646886047,-1.5,-1.573813049041659,0.0,-0.0010414381977170706
34.20514716699836,5.6247384536561755,5.732201895612954,-0.2815278409453289,-0.0002658810485164605,-1.5,-1.5676590181799397,0.0,-0.0010540626244619489
34.23765299099978,5.6373679245116195,5.732201895612954,-0.2916796853399829,-0.00019941078638735228,-1.5,-1.5619606723833157,0.0,-0.0009879792341962457
34.30091942500076,5.6507476990287575,5.732201895612954,-0.3007268896715418,-0.00014955808979052115,-1.5,-1.5564310812708901,0.0,-0.0011531305499374866
34.36394740399919,5.664556258982621,5.732201895612954,-0.3075992552334694,-0.0001121685673428978,-1.5,-1.5512137734392377,0.0,-0.0010765171609818935
34.39575706699907,5.67858264897624,5.732201895612954,-0.31239479336579323,-8.412642550718029e-05,-1.5,-1.546279584813425,0.0,-0.001028653816320002
34.459765477000474,5.6925861876117345,5.732201895612954,-0.3150479311087132,-6.309481913039215e-05,-1.5,-1.5416767043176798,0.0,-0.0011319142067804933
34.49010426099994,5.706751841463922,5.732201895612954,-0.3163163349564513,-4.7321114347801054e-05,-1.5,-1.5374014740172481,0.0,-0.0011456996435299516
34.55298745899927,5.720961705734645,5.732201895612954,-0.31610342961511906,-3.549083576085773e-05,-1.5,-1.5333764007762878,0.0,-0.0010181444231420755
34.584542765998776,5.7350678583611066,5.732201895612954,-0.3137648418102562,-2.6618126820650235e-05,-1.5,-1.5297168417674438,0.0,-0.0010841831099241972
34.648293092999666,5.748879175686153,5.732201895612954,-0.309632449136685,-1.9963595115494615e-05,-1.5,-1.5264060942152864,0.0,-0.0010154001647606492
34.71069256699775,5.762444670811585,5.732201895612954,-0.30351515005517316,-1.49726963366279e-05,-1.5,-1.5234634919747663,0.0,-0.0010402589105069637
34.742923615998734,5.775661650975521,5.732201895612954,-0.29574778929193657,-1.1229522252477863e-05,-1.5,-1.5208352572848405,0.0,-0.0011149722849950194
34.80504744499922,5.788458525946953,5.732201895612954,-0.286536952543609,-8.422141689365337e-06,-1.5,-1.5185603982492797,0.0,-0.0010194451315328479
34.836759303998406,5.800769135544812,5.732201895612954,-0.27697344508195454,-6.316606267030942e-06,-1.5,-1.5165316546263288,0.0,-0.0010167675791308284
34.899139470999216,5.812593082176714,5.732201895612954,-0.26658469675717694,-4.7374547002801455e-06,-1.5,-1.5147278437279992,0.0,-0.0009764449787326157
34.96202220899795,5.823875553375611,5.732201895612954,-0.2551030328020505,-3.553091025217048e-06,-1.5,-1.5131457244569049,0.0,-0.0009456361876800656
34.99322415499773,5.834528526974926,5.732201895612954,-0.2426556412140295,-2.6648182689197245e-06,-1.5,-1.5118268743706211,0.0,-0.0009076951537281275
35.054189637998206,5.844478900551751,5.732201895612954,-0.22935230302323795,-1.9986137016967323e-06,-1.5,-1.510745859016434,0.0,-0.0008867448195815086
35.11804814900097,5.853804545995611,5.732201895612954,-0.2159728515461718,-1.4989602762794881e-06,-1.5,-1.5098876619763235,0.0,-0.000990206957794726
35.14798920799876,5.862463341745107,5.732201895612954,-0.2021837484409572,-1.1242202072165549e-06,-1.5,-1.5092035060078515,0.0,-0.000923050451092422
35.21130260100108,5.870459151126373,5.732201895612954,-0.1877715552269829,-8.431651554193551e-07,-1.5,-1.5087045185782226,0.0,-0.000983238685876131
35.24222745999941,5.8778299681075765,5.732201895612954,-0.17356658027910277,-6.323738665714552e-07,-1.5,-1.5084413018418568,0.0,-0.0008840473019517958
35.30492756500098,5.884488298817492,5.732201895612954,-0.15929404185806267,-4.7428039993553026e-07,-1.5,-1.508310934437319,0.0,-0.0008766427636146545
35.367620969998825,5.890417404349754,5.732201895612954,-0.14456122829021134,-3.557102999585866e-07,-1.5,-1.508398302919175,0.0,-0.0008634844562038779
35.39963546400031,5.89554805534381,5.732201895612954,-0.12960722656378898,-2.6678272497587883e-07,-1.5,-1.5086007002217514,0.0,-0.0009224263485521078
35.46274005599844,5.899802052177195,5.732201895612954,-0.11444272715214376,-2.00087043738848e-07,-1.5,-1.5089276495539319,0.0,-0.0009066534694284201
35.493847846999415,5.903365123788186,5.732201895612954,-0.09972074143463733,-1.500652828110749e-07,-1.5,-1.5093534608621293,0.0,-0.0008282845956273377
35.556731476001005,5.9061979968669736,5.732201895612954,-0.08501628449676807,-1.1254896211524506e-07,-1.5,-1.5099637695540837,0.0,-0.0008677328005433083
35.58778623699982,5.908381798586553,5.732201895612954,-0.07138178008389195,-8.441172159337269e-08,-1.5,-1.5106712450579567,0.0,-0.0008976319804787636
35.64991182900121,5.909831085741322,5.732201895612954,-0.057462481008250854,-6.330879120196841e-08,-1.5,-1.5114942142618935,0.0,-0.000822602363768965
35.71487744899787,5.910639765837919,5.732201895612954,-0.04388212331227043,-4.748159340841521e-08,-1.5,-1.5123667641916638,0.0,-0.0009441018337383866
35.74591927599977,5.910824923575679,5.732201895612954,-0.030679479516986297,-3.56111950632503e-08,-1.5,-1.513322329884165,0.0,-0.0009817563695833087
35.80996862200118,5.9104113639775875,5.732201895612954,-0.017974261137117864,-2.6708396304376618e-08,-1.5,-1.514359680439772,0.0,-0.0010948837734758854
35.840663401999336,5.909430289025066,5.732201895612954,-0.005916527453710102,-2.003129723522136e-08,-1.5,-1.5154497255693793,0.0,-0.001016058144159615
35.90192291399944,5.907904532012276,5.732201895612954,0.00554637675067865,-1.5023472933354912e-08,-1.5,-1.5165095959207129,0.0,-0.0010465431259945035
35.965876382000715,5.905828458946218,5.732201895612954,0.016015862593069446,-1.1267604706955077e-08,-1.5,-1.5175908133799805,0.0,-0.0009964370401576161
35.99774394199994,5.903273673153352,5.732201895612954,0.026629381003898417,-8.450703537155202e-09,-1.5,-1.5186135066804907,0.0,-0.0010832615662366152
36.0610645079978,5.900245000248548,5.732201895612954,0.03609103897235501,-6.338027659805295e-09,-1.5,-1.5195637886806372,0.0,-0.0010558809153735638
36.09258032000071,5.896794539046818,5.732201895612954,0.04494165064425401,-4.753520751792865e-09,-1.5,-1.5205296475323118,0.0,-0.0010849576210603118
36.15615812800024,5.89275542729542,5.732201895612954,0.0522349913964157,-3.565140570783543e-09,-1.5,-1.5215529088844382,0.0,-0.0010744016617536545
36.21856909199778,5.888497362072967,5.732201895612954,0.06109709711634945,-2.673855435026551e-09,-1.5,-1.522545015739591,0.0,-0.0011963349534198642
36.248752454997884,5.883880383370129,5.732201895612954,0.0679190631101441,-2.005391583208807e-09,-1.5,-1.5235002870431649,0.0,-0.0011899993987753987
36.31114148800043,5.878984545075645,5.732201895612954,0.0740031621930545,-1.5040436943454993e-09,-1.5,-1.5243751604620503,0.0,-0.0012097927974537015
36.34245308900063,5.8740047218874425,5.732201895612954,0.08028586592484036,-1.1280327776980182e-09,-1.5,-1.5252297044925096,0.0,-0.0012315005296841264
36.405569282000215,5.868580471250014,5.732201895612954,0.08451028141065334,-8.460245902124076e-10,-1.5,-1.5261604119381442,0.0,-0.001263312646187842
36.436889267999504,5.862921202057324,5.732201895612954,0.08874344723824586,-6.345184495981996e-10,-1.5,-1.527001657600469,0.0,-0.0012343390844762325
36.49880304600083,5.8571234505313745,5.732201895612954,0.09229709718046485,-4.758888441375437e-10,-1.5,-1.5278138659873182,0.0,-0.0012776079820469022
36.561381593997794,5.851216439159443,5.732201895612954,0.09515622069405447,-3.5691664004205166e-10,-1.5,-1.5286636556853046,0.0,-0.0013499213382601738
36.59239930399781,5.845138851402974,5.732201895612954,0.09729263247599372,-2.676874869704326e-10,-1.5,-1.5294846045862327,0.0,-0.0013309414498507977
36.65408640700116,5.83892002600688,5.732201895612954,0.09894963558836586,-2.0076562216671837e-10,-1.5,-1.530234412607859,0.0,-0.0014162405859678984
36.716848158001085,5.832669221709702,5.732201895612954,0.1004309400999664,-1.5057422356393268e-10,-1.5,-1.5309343126383805,0.0,-0.0014661588938906789
36.749157442998694,5.826418769631271,5.732201895612954,0.1013534252556482,-1.129306746118434e-10,-1.5,-1.5317121456703773,0.0,-0.0014902958646416664
36.8099071329998,5.820184898856756,5.732201895612954,0.10166043534062305,-8.469801289777646e-11,-1.5,-1.5324632450164102,0.0,-0.0015343844424933195
36.84150127199973,5.8139713001967115,5.732201895612954,0.10181255567518213,-6.352351661222624e-11,-1.5,-1.5332281080086647,0.0,-0.001537604839541018
36.90340625300087,5.807805442200957,5.732201895612954,0.10151152588641058,-4.764264439806359e-11,-1.5,-1.5337870616370721,0.0,-0.0014822405064478517
36.96662036699854,5.8017169532630675,5.732201895612954,0.100503885443287,-3.5731990237441595e-11,-1.5,-1.5343657167908082,0.0,-0.0014136695535853505
36.99585328299872,5.795772507822129,5.732201895612954,0.09888264457176532,-2.67989996169751e-11,-1.5,-1.5349360733794268,0.0,-0.0014764306833967566
37.0590380959984,5.7900324347101675,5.732201895612954,0.0967540517481871,-2.009925665162523e-11,-1.5,-1.5354497323005634,0.0,-0.0015082001918926835
37.091129904998525,5.78439033463471,5.732201895612954,0.09454025151592543,-1.507444942761283e-11,-1.5,-1.5358988358934669,0.0,-0.0014882953837513924
37.15213287900042,5.778878726727371,5.732201895612954,0.09204679075600414,-1.1305844009603526e-11,-1.5,-1.5363916465307608,0.0,-0.0013715025270357728
37.215132132998406,5.773488883031805,5.732201895612954,0.08898465634222569,-8.479389946096549e-12,-1.5,-1.536965115952584,0.0,-0.0014438277576118708
37.2455845580007,5.768186003161042,5.732201895612954,0.08576910458214121,-6.3595493984663154e-12,-1.5,-1.5375286952404505,0.0,-0.001442533335648477
37.30816384699938,5.763057103401276,5.732201895612954,0.08229408539601835,-4.76966898774364e-12,-1.5,-1.5380391832714428,0.0,-0.001456597587093711
37.33865610700013,5.75810148411115,5.732201895612954,0.07889160303929404,-3.577258679701634e-12,-1.5,-1.5385553101052376,0.0,-0.0014577223919332027
37.401835608998226,5.753332499182371,5.732201895612954,0.07538890770317236,-2.6829509486701296e-12,-1.5,-1.5391647626486107,0.0,-0.0014762524515390396
37.46569649400044,5.74874313844003,5.732201895612954,0.07153429992045551,-2.012220150396501e-12,-1.5,-1.5397666523393447,0.0,-0.001528196851722896
37.496807790001185,5.74436803139357,5.732201895612954,0.0674962222423619,-1.50917205169128e-12,-1.5,-1.5403131407575663,0.0,-0.001437370665371418
37.560054318000766,5.740208496262996,5.732201895612954,0.06316712569924449,-1.1318859776623638e-12,-1.5,-1.540865735050047,0.0,-0.0014516129158437252
37.59241027099779,5.736227634652535,5.732201895612954,0.05902819856175051,-8.489214221406767e-13,-1.5,-1.5414912741722535,0.0,-0.0014299179892987013
37.65537796599892,5.7324336384032675,5.732201895612954,0.055234641478933866,-6.366980054994115e-13,-1.5,-1.5420771396102915,0.0,-0.0014983784640207887
37.7188201789977,5.7288083210539895,5.732201895612954,0.05069640386736668,-4.775304430184625e-13,-1.5,-1.5425928626056955,0.0,-0.0014911135658621788
37.75076497199916,5.725424716630212,5.732201895612954,0.04627776662813715,-3.5815477115775077e-13,-1.5,-1.5431589435947948,0.0,-0.001495531527325511
37.81318577499769,5.722234623875513,5.732201895612954,0.04171265539772406,-2.6862301726221696e-13,-1.5,-1.543766963836106,0.0,-0.0014258400769904256
37.84382151200043,5.719144794455839,5.732201895612954,0.037370819729756866,-2.0147420184056663e-13,-1.5,-1.5443626128892955,0.0,-0.0014627845957875252
37.90728680800021,5.716306237462973,5.732201895612954,0.03313185689932474,-1.5111259027432887e-13,-1.5,-1.544862332343388,0.0,-0.001544355764053762
37.938414244999876,5.7137253985048435,5.732201895612954,0.028653873229952942,-1.1334138159965056e-13,-1.5,-1.5453794077548486,0.0,-0.0014833316672593355
38.000998562998575,5.711309520211751,5.732201895612954,0.024029081963594656,-8.501297509364182e-14,-1.5,-1.5458267707612519,0.0,-0.0015128222294151783
38.06306147400028,5.708859628920984,5.732201895612954,0.018937608125050298,-6.376667021413528e-14,-1.5,-1.5462052179376888,0.0,-0.001466870424337685
38.09420105800018,5.706747536943,5.732201895612954,0.014625410258673366,-4.783194155450537e-14,-1.5,-1.5465795143850154,0.0,-0.0014618218410760164
38.15605342499839,5.704927418372022,5.732201895612954,0.009961971293943606,-3.588089505978294e-14,-1.5,-1.5468884246451806,0.0,-0.001389864250086248
38.21889945300063,5.703225090731151,5.732201895612954,0.004404774468555694,-2.691761018874111e-14,-1.5,-1.5471252459324405,0.0,-0.0014765278901904821
38.250175623998075,5.70157591395238,5.732201895612954,0.0007762973594950262,-2.019514653545974e-14,-1.5,-1.547216440821614,0.0,-0.0014423304237425327
38.31041836000077,5.70023440635038,5.732201895612954,-0.003507565286934633,-1.5153298795498712e-14,-1.5,-1.5472517952027582,0.0,-0.0014839766081422567
38.341052701998706,5.6991894594020795,5.732201895612954,-0.007785627142536833,-1.1371912990527941e-14,-1.5,-1.5472088133735287,0.0,-0.0013543900568038225
38.40460903100029,5.698406051886289,5.732201895612954,-0.011355802789860925,-8.535873636799863e-15,-1.5,-1.5471830127486488,0.0,-0.0014145441818982363
38.465622847001214,5.6977869326934405,5.732201895612954,-0.01620628929603951,-6.408844121503805e-15,-1.5,-1.5470864728319096,0.0,-0.001377460896037519
38.49674089199834,5.697442768745509,5.732201895612954,-0.02031888277819116,-4.813571985031761e-15,-1.5,-1.5469627450273244,0.0,-0.0012235360918566585
38.558632329997636,5.6973616128321956,5.732201895612954,-0.024395887485544443,-3.617117882677728e-15,-1.5,-1.5467660179217753,0.0,-0.001338604954071343
38.59142763899945,5.6974528863919645,5.732201895612954,-0.02835658964960186,-2.719777305912203e-15,-1.5,-1.5465503283720357,0.0,-0.0012663103407248855
38.65226220099794,5.697578088156321,5.732201895612954,-0.03214006781211198,-2.0467718733380598e-15,-1.5,-1.5463307991767226,0.0,-0.0013358239084482193
38.714284713998495,5.697947423597774,5.733753160160529,-0.03561500148808128,0.025000000372527496,-1.5,-1.546053247997537,0.0,-0.0013315920950844884
38.74505647099795,5.698546430184338,5.735099538208985,-0.03887381778292065,0.04375000065192465,-1.5,-1.545779231122817,0.0,-0.0014310277765616775
38.80747957099811,5.699247873605061,5.738713164102185,-0.04199088119103278,0.05781250086147252,-1.5,-1.5453926379625087,0.0,-0.001361755421385169
38.869943959998636,5.699869755821077,5.742978893969341,-0.04496381415280459,0.06835937601863343,-1.5,-1.5449703127335195,0.0,-0.0012763328850269318
38.90087109899832,5.700769432114393,5.745339077610435,-0.04815050650762531,0.07626953238650411,-1.5,-1.544509653417545,0.0,-0.0013642922276630998
38.96398199399846,5.7019731909637805,5.750520887027788,-0.05204586452659943,0.0822021496624071,-1.5,-1.5439119142829796,0.0,-0.0012652070727199316
38.99701402400024,5.703436229232096,5.753390244095155,-0.05675942913531806,0.08665161261933435,-1.5,-1.5432591943599052,0.0,-0.0012002624571323395
39.05846723099967,5.705083935720213,5.758915437905804,-0.062488811967362445,0.08998870983702979,-1.5,-1.542461582566435,0.0,-0.0011947097955271602
39.09120884100048,5.707189222174376,5.761954823691616,-0.069315653687681,0.09249153275030138,-1.5,-1.5415164968205168,0.0,-0.0012281595263630152
39.15152216899878,5.709782691082791,5.7676340592091195,-0.07696243075044806,0.09436864993525507,-1.5,-1.5404089585629888,0.0,-0.0011956164380535483
39.21424715299872,5.712776856418366,5.775212306531584,-0.08537083985179084,0.12077648819649936,-1.5,-1.5390675488448415,0.0,-0.0012439725687727332
39.245139118000225,5.716008876508232,5.780314747853197,-0.09409544767112688,0.16558236912760677,-1.5,-1.5374901750812247,0.0,-0.0011431509628891945
39.309367350000684,5.719776393495081,5.796342938413083,-0.10283600973284701,0.24918677684570506,-1.5,-1.5357650217697087,0.0,-0.001159046427346766
39.340799292000156,5.7240735749302925,5.807691002558271,-0.11138363582227662,0.36189007965404657,-1.5,-1.5340014291983215,0.0,-0.001135939615778625
39.404578314999526,5.728904661937154,5.837743548484968,-0.12059936032754393,0.4714175627207672,-1.5,-1.5321622087942808,0.0,-0.0011372765293344855
39.46720842200011,5.734278185425232,5.873992579858912,-0.13112433796581757,0.5785631660801109,-1.5,-1.5301823015675722,0.0,-0.0012355918297544122
39.49784035899938,5.740473956872443,5.89424833969839,-0.14391259622231978,0.6589223685996187,-1.5,-1.5280584645280957,0.0,-0.0012770472094416618
39.560092510000686,5.747705735082962,5.939017783239945,-0.16107047501659555,0.7191917704892495,-1.5,-1.525556133137004,0.0,-0.0011836555786430836
39.591741977998026,5.756133765404603,5.962967235954435,-0.18239097319593012,0.7643938219064726,-1.5,-1.5225547914095778,0.0,-0.0013078551273792982
39.65317803400103,5.7659813222008545,6.0121728489815665,-0.20885657789753542,0.79829536046939,-1.5,-1.5189482925194784,0.0,-0.00138549052644521
39.68458633199771,5.7775170047655235,6.038259204437709,-0.2419138309478729,0.823721514391578,-1.5,-1.5144686684765754,0.0,-0.001493541058152914
39.74700891500106,5.791489000177942,6.090790783800027,-0.2815043313394141,0.842791129833219,-1.5,-1.5091451529024855,0.0,-0.0016487558605149388
39.80923799299853,5.8079245535028,6.1439115977596375,-0.3285853379542497,0.8570933414144498,-1.5,-1.5028113068935742,0.0,-0.001968730241060257
39.83919431100003,5.8269733145768745,6.170054590845662,-0.38168247718292947,0.8678200001003729,-1.5,-1.495558545315009,0.0,-0.002054888289421797
39.901794553999935,5.849162979336295,6.224872582008219,-0.4407991104431548,0.8758649941148151,-1.5,-1.4873887284239764,0.0,-0.0022193919867277145
39.96420805600064,5.874609089235653,6.279896004981703,-0.5028673090759767,0.8818987396256468,-1.5,-1.4783898629535681,0.0,-0.0022078505717217922
39.995322079998004,5.903271339563217,6.307506303001599,-0.5675621939551607,0.8864240487587707,-1.5,-1.468704819884651,0.0,-0.002203930402174592
40.057683855000505,5.934951805778069,6.363036555298485,-0.6358959263195098,0.8898180306086135,-1.5,-1.45830236678872,0.0,-0.0021944520995020866
40.08826486199905,5.970236827611271,6.390364430594978,-0.7050037980751085,0.8923635169959957,-1.5,-1.447418729084371,0.0,-0.001963006565347314
40.1436440030011,6.009815702250139,6.439863971577421,-0.7742522808900081,0.8942726317865323,-1.5,-1.4360311244107542,0.0,-0.0016977251507341862
40.20274531399991,6.052099744228857,6.492760733707507,-0.8446558284827141,0.8957044678794347,-1.5,-1.424488494073175,0.0,-0.001285817939788103
40.25521590900098,6.097228543082355,6.5397669861617285,-0.9133413845672419,0.8967783449491116,-1.5,-1.4129418614186529,0.0,-0.0009748199954628944
40.31035105199771,6.148067006548293,6.5892753929075845,-0.9802576558861599,0.8975837527513693,-1.5,-1.401011334748984,0.0,-0.0006363930879160762
40.338068353998096,6.199896294951559,6.614239092629897,-1.0435593500296785,0.8981878086030625,-1.5,-1.38992002958785,0.0,-8.31908400868997e-05
40.38820754799963,6.254016960780072,6.6592668632495435,-1.0991399372653803,0.8986408504918324,-1.5,-1.3791763247077393,0.0,0.00046985538210719824
40.4440147589994,6.310216838263137,6.709422231518119,-1.149145694368002,0.8989806319084098,-1.5,-1.368974463694201,0.0,0.0007813191041350365
40.49440057500033,6.366694338645302,6.754704052940502,-1.1926708886872053,0.8992354679708429,-1.5,-1.3599820846572208,0.0,0.0009590323315933347
40.554883568998775,6.427095773134002,6.808867096425898,-1.2299715868815662,0.8994265950176676,-1.5,-1.3510131647735681,0.0,0.0010131178423762321
40.62057195400121,6.488772072034571,6.868250709314004,-1.2619550640318795,0.8995699403027863,-1.5,-1.3428240826370748,0.0,0.0010183326667174697
40.64390908800124,6.551575114913217,6.889185033659265,-1.2891286479127508,0.8996774492666252,-1.5,-1.3354674117571954,0.0,0.0008630804368294775
40.70357745599904,6.615705820328423,6.942842252897962,-1.3125951368701376,0.8997580809895044,-1.5,-1.3287762287257787,0.0,0.0005770151037722826
40.754908277998766,6.68100742704648,6.989114117027658,-1.3329033265546004,0.8998185547816638,-1.5,-1.3225830700329362,0.0,0.00030510404030792415
40.81096718999834,6.747144140072637,7.039546610625034,-1.3511262495393046,0.8998639101257834,-1.5,-1.3169081845055957,0.0,2.5435525458306074e-05
40.837422542997956,6.8140075537611455,7.063340899226802,-1.3673295119975029,0.899897926633873,-1.5,-1.3116865174083499,0.0,-0.0002658166631590575
40.88833517300009,6.88164521770224,7.109161791015425,-1.380307688913364,0.8999234390149403,-1.5,-1.3069499686677428,0.0,-0.0003711892059072852
40.943898998000805,6.9498836331596925,7.159205828350093,-1.3906410337008777,0.8999425733007408,-1.5,-1.3026140532670243,0.0,-0.0005453747580759227
41.003794624000875,7.018311416757902,7.213104277161103,-1.3971563138511573,0.8999569240150911,-1.5,-1.2986827378069021,0.0,-0.0007562641403637826
41.05547777399988,7.08664921426717,7.259608249393422,-1.398132205227,0.8999676870508538,-1.5,-1.2954322244072056,0.0,-0.0008770983549766243
41.104428906000976,7.154846357120702,7.30367468370365,-1.3937386501962903,0.8999757593276759,-1.5,-1.2928384847106247,0.0,-0.0010837368899956346
41.15530435599794,7.2228093201144,7.349412504188183,-1.3869235526733827,0.8999818135352925,-1.5,-1.2907285910660224,0.0,-0.0011744180228561163
41.18910873999994,7.290427375883817,7.3799475960936585,-1.37915823016157,0.8999863541910049,-1.5,-1.2889896190693464,0.0,-0.00136630202177912
41.24453135099975,7.357657417963015,7.429774533307847,-1.3708686525252338,0.8999897596827893,-1.5,-1.287561732068112,0.0,-0.0016425303183495998
41.30346345399812,7.42444523676363,7.48277581825593,-1.3611600262619725,0.8999923138016275,-1.5,-1.2864490319733406,0.0,-0.0017324293730780482
41.35549751899816,7.490637775926381,7.529366133845634,-1.3490542312979026,0.8999942293907561,-1.5,-1.2856554504043396,0.0,-0.0018202585633844137
41.38949607500035,7.556010036587892,7.560232846550765,-1.333840065854734,0.8999956660826026,-1.5,-1.28521688416295,0.0,-0.0018656227039173245
41.44405857899983,7.620496143987341,7.6093100129188445,-1.3160329316027926,0.8999967436014875,-1.5,-1.2850818593050901,0.0,-0.00184861128218472
41.5031878109985,7.6841454998191665,7.662489275375283,-1.2979287775302666,0.8999975517406511,-1.5,-1.2852158473847395,0.0,-0.0019542647060006857
41.568511916000716,7.74690552285949,7.721295407487913,-1.2796136507268479,0.8999981578450238,-1.5,-1.2855590708392164,0.0,-0.0019892873242497444
41.593090340000344,7.808651234536394,7.743150012846827,-1.2596587834023678,0.8999986124233034,-1.5,-1.2861261686172538,0.0,-0.0019638666417449713
41.65382667599988,7.869354066834369,7.798114634366443,-1.2380867696638966,0.8999989533570131,-1.5,-1.2869007497930136,0.0,-0.0019607997965067625
41.70535582899902,7.9290727591967824,7.8444112378906,-1.2169374720199448,0.8999992090572954,-1.5,-1.2877542469299792,0.0,-0.0019209978636354208
41.73944178799866,7.987887472520833,7.875253616954697,-1.1972381639700302,0.8999994008325071,-1.5,-1.288745870665177,0.0,-0.0016238180687651038
41.78765025100074,8.044894282930828,7.91853500718201,-1.178809784876061,0.8999995446639159,-1.5,-1.2899341537434175,0.0,-0.0014499801909551024
41.8380561749982,8.102000155359391,7.963911958047136,-1.1607248719097811,0.8999996525374724,-1.5,-1.2908030543895626,0.0,-0.0014537826646119356
41.89418830299837,8.158131819260706,8.014387468953574,-1.1418295370024012,0.8999997334426398,-1.5,-1.2920186656437067,0.0,-0.0014437249628826976
41.95402342499801,8.21318199867035,8.068242995002135,-1.1210222811125483,0.8999997941215154,-1.5,-1.293426397695287,0.0,-0.0013417352456599474
42.005545404997974,8.266988061388473,8.114649494225112,-1.0984235105167504,0.8999998396306721,-1.5,-1.2949767152661615,0.0,-0.0013975959736853838
42.05528580399914,8.319561464982772,8.159397317385865,-1.0751094518210023,0.8999998737625396,-1.5,-1.2966846503326623,0.0,-0.0014234876725822687
42.105807953001204,8.37104633352443,8.204615064786253,-1.0521573560107356,0.8999998993614402,-1.5,-1.2983548854057856,0.0,-0.0013134358450770378
42.13969493100012,8.421525496221665,8.23547119450146,-1.0305598402820635,0.8999999185606157,-1.5,-1.3001578128503977,0.0,-0.0011496454244479537
42.18779544299832,8.471831616025502,8.278695096845114,-1.0107593823272094,0.8999999329599973,-1.5,-1.3018234771877322,0.0,-0.001054234802722931
42.23903424300079,8.5203434876883,8.324500572078765,-0.9910610967014725,0.8999999437595334,-1.5,-1.3037609227912228,0.0,-0.0010809032246470451
42.29445778700028,8.567914387188685,8.374588998850534,-0.9720031322074725,0.8999999518591856,-1.5,-1.305522605927886,0.0,-0.0009903613245114684
42.353802690999146,8.61448551861382,8.428071600377548,-0.9522018838478294,0.8999999579339247,-1.5,-1.3073617625376097,0.0,-0.00098045589402318
42.4055436009985,8.662212881876881,8.474648479845017,-0.9318673804711897,0.899999962489979,-1.5,-1.3090007898477176,0.0,-0.0009400804410688579
42.44032115899972,8.706455958957394,8.506024315982517,-0.9097653771336078,0.8999999659070198,-1.5,-1.3114551778274381,0.0,-0.0009703976684249938
42.48770878799769,8.749814682026006,8.548592902748023,-0.8902439149782662,0.8999999684698003,-1.5,-1.3132814942789055,0.0,-0.0008166301995515823
42.54071479599952,8.792380496184775,8.596331286378032,-0.8725613266519892,0.8999999703918857,-1.5,-1.3151796922881926,0.0,-0.0008283945498988032
42.594734659000096,8.832791709570067,8.644866822578782,-0.8562986401395504,0.8999999718334498,-1.5,-1.3173772735437161,0.0,-0.0008424606057815254
42.65449491599793,8.873788311542167,8.698684593824439,-0.8417008065173436,0.8999999729146229,-1.5,-1.3191043670095812,0.0,-0.0008045593276619911
42.70693472700077,8.914060060638306,8.745957560736594,-0.8260678697930397,0.8999999737255027,-1.5,-1.3210447893309951,0.0,-0.0008818499045446515
42.76953460100049,8.953664596959968,8.802138680006909,-0.811261499877152,0.8999999743336625,-1.5,-1.3231354650679745,0.0,-0.0009016901603899896
42.795833824999136,8.992630577993689,8.825692551455592,-0.797828627541536,0.8999999747897824,-1.5,-1.325360299425683,0.0,-0.0010782094905152917
42.8556746739996,9.03099801223973,8.879753438252228,-0.7860966765276834,0.8999999751318724,-1.5,-1.3276490297110979,0.0,-0.0007810400566086173
42.90487104099884,9.068969649124012,8.924046792982747,-0.7765278036021934,0.8999999753884398,-1.5,-1.3296964102227162,0.0,-0.0008815978071652353
42.970471402997646,9.106691077030144,8.982933295558295,-0.769012411530447,0.8999999755808654,-1.5,-1.3318232731592465,0.0,-0.0006272270111367106
43.00564493799902,9.14424115466376,9.01478463403941,-0.7650373741705074,0.8999999757251846,-1.5,-1.3339244395229897,0.0,-0.0005571254878304899
43.06916373900094,9.181595028098794,9.071897874655173,-0.7628280518704013,0.8999999758334241,-1.5,-1.3359562329672188,0.0,-0.00043988184188492596
43.0957074379985,9.218924325994594,9.095775971550339,-0.7615289116998067,0.8999999759146036,-1.5,-1.3377479003107384,0.0,-0.00034160225186496973
43.15466368700072,9.25625296250945,9.14882405630066,-0.7600943630704521,0.8999999759754882,-1.5,-1.3395204298581551,0.0,-0.0001917088229674846
43.206073960998765,9.293575556092984,9.195149237981145,-0.7601099549075543,0.8999999760211517,-1.5,-1.3412863363551515,0.0,-7.620214091730304e-06
43.23954495699945,9.33086600837979,9.22535219814561,-0.7620259870818649,0.8999999760553993,-1.5,-1.3430299874777822,0.0,-0.00010382433538325131
43.28758847000063,9.368459939032439,9.268485551186284,-0.7664770796238753,0.899999976081085,-1.5,-1.3444927040212675,0.0,8.936061931308359e-05
43.33969443599926,9.406325588030546,9.315394810690417,-0.7711812035820905,0.8999999761003492,-1.5,-1.3459403152641163,0.0,0.0002476853260304779
43.39509611899848,9.444284111603057,9.365266087176021,-0.7749571134325292,0.8999999761147974,-1.5,-1.347451682361767,0.0,0.00031868976657278836
43.45378471699951,9.482007403534483,9.418090797574358,-0.7763652862600235,0.8999999761256336,-1.5,-1.3490330366306302,0.0,0.0003678209031932056
43.50549665499784,9.519673116795252,9.46460437761685,-0.7744983740738408,0.8999999761337607,-1.5,-1.3505563179565863,0.0,0.0003904688637703657
43.56915567900069,9.557221661146697,9.521919534941345,-0.770997090274076,0.899999976139856,-1.5,-1.3522962912106928,0.0,0.0005948430043645203
43.59489607000069,9.594509435927606,9.54494941008622,-0.7670118320693418,0.8999999761444275,-1.5,-1.354093748999926,0.0,0.0005892039043828845
43.65536909900038,9.631352778939787,9.59948150741113,-0.7633392234876973,0.8999999761478561,-1.5,-1.3559302108266904,0.0,0.0006302327965386212
43.72222446700107,9.668195820007256,9.659636158412582,-0.7605987185193893,0.8999999761504276,-1.5,-1.3576686081897529,0.0,0.0005731529672630131
43.74565092899866,9.70514358452717,9.680728834970076,-0.7591889422710194,0.8999999761523563,-1.5,-1.3595573282239974,0.0,0.0006231848383322358
43.804082115999336,9.742167244477022,9.733249704740908,-0.7608614894262671,0.8999999761538027,-1.5,-1.361454923127051,0.0,0.0006349208997562528
43.827979057998164,9.779059933797942,9.754904786869803,-0.7634729259046605,0.8999999761548876,-1.5,-1.3632790596048439,0.0,0.0006422324222512543
43.922066528997675,9.815683235979957,9.83954478687805,-0.7666075166166985,0.8999999761557012,-1.5,-1.3649837208792346,0.0,0.0007434350554831326
43.947262702000444,9.853431731193279,9.862122763460373,-0.7728896372886795,0.8999999761563113,-1.5,-1.3664945054853899,0.0,0.0006875318358652294
44.005795147000754,9.891679452042181,9.91484662280425,-0.7817005157155976,0.899999976156769,-1.5,-1.3680667318967226,0.0,0.0006729488377459347
44.056506887998694,9.930322102456104,9.960506616673662,-0.7923593966850573,0.8999999761571122,-1.5,-1.3694298076886333,0.0,0.0006845147581771016
44.089635842999996,9.96971087709555,9.990376768355798,-0.8038209808652519,0.8999999761573697,-1.5,-1.3705419541865762,0.0,0.000834127888083458
44.145040741997946,10.009911760234267,10.04024096381216,-0.8175961569913699,0.8999999761575628,-1.5,-1.3714918565986616,0.0,0.0008957602549344301
44.20505815100114,10.05069259811352,10.094240052576348,-0.8314879914009825,0.8999999761577075,-1.5,-1.3723606888080513,0.0,0.0010164305567741394
44.25735758799783,10.091633295156923,10.141304021895357,-0.8427763552190699,0.8999999761578161,-1.5,-1.3731998414612179,0.0,0.0010398331796750426
44.31944054699852,10.133667475638664,10.197158984671976,-0.850380304100036,0.8999999761578976,-1.5,-1.373907622240306,0.0,0.0011542371939867735
44.34460084300008,10.17519933866758,10.219633106124034,-0.8531740286319913,0.8999999761579587,-1.5,-1.3750122004962768,0.0,0.001186056062579155
44.40511714400054,10.216682427275643,10.274281289452649,-0.8539004355447695,0.8999999761580045,-1.5,-1.376122017756613,0.0,0.0011670151725411415
44.45627825200063,10.2599030917986,10.320311857309788,-0.8545062992828243,0.899999976158039,-1.5,-1.3770122854593798,0.0,0.0010644413996487856
44.512261563999346,10.301237346513851,10.370733952226496,-0.8541800386305607,0.8999999761580647,-1.5,-1.3785218723547585,0.0,0.0010962358210235834
44.53926820799825,10.34286269166344,10.395027684226058,-0.8565779155344793,0.899999976158084,-1.5,-1.3795734651280587,0.0,0.0009353813948109746
44.58972129600079,10.38465798785987,10.440433404687644,-0.8597163010778832,0.8999999761580986,-1.5,-1.3806436527763377,0.0,0.0009317566873505712
44.64539729099852,10.42497889364834,10.490539642679128,-0.86241826594741,0.8999999761581094,-1.5,-1.3817744022840523,0.0,0.0008133295341394842
44.70658695200109,10.46702367057188,10.545343608703208,-0.8654915623269401,0.8999999761581177,-1.5,-1.3824509842081294,0.0,0.0009738753433339298
44.772571089997655,10.509300267521443,10.604773634136905,-0.868294686439453,0.8999999761581238,-1.5,-1.383353439646214,0.0,0.0009198434418067336
44.795791419001034,10.5515803909802,10.62588605175236,-0.8694126599333709,0.8999999761581283,-1.5,-1.3843282951105065,0.0,0.0011976573150604963
44.85568143799901,10.593582613906728,10.679550829993815,-0.8696001685363737,0.8999999761581318,-1.5,-1.385319496929685,0.0,0.0010738741839304566
44.90574561899848,10.63575462583726,10.724801411490091,-0.8694154484075332,0.8999999761581343,-1.5,-1.3862130840512639,0.0,0.0011110800551250577
44.96224098499806,10.67821862032286,10.775621117060638,-0.8707118021765305,0.8999999761581363,-1.5,-1.3870950707336802,0.0,0.0011000082595273852
44.989843131999805,10.72098898166534,10.800537979842034,-0.8756647699437072,0.8999999761581378,-1.5,-1.3877649814553343,0.0,0.0009463436435908079
45.03977896200013,10.76389905448486,10.845482360365281,-0.8823836243475534,0.8999999761581389,-1.5,-1.3882780075063392,0.0,0.0010682749561965466
45.09532284099987,10.807268804334129,10.895422515978964,-0.8889407172534078,0.8999999761581396,-1.5,-1.3886297141228492,0.0,0.0012312507024034858
45.1554439850006,10.850923804872458,10.949507864582813,-0.895103961425529,0.8999999761581403,-1.5,-1.388913148772409,0.0,0.001171981217339635
45.20748426700084,10.894707595693108,10.996401245413011,-0.9003370276610014,0.8999999761581408,-1.5,-1.3891890388921402,0.0,0.0011583162704482675
45.24104195399923,10.93839001352261,11.02669561526173,-0.9029630590389572,0.8999999761581411,-1.5,-1.3894610330064419,0.0,0.0011652926914393902
45.289171217998955,10.982271972468059,11.06990385557981,-0.9039369987765595,0.8999999761581413,-1.5,-1.3897392241047242,0.0,0.0014923125272616744
45.345692742997926,11.026341547804085,11.120790079932164,-0.9046721474504207,0.8999999761581415,-1.5,-1.3899935897936406,0.0,0.0015142951160669327
45.40523350099829,11.070300478982062,11.174390056005535,-0.9057323365840755,0.8999999761581416,-1.5,-1.3902297635263832,0.0,0.0013232333585619926
45.456530134000786,11.11410613620853,11.220500231824133,-0.9059329019971292,0.8999999761581418,-1.5,-1.39046781068584,0.0,0.0014049818273633718
45.51245808100066,11.157977346796155,11.27081418007623,-0.904319472998016,0.8999999761581419,-1.5,-1.390789692926869,0.0,0.0014213074464350939
45.540415953000775,11.20192261664895,11.296004413593181,-0.9024762905255173,0.8999999761581419,-1.5,-1.3911418741242731,0.0,0.0013803215697407722
45.59022218099926,11.245692682872164,11.340829918616038,-0.9017332894656664,0.8999999761581419,-1.5,-1.3914753544218303,0.0,0.0014494535280391574
45.64575744399917,11.289392558560406,11.390819426874288,-0.9023326008204569,0.8999999761581419,-1.5,-1.3916203511738359,0.0,0.0014853132888674736
45.70669822899799,11.33338276068409,11.445616311866758,-0.9043037734875052,0.8999999761581419,-1.5,-1.391662039364111,0.0,0.0014450408052653074
45.74044677100028,11.377621219004205,11.476155728324585,-0.9069846638392824,0.8999999761581419,-1.5,-1.3916717803124559,0.0,0.0012804133584722877
45.78913505899982,11.42182131413407,11.519877021569442,-0.9085332881995852,0.8999999761581419,-1.5,-1.3917265863010446,0.0,0.0014056728687137365
45.84588375000021,11.466021785344022,11.57092160353784,-0.909698214971199,0.8999999761581419,-1.5,-1.3917931292487882,0.0,0.0014121008571237326
45.90552455600118,11.51051415365642,11.624541320669039,-0.9118748282710505,0.8999999761581419,-1.5,-1.3918337973487356,0.0,0.0014034206978976727
45.956989172998874,11.554522525674537,11.670860065055109,-0.9150055311233913,0.8999999761581419,-1.5,-1.3919588584304847,0.0,0.0012138133170083165
46.012724148000416,11.59926901767261,11.721159422090551,-0.9175806988890379,0.8999999761581419,-1.5,-1.391938677744462,0.0,0.0011986357858404517
46.04002854999999,11.644027181761167,11.745721589561214,-0.919511038636136,0.8999999761581419,-1.5,-1.3920714912786103,0.0,0.0011809116695076227
46.09316834499987,11.689069340533127,11.793532929580351,-0.9218703774094483,0.8999999761581419,-1.5,-1.3921809373488125,0.0,0.0010754282120615244
46.15777393899771,11.734427229110542,11.851374872742582,-0.9252832665452791,0.8999999761581419,-1.5,-1.3922194799267358,0.0,0.001030241372063756
46.219204615998024,11.779903248776249,11.906963331238558,-0.9296518182737327,0.8999999761581419,-1.5,-1.3922292055833358,0.0,0.0009517852449789643
46.2512273450011,11.825472554298296,11.935789781776492,-0.9342543208816529,0.8999999761581419,-1.5,-1.3921258126214995,0.0,0.0008105821907520294
46.312994111998705,11.871263141000847,11.991340689347254,-0.936674005235613,0.8999999761581419,-1.5,-1.3919887840308331,0.0,0.0007076375768519938
46.34467204500106,11.917265760244042,12.01988389862072,-0.9381930364213975,0.8999999761581419,-1.5,-1.3918878213788717,0.0,0.0007047833641991019
46.40787174999787,11.964044971814134,12.076794793414365,-0.9411111111435049,0.8999999761581419,-1.5,-1.3916737180600767,0.0,0.0005653584375977516
46.44075685899952,12.010149381847492,12.10640208862003,-0.9457400114239128,0.8999999761581419,-1.5,-1.391521454920176,0.0,0.0004865263181272894
46.5034421829987,12.056712240998847,12.162780833159218,-0.9513393970761355,0.8999999761581419,-1.5,-1.3911587589366987,0.0,0.00022347280173562467
46.566506193998066,12.106133518361927,12.219305704441666,-0.958422423666818,0.8999999761581419,-1.5,-1.3905214204494147,0.0,-3.292724068160169e-05
46.598098516999016,12.153338621129064,12.247940752549368,-0.9652489973432442,0.8999999761581419,-1.5,-1.3904502432595385,0.0,9.075666457647458e-05
46.661504748997686,12.200691312087551,12.304596086474845,-0.9721273095180567,0.8999999761581419,-1.5,-1.3900543848538627,0.0,-0.000157249640324153
46.72417121599938,12.248384987677369,12.361287254711812,-0.9766950086885584,0.8999999761581419,-1.5,-1.3897012072296473,0.0,-9.82730562100187e-05
46.756631571999606,12.2947671425036,12.390666454868892,-0.9797526551848912,0.8999999761581419,-1.5,-1.3896010645779118,0.0,-0.0001392102858517319
46.819907658999,12.342754787201846,12.447490660669473,-0.9836536034607068,0.8999999761581419,-1.5,-1.3891221675684435,0.0,-0.00028782919980585575
46.85266023999793,12.390674740975443,12.477079931431035,-0.9857150792447237,0.8999999761581419,-1.5,-1.3888821719695776,0.0,-0.000270121410721913
46.88417484800084,12.438826505168688,12.50537144221721,-0.9866157519511758,0.8999999761581419,-1.5,-1.388750600927349,0.0,-0.0002766848774626851
46.9457011960003,12.487251414429819,12.560609282360048,-0.9888103874443068,0.8999999761581419,-1.5,-1.3886112122204242,0.0,-0.00041627042810432613
47.00798583099822,12.535755308139585,12.615149706970247,-0.9918263651649513,0.8749999850988386,-1.5,-1.388527391701718,0.0,-0.00044611076009459794
47.070031938998,12.584264404252085,12.66533311311783,-0.9944171791487268,0.8062499947845934,-1.5,-1.3884543869102248,0.0,-0.0006227095727808774
47.10226715499812,12.632782925528614,12.687959771569124,-0.993732389477606,0.7046874975785611,-1.5,-1.3883942097036903,0.0,-0.0006482276949100196
47.1653097649978,12.68118468947047,12.725947420151844,-0.9896647519115935,0.603515626164153,-1.5,-1.3885021016762409,0.0,-0.0006956141442060471
47.19736276799813,12.729062389741465,12.741241505751164,-0.9846375502943581,0.4776367199956438,-1.5,-1.3886559950403499,0.0,-0.0008035130449570715
47.25961986100083,12.776395646199846,12.763638328321957,-0.9784800057255835,0.35822753999673285,-1.5,-1.3888528382065872,0.0,-0.0008092733332887292
47.292214047000016,12.823416481709906,12.7715827288728,-0.9704830114520937,0.24367065462502058,-1.5,-1.3891695565841333,0.0,-0.0008806433179415762
47.354018863999954,12.869861798782381,12.781331488060633,-0.9590101868272509,0.1577529905962364,-1.5,-1.3896691007602882,0.0,-0.0009504754561930895
47.38777505200051,12.914913907223845,12.784484158661353,-0.9414313647953438,0.09331474257464828,-1.5,-1.3904615320107052,0.0,-0.0009552505216561258
47.44681365100041,12.958152069874819,12.787136566975308,-0.9151918852545842,0.04498605655845718,-1.5,-1.39154013895648,0.0,-0.0011373228626325727
47.50923512299778,12.999475797681098,12.787136566975308,-0.8783834975107855,0.008739542046313858,-1.5,-1.392906618374083,0.0,-0.0015753026818856597
47.570751251998445,13.038303890604874,12.786005039903326,-0.8305797086815562,-0.018445343837793636,-1.5,-1.39474109920608,0.0,-0.0021315913181751966
47.601822190998064,13.07374831555781,12.784789921675642,-0.7721783877101314,-0.038834008250874255,-1.5,-1.3971466872912837,0.0,-0.0026002677623182535
47.66461957199863,13.105525862386108,12.781391966315223,-0.7057439482881135,-0.054125506560684725,-1.5,-1.3999458622401075,0.0,-0.0029075960628688335
47.69585265400019,13.133802707245904,12.779352408835294,-0.6336823387508521,-0.06559413029304258,-1.5,-1.403227796651109,0.0,-0.002967152511700988
47.75690490299894,13.158314921638084,12.774813361284878,-0.5572743261764974,-0.07419559809231097,-1.5,-1.4070817233057085,0.0,-0.002947295317426324
47.81941780000125,13.178666818830582,12.769780018384083,-0.4758437461041873,-0.08064669894176225,-1.5,-1.4114609732347647,0.0,-0.0029156769160181284
47.85123105599996,13.194693954043668,12.767055538674075,-0.3905023453415661,-0.08548502457885072,-1.5,-1.4162357554520157,0.0,-0.002614597324281931
47.913777824000135,13.206483693480202,12.761474901253406,-0.30249557955263395,-0.08911376880666708,-1.5,-1.421320591050963,0.0,-0.0022480483166873455
47.944815578997805,13.21411728800069,12.758627358543242,-0.21541257754422666,-0.09183532697752933,-1.5,-1.426779777550861,0.0,-0.0014671465614810586
48.00715787599984,13.21769282464385,12.75277373052731,-0.13050829643394557,-0.09387649560567603,-1.5,-1.432539748570775,0.0,-0.0006570412078872323
48.03967603899946,13.217352136601718,12.749679880512883,-0.04740678982842317,-0.09540737207678605,-1.5,-1.438338799880041,0.0,5.41546251042746e-06
48.091382907998195,13.213204973940133,12.74468129555509,0.031065942212013864,-0.09655552943011857,-1.5,-1.4439910078188474,0.0,0.0007136507192626595
48.13938912899903,13.205411904661773,12.740003080537369,0.10761508936828412,-0.09741664744511795,-1.5,-1.4499843896403068,0.0,0.001304019009694457
48.19035487099973,13.194170163113272,12.735043942630652,0.17973527252522215,-0.09806248595636749,-1.5,-1.4561037140715094,0.0,0.0018782182596623898
48.2467778350001,13.179736673899999,12.72944606876754,0.2469026878606131,-0.09854686483980465,-1.5,-1.462065211852365,0.0,0.0024042727891355753
48.3060938560011,13.162396726088579,12.723580749453568,0.30866037911672883,-0.09891014900238251,-1.5,-1.46774036809265,0.0,0.0028040867764502764
48.3572004130001,13.1424059047831,12.718503341395522,0.3650656755212187,-0.09918261212431592,-1.5,-1.4734848378219128,0.0,0.0029470801819115877
48.413473315999,13.119986010596222,12.712915493061129,0.4163871869820469,-0.09938695946576598,-1.5,-1.4792786358332481,0.0,0.0029977678786963224
48.44116568699974,13.094939630090735,12.710159539481065,0.46278936558602535,-0.09954021997185351,-1.5,-1.4848897581192784,0.0,0.003016694216057658
48.50680485799967,13.068323237366798,12.703625637677181,0.505619296235754,-0.09965516535141916,-1.5,-1.490354602868786,0.0,0.00283006951212883
48.54687773099795,13.039969703956237,12.699625618340782,0.5431233408062559,-0.0997413743860934,-1.5,-1.495774101800492,0.0,0.0025963103398680687
48.58969494199846,13.010181777050636,12.69534493049129,0.575637069635087,-0.09980603116209907,-1.5,-1.5011971970882185,0.0,0.0023648515343666077
48.64114730499932,12.977702096030555,12.690206342512456,0.6017106395567066,-0.09985452374410334,-1.5,-1.5065505935492456,0.0,0.0021907472983002663
48.69663543199931,12.945809387769462,12.684669658725173,0.624379611312416,-0.09989089318060654,-1.5,-1.5113117273698866,0.0,0.002001232700422406
48.7568815199993,12.913200595154638,12.678648298177016,0.6406982636026302,-0.09991817025798394,-1.5,-1.515856280581761,0.0,0.00171831832267344
48.80827764800051,12.87995794059911,12.673512458813324,0.6529362251827943,-0.09993862806601699,-1.5,-1.5203031498154278,0.0,0.0014233689289540052
48.872772067999904,12.847176339847442,12.667066037917875,0.6624335730811681,-0.09995397142204177,-1.5,-1.5244205503071349,0.0,0.0009289818117395043
48.90602619499987,12.813023084282678,12.663740079041155,0.668856414248753,-0.09996547893906035,-1.5,-1.5282944034254808,0.0,0.0005236448487266898
48.95750123199832,12.778731282023747,12.658605443417027,0.6734815710155864,-0.09997410957682429,-1.5,-1.532265014754403,0.0,0.0002007932198466733
49.00653658599913,12.744270856974907,12.653700170876133,0.6757481006178463,-0.09998058255514725,-1.5,-1.5362491043339879,0.0,6.55071489745751e-05
49.032828659997904,12.709539782163253,12.651080022367887,0.6759167162201561,-0.09998543728888946,-1.5,-1.5400756759934158,0.0,-0.0002164660836569965
49.124031924999144,12.675125103158615,12.641951161483044,0.6728261987609123,-0.09998907833919612,-1.5,-1.5435512383553662,0.0,-0.00039688596734777093
49.157700715997635,12.64120181349065,12.638580842585869,0.666452585825773,-0.09999180912692612,-1.5,-1.5469901214790327,0.0,-0.00046756447409279644
49.21376754299854,12.607825849585529,12.63297169867729,0.6557787171193392,-0.09999385721772362,-1.5,-1.5502778459142794,0.0,-0.0005360908107832074
49.24154635599916,12.574894220118562,12.630220498862066,0.6396945039914709,-0.09999539328582174,-1.5,-1.553223927005499,0.0,-0.0006811100174672902
49.29097338399879,12.543122594417449,12.625273889551883,0.6204380207181773,-0.09999654533689534,-1.5,-1.5556312331285578,0.0,-0.0007501594373025
49.34012042700124,12.512572640737307,12.62033889586611,0.5990882830080286,-0.09999740937520053,-1.5,-1.5579221538752124,0.0,-0.0006176492315717041
49.392335115000606,12.483011352503782,12.615119156263118,0.5761874065444815,-0.09999805740392943,-1.5,-1.560046312808182,0.0,-0.0006772635970264673
49.440401858999394,12.45394707358053,12.61030803478287,0.5516769043090137,-0.09999854342547611,-1.5,-1.5618350507144418,0.0,-0.000595730496570468
49.493088457998965,12.426357251364518,12.605045455115572,0.5270247140287386,-0.09999890794163611,-1.5,-1.5632179854126624,0.0,-0.000573213561438024
49.547138714999164,12.400230924994782,12.599639358092968,0.5019543560251178,-0.09999918132875611,-1.5,-1.5644894026305443,0.0,-0.00039224326610565186
49.606807485997706,12.37526346483417,12.59367447179061,0.4764765095714145,-0.09999938636909611,-1.5,-1.5656468688803309,0.0,-0.00020375489839352667
49.658057460001146,12.350922824300962,12.588543417619485,0.4508027475608284,-0.09999954014935111,-1.5,-1.5665764525023484,0.0,-0.00019025022629648447
49.71405066999796,12.328131115869041,12.582944915674652,0.4254710293592856,-0.09999965548454237,-1.5,-1.5672626162867715,0.0,-1.7912680050358176e-05
49.74165530800019,12.306862128400057,12.580185942995845,0.3999820262383553,-0.09999974198593581,-1.5,-1.5679082095990093,0.0,1.6055537344072945e-05
49.791552452999895,12.286778412623729,12.575196519343763,0.37423293006308145,-0.09999980686198089,-1.5,-1.5684406449610246,0.0,0.00027844900614582
49.84088081599839,12.267320164883543,12.570260427423058,0.34838618430721235,-0.09999985551901469,-1.5,-1.5688917016621735,0.0,0.00045574468094855547
49.89217005200044,12.249543684448472,12.565136817691066,0.3220163382491539,-0.09999989201179005,-1.5,-1.5691764573763856,0.0,0.0006050870288163424
49.94700850400113,12.233456895064478,12.559646471394045,0.2941651138977639,-0.09999991938137157,-1.5,-1.569350713746978,0.0,0.0006511121755465865
50.007033058998786,12.218744656156279,12.553648364227216,0.26569326444836716,-0.09999993990855771,-1.5,-1.5694235740740767,0.0,0.0006369355833157897
50.05738769099844,12.204854965755478,12.54861215546441,0.23719804319716897,-0.09999995530394731,-1.5,-1.5693672290765681,0.0,0.0006252384046092629
50.11278259399842,12.192678593849116,12.543099895901012,0.2094210549699691,-0.09999996685048951,-1.5,-1.569040963688797,0.0,0.0007756892591714859
50.14368457299861,12.182289224289017,12.539985530132336,0.18214150884195157,-0.09999997551039616,-1.5,-1.5685749918780396,0.0,0.0012379685649648309
50.20643119599845,12.173021303370481,12.53371469347694,0.1554349719028958,-0.09999998200532614,-1.5,-1.5679851488409555,0.0,0.0013823517365381122
50.23895245300082,12.16444341166324,12.530449313046097,0.12908257070096352,-0.09999998687652364,-1.5,-1.567210489196403,0.0,0.0014199011493474245
50.301253564000945,12.1574803230361,12.524225182051358,0.10357643168613728,-0.09999999052992176,-1.5,-1.5662223355120253,0.0,0.0015640908386558294
50.363577287000226,12.152069854082635,12.51799025052517,0.07823826981518822,-0.09999999326997035,-1.5,-1.565233677330276,0.0,0.0016335268737748265
50.394102271999145,12.147850001882317,12.514942832073276,0.053317529719344,-0.0999999953250068,-1.5,-1.5642594014781648,0.0,0.0017118718242272735
50.45585826399838,12.144240511567693,12.50876631287291,0.029123815970104494,-0.09999999686628412,-1.5,-1.5632469246653777,0.0,0.001830445951782167
50.51953299999877,12.14210055816484,12.50239903489978,0.006123171064025046,-0.09999999802224212,-1.5,-1.562080345405968,0.0,0.0020011321175843477
50.55073294799877,12.141003877667552,12.49927930398503,-0.016017209457817816,-0.09999999888921061,-1.5,-1.5609115183773778,0.0,0.0018966174684464931
50.61380219399871,12.14103669615359,12.492973776326998,-0.03707220154941149,-0.09999999953943699,-1.5,-1.5597028389585055,0.0,0.001962559763342142
50.64430398699915,12.14180168313727,12.48992135094165,-0.057192268523110434,-0.10000000002710677,-1.5,-1.5584292217865943,0.0,0.0019342555897310376
50.70781468899804,12.144000928243019,12.48356883092768,-0.07635369453776053,-0.10000000039285911,-1.5,-1.556999355184058,0.0,0.002013786695897579
50.769648826000775,12.147161728125036,12.477394028106332,-0.09424294231125041,-0.10000000066717336,-1.5,-1.55553954728013,0.0,0.0019676482770591974
50.800472179998906,12.150805001626829,12.4743054345964,-0.11049988843676939,-0.10000000087290906,-1.5,-1.5540363424929287,0.0,0.0019157826900482178
50.864511279,12.154942804215105,12.467921848600957,-0.12510955613681518,-0.10000000102721082,-1.5,-1.552435634876745,0.0,0.0019674745853990316
50.8946712049983,12.159823761629111,12.464884825021935,-0.13856804288905744,-0.10000000114293714,-1.5,-1.5508327185524036,0.0,0.0018148582894355059
50.95770101499875,12.165787845622376,12.458584304047545,-0.1511653688025213,-0.10000000122973188,-1.5,-1.5492663886971214,0.0,0.0018279252108186483
50.99043550100032,12.172036297293202,12.455314393192827,-0.1623658693833282,-0.10000000129482794,-1.5,-1.547702601341858,0.0,0.0018647651886567473
51.053186794000794,12.17853994785513,12.449049587314889,-0.17205237964570175,-0.10000000134364999,-1.5,-1.5461025546662697,0.0,0.001760844956152141
51.11540865499774,12.18571867659213,12.442823429086861,-0.1800281473342128,-0.10000000138026652,-1.5,-1.5445208459156299,0.0,0.001809578505344689
51.146613040000375,12.193468591183635,12.439700479442678,-0.18698745840265263,-0.10000000140772891,-1.5,-1.5430164413251828,0.0,0.0017380916979163885
51.20949233200008,12.201274552918795,12.433401079023112,-0.19279572990839688,-0.10000000142832571,-1.5,-1.5415981072209706,0.0,0.0015457147965207696
51.24119645099927,12.209162512426902,12.430227131642997,-0.19818236854546056,-0.10000000144377331,-1.5,-1.5401417744305492,0.0,0.0015480277361348271
51.30535667699951,12.21750000260401,12.423819465343383,-0.20242456101681017,-0.10000000145535902,-1.5,-1.5386128397425423,0.0,0.0015337129589170218
51.3670169979996,12.22619247472685,12.41765412769056,-0.2052283276389293,-0.10000000146404829,-1.5,-1.5371418129798085,0.0,0.0015411999775096774
51.39834089600117,12.234685807536797,12.414526695775061,-0.20697243824728506,-0.10000000147056524,-1.5,-1.5357103412511393,0.0,0.0014708859380334616
51.45906882700001,12.243004188419768,12.40844988294126,-0.2072137806701232,-0.10000000147545296,-1.5,-1.5342884345012502,0.0,0.0014247120125219226
51.52073169399955,12.25157830054695,12.402276582106847,-0.2071446984628469,-0.10000000147911875,-1.5,-1.5328724026503775,0.0,0.0013979850336909294
51.55230390699944,12.260315054582799,12.399121279058686,-0.206515879364649,-0.10000000148186809,-1.5,-1.5314227540300636,0.0,0.0012272315798327327
51.61390685299921,12.26871105437476,12.392959207739219,-0.2046235557494419,-0.1000000014839301,-1.5,-1.5300632042011117,0.0,0.0012293533654883504
51.64543665800011,12.276807016683083,12.38981234470877,-0.202459650151517,-0.10000000148547661,-1.5,-1.5287480660496322,0.0,0.0010860450565814972
51.709053205999226,12.284974611761289,12.383453268114295,-0.19945290086475898,-0.10000000148663649,-1.5,-1.5274570578992277,0.0,0.0010228611063212156
51.76847923300011,12.29313245342174,12.377501863454233,-0.19518058001249883,-0.1000000014875064,-1.5,-1.5262139676646744,0.0,0.0008908255840651691
51.80112041299799,12.30079348843171,12.374241775438799,-0.1900984516251939,-0.10000000148815882,-1.5,-1.525058546212175,0.0,0.0008159118006005883
51.86453155900017,12.30798153394596,12.367907565902366,-0.18375259093005447,-0.10000000148864815,-1.5,-1.5238767058683855,0.0,0.0006602329085581005
51.89511338000011,12.31509524734546,12.364842575813087,-0.17743936201444255,-0.10000000148901514,-1.5,-1.522752378569589,0.0,0.0006829542107880116
51.9572487919977,12.322060227209167,12.358654087714331,-0.17084397518091432,-0.10000000148929039,-1.5,-1.5217154971038855,0.0,0.0006111559341661632
52.02061404000051,12.328473831333529,12.352318066196617,-0.16333772021074933,-0.10000000148949682,-1.5,-1.520757239454385,0.0,0.0005217805737629533
52.05179780199978,12.3343280018518,12.349176829844586,-0.15513648115470646,-0.10000000148965164,-1.5,-1.519774644144273,0.0,0.00032187713077291846
52.10740078600065,12.339947467941862,12.343621319240887,-0.14589023321267247,-0.10000000148976776,-1.5,-1.518905306429032,0.0,0.0003278700460214168
52.15889720599807,12.345322061279337,12.33851394020514,-0.1371090974953213,-0.10000000148985486,-1.5,-1.5181737901427763,0.0,0.0003019803552888334
52.20832638099819,12.349956436495246,12.333539455687358,-0.12810432904504343,-0.10000000148992017,-1.5,-1.5175271925554998,0.0,8.163219899870455e-05
52.272516250999615,12.354069571089516,12.327093070207702,-0.1187760426455925,-0.10000000148996915,-1.5,-1.5169510429703998,0.0,6.690974259981886e-05
52.297745846997714,12.35790910875857,12.3245819264859,-0.1091339325769658,-0.1000000014900059,-1.5,-1.516371204417568,0.0,-9.902835881803185e-05
52.35764714299876,12.36144992008527,12.318587415745945,-0.09956921730133528,-0.10000000149003346,-1.5,-1.5158274799482094,0.0,-0.00047424566582776606
52.409493647999625,12.364360845655652,12.313414471599957,-0.09018163744838859,-0.10000000149005413,-1.5,-1.5154472571959523,0.0,-0.00026227557100355625
52.443123379998724,12.366627783882251,12.310030310554048,-0.08024282563874063,-0.10000000149006963,-1.5,-1.5150344335866635,0.0,-0.000346436514519155
52.498278195998864,12.368538343513421,12.304524391015523,-0.06921313846740595,-0.10000000149008126,-1.5,-1.514619681868938,0.0,-0.0005316617316566408
52.55736587199863,12.370069490067953,12.298612539998171,-0.05842273290886635,-0.10000000149008997,-1.5,-1.5143118091303658,0.0,-0.0004256715765222907
52.60951829599799,12.370787183210497,12.293402259502137,-0.04751859287125093,-0.10000000149009651,-1.5,-1.5141030141249154,0.0,-0.0004402140330057591
52.658838168998045,12.370781145433767,12.288465707380848,-0.03670794792596199,-0.10000000149010141,-1.5,-1.5138729183976993,0.0,-0.00048787350533530116
52.709039377998124,12.370438452234922,12.283443300727944,-0.025795499562436652,-0.10000000149010509,-1.5,-1.5136852483037795,0.0,-0.00036940936115570366
52.758635406000394,12.369767346978891,12.278494470049647,-0.015658643953627704,-0.10000000149010785,-1.5,-1.5135237727280733,0.0,-0.0004329074581619352
52.80917367700022,12.368326194292756,12.273439519260211,-0.0062560211692676004,-0.10000000149010992,-1.5,-1.5133841882208383,0.0,-0.0005693590501323342
52.86528446699958,12.36621732244606,12.267824785480562,0.004482670171256142,-0.10000000149011147,-1.5,-1.5132354304845346,0.0,-0.0006055267876945436
52.892207486998814,12.363841880912052,12.265129821031529,0.014192776761504655,-0.10000000149011264,-1.5,-1.5131085599257195,0.0,-0.0005087408353574574
52.94253108399789,12.361183748781018,12.260108010425082,0.023581290384582343,-0.10000000149011351,-1.5,-1.5130688408495383,0.0,-0.0006521429750137031
53.00646400500045,12.358190352776905,12.253705064811177,0.0329180913563879,-0.10000000149011416,-1.5,-1.5131801122421467,0.0,-0.0005924800643697381
53.03268878000017,12.354456735292256,12.251075903890957,0.041387795442492936,-0.10000000149011465,-1.5,-1.51323764261253,0.0,-0.0007936511537991464
53.12606848699943,12.350469815039494,12.241746703960986,0.05035845350543622,-0.10000000149011501,-1.5,-1.5131487231560068,0.0,-0.0008460180833935738
53.158744246000424,12.346217717544462,12.238497964670023,0.058752842419724394,-0.10000000149011529,-1.5,-1.5132232328924282,0.0,-0.0008241183822974563
53.209064898997894,12.341506385802061,12.233461848948616,0.06713175230907653,-0.1000000014901155,-1.5,-1.5134089869048517,0.0,-0.0008990453789010644
53.275110655999015,12.33602825587322,12.226887075062193,0.07554661170049642,-0.10000000149011565,-1.5,-1.5136451334451335,0.0,-0.0009726088028401136
53.30135252499895,12.330310848722242,12.224251405314666,0.0839586056713082,-0.10000000149011576,-1.5,-1.513787255450356,0.0,-0.0009881247533485293
53.35871997399954,12.324347318546588,12.218486706246527,0.09234800375579089,-0.10000000149011584,-1.5,-1.514137403555266,0.0,-0.0009927268838509917
53.40886593200048,12.317935931313423,12.21347493306241,0.09997549792904908,-0.10000000149011591,-1.5,-1.514668384523766,0.0,-0.0008831594604998827
53.44348916099989,12.31070741257,12.209994236332381,0.10721626567933079,-0.10000000149011597,-1.5,-1.5152291788038372,0.0,-0.0008988225017674267
53.506619050000154,12.303370427520196,12.203690711267443,0.11417705284263518,-0.10000000149011601,-1.5,-1.515705646021283,0.0,-0.0009412392973899841
53.55863822600077,12.295929584175331,12.19849344842602,0.12024194521922715,-0.10000000149011604,-1.5,-1.5163326233183034,0.0,-0.0009235649486072361
53.61039412199898,12.288209803581415,12.193322077842675,0.12547357675991944,-0.10000000149011606,-1.5,-1.5170071609494582,0.0,-0.0010533324675634503
53.67304785899978,12.279890261080062,12.187044683454396,0.13004128176045876,-0.10000000149011608,-1.5,-1.5176978481129746,0.0,-0.0011445468990132213
53.69680514399806,12.271582916429088,12.184670630417616,0.13429853907539835,-0.10000000149011609,-1.5,-1.518296188008795,0.0,-0.0010059364140033722
53.75910486999783,12.263279312812486,12.178440156806403,0.1380923097347011,-0.10000000149011609,-1.5,-1.51906894687295,0.0,-0.0009762790868990123
53.80910736900114,12.254751634515294,12.173436251435513,0.1413508125347172,-0.10000000149011609,-1.5,-1.5199899062442914,0.0,-0.0008408493595197797
53.85870830500062,12.245607328201842,12.168482080180965,0.14422065387838845,-0.10000000149011609,-1.5,-1.520937360547115,0.0,-0.0008707182132638991
53.90934685200045,12.23658711688795,12.163412323597546,0.14679182656272943,-0.10000000149011609,-1.5,-1.521792930721938,0.0,-0.0007489629788324237
53.97352831399985,12.227681075408581,12.157016149071389,0.1487163851770994,-0.10000000149011609,-1.5,-1.5226855799036498,0.0,-0.0008535888628102839
53.99938987099813,12.21868121095425,12.154430523384361,0.15020427132769965,-0.10000000149011609,-1.5,-1.523581941633898,0.0,-0.0007671503117308021
54.05789753299905,12.20922786944616,12.148561921497901,0.1513527614232842,-0.10000000149011609,-1.5,-1.5245121328321507,0.0,-0.0006504495395347476
54.0887816329996,12.19996621455721,12.14546529326267,0.15242055373158692,-0.10000000149011609,-1.5,-1.5252778445200406,0.0,-0.0008488974999636412
54.150047399998584,12.190889651875889,12.13934804463636,0.1529877910465149,-0.10000000149011609,-1.5,-1.5261132106086517,0.0,-0.000852820579893887
54.211579892999,12.181819923131057,12.133192839771691,0.15293671758343738,-0.10000000149011609,-1.5,-1.5269116046950897,0.0,-0.0009631734574213624
54.2438592139988,12.172433751684483,12.129958977800285,0.15244341444221668,-0.10000000149011609,-1.5,-1.527617678350963,0.0,-0.0008042930858209729
54.30467586799932,12.163444429015668,12.123882856379483,0.1519323799096864,-0.10000000149011609,-1.5,-1.5280800021409329,0.0,-0.0009123155614361167
54.36872498599769,12.154565738710993,12.117481460486365,0.1507927552600535,-0.10000000149011609,-1.5,-1.5286130905473219,0.0,-0.0007950765429995954
54.39838665299976,12.145727189402423,12.11451932417361,0.1494384690585894,-0.10000000149011609,-1.5,-1.5291908493489386,0.0,-0.0006997626624070108
54.46155417399859,12.136571692771733,12.108204355016705,0.14786845201433954,-0.10000000149011609,-1.5,-1.5297379685249397,0.0,-0.0007591932080686092
54.49203195500013,12.12771512377541,12.105139841764558,0.1464413083492367,-0.10000000149011609,-1.5,-1.5302212051704513,0.0,-0.0007078855996951461
54.55456367700026,12.11913422401049,12.098896040554575,0.14478110820679027,-0.10000000149011609,-1.5,-1.5307438314526676,0.0,-0.0005674786516465247
54.58646243399926,12.110591669869272,12.095700039454094,0.14285111811576276,-0.10000000149011609,-1.5,-1.531315597499435,0.0,-0.00047940516378730536
54.647126694999315,12.101670484047327,12.089656223751241,0.14068961050080997,-0.10000000149011609,-1.5,-1.5318229871111178,0.0,-0.00031177455093711615
54.709364064998226,12.092980607915607,12.08340991914614,0.13851357268792475,-0.10000000149011609,-1.5,-1.5322689185120766,0.0,-0.00041603518184274435
54.770777457000804,12.084748865227501,12.077281274111579,0.13628035605590746,-0.10000000149011609,-1.5,-1.53272274489057,0.0,-0.0002762319054454565
54.801953325000795,12.076614592812717,12.07416345046435,0.1334587857150602,-0.10000000149011609,-1.5,-1.5331712868039742,0.0,-8.987006731331348e-05
54.86521919599909,12.068158694942852,12.067856873641555,0.13052786754848572,-0.10000000149011609,-1.5,-1.533579216721991,0.0,4.018368781544268e-05
54.894777027999226,12.059463182656936,12.064883078660108,0.12749706238033962,-0.10000000149011609,-1.5,-1.5339427813461881,0.0,0.000254087004577741
54.95728033699925,12.051794297165436,12.058620847693685,0.12528008163782828,-0.10000000149011609,-1.5,-1.5342283707813984,0.0,0.0003954641870222986
55.01938669299852,12.044091857908574,12.052412022489777,0.12230491099354263,-0.10000000149011609,-1.5,-1.534567714833176,0.0,0.0005462929257191718
55.05061384600049,12.036297889640679,12.049295438619179,0.11905324576308167,-0.10000000149011609,-1.5,-1.5348358079665414,0.0,0.0005839155055582523
55.11319631199876,12.029565199957887,12.04303068041578,0.11644167775111688,-0.10000000149011609,-1.5,-1.5349443259125743,0.0,0.0007270063506439328
55.145685282997874,12.02258100636193,12.039783562371179,0.11248184550224899,-0.10000000149011609,-1.5,-1.5351400159396593,0.0,0.0008196604903787374
55.2079183249989,12.015714941366506,12.033557094192155,0.10886981185636344,-0.10000000149011609,-1.5,-1.5352304702044384,0.0,0.0008424604311585426
55.26888924100058,12.00852809569963,12.027534831529174,0.10532731758326999,-0.10000000149011609,-1.5,-1.5353123269115954,0.0,0.0008597773849032819
55.29947515499953,12.001747948199068,12.024416960198229,0.10222986371767037,-0.10000000149011609,-1.5,-1.5352236390589418,0.0,0.0008582959417253733
55.36089481700037,11.995343474924395,12.018262232170725,0.0989916188782548,-0.10000000149011609,-1.5,-1.5351377077437125,0.0,0.0009407529141753912
55.39307416099837,11.989084248805828,12.015030659017713,0.09570838748661673,-0.10000000149011609,-1.5,-1.5350446103587831,0.0,0.0009032646776176989
55.45511367200015,11.982583856415625,12.008841145719,0.09260280351881822,-0.10000000149011609,-1.5,-1.5348800936995273,0.0,0.0006846894975751638
55.51702252799805,11.976472078878318,12.00265351592709,0.0897557090185089,-0.10000000149011609,-1.5,-1.5346190658364445,0.0,0.0007505977409891784
55.547415640998224,11.970715027918626,11.999608052319697,0.08675135873000558,-0.10000000149011609,-1.5,-1.5344282011090409,0.0,0.0007199257961474359
55.61134051599947,11.965103820388086,11.993222558946043,0.08366041657690408,-0.10000000149011609,-1.5,-1.5343166308267229,0.0,0.0007723395829088986
55.674684695000906,11.95926795785359,11.986895931120445,0.08041499425091753,-0.10000000149011609,-1.5,-1.5342285931234558,0.0,0.0008748125401325524
55.704753784000786,11.953803246650363,11.98387566835724,0.07765221965149743,-0.10000000149011609,-1.5,-1.5341403875741144,0.0,0.0009645551326684654
55.76802390299781,11.94868251837454,11.977547610020146,0.0748466510415926,-0.10000000149011609,-1.5,-1.5340393648547666,0.0,0.001116473227739334
55.79893824199826,11.943662570922971,11.974476921726708,0.07181642680555883,-0.10000000149011609,-1.5,-1.5339500846160783,0.0,0.0010560378432273865
55.861091455997666,11.93831605186381,11.968251407222015,0.06899395645123502,-0.10000000149011609,-1.5,-1.533865304134185,0.0,0.001053362269885838
55.92266397300045,11.93333031134078,11.962089025958008,0.06671629190552686,-0.10000000149011609,-1.5,-1.5336938335654615,0.0,0.0013236335944384336
55.954842693998216,11.928663245953818,11.958873140747734,0.06442062550376502,-0.10000000149011609,-1.5,-1.5335663601852336,0.0,0.0012959148734807968
56.01732584400088,11.924080244576118,11.952622997603452,0.06215221544316154,-0.10000000149011609,-1.5,-1.533436946161161,0.0,0.001287093386054039
56.04837394199785,11.91917948019029,11.94951690415049,0.05973270752602686,-0.10000000149011609,-1.5,-1.5332861461984237,0.0,0.001330327708274126
56.11001022699929,11.914619193085027,11.943347942533602,0.05783166855706956,-0.10000000149011609,-1.5,-1.5330680809985242,0.0,0.0013286727480590343
56.16013412200118,11.910360599603477,11.938335644828603,0.05593847424584574,-0.10000000149011609,-1.5,-1.5329186636199081,0.0,0.0013782139867544174
56.21628039999996,11.906197694741437,11.932728635811031,0.05404905661330491,-0.10000000149011609,-1.5,-1.53278071815747,0.0,0.0014017089270055294
56.24428886899841,11.901788619979657,11.929921948414167,0.05227685246215201,-0.10000000149011609,-1.5,-1.5326361656437544,0.0,0.001340641058050096
56.30940190399997,11.897690778584188,11.92342954814805,0.05065450158449242,-0.10000000149011609,-1.5,-1.5323696135473948,0.0,0.0014503240818157792
56.3602527869989,11.893865742889684,11.918327891158272,0.048991800211387895,-0.10000000149011609,-1.5,-1.5321879014079123,0.0,0.0014674939448013902
56.42574372799936,11.89016097151057,11.911774861046586,0.04754153773108534,-0.10000000149011609,-1.5,-1.5319737761364423,0.0,0.0013929582200944424
56.45100516099774,11.886146287613904,11.909248339326199,0.04592569401021067,-0.10000000149011609,-1.5,-1.5318105633720709,0.0,0.001455248799175024
56.50856617399768,11.882408106522037,11.903495084350027,0.04468472515231372,-0.10000000149011609,-1.5,-1.5314742462152253,0.0,0.0013665508013218641
56.56062540499988,11.878902752374438,11.898290239797676,0.043520221137561266,-0.10000000149011609,-1.5,-1.5312410003279384,0.0,0.001377022243104875
56.61655286399764,11.875396485620174,11.892692886732702,0.042604907950675355,-0.10000000149011609,-1.5,-1.5310609782305316,0.0,0.0014461795799434185
56.64416719599831,11.871518129168424,11.88993221412229,0.04197761868647984,-0.10000000149011609,-1.5,-1.5308895765652828,0.0,0.0011787137482315302
56.69478737800091,11.867883615673287,11.88488362910901,0.041561746709920064,-0.10000000149011609,-1.5,-1.5306844265436965,0.0,0.0015111557440832257
56.76338324099925,11.864455213660387,11.878010998887277,0.041077332482067574,-0.10000000149011609,-1.5,-1.530499553477522,0.0,0.0014891434693709016
56.79446108499906,11.860667018139258,11.87490552532263,0.040558275007815586,-0.10000000149011609,-1.5,-1.5302564656078643,0.0,0.0013047894462943077
56.850214588997915,11.856990157303697,11.869334279092456,0.04053675483476181,-0.10000000149011609,-1.5,-1.529975785732561,0.0,0.001311319530941546
56.909673046000535,11.853531472139245,11.863377176228115,0.040167717066295544,-0.10000000149011609,-1.5,-1.5296060593001508,0.0,0.0011837593046948314
56.960291243998654,11.850120299844107,11.858321843968946,0.03949207096426108,-0.10000000149011609,-1.5,-1.5292961733572132,0.0,0.0011660447344183922
57.00941401700038,11.846631456879045,11.853422199044251,0.03983521995272135,-0.10000000149011609,-1.5,-1.5289398359872504,0.0,0.000973357236944139
57.06119251400014,11.842972638484811,11.848235665039049,0.039812728637698885,-0.10000000149011609,-1.5,-1.528583240664442,0.0,0.0009747514850459993
57.116746976000286,11.839503533880748,11.842680917374794,0.04004202017435743,-0.10000000149011609,-1.5,-1.5281885528895596,0.0,0.0009221563814207911
57.14408573399851,11.836274313824939,11.8399491410966,0.04065489091218144,-0.10000000149011609,-1.5,-1.527807807965321,0.0,0.001051833387464285
57.211087798001245,11.832820009499589,11.83324483439422,0.040540713636133124,-0.10000000149011609,-1.5,-1.5275074445747554,0.0,0.0007184829446487129
57.2615703219999,11.829234090036254,11.828194985762453,0.040871162800189154,-0.10000000149011609,-1.5,-1.5271828890348362,0.0,0.0004870410484727472
57.3168850760012,11.825784735502259,11.822661457352055,0.041668006262051804,-0.10000000149011609,-1.5,-1.5268633700778116,0.0,0.0002877809456549585
57.34385226900122,11.822445529813917,11.81996954466088,0.04253374675949734,-0.10000000149011609,-1.5,-1.526648119015051,0.0,0.00018964269838761538
57.39596638199873,11.818836717106208,11.814755473309381,0.043276682052892396,-0.10000000149011609,-1.5,-1.5264480251438175,0.0,4.638812242774293e-06
57.444861750998825,11.814985798282263,11.80987020502522,0.04434235445728954,-0.10000000149011609,-1.5,-1.5262326896909546,0.0,-2.4725828552618623e-05
57.49995896999826,11.81125270066827,11.804358038919828,0.045831699398857034,-0.10000000149011609,-1.5,-1.5259774891147282,0.0,-0.0001668898476054892
57.56027778399948,11.80762014304042,11.798322305606927,0.047119245325722287,-0.10000000149011609,-1.5,-1.5257680251478845,0.0,-0.00030503649031743407
57.611528253997676,11.803726451151014,11.793197092861183,0.04821216627319999,-0.10000000149011609,-1.5,-1.5255722837778243,0.0,-0.00036948249908164144
57.667164028000116,11.799615781991832,11.787636360890504,0.04937963451817001,-0.10000000149011609,-1.5,-1.525307084273319,0.0,-0.0004682651488110423
57.69402528199862,11.795638388662812,11.784953031268305,0.05058978721724927,-0.10000000149011609,-1.5,-1.5250073530083903,0.0,-0.0004918686463497579
57.7594924469995,11.791762472226086,11.778399691212462,0.05173016727582935,-0.10000000149011609,-1.5,-1.524682778172335,0.0,-0.0006337811355479062
57.811605119997694,11.787738710740825,11.773190125972175,0.05285757617366704,-0.10000000149011609,-1.5,-1.5243801640957888,0.0,-0.0006204736419022083
57.861438149000605,11.783125616561449,11.768204817250732,0.05422340613594878,-0.10000000149011609,-1.5,-1.5240767629183405,0.0,-0.0005997685366310179
57.89583131999825,11.778662065632593,11.76476720275859,0.05595643685260482,-0.10000000149011609,-1.5,-1.5236739513588464,0.0,-0.000596225552726537
57.96053047999885,11.77432143792848,11.75507191097456,0.05736688071692675,-0.1500000040978193,-1.5,-1.5233376172172342,0.0,-0.0006550826947204769
58.01067592400068,11.769905494308498,11.745659905126978,0.05862122861134372,-0.1875000060535967,-1.5,-1.5230566694158776,0.0,-0.0007255160016939044
58.0758931929995,11.765061047849985,11.73160308868465,0.059868458343892095,-0.21562500752042976,-1.5,-1.5227785500846347,0.0,-0.0008223731420002878
58.107325707998825,11.760351373879162,11.724151333977384,0.06144013731529646,-0.23671875862055455,-1.5,-1.522568218287391,0.0,-0.0006994695868343115
58.16910548400119,11.755686409884472,11.708558327072002,0.06348007076253598,-0.2525390719456482,-1.5,-1.5224542721317749,0.0,-0.0007911360589787364
58.20056706399919,11.75073822662111,11.700251565250724,0.0669749482401033,-0.26440430693946837,-1.5,-1.5225076097804733,0.0,-0.0008041852852329612
58.262899212000775,11.744945869588902,11.683195134834984,0.07263793327888723,-0.2733032331848335,-1.5,-1.5227034084649806,0.0,-0.0009192025754600763
58.32618459099831,11.73890395733134,11.665556433521882,0.0815002129223587,-0.2799774278688574,-1.5,-1.5229699972171808,0.0,-0.0008789928979240358
58.35731652699906,11.732458159998853,11.65667924947208,0.09233259570892621,-0.28498307388187527,-1.5,-1.5234772889843615,0.0,-0.0009355305228382349
58.41962064099789,11.72532913828977,11.638616508335614,0.10536095757636565,-0.2887373083916387,-1.5,-1.5242417785192277,0.0,-0.0010146824643015862
58.45109072699779,11.717235279467149,11.628667849955683,0.11922231413093004,-0.31655298278384514,-1.5,-1.5251829009347222,0.0,-0.0010600475361570716
58.51322353299838,11.708464565899384,11.606148266625816,0.13396284055610697,-0.36241473708788385,-1.5,-1.5261486949083474,0.0,-0.0010645230067893863
58.54492867999943,11.699027297729497,11.59354063700922,0.15077039434118894,-0.3968110528159129,-1.5,-1.52730680109702,0.0,-0.0011303791543468833
58.60685035899951,11.688675493894173,11.56738918581441,0.16813299389720499,-0.42260828961193464,-1.5,-1.5287068989712087,0.0,-0.0010381299071013927
58.67073153999809,11.677000550567032,11.539340171416855,0.18657589700562072,-0.44195621720895095,-1.5,-1.530210364668555,0.0,-0.001103847986087203
58.701986413998384,11.66452847989051,11.524892955412515,0.20614914304050908,-0.4564671629067132,-1.5,-1.5317362834637682,0.0,-0.0008904346614144742
58.76493188799941,11.65116694390866,11.49547886940481,0.2274311764315447,-0.4673503721800349,-1.5,-1.5334668813263268,0.0,-0.001060483860783279
58.7952345119993,11.636671860064654,11.481080628728186,0.24898676802267872,-0.47551277913502615,-1.5,-1.5353506061290485,0.0,-0.0010622962145134807
58.85709394500009,11.620547201733144,11.451255094201725,0.27223910276381164,-0.4816345843512696,-1.5,-1.5374615582944484,0.0,-0.0010606502182781696
58.919580021,11.603032659681212,11.420926022364274,0.29821950851976425,-0.4862259382634522,-1.5,-1.5396398826691968,0.0,-0.0011583552695810795
58.951659887999995,11.584528318070976,11.405195509778475,0.32657842282607624,-0.48966945369758913,-1.5,-1.54204027494037,0.0,-0.0011208984069526196
59.01362889599841,11.564549832808682,11.374691940942524,0.35582893756331824,-0.49225209027319183,-1.5,-1.5446378184372214,0.0,-0.0010375973070040345
59.045122596999136,11.541721362368316,11.359063313476168,0.3836052807978695,-0.4941890677048939,-1.5,-1.5474979123977857,0.0,-0.0008473037742078304
59.104873929998575,11.51869954962967,11.32948117298327,0.41359958895963406,-0.4956418007786704,-1.5,-1.550277028839779,0.0,-0.00054669298697263
59.16874722799912,11.494484270502408,11.297803165893592,0.44164901045365873,-0.4967313505840028,-1.5,-1.553172224754445,0.0,-0.00047167084994725883
59.200328491999244,11.468939374900032,11.282041012957581,0.46877303008632937,-0.4975485129380021,-1.5,-1.5561542302349105,0.0,-0.0003601571370381862
59.26211443699867,11.442734199906264,11.251281717634564,0.4950245079665513,-0.4981613847035016,-1.5,-1.5590049060574533,0.0,-0.00022423143673222512
59.325720074000856,11.414784671746133,11.219633107968,0.5172043019249555,-0.4986210385276262,-1.5,-1.5618675632854393,0.0,3.0502846129820682e-05
59.35748955099916,11.385946368733377,11.20372434345166,0.538893769600922,-0.49896577889571964,-1.5,-1.56467514268108,0.0,0.00021725089754909277
59.41833374699854,11.35610701439603,11.173350160867301,0.5596115356015208,-0.49922433417178974,-1.5,-1.5675414897437736,0.0,0.00034732877975329757
59.44916538100006,11.325030277409326,11.157929924149197,0.5779332150462749,-0.4994182506288423,-1.5,-1.570366522826828,0.0,0.0005456542130559683
59.51113423900097,11.293334249781966,11.12693992533811,0.595041480840232,-0.49956368797163175,-1.5,-1.5730124453192176,0.0,0.000629557587672025
59.574277363000874,11.26104868864497,11.095563488607445,0.6110794392175052,-0.4996727659787238,-1.5,-1.5756146150947132,0.0,0.0007681195274926722
59.60483022399785,11.22803599878514,11.080231285960705,0.6253960098998435,-0.4997545744840428,-1.5,-1.57819369520144,0.0,0.0006624612724408507
59.66714007799965,11.194025925779856,11.04910325661132,0.6379762289045927,-0.4998159308630321,-1.5,-1.5806730692535966,0.0,0.0006666119443252683
59.698871393000445,11.159784662777877,11.03315507405205,0.6480193853738425,-0.4998619481472741,-1.5,-1.5829214231886084,0.0,0.0009010147186927497
59.762734902000375,11.125339469117108,11.001236960374257,0.6563126965698295,-0.49989646111045555,-1.5,-1.5851277059607622,0.0,0.0007973170140758157
59.82474734999778,11.090561336823061,10.970223282245444,0.6633246906799898,-0.4999223458328417,-1.5,-1.5872373408023737,0.0,0.0007585087441839278
59.85649917599949,11.055154267215377,10.954334177318877,0.6686553709092103,-0.49994175937463126,-1.5,-1.5892204011623414,0.0,0.0007261814316734672
59.91903714699947,11.019814855380393,10.923065451550634,0.6728486848312772,-0.4999563195309734,-1.5,-1.5909604770710326,0.0,0.0008408080320805311
59.951098908997665,10.984591371062706,10.907073142741906,0.6747493734009568,-0.4999672396482301,-1.5,-1.5927098745751913,0.0,0.0007617739611305296
60.01490935900074,10.949362171346966,10.875198741164361,0.6755174998138455,-0.4999754297361726,-1.5,-1.594396883626351,0.0,0.0007293993839994073
60.045582706999994,10.913883769749233,10.859808793060441,0.675399595607985,-0.4999815723021295,-1.5,-1.5960284675236314,0.0,0.0007952639134600759
60.10795177199907,10.878678817186254,10.828621524769884,0.6742536136888059,-0.4999861792265971,-1.5,-1.59752114370188,0.0,0.0007984941476024687
60.17062614799943,10.84376799258571,10.79735476842318,0.672170026466663,-0.4999896344199478,-1.5,-1.5989629371474268,0.0,0.0007035323069430888
60.201498398000695,10.808984285546723,10.781871033763299,0.6689076461387279,-0.49999222581496083,-1.5,-1.6002809376492249,0.0,0.0006809034966863692
60.26205572699837,10.774012718534347,10.751567670483803,0.6647827024077083,-0.49999416936122065,-1.5,-1.6015777278225116,0.0,0.0007736834231764078
60.324832384998444,10.739542079028606,10.720183000059446,0.6593485682712104,-0.4999956270209155,-1.5,-1.6026985073782953,0.0,0.0007466773386113346
60.35642644499967,10.705553497218165,10.704564659019061,0.6533345437516578,-0.49999672026568664,-1.5,-1.6037139797786808,0.0,0.0007580862147733569
60.419426698997995,10.671862377998805,10.673014883659636,0.6467625029194783,-0.499997540199265,-1.5,-1.6046990969568409,0.0,0.0006165864760987461
60.451304024998535,10.638088441645737,10.657115522539197,0.6389509808493516,-0.4999981551494488,-1.5,-1.6056235082072088,0.0,0.0006018723361194134
60.513222388999566,10.604927454449717,10.626012832081754,0.6313146978848336,-0.4999986163620866,-1.5,-1.6064447660039836,0.0,0.0006584629882127047
60.57674957799827,10.572878948408471,10.594226694668249,0.6237847623114494,-0.49999896227156493,-1.5,-1.6071487853707298,0.0,0.0006535146967507899
60.60807203999866,10.540606538108506,10.578556419530493,0.6154556905833986,-0.4999992217036737,-1.5,-1.607891693636212,0.0,0.0007005967781879008
60.6702362420001,10.508154510712545,10.547487892340012,0.6070876694525142,-0.4999994162777553,-1.5,-1.6085718139469176,0.0,0.0008310828707180917
60.7020133119986,10.476437994520644,10.531593970099252,0.5980658045070347,-0.4999995622083165,-1.5,-1.6091136478813823,0.0,0.0009990466060116887
60.765554319998046,10.445390518537058,10.499842239050512,0.5888983993482705,-0.4999996716562374,-1.5,-1.6096175230252907,0.0,0.0008447410655207932
60.79597340100008,10.414760413588045,10.484606345675525,0.5800421074560729,-0.49999975374217803,-1.5,-1.6100926014313686,0.0,0.0008798612398095429
60.858989004998875,10.384087324923913,10.453114362450462,0.5708783364301725,-0.4999998153066335,-1.5,-1.6105567911574776,0.0,0.0009417381370440125
60.92210621800041,10.354143010063297,10.421520094775119,0.5622022061911038,-0.4999998614799751,-1.5,-1.610939766000569,0.0,0.0008630619267933071
60.95348513399949,10.324418477948747,10.405875190074463,0.5527994967354815,-0.4999998961099813,-1.5,-1.6113385691144448,0.0,0.0010137315839529037
61.01764626899967,10.29565371272838,10.373847950497558,0.5436713821089993,-0.499999922082486,-1.5,-1.6115375343143374,0.0,0.0011158412089571357
61.04645542399885,10.267003933518062,10.359382024110584,0.5333705956403972,-0.4999999415618645,-1.5,-1.611704089406212,0.0,0.001138141262345016
61.109719361000316,10.239089258757703,10.327734463904068,0.5235630019738193,-0.49999995617139836,-1.5,-1.6117514135349797,0.0,0.0011294566793367267
61.172109576000366,10.210310018785647,10.296576972361144,0.5136312949166641,-0.4999999671285488,-1.5,-1.61192042146045,0.0,0.0013017978053539991
61.203422800001135,10.183291712933638,10.280913945370077,0.5045544735732653,-0.4999999753464116,-1.5,-1.6116451175583832,0.0,0.0013084841193631291
61.26713564699821,10.156487444482579,10.249053594985785,0.49588037788939443,-0.49999998150980873,-1.5,-1.611549187506455,0.0,0.0012740642996504903
61.29823229699832,10.131241649952427,10.233514068477387,0.48674763440000157,-0.4999999861323565,-1.5,-1.6113079365689513,0.0,0.0013385418569669127
61.362341463998746,10.10583516710487,10.201462863509029,0.4772916284962293,-0.4999999895992674,-1.5,-1.61122611710503,0.0,0.0013535439502447844
61.42550566600039,10.08059816122249,10.169839977344665,0.4685268547030852,-0.49999999219945057,-1.5,-1.6110184761031954,0.0,0.0015736442292109132
61.45677755200086,10.05553900506077,10.154216765666813,0.46005399925723967,-0.49999999414958796,-1.5,-1.6107673329943184,0.0,0.001536092720925808
61.520222618000844,10.031131145132715,10.122579693381278,0.4527090092202958,-0.499999995612191,-1.5,-1.6105593753154908,0.0,0.0014344191877171397
61.550997695998376,10.007356616381484,10.107110380815246,0.44441490484786883,-0.49999999670914325,-1.5,-1.610289735980373,0.0,0.0015450313221663237
61.61375744199904,9.983637361310317,10.07572770103089,0.4363603062297541,-0.4999999975318574,-1.5,-1.609986226425752,0.0,0.0015887682093307376
61.64516140399792,9.959991234660455,10.060047984025037,0.4296874081996671,-0.49999999814889307,-1.5,-1.609688374243171,0.0,0.0015783554408699274
61.70808471499913,9.936898992256477,10.028559803951946,0.42363624959671775,-0.49999999861166977,-1.5,-1.6093771630378462,0.0,0.0014596286928281188
61.76863449099983,9.914287953831884,9.998324990324726,0.41841779084980246,-0.49999999895875236,-1.5,-1.6090937289224847,0.0,0.0015061566373333335
61.80071230300018,9.89157468939833,9.982259988862085,0.4134215045836104,-0.49999999921906424,-1.5,-1.6087361356785719,0.0,0.0013529571006074548
61.861765499001194,9.868837194148824,9.951734781378311,0.40906716202445914,-0.4999999994142982,-1.5,-1.6084937644859005,0.0,0.0014543565921485424
61.92403827399903,9.846667714365388,9.92057216181493,0.4036718910648135,-0.4999999995607236,-1.5,-1.6081580309740413,0.0,0.0014409712748602033
61.9549475040003,9.824985604796957,9.905123829992222,0.3983694756702726,-0.4999999996705427,-1.5,-1.6078016135274285,0.0,0.0015093046240508556
62.01725595699827,9.803273599501432,9.874068379568117,0.39344328919617233,-0.49999999975290704,-1.5,-1.6073553370813898,0.0,0.0014226295752450824
62.04927821399906,9.781615100113015,9.85799109952952,0.387769216355056,-0.4999999998146803,-1.5,-1.6069485899685427,0.0,0.001360724214464426
62.11001135300103,9.760471773735087,9.827582597912913,0.38266794037295515,-0.49999999986101024,-1.5,-1.6065113785584937,0.0,0.0014248477527871728
62.161425327998586,9.739749979834185,9.801857710070376,0.3787899193486103,-0.49999999989575766,-1.5,-1.6060382052163975,0.0,0.001372451544739306
62.22543270499955,9.718960631655605,9.76987218875885,0.37536650163455476,-0.49999999992181826,-1.5,-1.6054416918662522,0.0,0.0013207534793764353
62.25190997200116,9.698136526701392,9.756672382547018,0.3729563964656978,-0.4999999999413637,-1.5,-1.6048585302092127,0.0,0.0013233213685452938
62.31093050900017,9.677729973806006,9.727126360134456,0.37004344906141196,-0.49999999995602273,-1.5,-1.6042253671534898,0.0,0.0013275613309815526
62.36255811199953,9.657682767355611,9.701341510015613,0.3671323468735973,-0.49999999996701705,-1.5,-1.6035385131915028,0.0,0.0013028070097789168
62.411854057998426,9.6375328486512,9.67666018028966,0.36470426122776844,-0.4999999999752628,-1.5,-1.6028057562117344,0.0,0.0012176752788946033
62.462953573998675,9.617267155003653,9.651082992752462,0.3640877848687051,-0.49999999998144706,-1.5,-1.6021269890995231,0.0,0.0009449844947084785
62.51218806799807,9.59727802332937,9.626555562218782,0.36354306570966044,-0.4999999999860853,-1.5,-1.6014714974065376,0.0,0.0009411917417310178
62.56307411400121,9.577524204079896,9.601060509881668,0.3628880236626868,-0.49999999998956396,-1.5,-1.600824176409891,0.0,0.0009309030137956142
62.59885822100114,9.557558287066113,9.583154082498526,0.3619981387860085,-0.499999999992173,-1.5,-1.6002601266385297,0.0,0.0008380277431569993
62.66018265399907,9.537742318806378,9.552497983179428,0.36130569168780735,-0.49999999999412975,-1.5,-1.5996002962469034,0.0,0.00063063990091905
62.713142125998274,9.517894665928562,9.526024103365513,0.36038997492328406,-0.4999999999955973,-1.5,-1.5991391738462688,0.0,0.000509398290887475
62.76841487099955,9.498264540478534,9.49842190762595,0.359910554657597,-0.499999999996698,-1.5,-1.5986083069219839,0.0,0.0004999941447749734
62.79614632999801,9.478433262615114,9.484538078509198,0.35946049474134256,-0.4999999999975235,-1.5,-1.5981044074603057,0.0,0.0005025818827562034
62.846819490998314,9.45843925202194,9.459232330523452,0.35862598113598276,-0.4999999999981426,-1.5,-1.5976124571253432,0.0,0.000438815972302109
62.91080944499845,9.438674443082526,9.427199483119061,0.3585542766035845,-0.49999999999860695,-1.5,-1.5971162004893822,0.0,0.00032368439133279026
62.94676850199903,9.419036535583915,9.40918564816579,0.3594731439324841,-0.4999999999989552,-1.5,-1.596589063143413,0.0,0.00020076741930097342
63.01053044799846,9.39910178444721,9.377361178599495,0.3609524262753403,-0.4999999999992164,-1.5,-1.5961288066307557,0.0,0.00018854252994060516
63.037190266000835,9.378622307965294,9.363976359568749,0.36139362749764053,-0.4999999999994123,-1.5,-1.5957072756415738,0.0,5.035382491769269e-05
63.12848923199999,9.358587510986766,9.318368435107425,0.3631081333257957,-0.49999999999955924,-1.5,-1.5951930121344184,0.0,7.992200698936358e-05
63.16260645500006,9.338576791465329,9.301426530085768,0.36585820752808434,-0.49999999999966943,-1.5,-1.5947887201725435,0.0,7.096915214788169e-05
63.21284849999938,9.317389816018494,9.276183963023403,0.36930986288596024,-0.4999999999997521,-1.5,-1.5946255950266144,0.0,4.1370425606146455e-05
63.26299088700034,9.296640210380582,9.251113414965856,0.3763023342627994,-0.49999999999981404,-1.5,-1.5942363988184511,0.0,-0.00016215562936849892
63.3119686789978,9.275720422804632,9.226640820704693,0.38299404229428863,-0.49999999999986056,-1.5,-1.5940956015854415,0.0,-0.0003212314913980663
63.36241431400049,9.2545543169889,9.201436519824266,0.3910098143507157,-0.4999999999998954,-1.5,-1.5941409902961794,0.0,-0.0005081223207525909
63.412717492999946,9.233753010603008,9.17629528065801,0.3991771343696453,-0.49999999999992156,-1.5,-1.5941376262783051,0.0,-0.0005461127148009837
63.46861120799804,9.211745758903582,9.148283243380792,0.4052022468873064,-0.49999999999994116,-1.5,-1.594359210380123,0.0,-0.0005936140078119934
63.496649853001145,9.189653928525775,9.132854593085215,0.41092823580809446,-0.5499999970197236,-1.5,-1.5944795162983856,0.0,-0.0005212682299315929
63.548395706999145,9.167480422654679,9.102459484893663,0.4155528358969228,-0.5874999947845605,-1.5,-1.5946657152778454,0.0,-0.0006146868108771741
63.61030095499882,9.145124504713236,9.064415619758071,0.41951257623987354,-0.6156249931081881,-1.5,-1.5949433034016742,0.0,-0.0005300228949636221
63.66317816299852,9.122329107509957,9.030681536082838,0.4237429717807133,-0.6367187418509088,-1.5,-1.5952114899907046,0.0,-0.0006552597624249756
63.71424096299961,9.09945896262009,8.997426859582053,0.42849777848103865,-0.6525390534079494,-1.5,-1.5954444722787589,0.0,-0.0007251329952850938
63.762803278998035,9.076451181967583,8.96526213826016,0.43298010908243956,-0.6644042870757298,-1.5,-1.5958233970244544,0.0,-0.000653448048979044
63.81221144799929,9.053066064810539,8.931847433421924,0.4389460896677062,-0.6733032123265652,-1.5,-1.596386125768245,0.0,-0.0008985502063296735
63.862942067000404,9.028911396501508,8.89738898746723,0.4478325893187476,-0.6799774062646917,-1.5,-1.5971870041984066,0.0,-0.0009644029778428376
63.914418009000656,9.004252241046753,8.862106751492853,0.45967660567087293,-0.6849830517182866,-1.5,-1.5981709594397,0.0,-0.001170505303889513
63.96381623900015,8.978954845751247,8.828044313748311,0.4737227712003979,-0.6887372858084827,-1.5,-1.599441579956625,0.0,-0.001172391464933753
64.01271976499993,8.952823100553012,8.793060646878587,0.4894207619955288,-0.7165529673365942,-1.5,-1.6009207816492284,0.0,-0.001107708434574306
64.06361900900083,8.925548199321872,8.754419710543004,0.5065130486262167,-0.7624147195419813,-1.5,-1.6025310146120675,0.0,-0.0011894908966496587
64.12657932200091,8.8974743808578,8.70091235929602,0.5249254203056267,-0.8468110456169504,-1.5,-1.604363610795883,0.0,-0.0010670467745512724
64.15758656500111,8.868529462347144,8.672657432851752,0.5441044503628784,-0.9101082901731773,-1.5,-1.6064681185018248,0.0,-0.0011112686479464173
64.22144913399825,8.838558373680627,8.611512518014107,0.5640836697160194,-0.9575812235903475,-1.5,-1.6088340614928474,0.0,-0.0009955794084817171
64.25258533899978,8.807274728551516,8.58059053977262,0.5849359173861747,-0.9931859236532251,-1.5,-1.6114408928651147,0.0,-0.000938336132094264
64.31559595599902,8.774873077256936,8.516289881988639,0.6080477561545632,-1.0198894487003833,-1.5,-1.6143794909931928,0.0,-0.001125954557210207
64.37706448099925,8.741097435656316,8.452482427083924,0.6353934433089453,-1.039917092485752,-1.5,-1.6177415621223716,0.0,-0.0012252455344423652
64.40904326899908,8.705615730770761,8.418601356556842,0.6670069124845074,-1.0549378253247785,-1.5,-1.6216296995111679,0.0,-0.0015535976272076368
64.47140356000091,8.668003894024583,8.352206409194688,0.7040770804680562,-1.0662033749540485,-1.5,-1.6260513657091609,0.0,-0.001659145811572671
64.50203764500111,8.628444465222564,8.319239463390721,0.7444704973010186,-1.074652537176001,-1.5,-1.6309782560748167,0.0,-0.0016212309710681438
64.56531377799911,8.586752145468717,8.250846452670679,0.7870407503856695,-1.0809894088424652,-1.5,-1.6364362731235305,0.0,-0.0015300125814974308
64.5959192199989,8.542699400474318,8.217508510782089,0.8333007335934565,-1.0857420625923133,-1.5,-1.6424313354297635,0.0,-0.0016868202947080135
64.65857897200112,8.496008730048397,8.14936789684658,0.8824901710715118,-1.0893065529046995,-1.5,-1.6489004087760157,0.0,-0.0017317773308604956
64.72136465899894,8.44762853875707,8.080759090106241,0.9346427756391569,-1.091979920638989,-1.5,-1.6555846857848586,0.0,-0.0016080014174804091
64.75253299299948,8.395868605965148,8.046796110353045,0.9863725532786762,-1.0939849464397062,-1.5,-1.6628926530648878,0.0,-0.0012536579743027687
64.81463652499951,8.34157995810525,7.978737864666265,1.0392391757052866,-1.0954887157902442,-1.5,-1.670603676320139,0.0,-0.000770628044847399
64.84555225700024,8.284888421598042,7.944661812030795,1.0892515003357492,-1.0966165428031476,-1.5,-1.6786188033565377,0.0,-4.9430705985287204e-05
64.90805345099943,8.225964851314458,7.876146029633389,1.136092600682085,-1.0974624130628252,-1.5,-1.6867500080140767,0.0,0.0003866136248689145
64.97030814699974,8.164920813648454,7.807892503884747,1.1805612997162729,-1.0980968157575834,-1.5,-1.6950802925025505,0.0,0.0008954853983595967
65.00164185899848,8.101909042913508,7.773509463634528,1.2220295626197348,-1.0985726177786521,-1.5,-1.7034187054646295,0.0,0.0011652633547782898
65.06402013399929,8.037110530195015,7.705018159611929,1.2600642582034849,-1.0989294692944536,-1.5,-1.7118684316224975,0.0,0.001446145586669445
65.12748472000021,7.9708132327575445,7.635151347053001,1.2928415060536955,-1.0991971079313045,-1.5,-1.7203292939698123,0.0,0.0019360202131792903
65.15895698199893,7.90203859835283,7.600506311858699,1.321145555580792,-1.0993978369089428,-1.5,-1.7290023655032918,0.0,0.002095642499625683
65.22043584600033,7.833243572552227,7.532857266988411,1.347108355150004,-1.0995483836421716,-1.5,-1.737285333769905,0.0,0.0020105447620153427
65.25188691799849,7.7635176817072065,7.498294119360716,1.3673941525737503,-1.099661293692093,-1.5,-1.7456078345181496,0.0,0.002016072627156973
65.31337591299962,7.689502796243458,7.430671198908252,1.3826679587305777,-1.0997459762295343,-1.5,-1.7544620537778992,0.0,0.001801908714696765
65.37599268299891,7.61836326688816,7.361861258985732,1.3981887445730687,-1.0998094881326153,-1.5,-1.7621472668103668,0.0,0.0015862330328673124
65.40793828899768,7.54664088419608,7.326673888771781,1.4092559732286587,-1.0998571220599258,-1.5,-1.7699778657287868,0.0,0.0013776614796370268
65.46786647599947,7.474326203186583,7.260727320903116,1.4176626589221384,-1.0998928475054088,-1.5,-1.7776444467574126,0.0,0.0010651812190189958
65.49890378499913,7.40434557189863,7.226590324771154,1.422552916232318,-1.0999196415895212,-1.5,-1.7844991281309082,0.0,0.0009297815267927945
65.56217361699964,7.33197727609432,7.157029030415951,1.4227408068251008,-1.0999397371526054,-1.5,-1.7920387979655554,0.0,0.0006658764323219657
65.62505930199768,7.259562481026058,7.088109032336743,1.421960304647589,-1.0999548088249185,-1.5,-1.799054674846575,0.0,0.0004845995281357318
65.65483357899939,7.18688247184586,7.055250385440979,1.419313442370448,-1.0999661125791533,-1.5,-1.8058490069162023,0.0,3.286078936071135e-05
65.71586009800012,7.114584135291951,6.987953551528457,1.4152832270201547,-1.0999745903948295,-1.5,-1.8124219948547338,0.0,-0.00015040338621474802
65.77908362200105,7.042806707325301,6.91840302596064,1.4075962819871588,-1.0999809487565866,-1.5,-1.818812523045882,0.0,-0.0002331768482690677
65.81075205199886,6.971439845831006,6.883873216125065,1.3975369904217458,-1.0999857175279044,-1.5,-1.824941933602747,0.0,-0.00043202313827350736
65.8731306970003,6.9002206726927655,6.814971775670389,1.3866442157181875,-1.099989294106393,-1.5,-1.8308517643425366,0.0,-0.0006414194358512759
65.90496802999769,6.829857282526335,6.779931938786465,1.3735346103279904,-1.099991976540259,-1.5,-1.8365661008468253,0.0,-0.0007708166958764195
65.96829478899963,6.760181722117201,6.710345970550728,1.358487095630456,-1.0999939883656586,-1.5,-1.8420031913208756,0.0,-0.0008710967376828194
65.99932485399768,6.691119595737911,6.676125057508499,1.3438103254310407,-1.0999954972347084,-1.5,-1.8472453964072593,0.0,-0.0011003724066540599
66.06268112699763,6.622507414179306,6.6065234489142135,1.329196100517705,-1.0999966288864957,-1.5,-1.8523825061663841,0.0,-0.0012428663903847337
66.12633379399995,6.554791819004171,6.536548066350727,1.3150124424506398,-1.0999974776253363,-1.5,-1.8574055850527993,0.0,-0.0012382222339510918
66.15675136400023,6.487948375717581,6.502997146163021,1.3002223672664992,-1.0999981141794666,-1.5,-1.862168214316658,0.0,-0.0012655642349272966
66.22003045299789,6.421573580405712,6.433620957066612,1.2851426112852515,-1.0999985915950643,-1.5,-1.8667985662140705,0.0,-0.0011423386167734861
66.25044405600056,6.3558345137117565,6.3999800561521045,1.2678550216703992,-1.0999989496567628,-1.5,-1.8712683910333852,0.0,-0.0009837454417720437
66.31266588899962,6.291212074787032,6.331440437735409,1.2494195206740408,-1.0999992182030365,-1.5,-1.8754605991053075,0.0,-0.0009276908822357655
66.37551257900122,6.227649240914002,6.2624759450853285,1.231394316207864,-1.0999994196127418,-1.5,-1.8794856755980112,0.0,-0.0007140751695260406
66.40702083900032,6.164656395070586,6.228036180199231,1.2134839994315412,-1.099999570670021,-1.5,-1.8832868823109443,0.0,-0.0007372153922915459
66.46998973799782,6.102311110082562,6.158487879410644,1.196283376077569,-1.0999996839629802,-1.5,-1.8869962177318846,0.0,-0.0007013434660620987
66.50068030900002,6.041184672646681,6.1246945801585975,1.177384716250222,-1.0999997689326997,-1.5,-1.8905266608754914,0.0,-0.00048685548244975507
66.56339021299937,5.981242814584728,6.055648236368609,1.1569413543717486,-1.0999998326599894,-1.5,-1.8937223727000922,0.0,-0.0003548497043084353
66.62594566899861,5.922020252766068,5.98683897298782,1.137160900499948,-1.0999998804554565,-1.5,-1.8967935268526404,0.0,-0.0001445102388970554
66.6555251030004,5.863498439522564,5.954315271887383,1.118291379954215,-1.0999999163020568,-1.5,-1.8997181008745792,0.0,-1.2690547009697184e-05
66.71883651199823,5.806088291308312,5.8846646731440115,1.1009008368926088,-1.0999999431870071,-1.5,-1.9026206024680385,0.0,6.0888669395353645e-05
66.74994398199851,5.7498038424794915,5.850462766171963,1.0824676223385687,-1.0999999633507198,-1.5,-1.905268623291348,0.0,0.00025438854936510324
66.81216463300007,5.69508589169267,5.781995222002503,1.0640187881621448,-1.0999999784735044,-1.5,-1.9074107128759654,0.0,0.0003886297345161438
66.8740366819984,5.640102469799775,5.713955686156315,1.0464763703170146,-1.0999999898155928,-1.5,-1.9101411645561597,0.0,0.0005311972345225513
66.90362883000125,5.586099956305378,5.681570980662194,1.0304312935246605,-1.0999999983221591,-1.5,-1.9126441122757503,0.0,0.000638881407212466
66.96733256199877,5.533012671370567,5.611347863487322,1.0158813635631385,-1.1000000047020837,-1.5,-1.9150646541138725,0.0,0.000716285256203264
66.99854246299947,5.480549683996767,5.577067014688551,1.0003246321932546,-1.1000000094870273,-1.5,-1.9173168292383416,0.0,0.0008678912417963147
67.06175820299904,5.428702097604867,5.5074607335342955,0.9843877725292661,-1.1000000130757348,-1.5,-1.9195040978302869,0.0,0.0009813826764002442
67.1245625240008,5.377749154322574,5.438414115990329,0.9701427824990622,-1.1000000157672656,-1.5,-1.9217236561307196,0.0,0.0011238126317039132
67.15628374999869,5.327573398851813,5.403476042267151,0.9567992340284469,-1.1000000177859137,-1.5,-1.9238312832626558,0.0,0.0011015734635293484
67.21837583099841,5.277030686323985,5.335216992607608,0.9445279211574105,-1.1000000192998998,-1.5,-1.926328780761403,0.0,0.0011164933675900102
67.24923622999995,5.2278139869891485,5.301316683368811,0.9325879074973051,-1.1000000204353892,-1.5,-1.928368148848836,0.0,0.0013107560807839036
67.31061993500043,5.179355966339781,5.23373374100566,0.9202341528424519,-1.1000000212870065,-1.5,-1.9305962867060877,0.0,0.0014741633785888553
67.37421934200029,5.131551211807974,5.163826122043259,0.9093942421210364,-1.1000000219257193,-1.5,-1.932741358229047,0.0,0.0014467487344518304
67.40601870699902,5.081707263729534,5.128863657952239,0.897731489595432,-1.100000022404754,-1.5,-1.935690360260454,0.0,0.0013412956614047289
67.4679418989981,5.0344951087245615,5.060636079330826,0.8909105737906384,-1.1000000227640299,-1.5,-1.9371911351936861,0.0,0.0014851490268483758
67.53088384799776,4.987935824139727,4.991473804475618,0.8816543763851317,-1.1000000230334868,-1.5,-1.93948889922141,0.0,0.0016268290346488357
67.5629497689988,4.9434623915844895,4.956137094706669,0.8731133724291135,-1.1000000232355795,-1.5,-1.9410146955893026,0.0,0.0016782388556748629
67.62666311700013,4.897786324970353,4.886407025971022,0.8636151052360592,-1.1000000233871492,-1.5,-1.9436635232609092,0.0,0.001663789851590991
67.6565206919986,4.8524877548477985,4.853436692167266,0.8546723214072408,-1.1000000235008263,-1.5,-1.9458951201287835,0.0,0.0016628381563350558
67.71977643699938,4.807735053754136,4.783726817473092,0.8455219423401044,-1.1000000235860843,-1.5,-1.9481253435439632,0.0,0.0017346347449347377
67.75086621399896,4.763369175431481,4.749470096193663,0.8387061964840923,-1.1000000236500278,-1.5,-1.9504975436257728,0.0,0.0015851154457777739
67.81303002799905,4.719026349256673,4.681067589799066,0.834104317200011,-1.1000000236979854,-1.5,-1.9531278809970045,0.0,0.0015108224470168352
67.84475886899963,4.674611699744751,4.646126106501212,0.8324995326359701,-1.1000000237339536,-1.5,-1.9562237672228138,0.0,0.0013787499628961086
67.90717855999901,4.630248523250503,4.577495958038457,0.8328577788361201,-1.1000000237609298,-1.5,-1.9596768960182924,0.0,0.0013373803813010454
67.97090407499854,4.585856239472398,4.50744671831909,0.8349323863748324,-1.1000000237811618,-1.5,-1.9633997725255956,0.0,0.001413906691595912
68.00111949699931,4.541253379417821,4.474153017380646,0.837540172840025,-1.1000000237963359,-1.5,-1.9672108951047735,0.0,0.0013486134121194482
68.06464477400004,4.496495493445338,4.404618594908584,0.8404730226681097,-1.1000000238077163,-1.5,-1.9711992976896022,0.0,0.0013896772870793939
68.12760413499927,4.451832532940251,4.335074731060046,0.8411982935883351,-1.1000000238162517,-1.5,-1.9753115111657915,0.0,0.0017111710039898753
68.15880358700088,4.407234757980764,4.300871248645108,0.8406192880652945,-1.1000000238226533,-1.5,-1.9793197478787092,0.0,0.0017506536096334457
68.22257182899921,4.3625934484706885,4.230751985384594,0.8410264698930762,-1.1000000238274543,-1.5,-1.9834071084178353,0.0,0.0016277332324534655
68.25368091099881,4.317950577364855,4.196369641347478,0.8408198309895686,-1.1000000238310552,-1.5,-1.9878104710471856,0.0,0.001668639830313623
68.31658977799816,4.273345218193417,4.127111379119927,0.8402991804658588,-1.100000023833756,-1.5,-1.9922134960711846,0.0,0.0015000469284132123
68.37741877799999,4.228684206215991,4.060412778812948,0.8413551393954122,-1.1000000238357814,-1.5,-1.99692535979315,0.0,0.001302918535657227
68.40739855100037,4.183780696977475,4.027269090846485,0.8435465027102071,-1.1000000238373007,-1.5,-2.001964577819842,0.0,0.001111858175136149
68.46978325799864,4.138622757207835,3.9587218166787865,0.8472921467188883,-1.10000002383844,-1.5,-2.0074375035332332,0.0,0.0008938021492213011
68.50209203299892,4.093388591977547,3.9232610577010494,0.8501192477465536,-1.1000000238392944,-1.5,-2.013361391113109,0.0,0.0009681565570645034
68.54301064700121,4.04805491556674,3.878090105832487,0.8520340106975111,-1.1000000238399352,-1.5,-2.019337506384121,0.0,0.000934845709707588
68.6110789939994,4.002604380630036,3.803212913619761,0.854600647280024,-1.100000023840416,-1.5,-2.0255635317723897,0.0,0.0007447776151821017
68.67385069399825,3.9570180110802484,3.7343386006798744,0.8571123208252782,-1.1000000238407766,-1.5,-2.0321271451655454,0.0,0.0006791202467866242
68.7051286829992,3.911352749533187,3.6999948089275225,0.859634315052055,-1.100000023841047,-1.5,-2.0387944796277195,0.0,0.0005654892302118242
68.76596926300044,3.8657720063481156,3.6328335811992964,0.8595066036664052,-1.1000000238412497,-1.5,-2.045283630901213,0.0,0.0007542553939856589
68.79824114900111,3.82049249141337,3.597331647331988,0.85558228405335,-1.1000000238414018,-1.5,-2.05147916123598,0.0,0.0008073132485151291
68.86059884600036,3.7762384384735377,3.528793290019149,0.8509910736415548,-1.100000023841516,-1.5,-2.057288154592849,0.0,0.0006543442723341286
68.92270570300025,3.7313277334190493,3.4605567944758477,0.8462010064954604,-1.1000000238416014,-1.5,-2.064011864869615,0.0,0.0003565188671927899
68.95434526700046,3.686385426437033,3.4257144456219115,0.8443519397386378,-1.1000000238416656,-1.5,-2.070733356113833,0.0,-9.306488209404051e-05
69.01647487800074,3.6412944395085094,3.358836298576328,0.8446344233832779,-1.075000017881249,-1.5,-2.0779713221532257,0.0,-0.00036618116428144276
69.04871001399806,3.596112725997896,3.3248234336143887,0.8443761577595886,-1.0562500134109367,-1.5,-2.0857079966320042,0.0,-0.0004226119490340352
69.11067437399834,3.550866727483019,3.2606803732201075,0.8438951167122068,-1.0421875100582025,-1.5,-2.093849383853548,0.0,-0.0006306631839834154
69.17273244999888,3.505474688417994,3.196213164102467,0.8450208753810401,-1.031640632543652,-1.5,-2.102546491805095,0.0,-0.0009588416432961822
69.20293937799943,3.4598909162141296,3.165261352092514,0.8472458918656283,-1.023730474407739,-1.5,-2.1118086482081857,0.0,-0.001113577396608889
69.26580975199977,3.414155898772839,3.1015106688110525,0.8499007925601447,-1.0177978558058043,-1.5,-2.121562030972758,0.0,-0.001136582694016397
69.32829256200057,3.3676228678709106,3.037950014104709,0.8491321273281516,-1.013348391854353,-1.5,-2.1322451293877775,0.0,-0.0008444456034339964
69.35949451899796,3.3218595389286,3.006471683886228,0.848800922906997,-1.0100112938907648,-1.5,-2.1422568455121134,0.0,-0.0006617811741307378
69.42133787399871,3.276356713396128,2.94424152677177,0.8468936424082423,-1.0075084704180737,-1.5,-2.1527356227599648,0.0,-0.0007008535321801901
69.45242705900091,3.229299457366078,2.912880762042267,0.8388677448139586,-1.0056313528135552,-1.5,-2.1648478971604974,0.0,-0.0005979430279694498
69.51478639999914,3.184674542000162,2.851988633979421,0.8353986863452175,-0.9792235086497019,-1.5,-2.1745786560513727,0.0,-0.00042529567144811153
69.57934268399913,3.140229809310107,2.791664250289491,0.8284769615871722,-0.9344176344675086,-1.5,-2.1853905933100637,0.0,-0.0005216682911850512
69.61024619099771,3.096184550092322,2.7646511083705754,0.8211289447447495,-0.8758132228703992,-1.5,-2.1963483157322807,0.0,-0.0007497589103877544
69.67258312899867,3.0544134271760957,2.7159582247838943,0.816110638250818,-0.7818599171527993,-1.5,-2.206326382743501,0.0,-0.0007037640316411853
69.70335184699798,3.0114909695528156,2.6956128950086367,0.8030913318060412,-0.6613949408448317,-1.5,-2.217784084700156,0.0,-0.0005204114131629467
69.76621636900018,2.9689977798234484,2.6613566421751695,0.790150764860833,-0.5460462063786818,-1.5,-2.228303122442617,0.0,-0.0004109025758225471
69.79757174299812,2.9272144398096773,2.6483196598518184,0.7763218173311717,-0.4095346547840114,-1.5,-2.2387213471378553,0.0,-0.0005428135045804083
69.85967384099786,2.886669353482012,2.63085723242003,0.7598298385680506,-0.28215099071547955,-1.5,-2.248983721528561,0.0,-0.00039839293458499014
69.92119054499926,2.847099122896447,2.6208974689629114,0.7379544152086641,-0.1616132422915516,-1.5,-2.258258798419845,0.0,9.367496204504278e-06
69.95317151699783,2.8089705588875535,2.620218289647567,0.70868806870698,-0.021209930228547585,-1.5,-2.265869870035502,0.0,0.00025941242347471416
70.0157783379982,2.7729874366235334,2.6254851213854202,0.6700490170034415,0.08409255381870542,-1.5,-2.2709005061119694,0.0,0.000803849077783525
70.07797670600121,2.740004612913334,2.6356205468309666,0.6209109155469429,0.1630694168541452,-1.5,-2.2723630922604054,0.0,0.0012247191043570638
70.10546999199869,2.710010919091388,2.641737438578296,0.561427833989389,0.222302064130725,-1.5,-2.2696540923081665,0.0,0.0012128795497119427
70.1648567259981,2.683529121365506,2.6575573609637613,0.4919786885884251,0.2667265495881599,-1.5,-2.2622603738289757,0.0,0.0010502428049221635
70.23109536500124,2.6611110432071046,2.677438652917176,0.41431829023327704,0.30004491368123604,-1.5,-2.2499611500727417,0.0,0.0006559554603882134
70.25422304300082,2.643389803681198,2.6849169856367046,0.3294674509656176,0.32503368675104316,-1.5,-2.232517065910112,0.0,0.0001430719275958836
70.31409061700106,2.6302177585811934,2.705545612981605,0.23778862287550884,0.3437752665533985,-1.5,-2.2096992575952465,0.0,-0.0005150108481757343
70.36673798699849,2.6217244290990207,2.7243687084103883,0.14359736021673342,0.35783145140516504,-1.5,-2.1822348165058933,0.0,-0.001263584941625595
70.41505068599872,2.6180337939224163,2.7422009487476053,0.04866232080710242,0.3683735900439899,-1.5,-2.1507752484550875,0.0,-0.0018501138547435403
70.44979118500123,2.61925829345661,2.7552851126941134,-0.047178480875531004,0.3762801940231085,-1.5,-2.1156233727746185,0.0,-0.002406802261248231
70.49884289399779,2.6250719197376613,2.7740216207145973,-0.14067221415890374,0.3822101470074475,-1.5,-2.077666421366544,0.0,-0.002756931819021702
70.5549054769981,2.63523302910985,2.795691407049828,-0.22943308407795104,0.38665761174570173,-1.5,-2.037734101517018,0.0,-0.003016936592757702
70.61483093800052,2.6493720535949015,2.8190704284126213,-0.31226416874335605,0.38999321029939243,-1.5,-1.9964323876590502,0.0,-0.0033701155334711075
70.68179347000114,2.6670010975882104,2.845231116054731,-0.3880475153549754,0.39249490921466046,-1.5,-1.954645493176034,0.0,-0.003446711227297783
70.70585960099925,2.6879097368400577,2.8547612502643602,-0.4550274720088414,0.39437118340111144,-1.5,-1.9136532821001588,0.0,-0.0036318597849458456
70.76517192499887,2.711707314539569,2.878304300092345,-0.51387075119847,0.3957783890409497,-1.5,-1.873786046927869,0.0,-0.003717022482305765
70.81636088199957,2.7379681136865925,2.898636158450425,-0.5654524489451598,0.3968337932708284,-1.5,-1.8356237379993385,0.0,-0.003766631009057164
70.88004747100058,2.7662910765051296,2.923942219892053,-0.6109506344617303,0.39762534644323744,-1.5,-1.7994693638746924,0.0,-0.003758467035368085
70.9065400670006,2.7966434825456084,2.934488752149787,-0.651164732745774,0.3982190113225442,-1.5,-1.7656603144261827,0.0,-0.0036420393735170364
70.96401265399982,2.828152687316277,2.957404677753803,-0.6843261366138227,0.39866425998202426,-1.5,-1.7343406371606276,0.0,-0.003486309666186571
71.01623776599808,2.8615867773746926,2.9782627611344683,-0.7128833768527532,0.3989981964766343,-1.5,-1.704989401761847,0.0,-0.0032264587935060263
71.07872747700094,2.8961211813074224,3.0031564993793047,-0.7349667861549822,0.39924864884759187,-1.5,-1.677564026555506,0.0,-0.0031184349209070206
71.1057153590009,2.93141673858862,3.0139162184501966,-0.7509863535185809,0.39943648812581,-1.5,-1.652327599994643,0.0,-0.0029613152146339417
71.16460121699856,2.967196627014353,3.037484239501299,-0.7608005086505587,0.3995773675844736,-1.5,-1.6290218363800366,0.0,-0.002922085579484701
71.21608965199994,3.003209579603114,3.058104254379833,-0.7659396011852282,0.3996830271784713,-1.5,-1.60755878110146,0.0,-0.0028547781985253096
71.28007080300085,3.0392155459498027,3.0836685998169564,-0.7666410416084842,0.3997622718739696,-1.5,-1.5879032616825288,0.0,-0.00266099302098155
71.30745808099891,3.075009608428733,3.094599222750486,-0.7628100130938636,0.39982170539559336,-1.5,-1.570153875250964,0.0,-0.0026162010617554188
71.36498071999813,3.1109951529804447,3.117616942712255,-0.7556297142338658,0.39986628053681117,-1.5,-1.5538743624027398,0.0,-0.0024698947090655565
71.41522725599862,3.145928985310576,3.137705727262942,-0.7443517886845458,0.3998997118927245,-1.5,-1.5397367138245537,0.0,-0.0022543598897755146
71.46570441099902,3.180245575978181,3.1578958883446635,-0.7314279658143821,0.3999247854096595,-1.5,-1.5270406476508152,0.0,-0.0019233536440879107
71.51621959600016,3.213767998210416,3.178103495040787,-0.7160010193033224,0.39994359054736073,-1.5,-1.5159040196684743,0.0,-0.0017617292469367385
71.55092799599879,3.248010808104426,3.192011077766133,-0.6998549260439979,0.39995769440063667,-1.5,-1.50548717316671,0.0,-0.0017162347212433815
71.5980295119989,3.279686383489471,3.210828535713715,-0.6777738545787647,0.3999682722905936,-1.5,-1.4976843334991856,0.0,-0.0014519355027005076
71.64914575999865,3.310372407480463,3.231261318290334,-0.6571229610614507,0.39997620570806136,-1.5,-1.490766794325844,0.0,-0.0011192194651812315
71.71382191999874,3.339908744642915,3.2571251470436433,-0.634890945735427,0.39998215577116214,-1.5,-1.4849135004224479,0.0,-0.0010635927319526672
71.76658058599787,3.3672933114830044,3.2782195264684093,-0.6095841587300992,0.3999866183184877,-1.5,-1.4806792011896528,0.0,-0.0008953694486990571
71.8291221920008,3.3944425395382525,3.303258666516552,-0.5861131342088592,0.3999899652289819,-1.5,-1.4766623908134764,0.0,-0.0007416559965349734
71.8545630410008,3.420397349619422,3.3133958430663037,-0.5605128173342095,0.39999247541185257,-1.5,-1.4738036295222854,0.0,-0.0006138680037111044
71.90321260799828,3.44513809018516,3.3328931533518826,-0.5357407826132728,0.3999943580490055,-1.5,-1.4716469776338987,0.0,-0.0004728053754661232
71.9555330539988,3.468741209151216,3.353821505642021,-0.5124759684155535,0.39999577002687026,-1.5,-1.470130402867509,0.0,-0.0002979936252813786
72.01468076799938,3.491413611726231,3.377367728585397,-0.4903873666716007,0.3999968290102688,-1.5,-1.4690999612515858,0.0,-0.00017137681425083429
72.06562067399864,3.5131237082838793,3.3978134307681906,-0.46887945288766,0.39999762324781774,-1.5,-1.4683527229455742,0.0,-0.00012992620759177953
72.12837786399905,3.533701294759688,3.422931288438723,-0.44710783777304164,0.3999982189259794,-1.5,-1.467985015781226,0.0,-8.397411147598177e-05
72.15880862599806,3.5531909897558873,3.435099369186334,-0.42566306698863554,0.3999986656846007,-1.5,-1.4679986751982141,0.0,-0.00014430256851483136
72.22233860900087,3.5717597660172005,3.4604780098584302,-0.404971436018181,0.39999900075356665,-1.5,-1.4683569642029668,0.0,-7.984078547451645e-05
72.25116839999828,3.5894557618404552,3.472083537016301,-0.3855730683473939,0.3999992520552911,-1.5,-1.4688636765971343,0.0,-0.00015381471894215792
72.31358022199856,3.6062518973959192,3.4970178893483266,-0.36778454801192817,0.3999994405315844,-1.5,-1.4693531156191553,0.0,-0.0001786697976058349
72.37656628900004,3.622243837038147,3.5222055461256647,-0.3520250442191242,0.39999958188880447,-1.5,-1.4699855753016413,0.0,-0.00024798570666462183
72.4071089909994,3.6376413072045315,3.534455959998874,-0.3375118337164894,0.39999968790671947,-1.5,-1.4707181679532049,0.0,-0.00038258510176092386
72.46985397699973,3.6524683101184774,3.5595468305721423,-0.32467993844188703,0.39999976742015575,-1.5,-1.4713039729899446,0.0,-0.0004907904076389968
72.49968702299884,3.6666064313978404,3.5714817733794546,-0.3120039941407362,0.39999982705523296,-1.5,-1.4719068533349955,0.0,-0.0006215872708708048
72.56328300899986,3.6801539655181807,3.5969250330459785,-0.3002566377498602,0.39999987178154084,-1.5,-1.472572238666297,0.0,-0.0007200744585134089
72.62766214699877,3.6932684759958523,3.6226518221533826,-0.2903561339150905,0.3999999053262717,-1.5,-1.4732376939325735,0.0,-0.0008103038417175412
72.65775229399878,3.706018640554681,3.634700064535861,-0.2816844752366076,0.3999999304848199,-1.5,-1.4737874108871054,0.0,-0.0009952657856047153
72.720861460999,3.718350381956393,3.659931994934853,-0.27464399819268626,0.39999994935373107,-1.5,-1.4740850408945159,0.0,-0.0010576237691566348
72.75242366800012,3.7302788428077047,3.672565222084244,-0.26727491498634603,0.39999996350541445,-1.5,-1.4745536937786126,0.0,-0.0013080028584226966
72.81520203699984,3.7419160617108846,3.6976789938052783,-0.2606096124451704,0.399999974119177,-1.5,-1.4751074446939665,0.0,-0.001477142795920372
72.87723780599845,3.7533378897443197,3.7224886393002206,-0.2559053848625952,0.39999998207949883,-1.5,-1.475411801147322,0.0,-0.0014640218578279018
72.90758923199974,3.7645960931533087,3.734646079122556,-0.25262025485805106,0.39999998804974024,-1.5,-1.4755020696169951,0.0,-0.0015543174231424928
72.97031700400112,3.775729023347463,3.7596755471913466,-0.25086420463192044,0.3999999925274213,-1.5,-1.4755111689367049,0.0,-0.0016472289571538568
73.00089333099822,3.786762613792162,3.7718491997150565,-0.24848338100043627,0.3999999958856821,-1.5,-1.475617755930482,0.0,-0.0018272614106535912
73.06228197000019,3.7975645137297573,3.796467253053133,-0.24603990292957628,0.39999999840437767,-1.5,-1.475623855903406,0.0,-0.0018582657212391496
73.12430819200017,3.8085189083973314,3.8213252509656535,-0.24620816644732713,0.4000000002933994,-1.5,-1.4752664758814988,0.0,-0.001782332081347704
73.1559305419978,3.8195282511476125,3.8339621986515176,-0.24696944330275578,0.40000000171016564,-1.5,-1.4749891323721096,0.0,-0.0018036516848951578
73.2185231020012,3.8305978757802155,3.858987852664103,-0.24902211056896645,0.40000000277274034,-1.5,-1.4747317229148516,0.0,-0.001807359280064702
73.25160660300025,3.841705149715093,3.872133776395921,-0.250325965169452,0.40000000356967136,-1.5,-1.474367219893298,0.0,-0.0019475221633911133
73.31452717700085,3.8529158590939168,3.897383925432181,-0.2519313197951089,0.40000000416736964,-1.5,-1.4739238083323412,0.0,-0.0019707041792571545
73.37667856299959,3.8642902942937987,3.9222750161124686,-0.2549521881369442,0.40000000461564333,-1.5,-1.4735020311697902,0.0,-0.001981823705136776
73.40815519099851,3.875812425225625,3.9348184084491478,-0.25861866298669267,0.4000000049518486,-1.5,-1.4730973607179618,0.0,-0.002055399352684617
73.47200689199963,3.887696666639666,3.9603934743946727,-0.2637241955687888,0.4000000052040026,-1.5,-1.4723842245420804,0.0,-0.001992391422390938
73.50370096500046,3.8995905578554253,3.9731000404229264,-0.26723117730808316,0.4000000053931181,-1.5,-1.4717315473786075,0.0,-0.002104409271851182
73.56688740499885,3.9117532640900277,3.9983680232554795,-0.27147122595395834,0.4000000055349547,-1.5,-1.4709848474711351,0.0,-0.0020712711848318577
73.63126778899823,3.92480590004131,4.024068402035909,-0.2784841316860646,0.40000000564133215,-1.5,-1.469955816051003,0.0,-0.0020885425619781017
73.663343152999,3.9375540704355205,4.036943768431001,-0.28390784618286213,0.4000000057211152,-1.5,-1.4692485648888367,0.0,-0.001995187485590577
73.72380341999815,3.9506941822631054,4.061126469891338,-0.2915295676355253,0.4000000057809525,-1.5,-1.4680758230886182,0.0,-0.0020265793427824974
73.75518619200011,3.9641955859666678,4.073673009380713,-0.2982975551914484,0.4000000058258305,-1.5,-1.4669237455193227,0.0,-0.0019431010587140918
73.81797467900105,3.9775839868136975,4.09868426310403,-0.30416068978816524,0.400000005859489,-1.5,-1.4659503670310015,0.0,-0.0019919397309422493
73.88206311400063,3.991825767871851,4.124334478630317,-0.31249057978391925,0.4000000058847329,-1.5,-1.4645228705306,0.0,-0.0019800146110355854
73.91334279399962,4.00651291223454,4.1369092468823165,-0.32050426403240595,0.4000000059036658,-1.5,-1.4631198246180075,0.0,-0.0018621209310367703
73.97647067499929,4.021636479672838,4.162172461367406,-0.3290705334725804,0.40000000591786544,-1.5,-1.4616874207613733,0.0,-0.0019902950152754784
74.0070242369984,4.037078504917782,4.174420119324811,-0.3364945678179031,0.4000000059285152,-1.5,-1.4603555651234252,0.0,-0.0019882493652403355
74.06593191199863,4.052737783942262,4.197971488387722,-0.34366660915678293,0.40000000593650253,-1.5,-1.4590118445738307,0.0,-0.0017976623494178057
74.12317228200118,4.068859889895301,4.220877219929187,-0.35176739999129625,0.400000005942493,-1.5,-1.4573375697510431,0.0,-0.0018133519915863872
74.15016058199762,4.0854701037354735,4.231627323085839,-0.3601438097882188,0.40000000594698587,-1.5,-1.455798874229349,0.0,-0.00181580928619951
74.19976325899916,4.102468528809806,4.2513932726291435,-0.3689725309051688,0.4000000059503555,-1.5,-1.4541878347028996,0.0,-0.0017737745074555278
74.25665116899836,4.119674873548994,4.2742534185382,-0.3765193881567368,0.40000000595288276,-1.5,-1.4527259702709656,0.0,-0.0017497849185019732
74.31664348999766,4.137312776051578,4.298261120769381,-0.3838446081200704,0.4000000059547782,-1.5,-1.451060137032747,0.0,-0.0016386021161451936
74.36696396000116,4.155316597022299,4.318393758093092,-0.3906013942416723,0.4000000059561998,-1.5,-1.4494853025781935,0.0,-0.0016623430419713259
74.40125969499786,4.173516439795999,4.332105782986028,-0.3959412384936465,0.4000000059572659,-1.5,-1.4481396450757447,0.0,-0.0016921607311815023
74.45631693500036,4.191689973402368,4.354131845325829,-0.40049716852394757,0.40000000595806556,-1.5,-1.4469141929659561,0.0,-0.001645366894081235
74.51539896699978,4.210188411376418,4.377758840764462,-0.4048991452040205,0.4000000059586653,-1.5,-1.4455297913877485,0.0,-0.0016584881814196706
74.5665152319998,4.2290118477390255,4.398179106266432,-0.4095327497036323,0.4000000059591151,-1.5,-1.4443120050487648,0.0,-0.0014874259941279888
74.63093918400045,4.248052594615391,4.423872237142405,-0.41397510778733504,0.4000000059597055,-1.5,-1.4432680652157002,0.0,-0.0016335524851456285
74.66744584000116,4.267173389900013,4.438485198175557,-0.4178273010471628,0.4000000059597055,-1.5,-1.4423317613976763,0.0,-0.0016602955292910337
74.71605773600095,4.286610714806289,4.458026080577307,-0.4218939002990001,0.4000000059598952,-1.5,-1.4413948673169141,0.0,-0.001486424938775599
74.76820885599955,4.30638950984621,4.478904968064918,-0.4267073782033217,0.40000000596003754,-1.5,-1.4405147192909173,0.0,-0.0014732868876308203
74.82283880799878,4.326446415995321,4.500709110388103,-0.4321350098546707,0.40000000596022434,-1.5,-1.4396587442543176,0.0,-0.001401424640789628
74.85054344699893,4.346610105115055,4.511807018573487,-0.43834797549205917,0.40000000596022434,-1.5,-1.4386765780372692,0.0,-0.0015160085167735815
74.9018868969979,4.367162488572623,4.532375294331629,-0.4441169783921666,0.4000000059602844,-1.5,-1.437513782807952,0.0,-0.0013683291617780924
74.94938927000112,4.388086904481254,4.551350457120479,-0.44965197773779186,0.4000000059603294,-1.5,-1.4364288411249002,0.0,-0.001486759283579886
75.00043646799895,4.4092960129208265,4.571688039058048,-0.4551530377860151,0.40000000596036317,-1.5,-1.4353583421744958,0.0,-0.0014941474655643106
75.06477906799773,4.430606598842315,4.597475774427662,-0.45987547566310505,0.4000000059603885,-1.5,-1.4343202038018084,0.0,-0.0016118934145197272
75.1176179920003,4.4518165651765775,4.618654878594571,-0.46315112538216086,0.40000000596040747,-1.5,-1.433411692395798,0.0,-0.0015069834189489484
75.16673724599968,4.4736327886640135,4.638289697917912,-0.4666864946110021,0.40000000596042173,-1.5,-1.4323567021355883,0.0,-0.001481533981859684
75.22295936299997,4.495561560996023,4.66078506339594,-0.46956904193448634,0.4000000059604404,-1.5,-1.4314911229462852,0.0,-0.001424945774488151
75.25079879400073,4.5174275395035055,4.6719098651974535,-0.4725198318169943,0.4000000059604404,-1.5,-1.4306872890388997,0.0,-0.001424261019565165
75.30034994599919,4.539586803052766,4.69173513328462,-0.4759632762766769,0.4000000059604464,-1.5,-1.42970766893149,0.0,-0.0012642075307667255
75.34919132099822,4.56203507008411,4.71126209204117,-0.47966858232195714,0.40000000596045093,-1.5,-1.4287214421345729,0.0,-0.0012798105599358678
75.40009758399901,4.584667460826806,4.731582603208226,-0.48350859542331454,0.4000000059604543,-1.5,-1.4277795932997754,0.0,-0.0011604836909100413
75.44885602399881,4.607258293226514,4.751159153029969,-0.4866394742983675,0.4000000059604569,-1.5,-1.426779958467566,0.0,-0.0011668564984574914
75.50122672499856,4.630046460620216,4.772104893088178,-0.48863985590188475,0.40000000596045876,-1.5,-1.4257289691212949,0.0,-0.0010343153262510896
75.54985085299995,4.653387366486433,4.791561375311696,-0.49044095238220786,0.4000000059604602,-1.5,-1.4246560845049119,0.0,-0.0010267483303323388
75.60120861099858,4.676384501942274,4.812087403297001,-0.49113910717540227,0.40000000596046126,-1.5,-1.4238745556424979,0.0,-0.0008085968438535929
75.65672593999989,4.699250280416469,4.834305344912254,-0.49174451650285345,0.40000000596046204,-1.5,-1.4230227070267367,0.0,-0.0006642482476308942
75.71745058899978,4.723292059349366,4.858571683622239,-0.4930791061244216,0.40000000596046265,-1.5,-1.421697277713165,0.0,-0.0004296262050047517
75.76760957599981,4.74639816079203,4.878639566459116,-0.49212517566783576,0.4000000059604631,-1.5,-1.4210991262456711,0.0,-0.0006698788492940366
75.83189057300115,4.769379577881844,4.904345190468868,-0.4922242183013658,0.4000000059604637,-1.5,-1.4203774849278457,0.0,-0.0005980120040476322
75.85418221700093,4.792268428752181,4.913257467823351,-0.49227792377882684,0.4000000059604637,-1.5,-1.4196063555117044,0.0,-0.000490322767291218
75.91632836400095,4.814646269291884,4.938095057457376,-0.49191179727393414,0.4000000059604639,-1.5,-1.4190720724408568,0.0,-0.0004314689722377807
75.96730519799894,4.837819401433843,4.958524764335289,-0.49358571372665294,0.40000000596046403,-1.5,-1.4181266804935737,0.0,-0.00016714278899598867
76.00261838599909,4.861084490395461,4.972666610249144,-0.4953296393742184,0.40000000596046426,-1.5,-1.4173107849654023,0.0,-5.5883290769997984e-05
76.04985307599782,4.884228640235873,4.991522373011806,-0.49778213154123174,0.40000000596046426,-1.5,-1.4165055057700267,0.0,0.00020016882626805454
76.10629000399786,4.907569525983144,5.014064563899469,-0.49940229907409556,0.4000000059604643,-1.5,-1.4155459576197957,0.0,0.00017241000023204833
76.1683661499992,4.931046185070442,5.038955368561142,-0.5004995283876588,0.40000000596046437,-1.5,-1.4147036206872585,0.0,0.00020119317923672497
76.20121270600066,4.954448800852852,5.052102055310998,-0.5003158621250487,0.40000000596046437,-1.5,-1.4139602900068755,0.0,0.00017557486717123538
76.26292153599934,4.977498776121121,5.076770272383905,-0.49890027194477193,0.40000000596046437,-1.5,-1.4133827952555331,0.0,0.0001733962126309052
76.32584376299928,5.000596509644973,5.101928201225585,-0.49692836057449724,0.40000000596046437,-1.5,-1.4127741909855915,0.0,0.0003498448058962822
76.35951559200112,5.023750675818313,5.115388932932513,-0.4953550258727775,0.40000000596046437,-1.5,-1.4122722979312134,0.0,0.0003381343267392367
76.42169283600015,5.046859261674333,5.140288988235193,-0.4942239373916058,0.40000000596046437,-1.5,-1.4118042941218576,0.0,0.00025648612063378096
76.48353099700034,5.069760506428406,5.165019670976756,-0.49254184898692643,0.40000000596046437,-1.5,-1.4113937523638833,0.0,0.00035312018007971346
76.51567122399865,5.092736767256746,5.177812067712788,-0.49120102843037106,0.40000000596046437,-1.5,-1.4108915208223258,0.0,0.0005225557833909988
76.57872896499975,5.115773226408114,5.203053729160695,-0.4905480597200245,0.40000000596046437,-1.5,-1.4104317376998279,0.0,0.000626523862592876
76.60894453500077,5.138760494730131,5.215160434053013,-0.4894218041712608,0.40000000596046437,-1.5,-1.4100369081614554,0.0,0.0006741330143995583
76.67165315099919,5.161547680300166,5.240268008890036,-0.488455318083917,0.40000000596046437,-1.5,-1.409595659086485,0.0,0.0007401090115308762
76.73289919400122,5.184418660217445,5.26472775275427,-0.4879009459287389,0.40000000596046437,-1.5,-1.4090064428967115,0.0,0.0007747641648165882
76.76497110399941,5.207363522417105,5.277583759568154,-0.48730111529481906,0.40000000596046437,-1.5,-1.4085044010696315,0.0,0.0008705974323675036
76.82719221099978,5.230219733102474,5.302481526052441,-0.48689068421088527,0.40000000596046437,-1.5,-1.4080953850771694,0.0,0.00090518977958709
76.85775741500038,5.252714732148166,5.314687031605411,-0.4854085821281624,0.40000000596046437,-1.5,-1.407764291320685,0.0,0.0008037843508645892
76.92068161399948,5.275261075778536,5.339883012052882,-0.48361960494138345,0.40000000596046437,-1.5,-1.407407194921443,0.0,0.0008398732170462608
76.95249372800026,5.297840928719528,5.352601594395724,-0.48213484709028104,0.40000000596046437,-1.5,-1.4071198920956787,0.0,0.0008642595494166017
77.01352418899842,5.320360285668287,5.377008218599743,-0.4804858941869954,0.40000000596046437,-1.5,-1.406905929070128,0.0,0.000850717187859118
77.07666808100112,5.3426334650517395,5.402278108807836,-0.47891460903959815,0.40000000596046437,-1.5,-1.4067322841643268,0.0,0.0009288639412261546
77.10839330199815,5.364926105833802,5.414943952960195,-0.4768108892778786,0.40000000596046437,-1.5,-1.4064718699357197,0.0,0.0010580576490610838
77.17151731600097,5.387193777862604,5.440199919523062,-0.47481210579584554,0.40000000596046437,-1.5,-1.4062714464045953,0.0,0.0011142207076773047
77.20435671999803,5.408894593965289,5.453346415538052,-0.47154179207927266,0.40000000596046437,-1.5,-1.406335915345758,0.0,0.0010501256911084056
77.26466942899788,5.430555012210219,5.477449962039801,-0.46896706716797093,0.40000000596046437,-1.5,-1.4062635109712238,0.0,0.0011162697337567806
77.32777974800047,5.452215063998179,5.502670451917568,-0.46633101106846253,0.40000000596046437,-1.5,-1.4063085198767837,0.0,0.0010803007753565907
77.360240815,5.4738672467220555,5.515675994866493,-0.4636943344813082,0.40000000596046437,-1.5,-1.4064548389814777,0.0,0.0011251033283770084
77.42210670599889,5.4953501460854906,5.540450069790099,-0.4613677702792745,0.40000000596046437,-1.5,-1.4066903363040744,0.0,0.001099543645977974
77.4547744679985,5.51638937171389,5.553505108436783,-0.458173124986066,0.40000000596046437,-1.5,-1.4070167968639242,0.0,0.0011087741004303098
77.51635486699888,5.537438348770443,5.5781495790188576,-0.45501737197300884,0.40000000596046437,-1.5,-1.407371003575172,0.0,0.0011453167535364628
77.57959321299859,5.558487009209005,5.603438256611264,-0.4526208691220128,0.40000000596046437,-1.5,-1.4077727160964228,0.0,0.0012144879437983036
77.61085228599768,5.579676891489681,5.615851949270608,-0.4504948709973467,0.40000000596046437,-1.5,-1.4081344305942618,0.0,0.0011885587591677904
77.67356301600012,5.600511674247317,5.641008829070524,-0.447916427741728,0.40000000596046437,-1.5,-1.4086091204002162,0.0,0.0011952556669712067
77.70401350500106,5.621301970055351,5.653183626310048,-0.44489772725540705,0.40000000596046437,-1.5,-1.4090020702303783,0.0,0.0010467513930052519
77.76735966300112,5.642068871146465,5.678557085550446,-0.4422543642315384,0.40000000596046437,-1.5,-1.4094268063400606,0.0,0.001134388381615281
77.82991397200021,5.663725228619699,5.7035542248999835,-0.4412868117408529,0.40000000596046437,-1.5,-1.409554895373322,0.0,0.001192812342196703
77.86221927799852,5.684185292557345,5.716465163355311,-0.43853497242119144,0.40000000596046437,-1.5,-1.4102314514616625,0.0,0.001201075967401266
77.92449492599917,5.704642901150205,5.741354251403189,-0.43701153008431914,0.40000000596046437,-1.5,-1.4104876074889467,0.0,0.0011052179615944624
77.95524483500049,5.725058150934455,5.753694797241375,-0.4346337847591555,0.40000000596046437,-1.5,-1.4108887368535608,0.0,0.0011352220317348838
78.01877903499917,5.744658638108271,5.7791042100040375,-0.43194106977479396,0.40000000596046437,-1.5,-1.411600970603122,0.0,0.0012159559410065413
78.04923549500018,5.764828186131116,5.791315819072723,-0.4309498452051208,0.40000000596046437,-1.5,-1.4118655594386542,0.0,0.0012964315246790648
78.1100197550004,5.785007399547838,5.815541054419059,-0.42921324363963326,0.40000000596046437,-1.5,-1.412290739664418,0.0,0.0012826339807361364
78.1734592569992,5.805181742553065,5.840903737139522,-0.42790279177954094,0.40000000596046437,-1.5,-1.4127718761755823,0.0,0.0012064141919836402
78.23659591500109,5.825208692496018,5.866232182951515,-0.42660454252186386,0.40000000596046437,-1.5,-1.4133316565706897,0.0,0.0011789260897785425
78.26666426099837,5.845063398600134,5.878245046289701,-0.4253515479427368,0.40000000596046437,-1.5,-1.4139074788895136,0.0,0.0011906508589163423
78.32805412200105,5.864881291438627,5.902729299584232,-0.42294995450137757,0.40000000596046437,-1.5,-1.4145119648651774,0.0,0.0010498480405658484
78.35920635200091,5.884660513811973,5.915286997067499,-0.42058597682396714,0.40000000596046437,-1.5,-1.4151489475629084,0.0,0.0011636700946837664
78.42269323299843,5.9042995028038545,5.940548876411215,-0.41883619353724155,0.40000000596046437,-1.5,-1.4158427078229119,0.0,0.0012154525611549616
78.45390977399802,5.923835610978734,5.953172186688429,-0.41805935369408587,0.40000000596046437,-1.5,-1.4164764200384832,0.0,0.001233180402778089
78.5138880179984,5.943444671335749,5.977174166873967,-0.4175027264962137,0.40000000596046437,-1.5,-1.4170300529229451,0.0,0.001321499701589346
78.5764390910008,5.963109825090029,6.002177886576385,-0.4174177719207417,0.40000000596046437,-1.5,-1.4175326783444984,0.0,0.0013381368480622768
78.60864571300044,5.982712025378129,6.014975337786369,-0.4171857052478848,0.40000000596046437,-1.5,-1.418067035842954,0.0,0.0013418542221188545
78.64541779399951,6.001974225176637,6.029654769920393,-0.4169282526056515,0.40000000596046437,-1.5,-1.41849087805691,0.0,0.0012543670600280166
78.7049825360009,6.021271595912169,6.053511696240244,-0.41542713358417555,0.40000000596046437,-1.5,-1.418744130918146,0.0,0.0013945532264187932
78.76552389199787,6.040592071530614,6.077847939278664,-0.4140637766405073,0.40000000596046437,-1.5,-1.4191401519821443,0.0,0.0014935906510800123
78.82897449699885,6.059762101680932,6.103191929982247,-0.4124244287539641,0.40000000596046437,-1.5,-1.4196502777886433,0.0,0.0014517229283228517
78.86097433000032,6.078489839781109,6.115955621120927,-0.4094881991642887,0.40000000596046437,-1.5,-1.4202390005075194,0.0,0.001320645329542458
78.92365445500036,6.097180367161333,6.140880090486471,-0.4059320514217556,0.40000000596046437,-1.5,-1.420768749465794,0.0,0.0012560978066176176
78.98686365699905,6.1158550268412295,6.166337854537696,-0.4029474720741659,0.40000000596046437,-1.5,-1.4213933306651854,0.0,0.0012228123378008604
79.01795281899831,6.13444064999358,6.178794271807051,-0.40128063177382794,0.40000000596046437,-1.5,-1.422134280784277,0.0,0.0013574619079008698
79.0509933889989,6.152695948693899,6.192003901062728,-0.4011368093533776,0.40000000596046437,-1.5,-1.422875761850681,0.0,0.001361141330562532
79.1124582199991,6.171096092737787,6.216600783295705,-0.40074063729669296,0.40000000596046437,-1.5,-1.4235128645307211,0.0,0.0013415339635685086
79.17516161800086,6.189653579991505,6.24168194135377,-0.4010548228992588,0.40000000596046437,-1.5,-1.4242158587616145,0.0,0.001400293200276792
79.20677784399959,6.208201668374131,6.254269107373853,-0.40183346724399005,0.40000000596046437,-1.5,-1.4249028959912806,0.0,0.0013078885385766625
79.26988187000097,6.226414654429033,6.2795530165946065,-0.40156289564179914,0.40000000596046437,-1.5,-1.4256145898259602,0.0,0.0011295881122350693
79.33184826900106,6.244425910639678,6.3043643801845395,-0.4000749184539867,0.40000000596046437,-1.5,-1.4264053892987167,0.0,0.0012342348927631974
79.36291963799886,6.26291339181543,6.316782173643505,-0.40014107153510725,0.40000000596046437,-1.5,-1.427076096852672,0.0,0.001300936914049089
79.42456470699835,6.281481443179848,6.341447338958554,-0.40131538284910656,0.40000000596046437,-1.5,-1.4278171830343243,0.0,0.001368378521874547
79.45518207900022,6.299931112635527,6.353654847227618,-0.4023065983142179,0.40000000596046437,-1.5,-1.428530493969736,0.0,0.001232715556398034
79.51650543600044,6.318640192067593,6.378208814115718,-0.40394267250026866,0.40000000596046437,-1.5,-1.4290729427100213,0.0,0.0013003279455006123
79.57972953599892,6.337642852805175,6.40349329554107,-0.40699960841608296,0.40000000596046437,-1.5,-1.4295743673783328,0.0,0.0013074941234663129
79.61200795100012,6.3568409553868985,6.416426454608301,-0.41115972842807114,0.40000000596046437,-1.5,-1.4299799745354043,0.0,0.0012868413468822837
79.67441985199912,6.375937149835666,6.441214643912,-0.415767192947129,0.40000000596046437,-1.5,-1.4302745914906414,0.0,0.0013134481851011515
79.70480789499925,6.3956833595378,6.45351141609841,-0.41923603992704067,0.40000000596046437,-1.5,-1.430430583930884,0.0,0.0013449324760586023
79.76675778600111,6.415392463880245,6.478289019617039,-0.4222140152747075,0.40000000596046437,-1.5,-1.4306895103741726,0.0,0.0013419156894087791
79.82941362099882,6.435219308662799,6.503372943330662,-0.42594574511177585,0.40000000596046437,-1.5,-1.4308057365313434,0.0,0.0013039568439126015
79.8625707459978,6.4558637509384385,6.516614902146147,-0.43022840713223126,0.40000000596046437,-1.5,-1.4306292837165016,0.0,0.0012606881791725755
79.92318833299942,6.475781606984755,6.540885723125486,-0.4327421570759943,0.40000000596046437,-1.5,-1.4308369973777912,0.0,0.0012671095319092274
79.95464754500063,6.49592956918901,6.553466404160121,-0.43462514365653626,0.40000000596046437,-1.5,-1.4308044608877433,0.0,0.0012452497612684965
80.017758031001,6.516164842940895,6.5786436925907115,-0.4364483539808307,0.40000000596046437,-1.5,-1.4307939946789219,0.0,0.0013086209073662758
80.07501360699825,6.535472137516318,6.601592053375784,-0.43792625121806783,0.40000000596046437,-1.5,-1.4308940580498972,0.0,0.0014105604495853186
80.10856991800028,6.555750462619129,6.614949502152706,-0.4399022441663616,0.40000000596046437,-1.5,-1.4305889214262137,0.0,0.0013167063007131219
80.16954696600078,6.576236981418663,6.639427556564089,-0.4415791367375075,0.40000000596046437,-1.5,-1.4304453914352568,0.0,0.0012616117019206285
80.2196621740004,6.596749322938287,6.659428396095523,-0.44239443659717614,0.40000000596046437,-1.5,-1.4303758395823236,0.0,0.001326716155745089
80.24372860400035,6.616994565584554,6.669035997404459,-0.4431557946549699,0.40000000596046437,-1.5,-1.4303366172521532,0.0,0.001415601815097034
80.32140097500087,6.637434095155208,6.700148764133944,-0.44369102657398996,0.40000000596046437,-1.5,-1.4302795774311905,0.0,0.0014973478391766548
80.36975845599954,6.658014755239351,6.719505968859645,-0.44369416489165414,0.40000000596046437,-1.5,-1.43028722722224,0.0,0.0014576296089217067
80.42196122499809,6.678533512776291,6.740377036217767,-0.44357595731344124,0.40000000596046437,-1.5,-1.430282218746553,0.0,0.001388738863170147
80.46937107600024,6.698590530554242,6.7593274034740265,-0.443007114480921,0.40000000596046437,-1.5,-1.4302616854717851,0.0,0.001322545693255961
80.52386799799933,6.718799331958918,6.781078521504442,-0.44143453584542636,0.40000000596046437,-1.5,-1.430225913140772,0.0,0.00126895762514323
80.55304209300084,6.73915874244377,6.792807952831568,-0.44094053181649084,0.40000000596046437,-1.5,-1.4302016500009984,0.0,0.0014776038005948067
80.60260920400106,6.759491623347261,6.812586681611402,-0.4408942857034126,0.40000000596046437,-1.5,-1.4301798798886165,0.0,0.0015208792174234986
80.64842502899774,6.779447199361312,6.830961220306834,-0.44112153784161345,0.40000000596046437,-1.5,-1.430130737834041,0.0,0.0015789279714226723
80.71991686299953,6.799625789782512,6.8595328264149575,-0.44128887680294915,0.40000000596046437,-1.5,-1.4300138519815553,0.0,0.0015017347177490592
80.76934680799968,6.819952052600119,6.879358189869558,-0.44110633309383807,0.40000000596046437,-1.5,-1.429883915157651,0.0,0.0014618018176406622
80.82033603599848,6.840233113387123,6.899711888903321,-0.44045061170880406,0.40000000596046437,-1.5,-1.4297303444904776,0.0,0.0014594459207728505
80.87390859199877,6.860128335036258,6.921131986573579,-0.4395898625114142,0.40000000596046437,-1.5,-1.4295819253551587,0.0,0.001404112670570612
80.90446446799979,6.880221134455262,6.933338636535746,-0.4386720900003468,0.40000000596046437,-1.5,-1.4294010158952273,0.0,0.0014885903801769018
80.95276254999771,6.900504434202753,6.952708334395178,-0.43889274734268113,0.40000000596046437,-1.5,-1.4292734074385685,0.0,0.0014245547354221344
81.00890589700066,6.920817642605027,6.975151438519889,-0.43954529363483874,0.40000000596046437,-1.5,-1.4290659879666192,0.0,0.0014848309801891446
81.06795286000124,6.940830121798989,6.99878253475825,-0.4405040743186588,0.40000000596046437,-1.5,-1.4288877788384093,0.0,0.0014522930141538382
81.11764774199764,6.961045615316533,7.018643279530517,-0.4407471017865989,0.40000000596046437,-1.5,-1.4287159275498857,0.0,0.0013660911936312914
81.17609176800033,6.981398571173108,7.041913696137039,-0.44031215399034407,0.40000000596046437,-1.5,-1.4285451211241025,0.0,0.001451878692023456
81.20327530299983,7.0016980690720185,7.05289916611885,-0.43986087131812923,0.40000000596046437,-1.5,-1.4283993519501106,0.0,0.0014955883380025625
81.25951920900116,7.0215910159751544,7.075393864024848,-0.43981752750345415,0.40000000596046437,-1.5,-1.4282836496061098,0.0,0.0016418448649346828
81.32022578200122,7.041736575672903,7.099616619817924,-0.4400797207851385,0.40000000596046437,-1.5,-1.4280648314589732,0.0,0.0015782549744471908
81.3746351209993,7.061765231821254,7.121355244714609,-0.44081670685501567,0.40000000596046437,-1.5,-1.4279302251069936,0.0,0.0015311397146433592
81.4032265249989,7.082143872976375,7.1328802082652505,-0.4423079996215706,0.40000000596046437,-1.5,-1.4276274748028246,0.0,0.0015214848099276423
81.45299373200032,7.1020877472737345,7.152774522373955,-0.44275045380823785,0.40000000596046437,-1.5,-1.4274186620730713,0.0,0.0013904147781431675
81.50377616499827,7.122298300152628,7.173121354952537,-0.443047624437099,0.40000000596046437,-1.5,-1.4271528113347791,0.0,0.0011851529125124216
81.55366696299825,7.14274105859357,7.193065641596165,-0.4438589153816193,0.40000000596046437,-1.5,-1.4268788753608845,0.0,0.0012993959244340658
81.61005448599826,7.163168967675733,7.215635202937117,-0.4444517648759603,0.40000000596046437,-1.5,-1.4265783359768296,0.0,0.0012828514445573092
81.65995654400103,7.183172303067252,7.235595415942067,-0.4443312225442933,0.40000000596046437,-1.5,-1.4263486819681108,0.0,0.001298757386393845
81.71061904299859,7.203385254118809,7.255816363509007,-0.44369288565787046,0.40000000596046437,-1.5,-1.4261193473994531,0.0,0.0011788546107709408
81.77065950199903,7.223767470985604,7.279843520696874,-0.4431106220437935,0.40000000596046437,-1.5,-1.4258572722808176,0.0,0.0011838210048153996
81.81969974999811,7.244529421260799,7.299456119408314,-0.44315160214210886,0.40000000596046437,-1.5,-1.4255322388322085,0.0,0.0009253395837731659
81.8712346680004,7.264638274581742,7.32010679262863,-0.44303655698373967,0.40000000596046437,-1.5,-1.4253720503547516,0.0,0.0006379017140716314
81.9200888489977,7.284975950051685,7.339649105541904,-0.4430394337361228,0.40000000596046437,-1.5,-1.4251218955563725,0.0,0.0007745815673843026
81.97065956599909,7.306386839163033,7.359839154060532,-0.4441390318300278,0.40000000596046437,-1.5,-1.4246351075663934,0.0,0.0006749064195901155
82.02021132899972,7.32683825261008,7.379666520231227,-0.44426859581271333,0.40000000596046437,-1.5,-1.4246062662673173,0.0,0.0005568527267314494
82.07466247499906,7.3471815615101255,7.40139885087733,-0.4450879998849494,0.40000000596046437,-1.5,-1.424362488351236,0.0,0.0004833124694414437
82.13788744300109,7.367751638238478,7.4267259615452605,-0.4456651596216524,0.40000000596046437,-1.5,-1.4241828268787091,0.0,0.0005455408827401698
82.1690735259981,7.387794547340349,7.439208795593574,-0.4457756300667614,0.40000000596046437,-1.5,-1.4241639218298803,0.0,0.00043300341349095106
82.23252891499942,7.40832884207753,7.464609243817529,-0.4467174994761089,0.40000000596046437,-1.5,-1.4238760203474334,0.0,0.00040996799361892045
82.26399070299885,7.428676154721342,7.477198889390872,-0.4470071562689746,0.40000000596046437,-1.5,-1.4236887430185976,0.0,0.00029172305949032307
82.32749342099851,7.449305475006398,7.502568152464216,-0.4476361384185265,0.40000000596046437,-1.5,-1.4235252758994799,0.0,0.00018384744180366397
82.35930849899887,7.470211312859903,7.515243724094747,-0.44954614833897294,0.40000000596046437,-1.5,-1.4233799297470213,0.0,0.0001246101746801287
82.42154031099926,7.491108930039519,7.540203574777957,-0.4518063948300219,0.40000000596046437,-1.5,-1.4232830391038191,0.0,6.940799357835203e-05
82.45273581999936,7.512015070829915,7.552733615705636,-0.45444335969023214,0.40000000596046437,-1.5,-1.4231701000504071,0.0,4.2759751522680745e-05
82.51489299500099,7.53324106070563,7.577565674028543,-0.45674656522713136,0.40000000596046437,-1.5,-1.4231233018148293,0.0,-8.198769501177594e-05
82.5769145339982,7.554726957229478,7.602363686177847,-0.45914171762751904,0.40000000596046437,-1.5,-1.4230397779060233,0.0,-0.00010222141281701624
