t,r,r_hold,vel_r_measured,v_r,v_theta,vel_theta,v_z,vel_z,yaw,yaw_target
12.307837067000946,9.191214036726734,9.191214036726734,-0.01930830701442453,0.0,0.0,-0.006028661499803397,0.0,0.0007356909336522222,-1.8099064343181195,-1.5849582382661302
12.339034475000517,9.191373009548052,9.191373009548052,-0.019222608155125276,0.0,0.0,-0.005999505756383469,0.0,0.0008286356460303068,-1.8099064343181195,-1.5849632076469227
12.369312263999745,9.191509251716798,9.191509251716798,-0.019224690147356845,0.0,0.0,-0.0060335854223385645,0.0,0.0008121597929857671,-1.8099064343181195,-1.5849694019768217
12.431628223999724,9.191301523237868,9.191301523237868,-0.019201478807806833,0.0,0.0,-0.006015056674455052,0.0,0.000872764503583312,-1.809557368467721,-1.5849928303307943
12.462754549000238,9.191283300003095,9.191283300003095,-0.018943044037720853,0.0,0.0,-0.00595259150718185,0.0,0.0009239038336090744,-1.8083356379913251,-1.585006663002903
12.526180742001088,9.19142804508063,9.19142804508063,-0.018843732222804478,0.0,0.0,-0.005995869422654062,0.0,0.0008778159972280264,-1.8017033868337462,-1.5850122177532804
12.559162794999793,9.191532836168534,9.191532836168534,-0.018807462526628668,0.0,0.0,-0.0061125188586752255,0.0,0.00103056023363024,-1.7954202015265668,-1.5850185686218523
12.620036699001503,9.1913153585705,9.1913153585705,-0.018803426360954324,0.0,0.0,-0.006231584845712687,0.0,0.0010556805646046996,-1.7746507834278344,-1.5850403025919182
12.652653660001306,9.191272165022943,9.191272165022943,-0.018541561120774215,0.0,0.0,-0.0062280068509854595,0.0,0.0010819999733939767,-1.760339083561481,-1.5850527748208467
12.714178870000978,9.191409039674047,9.191409039674047,-0.018443592596154964,0.0,0.0,-0.006265528118586013,0.0,0.0010226269951090217,-1.724908899745996,-1.5850564781141965
12.776650712001356,9.191519240854621,9.191519240854621,-0.018494193014416207,0.0,0.0,-0.006398746884009606,0.0,0.0009734315099194646,-1.685464458650924,-1.585060425362319
12.80882958300026,9.19128337524381,9.19128337524381,-0.01851642122341553,0.0,0.0,-0.00652261457867551,0.0,0.0008799417410045862,-1.6638223759261945,-1.5850800681680397
12.872329154000909,9.191238919986333,9.191238919986333,-0.01836013484646621,0.0,0.0,-0.006525237541341563,0.0,0.0009788689203560352,-1.6210618092523332,-1.5850901623802962
12.904720954000368,9.191359345232454,9.191359345232454,-0.018288155304719857,0.0,0.0,-0.006602553459942892,0.0,0.0007903924561105669,-1.600815989929199,-1.5850920650480962
12.967115057999763,9.191453119148182,9.191453119148182,-0.018293139443857666,0.0,-0.0999999936462518,-0.006732641984807551,0.0,0.0007390485261566937,-1.5662584707397116,-1.585094380418221
13.029752108001048,9.191198897450805,9.191198897450805,-0.018232286834381127,0.0,-0.09999999378816246,-0.006822910717746987,0.0,0.0007382714538834989,-1.5385077356330017,-1.5851121963297148
13.061928515000545,9.191133222302073,9.191133222302073,-0.017974020455326607,0.0,-0.09999999944670065,-0.006837649655616795,0.0,0.0007416023872792721,-1.5283848259714343,-1.5851204689670477
13.125461798999822,9.191231904055622,9.191231904055622,-0.017855211336739986,0.0,-0.09999999350459099,-0.007036575850964011,0.0,0.0005597163108177483,-1.515992988282275,-1.585116590802884
13.162370288000602,9.191307056353555,9.191307056353555,-0.01789448792892118,0.0,-0.0999999987904344,-0.008582538589837157,0.0,0.0005180008593015373,-1.5132004614790835,-1.5851006035468131
13.211466654000105,9.191046769378291,9.191046769378291,-0.017883557338412,0.0,-0.09999999673954243,-0.011431257607937706,0.0,0.00037761678686365485,-1.5133749944042834,-1.5850795311400503
13.263000793000174,9.19097794985464,9.19097794985464,-0.01771928310314987,0.0,-0.0999999962704541,-0.015167577683545923,0.0,0.00031084357760846615,-1.5200072455618616,-1.5850274550946701
13.311619115000212,9.191072817757991,9.191072817757991,-0.01765639666838594,0.0,-0.09999999679382876,-0.019545858361326315,0.0,0.0002454529167152941,-1.528559358896634,-1.584943107447174
13.363080811001055,9.191153295728968,9.191153295728968,-0.017688723047882687,0.0,-0.0999999962948299,-0.02428634086863787,0.0,0.00025824009208008647,-1.5390313344086,-1.5848354548056074
13.414871691000371,9.190906385487907,9.190906385487907,-0.017816239889478343,0.0,-0.09999999618152254,-0.029107658358648193,0.0,0.00016208863235078752,-1.5500269086961642,-1.584725049485741
13.470390259000851,9.190866597457891,9.190866597457891,-0.017746785321880964,0.0,-0.19999995488612637,-0.033651529976719746,0.0,2.291985583724454e-05,-1.561720614684526,-1.5845773804966774
13.501889540000775,9.190996566223467,9.190996566223467,-0.01783139865271224,0.0,-0.19999998703269278,-0.03821096549087006,0.0,-1.1028845619875938e-05,-1.568178332916905,-1.584397524674446
13.57013575000019,9.191111233318841,9.190996566223467,-0.01804058316534401,0.0,-0.4999988582294231,-0.04258886973053596,0.0,-5.239803431322798e-05,-1.5803956376808657,-1.5841994526902174
13.603884225000002,9.190903256105232,9.190996566223467,-0.018184744372644328,0.0,-0.49999971954402417,-0.04686168467458337,0.0,-4.688867193181068e-05,-1.5849334937360506,-1.584004012756729
13.670337665000261,9.190888046872917,9.190996566223467,-0.01815539864727853,0.0,-0.7999955247428837,-0.05183105857200782,0.0,-0.00018364253628533334,-1.5913912119684297,-1.5837666036710525
13.70235347200105,9.191041097976463,9.190996566223467,-0.01823125811291133,0.0,-0.7999989794541761,-0.0580496507307644,0.0,-0.0001821343757910654,-1.5920893436692274,-1.5834791916991209
13.774985218000438,9.191182660600557,9.190996566223467,-0.018432611382970393,0.0,-1.2999770306493694,-0.06717154814948365,0.0,-0.0003119221655651927,-1.5889477510156376,-1.5831343850500224
13.813054717000341,9.191027799772339,9.190996566223467,-0.018732078567161525,0.0,-1.2999936822768832,-0.08093248603269004,0.0,-0.00036034671938978136,-1.5877260205392416,-1.5827206443025408
13.876925612001287,9.19105454014575,9.190996566223467,-0.01888085156965546,0.0,-1.2999823494014477,-0.10046978347956378,0.0,-0.0006122910417616367,-1.5784757755036716,-1.5821778006456995
13.913366296999811,9.191254298612655,9.190996566223467,-0.019092389181693654,0.0,-1.2999941671143513,-0.12616527840048175,0.0,-0.000754134205635637,-1.5739379194484866,-1.5814668151833051
13.962922221000554,9.191497119910661,9.190996566223467,-0.019437118985055877,0.0,-1.2999892682515661,-0.15830922695127383,0.0,-0.0009171610581688583,-1.5664330036649108,-1.58050561390067
14.014328713001305,9.19138527134846,9.190996566223467,-0.019964030009783962,0.0,-1.2999885539750522,-0.2008219795807437,0.0,-0.0012871312210336328,-1.5563100940033434,-1.579367275986232
14.079080643999987,9.19148377029637,9.190996566223467,-0.0203817410957961,0.0,-1.299981912081581,-0.24822266259877782,0.0,-0.001467466470785439,-1.5495033099205657,-1.5779452881233291
14.11939947600149,9.191774470926136,9.190996566223467,-0.02102886015444437,0.0,-1.2999929239726062,-0.29969432763749637,0.0,-0.0014794921735301614,-1.5453145197157792,-1.5762266363433466
14.179108022000946,9.192078326040596,9.190996566223467,-0.022038272173447226,0.0,-1.2999842930564407,-0.3529453175129577,0.0,-0.0013475146843120456,-1.5385077356330017,-1.574227062406981
14.204572507000194,9.192085089066406,9.190996566223467,-0.023354714088108342,0.0,-1.2999971371094963,-0.40613855367367535,0.0,-0.001005813479423523,-1.5344934783534143,-1.5719854322163789
14.268714818001172,9.192351075581437,9.190996566223467,-0.024746086957635947,0.0,-1.2999821511712975,-0.4577420026255855,0.0,-0.0006856626132503152,-1.5318754844754232,-1.569451099736023
14.331110425000588,9.19285992678138,9.190996566223467,-0.026439448791984867,0.0,-1.3999793031915222,-0.507405612732199,0.0,-0.00015607946261297911,-1.52978108937303,-1.5666392505689621
14.35348614800023,9.193427242059949,9.190996566223467,-0.028454526330096548,0.0,-1.3999971427685107,-0.5545862471229838,0.0,0.00022592622553929687,-1.5292574905974317,-1.563592065343676
14.401860644000408,9.193729242859119,9.190996566223467,-0.03074026916604454,0.0,-1.3999872544702687,-0.5989283711343414,0.0,0.0004211321647744626,-1.5290829576722325,-1.5603715149098374
14.461913271999947,9.19433270995649,9.190996566223467,-0.03298947552765377,0.0,-1.3999804912657914,-0.6402035848565785,0.0,0.0005941600538790226,-1.5290829576722325,-1.5569092722138342
14.513732916000663,9.19521046731411,9.190996566223467,-0.035386693612640754,0.0,-1.399985698863877,-0.6798244506224312,0.0,0.0006281556561589241,-1.5290829576722325,-1.5532156928787844
14.566432284000257,9.196216318745899,9.190996566223467,-0.037874918865734804,0.0,-1.399984823912129,-0.7183150867739034,0.0,0.0006392877548933029,-1.528559358896634,-1.549320044316719
14.62959018500078,9.197102894480178,9.190996566223467,-0.04048303099714823,0.0,-1.4999735624106596,-0.7552882958281253,0.0,0.0005953371874056756,-1.5275121613454374,-1.5452675736208845
14.656077101000847,9.198244900794833,9.190996566223467,-0.04296687594883565,0.0,-1.4999956393389766,-0.7903164710279652,0.0,0.0004398619057610631,-1.5257668320934428,-1.5410814821703671
14.714094637000017,9.199653419395453,9.190996566223467,-0.04557329417358724,0.0,-1.499977108740779,-0.823097963046743,0.0,0.0004967527347616851,-1.5231488382154517,-1.5367061091490357
14.780284704000223,9.201204592358458,9.190996566223467,-0.04834012024576134,0.0,-1.5999644431507853,-0.854195982054493,0.0,0.00033169446396641433,-1.5184364492350666,-1.5320903527675966
14.803537626001344,9.202569505059602,9.190996566223467,-0.05081640047636067,0.0,-1.5999955603587177,-0.8849067308888059,0.0,0.0003529893874656409,-1.5154693895066766,-1.5273482154134634
14.86326733200076,9.204190751762495,9.190996566223467,-0.05283219667634496,0.0,-1.5999713971062723,-0.9148233223388312,0.0,0.00031237248913384974,-1.5104079346758927,-1.522423401561717
14.913892053000382,9.206049246750494,9.190996566223467,-0.0549844151771781,0.0,-1.5999793275739342,-0.9439826846574723,0.0,0.00010872380516957492,-1.502379420116719,-1.5173223046443391
14.97931989600147,9.207978917649344,9.190996566223467,-0.057084062836291305,0.0,-1.6999587000743281,-0.9732066211422862,0.0,-0.00014510791515931487,-1.49592170188434,-1.5120611151393386
15.003446583999903,9.209710970516786,9.190996566223467,-0.0589580623824557,0.0,-1.699994491261202,-1.0025499176271313,0.0,-0.0003607260587159544,-1.4913838458291544,-1.5066686483387255
15.0633035940009,9.211679061695222,9.190996566223467,-0.060628820772707245,0.0,-1.6999651394935198,-1.0313900474435826,0.0,-0.0004383110790513456,-1.481784534943186,-1.5011014086828498
15.113338129000113,9.213862672980467,9.190996566223467,-0.062472478252590086,0.0,-1.699975962918246,-1.0596599669720397,0.0,-0.0005998641718178988,-1.4748032179352084,-1.4953649060520813
15.16277516700029,9.216108443191969,9.190996566223467,-0.06415339520151747,0.0,-1.6999763965601065,-1.0879467524778799,0.0,-0.000674234819598496,-1.467821900927231,-1.489475450427618
15.226039705999938,9.218186077210694,9.190996566223467,-0.06557265082506583,0.0,-1.6999620165172553,-1.1163189953418564,0.0,-0.0007145303534343839,-1.4583971229664618,-1.4834613345823071
15.257446958999935,9.220466433756785,9.190996566223467,-0.06686389318898517,0.0,-1.6999902929414037,-1.144169181224209,0.0,-0.0006896465201862156,-1.4543828656868751,-1.4772797315323363
15.319152194000708,9.222933663629295,9.190996566223467,-0.06830852258817222,0.0,-1.6999635538730522,-1.1714426261702384,0.0,-0.0006090592942200601,-1.4458307523521026,-1.470937871793934
15.350190768000175,9.22545065619836,9.190996566223467,-0.06994906022697141,0.0,-1.6999910244607122,-1.1978415439279912,0.0,-0.0006090032984502614,-1.4416419621473162,-1.4644580137907328
15.411572418001015,9.227754243496706,9.190996566223467,-0.07144484280628133,0.0,-1.799956221338211,-1.223127334347235,0.0,-0.0006503354525193572,-1.4339625134385412,-1.4578734260050643
15.475591497001005,9.230188785567968,9.190996566223467,-0.07232690086371121,0.0,-1.7999534974855145,-1.246968992597954,0.0,-0.0006562383496202528,-1.427853861056561,-1.4512611917118126
15.507978102001289,9.232819996626338,9.190996566223467,-0.07324819208079394,0.0,-1.7999877795872068,-1.2691976474428688,0.0,-0.0006525861681438982,-1.4222688074501793,-1.4444033758351256
15.571085867000875,9.23541549387921,9.190996566223467,-0.07378757973063126,0.0,-1.799954785941796,-1.2908877117925652,0.0,-0.0006463010795414448,-1.4149384245918029,-1.437427129880836
15.602224419000777,9.237677945290594,9.190996566223467,-0.07454946761428267,0.0,-1.7999896519994765,-1.312601583454971,0.0,-0.0005907815066166222,-1.4126694965642104,-1.4303505162085208
15.66475982600059,9.240116751591223,9.190996566223467,-0.07507438132937287,0.0,-1.8999457258457166,-1.3343498127546023,0.0,-0.0006670380826108158,-1.4053391137058344,-1.423142717759258
15.727243103001456,9.242707743678876,9.190996566223467,-0.07552793031150234,0.0,-1.8999486376813999,-1.356017017713778,0.0,-0.0007783368928357959,-1.397136066221461,-1.4158082979258966
15.757972119001352,9.245270507787614,9.190996566223467,-0.07600012282714652,0.0,-1.899986912872306,-1.3771518390087842,0.0,-0.0008081423584371805,-1.3927727430914751,-1.4083650634250862
15.822045820999847,9.247517522667671,9.190996566223467,-0.07628203612053974,0.0,-1.8999461416775996,-1.3977894012991838,0.0,-0.0009224021341651678,-1.3842206297567028,-1.4008375482518345
15.854006237001158,9.249957456360196,9.190996566223467,-0.07680663729989443,0.0,-1.8999865129051114,-1.418638369639985,0.0,-0.000968904874753207,-1.3793337078511188,-1.3931824371574781
15.916717541000253,9.25261859070204,9.190996566223467,-0.07768304812736676,0.0,-1.8999465015589803,-1.4399269462415505,0.0,-0.0009922186145558953,-1.3695598640399504,-1.3852692182492596
15.979454614000133,9.255375811597316,9.190996566223467,-0.0781622217824911,0.0,-1.9999380947307939,-1.46168174888591,0.0,-0.0010755135444924235,-1.359436954378383,-1.377362097575841
16.01175013900138,9.257926251245044,9.190996566223467,-0.07877522723436223,0.0,-1.9999841475223237,-1.4828002619148268,0.0,-0.0011865295236930251,-1.3542009666224004,-1.3694141306450167
16.07516771200062,9.260793412234717,9.190996566223467,-0.07972726706503269,0.0,-1.999937257603484,-1.50301260529506,0.0,-0.0010669294279068708,-1.3433799252600354,-1.3609303873197096
16.106246383000325,9.263640310400614,9.190996566223467,-0.07998144301725826,0.0,-1.9999848340756685,-1.5236259475163754,0.0,-0.0010387119837105274,-1.3377948716536536,-1.3527333783598954
16.168332318000466,9.266617671799942,9.190996566223467,-0.08090299196390771,0.0,-1.9999400595764212,-1.5434439890359797,0.0,-0.0010791582753881812,-1.327148363216488,-1.344416427251598
16.23121021299994,9.26912353381912,9.190996566223467,-0.08162786148182072,0.0,-1.9999394366558398,-1.563797596630549,0.0,-0.0012344705173745751,-1.3159782560037245,-1.3360620827324712
16.26168931200118,9.271766906637508,9.190996566223467,-0.08181931428051442,0.0,-1.9999851764607008,-1.5839942538467569,0.0,-0.0011818328639492393,-1.3103932023973428,-1.3275787270393309
16.32472342999972,9.274528802861644,9.190996566223467,-0.08179800965510942,0.0,-1.9999387081378697,-1.6041242073386002,0.0,-0.0013138612266629934,-1.299572161034978,-1.3189715555743537
16.35491601400099,9.277414442836223,9.190996566223467,-0.08214206887302505,0.0,-1.9999856954555142,-1.623874478161252,0.0,-0.0012882518349215388,-1.2966051013065873,-1.3102457575432922
16.417902193999907,9.27993544914611,9.190996566223467,-0.08248667710757585,0.0,-1.9999389404251167,-1.6430561810928068,0.0,-0.0013022470520809293,-1.2829915331410315,-1.3014673736509836
16.48135301000002,9.282581113363351,9.190996566223467,-0.08233713940404674,0.0,-1.9999376969676008,-1.6612079299540614,0.0,-0.001212702365592122,-1.2747884856566583,-1.2925750502378157
16.511231176000365,9.285312662676823,9.190996566223467,-0.0820424061837075,0.0,-1.9999862682131229,-1.678622120264634,0.0,-0.0011996825924143195,-1.269028899125077,-1.283576202225317
16.572918908001157,9.288128535300553,9.190996566223467,-0.08158257624188503,0.0,-1.999940938938783,-1.695350762155932,0.0,-0.001209560316056013,-1.2580333248375128,-1.274476832690411
16.604753620000338,9.29046027664051,9.190996566223467,-0.08140356169487656,0.0,-1.9999843523981637,-1.711440973561573,0.0,-0.0012155818985775113,-1.2522737383059315,-1.265340628778142
16.66750940700149,9.292909972448488,9.190996566223467,-0.08100123315004454,0.0,-1.99993919989304,-1.7264571171541316,0.0,-0.0012021191651001573,-1.240754565242769,-1.2561080337947146
16.701144313999976,9.295390066032182,9.190996566223467,-0.08003481829203485,0.0,-1.999983139263574,-1.7409235429237573,0.0,-0.001243529375642538,-1.2322024519079966,-1.246942906087177
16.76083261900021,9.297987036489552,9.190996566223467,-0.07951717856439794,0.0,-1.9999437610125461,-1.7544819524760173,0.0,-0.0013003672938793898,-1.2231267397976264,-1.2375373694795841
16.82326368000031,9.300022439078548,9.190996566223467,-0.0782593434386788,0.0,-1.999939989824111,-1.7677948659512344,0.0,-0.0012676469050347805,-1.2112585008840648,-1.228257108689775
16.85508994600059,9.302188336779905,9.190996566223467,-0.0771112282126184,0.0,-1.999984618447087,-1.7801015545528545,0.0,-0.0013332737144082785,-1.2051498485020848,-1.2187377065345844
16.917297089001295,9.304414129019646,9.190996566223467,-0.07565346258448391,0.0,-1.9999402850884078,-1.792065338320588,0.0,-0.0013408336089923978,-1.1931070766633238,-1.2091435141553084
16.979390268001225,9.306701076676754,9.190996566223467,-0.07451914899533973,0.0,-1.999940095183835,-1.8035135882491755,0.0,-0.0014154494274407625,-1.1808897718993634,-1.1994792909162417
17.01071460700041,9.308613135229502,9.190996566223467,-0.07343520533083148,0.0,-1.9999855346825628,-1.8144801723591617,0.0,-0.001435689046047628,-1.1780972450961724,-1.1897817448515156
17.074403007,9.310600813313457,9.190996566223467,-0.07203149668118969,0.0,-1.999937751013196,-1.824826225766735,0.0,-0.0015196051681414247,-1.1660544732574116,-1.1800178373123247
17.10654499300108,9.312655278716823,9.190996566223467,-0.07101378630652189,0.0,-1.9999839976409908,-1.8348252861148617,0.0,-0.001451224205084145,-1.16046941965103,-1.170192365874569
17.16955835200133,9.314758814498324,9.190996566223467,-0.07002888421585529,0.0,-1.9999382955800729,-1.844329133117961,0.0,-0.0016184254782274365,-1.1482521148870692,-1.1603092656391867
17.2023876330004,9.316263161661961,9.190996566223467,-0.06888542759060845,0.0,-1.999983373997419,-1.8535108509694154,0.0,-0.0015329166781157255,-1.1390018698514992,-1.1503939971441632
17.264621747001,9.317835515194009,9.190996566223467,-0.06713616936059974,0.0,-1.999941559504439,-1.8621969607451314,0.0,-0.0015351161127910018,-1.1294025589655305,-1.1404239506711178
17.328293284999745,9.319444531631646,9.190996566223467,-0.06524930566786147,0.0,-1.9999365456962257,-1.8705370141042028,0.0,-0.0014235954731702805,-1.1161380566503736,-1.1304031479528105
17.35999158300001,9.32107417797684,9.190996566223467,-0.0632596167540449,0.0,-1.9999845920198023,-1.878504386638295,0.0,-0.0013228808529675007,-1.109505805492795,-1.1203347761521087
17.42235748100029,9.322254487317664,9.190996566223467,-0.061336935296238626,0.0,-1.9999406744395856,-1.8861289117305466,0.0,-0.001259424607269466,-1.0967649019532368,-1.1102397057928668
17.45386128500104,9.323493358377954,9.190996566223467,-0.05946333379112212,0.0,-1.9999847022253787,-1.893418711642969,0.0,-0.0012382918503135443,-1.0901326507956584,-1.1000992432660868
17.516274763000183,9.32476210894841,9.190996566223467,-0.05763645763362357,0.0,-1.9999401811415982,-1.9004332381704858,0.0,-0.001110214740037918,-1.076868148480501,-1.0899167992239718
17.57839184600016,9.326017645941443,9.190996566223467,-0.055394651438625875,0.0,-1.9999406369321377,-1.9071883594164314,0.0,-0.0010094266617670655,-1.0643017778661417,-1.0798656850201072
17.610032315000353,9.326931564186133,9.190996566223467,-0.05370315759442246,0.0,-1.9999847837386653,-1.9135121348740196,0.0,-0.0009138979366980493,-1.0574949937833642,-1.0696157458584206
17.673090938000314,9.327861802587673,9.190996566223467,-0.051338569547874746,0.0,-1.999938911957433,-1.9197686550739883,0.0,-0.0006712799076922238,-1.0442304914682077,-1.0593283402819877
17.70511489400087,9.328794776357203,9.190996566223467,-0.04922395094287646,0.0,-1.9999846170175948,-1.9258036692556648,0.0,-0.0006121265469118953,-1.037947306161028,-1.0490060638354592
17.76679209500071,9.32971392224419,9.190996566223467,-0.04707653062539374,0.0,-1.9999409737837772,-1.9315922160929009,0.0,-0.0004861778288614005,-1.0253809355466688,-1.0386507704011754
17.830452723001144,9.329994856172126,9.190996566223467,-0.04490238012034975,0.0,-1.9999385074067393,-1.9371563748769316,0.0,-0.0003327784943394363,-1.0124654990819106,-1.0282606778180339
17.86192120099986,9.330299552531757,9.190996566223467,-0.042339604608916726,0.0,-1.9999847683414056,-1.9425003403019345,0.0,-0.0002476354711689055,-1.006182313774731,-1.017840502185825
17.92485761700118,9.330601874241388,9.190996566223467,-0.03964685209678942,0.0,-1.999939551880058,-1.9476475400587132,0.0,-0.00015953824913594872,-0.9936159431603722,-1.0073922089486511
17.955015053999887,9.330910239462684,9.190996566223467,-0.03751057293123783,0.0,-1.999985773604091,-1.9525165991154827,0.0,2.8313713755778736e-06,-0.9901252846563828,-0.9967424426508437
18.018064170000798,9.330728628886447,9.190996566223467,-0.034774596390573564,0.0,-1.9999393362538158,-1.957268368178199,0.0,0.00018221403297502548,-0.9744173213884344,-0.9862378652733934
18.079118177000055,9.330570581284839,9.190996566223467,-0.03227222818178366,0.0,-1.999942687345475,-1.9617025877416476,0.0,0.00035904196556657553,-0.9648180105024653,-0.9757094357199627
18.111790644999928,9.330409664762422,9.190996566223467,-0.02974443126286619,0.0,-1.999983704662145,-1.9658837682160644,0.0,0.00044170214096084237,-0.9581857593448868,-0.9651591185946982
18.174838328000988,9.33004366561495,9.190996566223467,-0.028346579156944163,0.0,-1.9999391540925961,-1.9698132676934232,0.0,0.0005293759750202298,-0.9450957899549297,-0.9540555667400568
18.206359985000745,9.329450015982697,9.190996566223467,-0.024867482705940747,0.0,-1.9999848964468692,-1.9738128296095658,0.0,0.0006791825871914625,-0.9382890058721514,-0.9434575040323195
18.268322478999835,9.328879646558136,9.190996566223467,-0.022542272088768356,0.0,-1.9999412995861308,-1.9773923466940948,0.0,0.0006935385172255337,-0.9245009047813966,-0.9328405931865845
18.331867009001144,9.328309871567557,9.190996566223467,-0.020358928825875977,0.0,-1.9999388415049215,-1.9808343489893958,0.0,0.0007631297339685261,-0.9110618695410397,-0.922206365499957
18.36148651199983,9.327655403505338,9.190996566223467,-0.018205160930282682,0.0,-1.9999859518124996,-1.98407547156633,0.0,0.0009235297911800444,-0.903906019607863,-0.9115556205101359
18.425489000999733,9.326759978064091,9.190996566223467,-0.016169942943281224,0.0,-1.9999388057851928,-1.9871585663873055,0.0,0.0009982233168557286,-0.8897688526667089,-0.9008894152704764
18.456117498000822,9.325872904294716,9.190996566223467,-0.01405128538551692,0.0,-1.9999848725478482,-1.990068152604454,0.0,0.0010167600121349096,-0.882787535658732,-0.8902073513434775
18.518085593999785,9.324975742916006,9.190996566223467,-0.011924678483601125,0.0,-1.999941333311709,-1.9928579449924668,0.0,0.0010559653164818883,-0.8693485004183756,-0.8795109083552907
18.581602461999864,9.323943978737855,9.190996566223467,-0.009992307425269797,0.0,-1.999938260821606,-1.9954570548949424,0.0,0.0010292691877111793,-0.8555603993276204,-0.8687960652103209
18.612449529000514,9.32255347352969,9.190996566223467,-0.007989891014943074,0.0,-1.9999852678912644,-1.9979503351718846,0.0,0.0010864421492442489,-0.8485790823196431,-0.8580561415986201
18.674997236001218,9.32118094689929,9.190996566223467,-0.005795075992931498,0.0,-1.9999400897594233,-2.0003927332976614,0.0,0.0011270022951066494,-0.8386307055832756,-0.847304543159068
18.70629781000025,9.319804026043203,9.190996566223467,-0.0036819690044392894,0.0,-1.999984855622225,-2.002675270178497,0.0,0.0012189486296847463,-0.8318239215004972,-0.836542367088765
18.768683636000787,9.318305507103357,9.190996566223467,-0.0017232998576585112,0.0,-1.999940419864087,-2.0048104588147777,0.0,0.0011475126957520843,-0.819083017960939,-0.8257612672752196
18.831511017000594,9.316486536797903,9.190996566223467,0.0003349652140534065,0.0,-1.9999391719452793,-2.006886191033724,0.0,0.0011197174899280071,-0.8056439827205826,-0.8151273124702759
18.863558789000308,9.314695132655448,9.190996566223467,0.001799459792053204,0.0,-1.9999842839831956,-2.0088753946059925,0.0,0.0011412149760872126,-0.7991862644882035,-0.8043070350117875
18.924699758001225,9.312948605355459,9.190996566223467,0.0038815761357238188,0.0,-1.9999424377386177,-2.010847952210163,0.0,0.0012966354843229055,-0.7853981633974483,-0.7936601533338273
18.956669721999788,9.311108290453292,9.190996566223467,0.005132709324762397,0.0,-1.9999844330866483,-2.01264352404338,0.0,0.0012081755558028817,-0.7787659122398698,-0.7828218506657316
19.017761200000677,9.309029751045276,9.190996566223467,0.006680687908055871,0.0,-1.999942599602094,-2.014375648682956,0.0,0.0012009640922769904,-0.7655014099247133,-0.7719647428126182
19.049458666000646,9.30699805998616,9.190996566223467,0.008143231244618354,0.0,-1.9999843664068668,-2.016010993817139,0.0,0.0013555755140259862,-0.7548549014875476,-0.7611023011110961
19.11194878600145,9.30499617096034,9.190996566223467,0.009491604517271046,0.0,-1.9999398551794718,-2.017530597614357,0.0,0.001329132355749607,-0.7443829259755814,-0.7502351501975966
19.181615829000293,9.302899221031574,9.190996566223467,0.01064131870501328,0.0,-1.9999266298017335,-2.018925292736693,0.0,0.0014216848649084568,-0.7307693578100256,-0.739362574831157
19.20421758700104,9.300474588833854,9.190996566223467,0.011694732636633898,0.0,-1.9999919660746377,-2.0201881024036874,0.0,0.0015056757256388664,-0.7237880408020483,-0.7284843543028233
19.2634736730015,9.298118038992012,9.190996566223467,0.012900422447950088,0.0,-1.9999458455404737,-2.02139927612152,0.0,0.0015603371430188417,-0.7134905982152819,-0.7175999480952373
19.31510712400086,9.295804007118425,9.190996566223467,0.014144212131014577,0.0,-1.999958242211412,-2.022563812848716,0.0,0.0014066160656511784,-0.6995279641993273,-0.7067097493125969
19.378634042001067,9.293449241342369,9.190996566223467,0.015068697478628046,0.0,-1.9999377065095327,-2.0236867535826804,0.0,0.0014293574495241046,-0.6892305216125609,-0.6958139102556388
19.405202343001292,9.290854422780427,9.190996566223467,0.015459975823083338,0.0,-1.9999893269691227,-2.0247484958487996,0.0,0.0015692012384533882,-0.6820746716793842,-0.6849133025409748
19.464485410000634,9.288348289030598,9.190996566223467,0.016146378256958305,0.0,-1.9999452103202429,-2.0256926948521707,0.0,0.0015259369974955916,-0.6682865705886285,-0.6740059687266232
19.514964604000852,9.285905659502763,9.190996566223467,0.016918783186183894,0.0,-1.9999604432879416,-2.0266382959664355,0.0,0.001620125607587397,-0.6581636609270616,-0.6630926911970495
19.578474620000634,9.283445574506917,9.190996566223467,0.017426633426210758,0.0,-1.9999375670243515,-2.0274668937918503,0.0,0.001393657410517335,-0.6445500927615058,-0.6521683478318211
19.605766613000014,9.280780517840467,9.190996566223467,0.017510152644206856,0.0,-1.9999887824575844,-2.0282735867100565,0.0,0.0013856567675247788,-0.6375687757535284,-0.6412248119171313
19.664688034999926,9.278247072091713,9.190996566223467,0.01834149718618394,0.0,-1.9999458707076871,-2.029124138201308,0.0,0.0014915857464075089,-0.6276203990171609,-0.630459132680886
19.715055430000575,9.27575147106229,9.190996566223467,0.018469907813392084,0.0,-1.9999603828740218,-2.029936229425438,0.0,0.0013405097415670753,-0.6138322979264057,-0.6195074254466292
19.77040244100135,9.273213789688267,9.190996566223467,0.018751465296070302,0.0,-1.9999528882043505,-2.030762007506106,0.0,0.0011312187416478992,-0.6033603224144395,-0.608543798875378
19.79816934200062,9.270396358858418,9.190996566223467,0.01865102393156126,0.0,-1.9999879152793094,-2.031559919812356,0.0,0.0009457722771912813,-0.596553538331662,-0.5975558865990436
19.84916450000128,9.267696539390874,9.190996566223467,0.018926167418094164,0.0,-1.9999597330225598,-2.0323550066030123,0.0,0.0008365947287529707,-0.5860815628196958,-0.5865661047814634
19.897509738000736,9.265091867651384,9.190996566223467,0.01925606392548762,0.0,-1.9999636968043704,-2.0331513354273483,0.0,0.00082340621156618,-0.5759586531581289,-0.5755744827810726
19.978887313000087,9.262470244166364,9.190996566223467,0.01925175231903642,0.0,-1.9998967843190323,-2.0338333001738595,0.0,0.000589986564591527,-0.5585053606381853,-0.5645779890894801
20.014389660000234,9.259593232303118,9.190996566223467,0.01911112545675364,0.0,-1.9999804390235685,-2.03446001296244,0.0,0.000383381120627746,-0.5510004448546097,-0.5535721252847949
20.06508071999997,9.256811758533699,9.190996566223467,0.0189265204561353,0.0,-1.9999601064402035,-2.035013085319805,0.0,0.0003261727106291801,-0.5365142120630568,-0.5423812593963668
20.120427751000534,9.254167800229371,9.190996566223467,0.01941897858967767,0.0,-1.999952150757897,-2.035497673985676,0.0,0.00023109486210159957,-0.5258677036258916,-0.531372138675279
20.148343659000602,9.251532711703112,9.190996566223467,0.019481399025411683,0.0,-1.999987877984867,-2.0358922860401165,0.0,0.0001821836194721982,-0.5187118536927149,-0.5203607834014272
20.22884333500042,9.248614655148101,9.190996566223467,0.018210192578201445,0.0,-1.9998993436752652,-2.036222125797167,0.0,0.00020042204414494336,-0.5045746867515604,-0.5087960839288306
20.255552378001084,9.245937835476317,9.190996566223467,0.019232438927958784,0.0,-1.9999888422928587,-2.036528143297888,0.0,4.709819404524751e-05,-0.494277244164794,-0.4977790902619402
20.314637465000487,9.243401413216562,9.190996566223467,0.018763279819436263,0.0,-1.9999453250117394,-2.0367798959467667,0.0,1.021636307996232e-06,-0.48380526865282825,-0.48676048000062794
20.364994691000902,9.240918904901916,9.190996566223467,0.01768670876526901,0.0,-1.9999604998356213,-2.0370089929371757,0.0,-2.735880116233602e-05,-0.47333329314086203,-0.4757334813625925
20.421380333000343,9.238313358112611,9.190996566223467,0.016256818319877797,0.0,-1.9999504393244802,-2.037242785505625,0.0,-0.00018465571338310838,-0.4588470603493091,-0.46468805268543717
20.481276095000794,9.235899414956055,9.190996566223467,0.014804941509379499,0.0,-1.999943859902947,-2.037475603693598,0.0,-0.00025612517492845654,-0.4482005519121439,-0.4536428682893017
20.504074340000443,9.233633909195698,9.190996566223467,0.013600865067332046,0.0,-1.999991877830921,-2.0376831734001017,0.0,-0.00040634520701132715,-0.4412192349041666,-0.4425982093601093
20.564084835999893,9.231369344345895,9.190996566223467,0.012642075456086088,0.0,-1.9999438713942903,-2.0379233036643365,0.0,-0.0004241398419253528,-0.4309217923173998,-0.43154840456930305
20.61492122799973,9.22884731084496,9.190996566223467,0.011891642152421,0.0,-1.9999592992289967,-2.0381390802084116,0.0,-0.0005511432536877692,-0.417133691226645,-0.42048520228646696
20.68177512300099,9.226510045648155,9.190996566223467,0.011207953854901476,0.0,-1.999929988849435,-2.038419790989198,0.0,-0.0005647222278639674,-0.4035201230610892,-0.4094224159744513
20.704365368999788,9.224335757859421,9.190996566223467,0.010140616737768227,0.0,-1.999991967257234,-2.0386356257472924,0.0,-0.0007144185365177691,-0.396364273127912,-0.3983603647830275
20.763924852000855,9.22218522102697,9.190996566223467,0.009175369213411222,0.0,-1.9999446189253554,-2.0388375633590528,0.0,-0.0005619022413156927,-0.38606683054114566,-0.3872910796444092
20.810450588000094,9.219829228821917,9.190996566223467,0.008280762737216785,0.0,-1.9999663704048518,-2.038987870705227,0.0,-0.0005338051705621183,-0.37594392087957873,-0.37620171236046474
20.866029572000116,9.217696937450635,9.190996566223467,0.007720048185535955,0.0,-1.9999510217816385,-2.039211935960391,0.0,-0.0005291958805173635,-0.36180675393842465,-0.36529927034174237
20.92970559800051,9.21571800097378,9.188452342063457,0.006070960361073907,-0.04,-1.999936486359402,-2.0393463458813885,0.0,-0.0006603283691219985,-0.351160245501259,-0.3542155799410141
20.964838453000993,9.213807497365922,9.185633234543412,0.005218409790505363,-0.08,-1.9999804969513764,-2.039417936079111,0.0,-0.0005124824238009751,-0.3436553297176834,-0.34331956790771667
21.00060823900094,9.21168744908898,9.18205173659014,0.0037787078642002037,-0.10000000149011612,-1.999979844738496,-2.0394271684625616,0.0,-0.00058966368669644,-0.3298672286269282,-0.33224379833985923
21.06321623900112,9.209721328126205,9.175799172796932,0.003095988830448926,-0.10000000149011612,-1.9999385448894327,-2.039391632979301,0.0,-0.00047645822633057833,-0.31869712141416473,-0.3211686805604886
21.132101830000465,9.207799158968129,9.168957524194898,0.0033721720036153924,-0.10000000149011612,-1.9999263888197183,-2.0393464505785226,0.0,-0.0006166103994473815,-0.3049090203234095,-0.3100940824405898
21.163867172999744,9.205649266560245,9.165782636047624,0.00577777608835961,-0.10000000149011612,-1.9999841406384167,-2.0394078432349003,0.0,-0.0008400192600674927,-0.29792770331543217,-0.2990196655078458
21.226341151999804,9.202882727522288,9.159497658754068,0.010367593589979296,-0.10000000149011612,-1.9999378137565278,-2.0395956179265413,0.0,-0.0010788791114464402,-0.2839650692994775,-0.28794488630136444
21.256390657999873,9.199901943170875,9.1553255563695,0.016850624343479836,-0.14000000149011613,-1.99998600975684,-2.039919933429663,0.0,-0.0010854752035811543,-0.27750735106709845,-0.27686549040659836
21.318875046001267,9.196559482363034,9.14402224369616,0.02530196303881327,-0.18000000149011613,-1.999937834363644,-2.0405161372786593,0.0,-0.0011586492182686925,-0.2633701841259444,-0.26578020245623235
21.380955280001217,9.192609193328675,9.131649441511763,0.0360708581262017,-0.20000000298023224,-1.999939614405965,-2.0413676566142245,0.0,-0.0010578392539173365,-0.24888395133439145,-0.2546827320480129
21.411688103000415,9.187699266918035,9.125469326019397,0.04802033177033227,-0.20000000298023224,-1.9999849180537257,-2.042459239746108,0.0,-0.001056112814694643,-0.245567825755602,-0.24356395556446464
21.475753267000982,9.182294327876733,9.112739162029696,0.06127422488255141,-0.20000000298023224,-1.9999359321520445,-2.043808629406028,0.0,-0.0010858916211873293,-0.23090706003884964,-0.23243455299937618
21.505399469000622,9.176345833117365,9.105524457860145,0.07443946080476316,-0.24000000298023225,-1.9999856908834512,-2.045288054097725,0.0,-0.000982274184934795,-0.22392574303087232,-0.22129301301245843
21.566657887000474,9.16963155744364,9.088340384477565,0.08888099161180202,-0.28000000298023225,-1.9999402734760803,-2.047022779527718,0.0,-0.000853490608278662,-0.20856684561332228,-0.21013147517701572
21.630051165000623,9.161847758010282,9.06933298612188,0.10620871302572454,-0.30000001192092896,-1.9999362366317073,-2.0490247707376312,0.0,-0.0009566545486450195,-0.19268434942017398,-0.19893854016610427
21.661994950000008,9.153178933679223,9.05976897794206,0.12561498907135854,-0.30000001192092896,-1.999983825490774,-2.05138305893351,0.0,-0.0009778912644833326,-0.18552849948699723,-0.18772738643210674
21.723768140000175,9.143724172434204,9.041201247304476,0.14725206895621362,-0.30000001192092896,-1.9999389109130867,-2.054007055981208,0.0,-0.0009696354973129928,-0.16999506914424778,-0.17668276585770082
21.755521179000425,9.133131621743637,9.031655002124957,0.16715051989859478,-0.30000001192092896,-1.9999838146955182,-2.0567711384851726,0.0,-0.0008194537949748337,-0.16179202165987405,-0.16542676469444778
21.819349188999695,9.121318549032873,9.012522167464647,0.18789055123591078,-0.30000001192092896,-1.9999348168510505,-2.0597422247734305,0.0,-0.0007705627358518541,-0.14678219009272286,-0.15414176752625616
21.882321210001464,9.108405293975107,8.993757923618901,0.21118891717919658,-0.30000001192092896,-1.9999371262246772,-2.063001677521193,0.0,-0.0008953138603828847,-0.1315978256003727,-0.1428270723206318
21.91321172700009,9.09428704111212,8.984385781946404,0.23639081343428572,-0.30000001192092896,-1.9999842661305531,-2.066583014273535,0.0,-0.0010228772880509496,-0.12409290981679666,-0.1314799900893354
21.976157299000988,9.078880990145429,8.96559520559992,0.26267225322087945,-0.30000001192092896,-1.9999365388973018,-2.070374450745332,0.0,-0.0009024682804010808,-0.11065387457644071,-0.12009619243206442
22.0065343260012,9.062128064978952,8.956358193532923,0.28725157376083793,-0.30000001192092896,-1.9999846079019465,-2.074327400562398,0.0,-0.0006197131588123739,-0.10349802464326396,-0.10867182539810387
22.070429360999697,9.044383623999021,8.937210384971985,0.30996136046139144,-0.30000001192092896,-1.9999335993897727,-2.078338520679896,0.0,-0.00036140833981335163,-0.090233522328107,-0.09720707564013611
22.134994398000345,9.025724756875569,8.91815246211451,0.3310706591609466,-0.30000001192092896,-1.9999339490834656,-2.0823121416693056,0.0,-0.0002971563662867993,-0.0774926187885483,-0.08570113633215555
22.164776264000466,9.0059143186884,8.908903033947492,0.3493871809817787,-0.30000001192092896,-1.9999843732263742,-2.086254117759999,0.0,-5.461604450829327e-05,-0.07103490055616923,-0.07395618647518996
22.197515165000368,8.985694979236424,8.899119002458503,0.36607257841136714,-0.30000001192092896,-1.9999824358398903,-2.089973719090727,0.0,4.478231130633503e-05,-0.06143558967020013,-0.062350944646991584
22.260653717999958,8.96506738027285,8.880369629913648,0.3776413929173104,-0.30000001192092896,-1.9999352024877666,-2.0935064878796616,0.0,0.00026674428954720497,-0.05148721293383263,-0.05070433545015062
22.32237691299997,8.943135663293619,8.861675871370577,0.3844613446567917,-0.30000001192092896,-1.9999352700016688,-2.0969392900498995,0.0,0.00028988427948206663,-0.04188790204786397,-0.03843161190427911
22.385401472000012,8.922130573105415,8.8428729722235,0.3904421426001449,-0.30000001192092896,-1.999934203257916,-2.099746433260782,0.0,0.0003011543012689799,-0.028274333882308156,-0.02670181497320121
22.4176586829999,8.901134056844505,8.833367759845501,0.39039695309234634,-0.30000001192092896,-1.9999831061723892,-2.1021981468269226,0.0,0.00027800476527772844,-0.021816615649929094,-0.014932303025376776
22.481560670999897,8.880383970124328,8.814202822184267,0.38726858267500835,-0.30000001192092896,-1.9999310009627262,-2.104262402882063,0.0,0.00019364102627150714,-0.00715584993317675,-0.003126179471946305
22.51261608599998,8.859880253825192,8.804568650601244,0.38321906038976,-0.30000001192092896,-1.9999824826623713,-2.106036456658793,0.0,-0.00012666033580899239,0.0005235987755982663,0.008714951062559978
22.575718480000432,8.839513078330663,8.785643005549572,0.37927742614250154,-0.30000001192092896,-1.999932089572465,-2.1075800384419994,0.0,-0.00032306037610396743,0.015533430342749455,0.02059297880300563
22.607720675001474,8.819120353697906,8.776020961467152,0.3755042503628561,-0.30000001192092896,-1.9999823648487223,-2.109001382679273,0.0,-0.0006014903774484992,0.023736477827122737,0.032511740145255624
22.67259143299998,8.799011739938466,8.756557362093615,0.371237523962173,-0.30000001192092896,-1.9999275113536839,-2.1102690685921077,0.0,-0.0007590944296680391,0.04066617157146801,0.04446275645439014
22.736678197999936,8.779182528415028,8.737615383540906,0.36711584497656635,-0.30000001192092896,-1.9999310341292575,-2.1113990098455027,0.0,-0.0008963243453763425,0.057595865315812844,0.056445447381022626
22.76676182600022,8.759511698218041,8.728317255471154,0.36254243738316294,-0.30000001192092896,-1.9999833073088236,-2.1124255786381974,0.0,-0.000994918285869062,0.06649704450098382,0.06846495419591545
22.8277033810009,8.739811094697313,8.710012660843766,0.35806223903591694,-0.30000001192092896,-1.99993501575184,-2.1134048684869127,0.0,-0.0011755878804251552,0.0842994028713262,0.0805305677234179
22.85929291499997,8.72049784963383,8.700548528967742,0.35254265952192126,-0.30000001192092896,-1.9999825508585285,-2.114219160321937,0.0,-0.00122364261187613,0.09302604913129775,0.09262425043378125
22.923084386000482,8.701530379827705,8.681399858206884,0.3468887818728647,-0.30000001192092896,-1.999928257335622,-2.1149852515326115,0.0,-0.0013185114366933703,0.1097812099504436,0.10474545087089282
22.986225893000665,8.683062562939913,8.662471895354804,0.3422914111664648,-0.30000001192092896,-1.9999296031062923,-2.115545839991481,0.0,-0.0014125502202659845,0.12671090369478843,0.1166946788012437
23.01672058999975,8.664229212839809,8.653309278190765,0.3369286272456944,-0.30000001192092896,-1.9999834318381131,-2.1162267081309065,0.0,-0.0014645542250946164,0.13439035240356345,0.12888271126171982
23.080891592000626,8.646065857698458,8.634180086130549,0.33286187995876415,-0.30000001192092896,-1.9999274816949206,-2.1167360512961437,0.0,-0.0014408128336071968,0.15044738152191117,0.1408933899190276
23.11275611000019,8.628002275985002,8.624587386249743,0.3267971567775379,-0.30000001192092896,-1.9999816871384435,-2.1173462585400733,0.0,-0.001481555518694222,0.1581268302306862,0.15313306536296886
23.175965865000762,8.610143880783143,8.605574138494294,0.3210655780372472,-0.30000001192092896,-1.9999277590774278,-2.117789161175664,0.0,-0.0014456284698098898,0.1726130630222391,0.16540467935172834
23.207098175000283,8.592202631424449,8.596202360421785,0.3164903806797093,-0.30000001192092896,-1.999982374963908,-2.1182036424111503,0.0,-0.001454937388189137,0.18029251173101413,0.1777196978668979
23.269537090000085,8.57458397446039,8.5774979911785,0.3123076492257135,-0.30000001192092896,-1.9999295060868525,-2.1186667758783067,0.0,-0.0014570466009899974,0.19512781037296634,0.19005781682190984
23.331578741999692,8.557240399924208,8.559057870045564,0.3090444985072396,-0.30000001192092896,-1.999931205806355,-2.119101805903991,0.0,-0.0014435993507504463,0.20594885173533095,0.2024190161860191
23.363494344999708,8.539990915748913,8.549489019565328,0.3059715810846846,-0.30000001192092896,-1.999981400567192,-2.1194751843125057,0.0,-0.0014905832940712571,0.21345376751890655,0.21481360686591375
23.425574859000335,8.522590266443942,8.530848808624532,0.3035407954258883,-0.30000001192092896,-1.9999291320284849,-2.119880682266825,0.0,-0.0014461209066212177,0.22776546738526005,0.22725989611855063
23.456592955000815,8.505526547011772,8.5213622940479,0.30013206454425845,-0.30000001192092896,-1.999981570823049,-2.1203796225320524,0.0,-0.0011970720952376723,0.23544491609403506,0.23972591144693403
23.520300359999965,8.488752451747281,8.502255917588506,0.29644983652203805,-0.30000001192092896,-1.9999249483530928,-2.1207375689263674,0.0,-0.0012630284763872623,0.2509783464367845,0.25221204141671083
23.552538456000548,8.472104118940777,8.492566599103279,0.29342016148789396,-0.30000001192092896,-1.9999806224518828,-2.1211272059667734,0.0,-0.0011318071046844125,0.2626720524251467,0.2647227359994619
23.61324080600025,8.45529669381216,8.474396000381466,0.2904094920155583,-0.30000001192092896,-1.999931581663964,-2.1215230163354764,0.0,-0.001111952355131507,0.2745402913387083,0.27726550635811104
23.677154146000248,8.438759213177198,8.455370312525705,0.2882661413114197,-0.30000001192092896,-1.999924696557371,-2.121938599211938,0.0,-0.0010859211906790733,0.2914699850830531,0.2898291338521721
23.70769523099989,8.422445731617355,8.446008044153277,0.28600526626756884,-0.30000001192092896,-1.999981694536504,-2.1222859364741997,0.0,-0.001055574626661837,0.2998475654926258,0.3024137859610585
23.771138091000466,8.4062446753862,8.427071163801152,0.2842189456885388,-0.30000001192092896,-1.9999248196899833,-2.122596038950525,0.0,-0.0011273431591689587,0.31607912753617295,0.31502209693635475
23.833310859001358,8.390229874917605,8.408369610658076,0.2814022797789434,-0.30000001192092896,-1.9999263964045484,-2.122790412772744,0.0,-0.0010235555237159133,0.33318335420571765,0.32744875825126246
23.86505341800148,8.374237667432888,8.398833909578654,0.27795078491858705,-0.30000001192092896,-1.9999807907842806,-2.123046718967826,0.0,-0.0009765406139194965,0.34138640169009093,0.34010616781125674
23.92843287100004,8.358496760301358,8.379846092524442,0.2757153577227047,-0.30000001192092896,-1.9999235486897917,-2.12323031012336,0.0,-0.0009712948813103139,0.3577924966588375,0.3527849366853801
23.959908730999814,8.342940314902624,8.370359929847515,0.2723868471486637,-0.30000001192092896,-1.999980846955942,-2.1234960433367176,0.0,-0.0008735189912840724,0.3659955441432108,0.36548581774377153
24.02208855200115,8.327323486651743,8.351720190806795,0.268776411680154,-0.30000001192092896,-1.9999257733019795,-2.1237161174591277,0.0,-0.0008700495236553252,0.3825761720371572,0.3782100469553905
24.05344951799998,8.31195776700999,8.342341090634077,0.2664419424678286,-0.30000001192092896,-1.9999811370046932,-2.1239780638698953,0.0,-0.0008889081655070186,0.39025562074593223,0.39095701223122564
24.1154398460003,8.296788069611118,8.323722032694429,0.26426246043735246,-0.30000001192092896,-1.9999253917685174,-2.1242715903382323,0.0,-0.0009304343839175999,0.40299652428549093,0.4037268729245216
24.177283918001194,8.28164603343972,8.305296744462241,0.2630913173975534,-0.30000001192092896,-1.9999266691586908,-2.1245782026801665,0.0,-0.0009170044213533401,0.4194026192542375,0.41652392110063213
24.20910827100124,8.266015974065684,8.295652576278947,0.2619323722678798,-0.30000001192092896,-1.999979833434131,-2.1250270242113287,0.0,-0.0008995297248475254,0.4276056667386108,0.42956996802457675
24.27375256600135,8.25079222276304,8.276315221410524,0.2625615195980674,-0.30000001192092896,-1.9999186244897353,-2.1254567143985708,0.0,-0.0008182646706700325,0.4445353604829556,0.4424259687903981
24.305482523001047,8.23578561230099,8.26687634863536,0.26104503384657307,-0.30000001192092896,-1.9999805407936273,-2.1259385877975037,0.0,-0.0007314396789297462,0.4522148091917306,0.4553050133552171
24.367897633999746,8.220882781233007,8.24797780738435,0.2589745265026606,-0.30000001192092896,-1.9999217091971375,-2.1263048910873756,0.0,-0.0006976096774451435,0.4691445029360759,0.4682116549397742
24.43088802800048,8.205209615480255,8.229110507234477,0.25579548184010015,-0.30000001192092896,-1.9999216694373403,-2.1268037538904823,0.0,-0.000804891693405807,0.4864232625308196,0.4818007631713777
24.461506416000702,8.190452700381307,8.219930262369665,0.2550395150898115,-0.30000001192092896,-1.9999813882291184,-2.1268982116896162,0.0,-0.0008373131859116256,0.4949753758655917,0.49476487025426025
24.5235966500004,8.175890858773297,8.201328814430566,0.25368436725590604,-0.30000001192092896,-1.9999233142749018,-2.1271549103504785,0.0,-0.000773876381572336,0.5115560037595381,0.5077498337157478
24.55426784700103,8.161452967018677,8.192024235760837,0.25108008635933665,-0.30000001192092896,-1.9999807445621636,-2.1274111924543684,0.0,-0.000729913532268256,0.5241223743738974,0.5207565048056165
24.617681884001286,8.146882352875402,8.17308429540821,0.24837508736545488,-0.30000001192092896,-1.9999199308347566,-2.1275916245529793,0.0,-0.0007705824100412428,0.5372123437638545,0.5337865939666848
24.68001350800114,8.132490134737907,8.15442848806693,0.24712220449042188,-0.30000001192092896,-1.9999220399480266,-2.127757220640464,0.0,-0.0007532201707363129,0.5534439058074021,0.5468385031702346
24.710259139999835,8.118210022036623,8.145272705803322,0.24647215513357645,-0.30000001192092896,-1.9999811563377208,-2.1280133172787803,0.0,-0.000767278135754168,0.5578072289373877,0.5599124461296049
24.7715814889998,8.10395652816322,8.126881052672697,0.24652118634105735,-0.30000001192092896,-1.9999236975379548,-2.128243527725001,0.0,-0.000865935580804944,0.5735151922053365,0.5730115810899977
24.835221477000232,8.089620217285878,8.107930289519498,0.24505464174595226,-0.30000001192092896,-1.9999187004695231,-2.1284222838435247,0.0,-0.0007086459081619978,0.5897467542488837,0.5861419960294795
24.86501372299972,8.075468742667336,8.098840017058462,0.2432276589357013,-0.30000001192092896,-1.9999812278813858,-2.1285666665049257,0.0,-0.0007617520168423653,0.5981243346584568,0.5992933628721892
24.92719290200148,8.061479873932438,8.080163918915956,0.24227177034656744,-0.30000001192092896,-1.9999204878018966,-2.1288264201798355,0.0,-0.0008025441784411669,0.6140068308516051,0.6124666118484753
24.958512921000874,8.047592464965337,8.070771489443018,0.2401308337894833,-0.30000001192092896,-1.999979820109157,-2.12904763218046,0.0,-0.000752331514377147,0.6225589441863772,0.6256643769991885
25.02052964700124,8.033559278108227,8.052173751003718,0.23745081692083747,-0.30000001192092896,-1.9999206046100422,-2.129233372359778,0.0,-0.0008315282175317407,0.6394886379307225,0.6388926008573087
25.052862540000206,8.01991292798046,8.042508383919623,0.2367855902161724,-0.30000001192092896,-1.9999784824812379,-2.129442124489915,0.0,-0.0009604910155758262,0.6525786073206801,0.6519213758664612
25.1147712230013,8.005702528795931,8.023931738481556,0.23493924530628485,-0.30000001192092896,-1.9999202323711254,-2.1298663219977643,0.0,-0.000969071697909385,0.6656685767106372,0.6656351410372072
25.166761120000956,7.9926585696837895,8.008283805660081,0.23781570869038704,-0.30000001192092896,-1.9999432162699893,-2.1299789143247723,0.0,-0.000997888040728867,0.6787585461005947,0.6782645868335399
25.2154730630009,7.978693338501889,7.993673985379049,0.23733014981399714,-0.30000001192092896,-1.9999503271409773,-2.130506552867565,0.0,-0.0009809774346649647,0.6914994496401534,0.6915288956872883
25.267079122000723,7.9647830453153174,7.978225273865445,0.23886521455972431,-0.30000001192092896,-1.999944264848298,-2.130699874524774,0.0,-0.0011019122321158648,0.7087782092348971,0.7048234773996571
25.316406154001015,7.950964670864318,7.963429306577539,0.23906596690003246,-0.30000001192092896,-1.9999486973347382,-2.130900602802127,0.0,-0.0009189412230625749,0.7213445798492564,0.7181475835175325
25.366325171000426,7.937270772643328,7.948444470082245,0.23857014281937317,-0.30000001192092896,-1.9999471975130658,-2.1310926460481117,0.0,-0.0008707811939530075,0.7335618846132168,0.7314997754866266
25.417599622000125,7.923495447712998,7.933051908970232,0.23714155343741616,-0.30000001192092896,-1.9999440911321364,-2.1311714527049284,0.0,-0.0007717604166828096,0.7456046564519774,0.7448544834642175
25.481399189000513,7.9099282563747195,7.913921523810445,0.23501344638996147,-0.30000001192092896,-1.9999133451476636,-2.131140712541631,0.0,-0.0007160586537793279,0.7620107514207244,0.7582386657306865
25.517487851000624,7.896576872229308,7.903115877080599,0.2323414099540574,-0.30000001192092896,-1.9999722592511542,-2.131014318253925,0.0,-0.0007003976497799158,0.7700392659798982,0.7716510476461294
25.566313405000983,7.883450039714696,7.888443452797756,0.22930760441621845,-0.30000001192092896,-1.9999486826804025,-2.1309072460083196,0.0,-0.0007033201982267201,0.7819075048934598,0.7850900914207409
25.617258989999755,7.870099736602622,7.873162491090584,0.22608197831967936,-0.30000001192092896,-1.9999441486780685,-2.1307467253819747,0.0,-0.0006833592196926475,0.7939502767322204,0.7985103592812212
25.66641497100136,7.856950040373091,7.858388173603503,0.22342517125676375,-0.30000001192092896,-1.9999476158801166,-2.130549350238916,0.0,-0.0007638454553671181,0.8105309046261668,0.8119633801872271
25.718286266999712,7.843950332686984,7.842857958686663,0.2221636047530936,-0.30000001192092896,-1.9999419265441483,-2.130486832402421,0.0,-0.0009437588159926236,0.8229227423153262,0.8254481560234919
25.766106271999888,7.831107600846179,7.828509831416023,0.22071264958075587,-0.30000001192092896,-1.999950267875651,-2.130620344070203,0.0,-0.0008470676257275045,0.8354891129296855,0.8389640801526721
25.83233471800122,7.818021240954302,7.808670376127931,0.21911329581803196,-0.30000001192092896,-1.9999045983746933,-2.1308151400760966,0.0,-0.0008479692041873932,0.8527678725244296,0.8524822394364872
25.85549702299977,7.805316560879147,7.801735347852496,0.21828106151380078,-0.30000001192092896,-1.9999883047136386,-2.1309108323593926,0.0,-0.0007630316540598869,0.8613199858592013,0.8658070582012529
25.91629914800069,7.792557806458088,7.7834626516262775,0.2165113015121164,-0.30000001192092896,-1.9999185415598475,-2.131135510001567,0.0,-0.0009524590568616986,0.8744099552491589,0.8793909437326116
25.967047415000707,7.779934388655621,7.768206320520176,0.21531508780522168,-0.30000001192092896,-1.9999430307078008,-2.1312775590421054,0.0,-0.0008972557843662798,0.887325391713917,0.8930054567250746
26.002628497000842,7.766920584540498,7.757875185609533,0.2147208949525855,-0.30000001192092896,-1.9999737884428586,-2.1315379254738005,0.0,-0.0009476683917455375,0.8967501696746867,0.9066354436200865
26.072640914000658,7.7538950404010984,7.736684522467423,0.21675593800621273,-0.30000001192092896,-1.999889353356451,-2.1319909569950344,0.0,-0.0010805705096572638,0.9199630487262116,0.920299642525727
26.132846995000364,7.740815844677204,7.71860596224931,0.21970392231865155,-0.30000001192092896,-1.9999191937156149,-2.132641843542301,0.0,-0.0010788708459585905,0.9337511498169659,0.9339976723365744
26.16704141900118,7.727685200902049,7.708327996340837,0.22278759963337158,-0.30000001192092896,-1.9999737934418254,-2.1332660145803417,0.0,-0.0010491720167919993,0.9436995265533339,0.9477285252188655
26.215818350001427,7.714321531949236,7.693592394455134,0.22506105122515674,-0.30000001192092896,-1.999945945362655,-2.1339846753142804,0.0,-0.0010996742639690638,0.9622000166244735,0.9614841389742514
26.267513787001008,7.701068047225267,7.678110972739909,0.22533442145941263,-0.30000001192092896,-1.9999401296147512,-2.1346381598447186,0.0,-0.0008981535793282092,0.9773843811168241,0.9752731097461036
26.316238612000234,7.6876730623306635,7.663450429957535,0.2245774056043366,-0.30000001192092896,-1.9999461230538662,-2.1353171493279683,0.0,-0.0009177307365462184,0.9913470151327788,0.98932560094317
26.36624581400065,7.674554699161669,7.648456152461573,0.2256119058763304,-0.30000001192092896,-1.9999434493989707,-2.135937258429019,0.0,-0.0009681848459877074,1.0049605832983346,1.003178919454294
26.417584054001054,7.661166201540597,7.633061042849807,0.22536411898987319,-0.30000001192092896,-1.9999401770123992,-2.1365479944382857,0.0,-0.0009207759867422283,1.018399618538691,1.0170535450595235
26.46573599900148,7.6472653001215125,7.618639996376895,0.22352006158161464,-0.30000001192092896,-1.9999473165752222,-2.1371364405378768,0.0,-0.0010727840708568692,1.0320131867042468,1.0316567080228038
26.517801869000323,7.6341133216994255,7.603003674155604,0.22450392112607553,-0.30000001192092896,-1.9999378495665232,-2.1373612313185464,0.0,-0.0010550718288868666,1.0489428804485925,1.045593812948826
26.573061357999904,7.621066831829298,7.586473053998728,0.22391042218904045,-0.30000001192092896,-1.9999302990969032,-2.1376321716988236,0.0,-0.000980589771643281,1.061509251062951,1.059559200056111
26.631891797000208,7.60762239850096,7.56886670639894,0.22330751809137817,-0.30000001192092896,-1.9999206527882356,-2.1378061346574886,0.0,-0.0009999987669289112,1.074424687527709,1.0735449351878028
26.656609849000233,7.594319272706731,7.5613504371002636,0.22301161609774456,-0.30000001192092896,-1.9999854881691213,-2.13792364565865,0.0,-0.000988587038591504,1.086816525216869,1.0875596542105679
26.716706086001068,7.581130643689664,7.543359679685319,0.22271002959410457,-0.30000001192092896,-1.9999165701060992,-2.138008964031981,0.0,-0.001059663132764399,1.0990338299808293,1.1016029007841133
26.766733004000343,7.568018980625531,7.528308229387079,0.22262254344088084,-0.30000001192092896,-1.9999414017498,-2.138182672517692,0.0,-0.0010492033325135708,1.1116002005951886,1.1156740727810293
26.83182317400133,7.554518926780088,7.50879145981193,0.2236216200386969,-0.30000001192092896,-1.9999011237485127,-2.138392105705461,0.0,-0.0011068112216889858,1.1287044272647329,1.129763323203037
26.867936501001168,7.540989412041795,7.498093120086856,0.22656719085050248,-0.30000001192092896,-1.9999701825597458,-2.138738881849644,0.0,-0.0011495329672470689,1.1374310735247048,1.1438836857594898
26.916125646001092,7.527412268015448,7.483487137706453,0.22940833971580088,-0.30000001192092896,-1.9999442220307162,-2.1392152476104123,0.0,-0.0012310596648603678,1.154535300194249,1.1580360103432494
26.98189010399983,7.513786361977006,7.463981408730945,0.23232240928992076,-0.30000001192092896,-1.9999001618845982,-2.1397860293674835,0.0,-0.001249050605110824,1.1679743354346055,1.1722196823105622
27.00728447000074,7.499617896527767,7.456153432519889,0.2349898347916487,-0.30000001192092896,-1.9999838595417045,-2.1403578149441613,0.0,-0.0011347102699801326,1.1772245804701758,1.1864258895427833
27.068191751000995,7.4854228055381435,7.4378949352944135,0.23861585283123388,-0.30000001192092896,-1.9999118569978938,-2.1409916373153326,0.0,-0.001019985182210803,1.1958996034665148,1.2006662754076969
27.134508160999758,7.471473716354035,7.418104002608332,0.24138375367946374,-0.30000001192092896,-1.999896053613055,-2.141530798879013,0.0,-0.0009523705230094492,1.2144000935376544,1.214702093290728
27.157083138001326,7.457267644825214,7.4112729540368445,0.24263441911351852,-0.30000001192092896,-1.9999875688682656,-2.142179013584731,0.0,-0.0009290052112191916,1.2245230031992218,1.2290091108831005
27.220032566001464,7.44292131728923,7.392495701890497,0.2462651638685967,-0.30000001192092896,-1.9999057096450472,-2.142818208986621,0.0,-0.000968706386629492,1.2393583018411736,1.2431142602460559
27.280568474001484,7.428332789871226,7.3742170815640735,0.24840710062744492,-0.30000001192092896,-1.9999102995814977,-2.143627590347582,0.0,-0.0009587875101715326,1.2596041211643074,1.2574926607368289
27.312000543000977,7.413658548873071,7.364732752187339,0.25102593549645846,-0.30000001192092896,-1.9999757538543657,-2.144405459690476,0.0,-0.0009570202673785388,1.2697270308258748,1.2719055141816402
27.375133532999826,7.398827936145554,7.345787771834878,0.2555683216573029,-0.30000001192092896,-1.9999028702371917,-2.1452505880422943,0.0,-0.0010051436256617308,1.2892747184482118,1.2863535982305743
27.405424931001107,7.383503970291494,7.336712879773873,0.2600974846802003,-0.30000001192092896,-1.9999776203832222,-2.1462651461330133,0.0,-0.0009938906878232956,1.299223095184579,1.30083659023468
27.468438120000428,7.368062313499616,7.31780325652284,0.2645657288227495,-0.30000001192092896,-1.9999024226525426,-2.14723939914267,0.0,-0.0010296071413904428,1.319119848657314,1.3153565418344129
27.531553876000544,7.352527975381322,7.298982231374646,0.2687726165243843,-0.30000001192092896,-1.999902925972704,-2.1481609354847517,0.0,-0.0009211550932377577,1.3383184704292521,1.329913549129018
27.562327345000085,7.336915935913855,7.289669976604618,0.2719034992845102,-0.30000001192092896,-1.9999761341311326,-2.14902316249778,0.0,-0.000869784620590508,1.3480923142404198,1.3445070881190508
27.62588137200146,7.321081712050955,7.270595120246967,0.27468211935928255,-0.30000001192092896,-1.9998994315665355,-2.1498426412220546,0.0,-0.0009222904336638749,1.3671164030871585,1.3591484497328195
27.657371770999816,7.305355539087797,7.261176956472718,0.2751251365300656,-0.30000001192092896,-1.999975376808047,-2.150594463450506,0.0,-0.0008167193736881018,1.376017582272329,1.373824446262446
27.71981215699998,7.289742086414636,7.242398932126048,0.27419684553137197,-0.30000001192092896,-1.9999016973426174,-2.15116393779141,0.0,-0.0007195444195531309,1.3945180723434696,1.3885343234793055
27.782946500001344,7.274234828481156,7.223820573987882,0.2734543773083746,-0.30000001192092896,-1.9999033660071344,-2.1516198428158675,0.0,-0.0008396135526709259,1.4081316405090254,1.4032772685185733
27.81531593100044,7.258544519243372,7.213935346195361,0.2725759651022183,-0.30000001192092896,-1.9999725230403465,-2.152042107229623,0.0,-0.0009602152858860791,1.4215706757493818,1.4180649414755473
27.87871189300131,7.242983020398768,7.194907173439177,0.2722981751921681,-0.30000001192092896,-1.9998977534250337,-2.1524617933700494,0.0,-0.0010036929743364453,1.4357078426905359,1.4328844124810158
27.908732306001184,7.227620000039976,7.1857148121737815,0.2703428809303756,-0.30000001192092896,-1.9999760360625312,-2.1527698616447237,0.0,-0.0008351920987479389,1.4440854231001081,1.4477356133461559
27.970841542000926,7.212683265312173,7.167120464635181,0.2681374449030427,-0.30000001192092896,-1.9999015404279228,-2.1528522636655567,0.0,-0.0009406076860614121,1.4620623143956495,1.4623687760465816
28.033008337000865,7.197413043361493,7.148441739692519,0.2654598288615488,-0.30000001192092896,-1.9999002228044067,-2.1530190393745756,0.0,-0.0009380870033055544,1.48056280446679,1.4773118342721603
28.064080433001436,7.1822881710667215,7.139423834134527,0.2634916189834148,-0.30000001192092896,-1.9999766449724188,-2.153239368164821,0.0,-0.0009306519059464335,1.4891149178015617,1.4922820656928584
28.12665557100081,7.1672891776852286,7.120484705581804,0.26258129804358743,-0.30000001192092896,-1.999896557363007,-2.153442682534414,0.0,-0.001133195823058486,1.5081390066482996,1.5072807574526517
28.15819126400129,7.152463455178934,7.110895801600978,0.26061955902321376,-0.30000001192092896,-1.9999733730696245,-2.1536970286340478,0.0,-0.001119918073527515,1.5180873833846675,1.5223075292391577
28.22073289800028,7.13761038053576,7.092150568756027,0.25823523478071836,-0.30000001192092896,-1.9998978200843325,-2.153837810528921,0.0,-0.0011267665540799499,1.5367624063810066,1.5373854352428018
28.28368172500086,7.122866674742725,7.0733379196085355,0.25710744045004474,-0.30000001192092896,-1.9998966573148,-2.154054884362986,0.0,-0.0012459966819733381,1.5570082257041413,1.5524893275084335
28.314699922000727,7.108178226302254,7.063911141633638,0.2564784732661332,-0.30000001192092896,-1.999973944198613,-2.154224391172205,0.0,-0.0012200658675283194,1.5674802012161075,1.5676203101947919
28.378686156000185,7.093229396767415,7.044976110181542,0.256313417134089,-0.30000001192092896,-1.9998944317392542,-2.1545432247817367,0.0,-0.001218486693687737,1.5868533559132443,1.5830413673636528
28.409509277000325,7.078601072407231,7.035482295103929,0.25618764199148797,-0.30000001192092896,-1.9999733509876618,-2.154770279174307,0.0,-0.001140231266617775,1.597150798500011,1.598246110426443
28.47241356000086,7.064035051255629,7.016651314755847,0.2552016404951013,-0.30000001192092896,-1.9998947239689047,-2.1549760618498284,0.0,-0.0010533166350796819,1.617396617823145,1.6134771170121882
28.534384039001452,7.049483251510577,6.998077248117895,0.2552857650720626,-0.30000001192092896,-1.9998971536400572,-2.1551507839716986,0.0,-0.0011493130587041378,1.6378169700714782,1.628736148049929
28.564625611999872,7.034115841806462,6.9889537617552255,0.2542926149202698,-0.30000001192092896,-1.9999750771794185,-2.155590657063195,0.0,-0.0011836038902401924,1.6425293590518635,1.6447923154967494
28.627207211000496,7.019285202739331,6.9701724644089325,0.25771078706341155,-0.30000001192092896,-1.9998939392526858,-2.155712971625359,0.0,-0.0011839298531413078,1.6624261125245985,1.6601288651449788
28.658601750001253,7.00449938067401,6.960812588536809,0.25823512271783805,-0.30000001192092896,-1.9999735466641646,-2.1560663377181,0.0,-0.0011317916214466095,1.6715018246349693,1.6754941109956336
28.72155423300137,6.989741576185966,6.941901938385818,0.25818480564644264,-0.30000001192092896,-1.999891562421677,-2.156364388408696,0.0,-0.0010251770727336407,1.6913985781077052,1.6908889232253168
28.785420887001237,6.974957615553013,6.922870338429181,0.2586702657721311,-0.30000001192092896,-1.9998897048381798,-2.1566310413380942,0.0,-0.0010750594083219767,1.711993463281237,1.7063170438274982
28.816173154000353,6.960052056713407,6.913480638356136,0.25919051988359626,-0.30000001192092896,-1.9999730367088777,-2.156904094235625,0.0,-0.00098662287928164,1.7215927741672061,1.7217863354359468
28.878607919001297,6.9451470743665125,6.894761954012377,0.26054908195900023,-0.30000001192092896,-1.9998923839792297,-2.157273182819516,0.0,-0.0009847113396972418,1.7423621922659391,1.7372857030477107
28.910889537000912,6.930306799332184,6.885079259527756,0.26046032109026684,-0.30000001192092896,-1.9999710810949933,-2.1575958814694403,0.0,-0.000977759133093059,1.7528341677779053,1.7528168188308553
28.974306957999943,6.915436224061095,6.8660898440729214,0.25989038294945055,-0.30000001192092896,-1.9998882949140717,-2.1579419320538085,0.0,-0.000984841026365757,1.7727309212506404,1.768387228999229
29.037943870000163,6.900400820970277,6.8471004202187205,0.260329533018636,-0.30000001192092896,-1.9998878075003848,-2.158316735415482,0.0,-0.001025123754516244,1.7935003393493725,1.7840125969583807
29.069595459000993,6.885351176233835,6.837492830436947,0.2611850000858427,-0.30000001192092896,-1.9999711549679773,-2.1588056318289066,0.0,-0.0010480131022632122,1.8036232490109398,1.7996685893436826
29.131081913001253,6.8702981177084945,6.819012332002268,0.2627167633961261,-0.30000001192092896,-1.9998928072518556,-2.1593928476659836,0.0,-0.0010296544060111046,1.8229964037080766,1.8153576411488812
29.158659400000033,6.855253043326205,6.810730738973146,0.2626436155660279,-0.30000001192092896,-1.9999783790101353,-2.15996770805305,0.0,-0.0010222973069176078,1.8329447804444445,1.8310851087659847
29.217496791001395,6.840340854503985,6.79307736007187,0.26237295834435725,-0.30000001192092896,-1.9999013289013556,-2.1604224584239664,0.0,-0.0010367725044488907,1.8470819473855986,1.8465989918640695
29.267541372000778,6.8252232359358604,6.778054835775011,0.2619714321088008,-0.30000001192092896,-1.9999282298876413,-2.1610457934422924,0.0,-0.0009728725999593735,1.8627899106535484,1.862406937935865
29.318024211999727,6.810348040159477,6.762966227475353,0.26317101999228387,-0.30000001192092896,-1.9999272804453874,-2.161568475660496,0.0,-0.0009732047910802066,1.8816394665750868,1.8779850306143744
29.368058916001246,6.795206628925124,6.747909501977029,0.26397236341343844,-0.30000001192092896,-1.9999272643732828,-2.162295514406562,0.0,-0.0011281475890427828,1.8963002322918383,1.8938622577611786
29.41885522099983,6.780055307013873,6.73265721097079,0.2643287152406608,-0.30000001192092896,-1.9999250287069756,-2.1628705551129617,0.0,-0.0010167296277359128,1.9106119321581927,1.909777777859326
29.468605752999792,6.764967025010133,6.719741222878613,0.2641636257801575,-0.260000011920929,-1.9999281029252163,-2.1632634764344347,0.0,-0.0009263333631679416,1.9257962966505424,1.9257264868982957
29.517479265001384,6.749977864690197,6.7089838855958535,0.26313288379100797,-0.22000001192092897,-1.9999300329370253,-2.163512445493292,0.0,-0.0008907180745154619,1.9399334635916965,1.9417080989749
29.567860578001273,6.735081436036065,6.698902771645663,0.26135849451902615,-0.20000000298023224,-1.9999253198447315,-2.163608527455107,0.0,-0.0009213545708917081,1.9542451634580509,1.9577294260804052
29.618981659001292,6.720256087409921,6.6887576792944525,0.25888702654827445,-0.20000000298023224,-1.9999240348941547,-2.163634839128327,0.0,-0.0009136408916674554,1.968382330399204,1.973802940123339
29.667817483001272,6.705690556542053,6.678916331547792,0.2553775256509383,-0.20000000298023224,-1.9999282046702773,-2.1636607181841576,0.0,-0.0010235586669296026,1.9879300180215411,1.9899053446957573
29.71926402200006,6.691501052499728,6.668626412394618,0.2497266414995828,-0.20000000298023224,-1.9999211774607648,-2.163540630806458,0.0,-0.0009679388604126871,2.002416250813094,2.0060357582538426
29.774324148000233,6.6777518711828945,6.65767276243111,0.24158199642350042,-0.20000000298023224,-1.9999103128856188,-2.1631066889628716,0.0,-0.0008353631710633636,2.0170770165298464,2.022199549349383
29.801892927000154,6.664449811632914,6.652098503348352,0.23126884327886332,-0.20000000298023224,-1.9999766803026326,-2.162325510159423,0.0,-0.0008754194714128971,2.027199926191413,2.0384079997239986
29.852033126000606,6.651802413073007,6.642073380998943,0.21962775438340187,-0.20000000298023224,-1.9999242862978188,-2.1613079500298356,0.0,-0.0009030902874656022,2.042209757758565,2.054632695272112
29.90034946800006,6.639833762971555,6.632405688054671,0.20699066838587477,-0.20000000298023224,-1.9999293348292368,-2.1599555352197988,0.0,-0.000902521307580173,2.057568655176115,2.070871754123156
29.95185390700135,6.628434725971914,6.622103579701255,0.19407352616180917,-0.20000000298023224,-1.9999194800038063,-2.158383321154391,0.0,-0.0009740045643411577,2.074149283070061,2.087131269746807
30.000333752999722,6.617426894096255,6.612412551756848,0.1806012312269264,-0.20000000298023224,-1.9999285116188334,-2.156561952940008,0.0,-0.0010168339358642697,2.090380845113608,2.1034248046028674
30.052820990000328,6.60730841191905,6.6019801238014235,0.1678479647739538,-0.20000000298023224,-1.9999169011623141,-2.154589809254359,0.0,-0.001064763288013637,2.112371993688736,2.1194516464376263
30.100856615999874,6.597678487138978,6.5923051394573,0.1551328670991281,-0.20000000298023224,-1.9999283209388026,-2.152586805883965,0.0,-0.0010845358483493328,2.1303488849842784,2.1357525229738066
30.15790630599986,6.588505461121629,6.580960577488183,0.14416503344196385,-0.20000000298023224,-1.9999011733811114,-2.150484026721953,0.0,-0.0010735129471868277,2.147976710429421,2.1520571033428118
30.218690948000585,6.579497722907923,6.56874594110631,0.13476835597222736,-0.20000000298023224,-1.9998851193583955,-2.1484162509758344,0.0,-0.0012440293794497848,2.16996785900455,2.1683689184206116
30.26908626400109,6.570940173390994,6.558689596156208,0.12717827467591925,-0.20000000298023224,-1.9999219273458004,-2.1464252991855988,0.0,-0.001196093624457717,2.1875956844496924,2.1846836812441155
30.30387845400037,6.5627625064806585,6.5531090102923715,0.12093275815711324,-0.16000000298023223,-1.999962339809327,-2.144532553701742,0.0,-0.0012278474168851972,2.204350845268838,2.201001502856205
30.352453508001418,6.554786237114369,6.547285015707588,0.11570266681518038,-0.12000000298023222,-1.9999269035442442,-2.1426681570154207,0.0,-0.0013696838868781924,2.2149973537060044,2.217324185484951
30.40089788700061,6.5467479104207005,6.5424354372353335,0.11183475722128222,-0.10000000149011612,-1.9999268371350873,-2.1410059720218504,0.0,-0.001486597117036581,2.230879849899152,2.233656589865617
30.484120430000985,6.538827994635365,6.534151676812041,0.10877813049794738,-0.10000000149011612,-1.9997860166329173,-2.139513848216554,0.0,-0.001471162075176835,2.2560125911278703,2.25026702420946
30.511003786999936,6.531314340543556,6.531432477271424,0.10640466888550848,-0.10000000149011612,-1.999976889028481,-2.1381090798604987,0.0,-0.0014666534261777997,2.266310033714637,2.266612168222526
30.56776243600143,6.524073582350275,6.525743988686677,0.10169500628626471,-0.10000000149011612,-1.9998986349589025,-2.1367346805938237,0.0,-0.0014115356607362628,2.285857721336974,2.282966679956254
30.618630775999918,6.5167091238410935,6.5206643731110585,0.09317340119444384,-0.10000000149011612,-1.999918990031059,-2.1351835298951665,0.0,-0.0011606778716668487,2.301565684604922,2.3001556403244523
30.669614702001127,6.5101829353188805,6.515564164035048,0.08676870959113381,-0.10000000149011612,-1.999918168037321,-2.133363777267057,0.0,-0.0010721540311351418,2.3165755161720742,2.3165279580886193
30.7339983890015,6.504204392494473,6.509161435839674,0.07845944062871801,-0.10000000149011612,-1.9998707971547554,-2.1315922316870615,0.0,-0.001064826501533389,2.3364722696448084,2.3328996979452663
30.77008637900144,6.498755309702489,6.505537282085668,0.06905632605424694,-0.10000000149011612,-1.9999585343115462,-2.129729393547362,0.0,-0.0012291421880945563,2.346769712231575,2.3492730379401547
30.818728940001165,6.493770495152072,6.500649078212682,0.059357437118057854,-0.10000000149011612,-1.9999244492896047,-2.12777454726095,0.0,-0.0012469617649912834,2.3675391303303073,2.3656536165802735
30.885353334000683,6.489342436451683,6.496701306354716,0.04965903417864315,-0.06000000149011612,-1.9998629339193406,-2.125692828591152,0.0,-0.0012287570862099528,2.382723494822658,2.3820259060244875
30.91889584599994,6.485423336805789,6.496014122723505,0.04053733353677358,-0.020000001490116118,-1.9999625764316993,-2.1235992813544446,0.0,-0.0010829258244484663,2.393195470334625,2.3983896837186807
30.974888403001387,6.48190014889926,6.496014122723505,0.032217618611618315,-2.7755575615628914e-17,-1.9999005135137158,-2.121482702924166,0.0,-0.0011642270255833864,2.4186772774137415,2.4147440604854906
31.03405334800118,6.478630016122449,6.496014122723505,0.024202259522644765,-2.7755575615628914e-17,-1.9998892526906975,-2.119436584278748,0.0,-0.0010070571443066,2.433861641906092,2.4310897676363807
31.05718234000051,6.475845187142172,6.496014122723505,0.01635801170535678,-2.7755575615628914e-17,-1.9999828891732998,-2.1173296240554227,0.0,-0.0010303901508450508,2.4443336174180583,2.447425077707315
31.119023047000155,6.47358757267682,6.496014122723505,0.00793908791910547,-2.7755575615628914e-17,-1.9998780066900197,-2.1151976590741444,0.0,-0.00105087470728904,2.459517981910409,2.4637485343108443
31.183928708000167,6.471821533563132,6.496014122723505,-0.0018508008888267202,-2.7755575615628914e-17,-1.9998661074819788,-2.1129130122818522,0.0,-0.0010820891475304961,2.480287400009142,2.48006085181352
31.214354899000682,6.470451844618258,6.496014122723505,-0.0132895886033777,-2.7755575615628914e-17,-1.9999705011952496,-2.110505065388903,0.0,-0.0009729800513014197,2.490235776745509,2.496364924409908
31.277169021999725,6.469826376592985,6.496014122723505,-0.025956758516606726,-2.7755575615628914e-17,-1.9998743467117683,-2.107883255306651,0.0,-0.0009116579894907773,2.5117033265450406,2.5126493373552483
31.308971012000256,6.469913332740384,6.496014122723505,-0.03832919885176744,-2.7755575615628914e-17,-1.9999683998245255,-2.10507630143229,0.0,-0.0009347056620754302,2.523047966683002,2.5286409924378925
31.369718253999963,6.470577287471782,6.496014122723505,-0.050648753404143876,-2.7755575615628914e-17,-1.9998818271168697,-2.102201555919337,0.0,-0.0009170906851068139,2.5448645823329317,2.5446131167063406
31.4330857620007,6.471640276489517,6.496014122723505,-0.06294588261044398,-2.7755575615628914e-17,-1.999872469397621,-2.0992902047611772,0.0,-0.0009246131521649659,2.5677283955340577,2.5608428258649196
31.46334966700124,6.473297406404412,6.496014122723505,-0.0734016799565187,-2.7755575615628914e-17,-1.9999702242903665,-2.0963995292837416,0.0,-0.0010505077661946416,2.57313891621524,2.5770442235418085
31.52595393900083,6.475472444419082,6.496014122723505,-0.08254858710363822,-2.7755575615628914e-17,-1.9998765439493202,-2.093511826893791,0.0,-0.001082887640222907,2.5958281964911665,2.5932169787378343
31.557081631000983,6.477978928403501,6.496014122723505,-0.09049401323403483,-2.7755575615628914e-17,-1.9999695705344251,-2.090708644227652,0.0,-0.0010940321953967214,2.6069983037039304,2.609365106341584
31.621014944999843,6.480539407428377,6.496014122723505,-0.09700222013688709,-2.7755575615628914e-17,-1.9998698181875922,-2.0879246775701183,0.0,-0.001127498922869563,2.62846585350346,2.6254985958945167
31.684927952999715,6.4834203752075625,6.496014122723505,-0.10177633764344729,-2.7755575615628914e-17,-1.9998716697865577,-2.085379643483523,0.0,-0.0011412196327000856,2.651155133779386,2.6416020695336107
31.715254325001297,6.486532721155858,6.496014122723505,-0.1051029484680922,-2.7755575615628914e-17,-1.999969663863779,-2.08296465309751,0.0,-0.0012921389425173402,2.66232524099215,2.657676695067015
31.77780433600128,6.489747742204989,6.496014122723505,-0.10716723422418817,-2.7755575615628914e-17,-1.9998781802865426,-2.08075525955095,0.0,-0.0012070328230038285,2.6837927907916796,2.6737316912766262
31.808740959000716,6.492905830240135,6.496014122723505,-0.10867349641675794,-2.7755575615628914e-17,-1.9999691651370786,-2.078699171366658,0.0,-0.0011901368852704763,2.6946138321540456,2.6897821229916183
31.871387881001283,6.496164700814279,6.496014122723505,-0.10922387711927772,-2.7755575615628914e-17,-1.9998754726516688,-2.0768502301770684,0.0,-0.001190577750094235,2.7157323161031766,2.705803929251118
31.935865495001053,6.499469476627275,6.496014122723505,-0.10874591950405066,-2.7755575615628914e-17,-1.999868719535388,-2.075167134463643,0.0,-0.0011258380254730582,2.7356290695759125,2.7217994258242446
31.96727532099976,6.502699977245188,6.496014122723505,-0.10740136624338259,-2.7755575615628914e-17,-1.9999688611172963,-2.0736306446970665,0.0,-0.0010932644363492727,2.745751979237479,2.737768686988254
32.03025939300096,6.505723922902982,6.496014122723505,-0.10524092293476228,-2.7755575615628914e-17,-1.9998763982658092,-2.072239668638762,0.0,-0.0010517231421545148,2.765299666859816,2.7537121533753655
32.06064563700056,6.508716298067476,6.496014122723505,-0.10292781721921607,-2.7755575615628914e-17,-1.9999702769405803,-2.0709370160130818,0.0,-0.0010120535735040903,2.7742008460449865,2.7696351778234054
32.123329668000224,6.511589801366157,6.496014122723505,-0.09990476869215847,-2.7755575615628914e-17,-1.9998764992224627,-2.0698154867481993,0.0,-0.0009751369361765683,2.7928758690413256,2.7852747102569624
32.18615698800022,6.514354288380658,6.496014122723505,-0.0974371465467786,-2.7755575615628914e-17,-1.999877032256439,-2.0688203170809114,0.0,-0.0010025822557508945,2.811725424962866,2.801161882804198
32.2180534650015,6.516799271017634,6.496014122723505,-0.0939430283717303,-2.7755575615628914e-17,-1.9999674117967996,-2.067966059187424,0.0,-0.0009387375321239233,2.820452071222837,2.817033182195256
32.28036757500013,6.519131800621185,6.496014122723505,-0.08991640997444694,-2.7755575615628914e-17,-1.9998789870739015,-2.0672556229153782,0.0,-0.0009013945236802101,2.83493830401439,2.8328916256982257
32.31303207400015,6.521363232638002,6.496014122723505,-0.08626135656672895,-2.7755575615628914e-17,-1.999967079896968,-2.0666882752166655,0.0,-0.0009204522357322276,2.8489009380303445,2.848738299553087
32.37510839100105,6.5234145903506535,6.496014122723505,-0.08282213987597176,-2.7755575615628914e-17,-1.9998812792336542,-2.066149194243508,0.0,-0.0008958096150308847,2.8625145061958994,2.864578422832195
32.405601434000346,6.525173991061426,6.496014122723505,-0.07925073385578763,-2.7755575615628914e-17,-1.9999689856975869,-2.065715268942257,0.0,-0.0009037709678523242,2.8724628829322674,2.8804204992573714
32.468467964999945,6.526828526435244,6.496014122723505,-0.07564740197664405,-2.7755575615628914e-17,-1.9998761049639826,-2.065305221246252,0.0,-0.0010748666245490313,2.890963373003407,2.8962517396997223
32.53218117000142,6.528373720415411,6.496014122723505,-0.07203688099477212,-2.7755575615628914e-17,-1.9998757622649188,-2.0649267656455907,0.0,-0.0010134964250028133,2.9115582581769406,2.912073139067748
32.56391645500116,6.529752075282834,6.496014122723505,-0.06897041781297791,-2.7755575615628914e-17,-1.999968053433936,-2.0645854402619688,0.0,-0.0009710642625577748,2.9218557007637074,2.9281483742287864
32.626212641000166,6.530796096970104,6.496014122723505,-0.0648761442562436,-2.7755575615628914e-17,-1.9998782416313385,-2.064258724703893,0.0,-0.0009283608524128795,2.9422760530120406,2.943950177863896
32.65669368300041,6.531777748443026,6.496014122723505,-0.0618445539043887,-2.7755575615628914e-17,-1.999971078753904,-2.0639275650711437,0.0,-0.0008340952335856855,2.9529225614492063,2.9597456347962288
32.71919860900016,6.532752372103669,6.496014122723505,-0.060733571521834895,-2.7755575615628914e-17,-1.9998764317692537,-2.0636167458812387,0.0,-0.0008691507973708212,2.9745646441739364,2.976324992425116
32.784649372000786,6.5335712113462545,6.496014122723505,-0.05635250935916347,-2.7755575615628914e-17,-1.9998691037046075,-2.063398757982014,0.0,-0.0008146287873387337,2.996381259823865,2.9921070821751248
32.81332586999997,6.534255680010637,6.496014122723505,-0.05386354256100123,-2.7755575615628914e-17,-1.9999730577279362,-2.0631333009457613,0.0,-0.0008862747927196324,3.006678702410631,3.007878151720831
32.877648304000104,6.5348809579658225,6.496014122723505,-0.05143820004280314,-2.7755575615628914e-17,-1.9998733195235265,-2.0627968962407004,0.0,-0.0008451748290099204,3.0284953180605605,3.0236455759144745
32.90947150200009,6.5354612565248615,6.496014122723505,-0.04946869733206613,-2.7755575615628914e-17,-1.999967231134981,-2.062603359446098,0.0,-0.0009414491942152381,3.04402874840331,3.0394096826514727
32.97346293600094,6.535908293542014,6.496014122723505,-0.0476279295849045,-2.7755575615628914e-17,-1.9998724842315223,-2.062341931826262,0.0,-0.0009002318838611245,3.0595621787460594,3.0551709820089856
33.03288750600041,6.536080413076865,6.496014122723505,-0.04587516762797106,-2.7755575615628914e-17,-1.9998901333762176,-2.062111814104426,0.0,-0.000833093945402652,3.0757937407896065,3.070931039578684
33.064986841000064,6.5362295463806275,6.496014122723505,-0.04397146243212656,-2.7755575615628914e-17,-1.9999673692664868,-2.0618624706709956,0.0,-0.0009265653206966817,3.0906290394315583,3.0866888879757246
33.12812241600113,6.536359548859806,6.496014122723505,-0.042156237759176055,-2.7755575615628914e-17,-1.9998779225746928,-2.061683541012685,0.0,-0.0008991279173642397,3.105115272223112,3.102444961219949
33.161039839000296,6.536399595365825,6.496014122723505,-0.04065407427581553,-2.7755575615628914e-17,-1.9999671024868753,-2.061550518882958,0.0,-0.000816012208815664,3.1148891160342806,3.118193503063251
33.22320419100106,6.536222919184388,6.496014122723505,-0.03924623359718486,-2.7755575615628914e-17,-1.9998755945876003,-2.061415284355281,0.0,-0.0007743271999061108,3.1384510609362035,3.1339248206304786
33.285297226000694,6.536051706058319,6.496014122723505,-0.03786636426020938,-2.7755575615628914e-17,-1.9998793689839272,-2.0612383297509878,0.0,-0.0009213844896294177,-3.130771612227428,-3.1335265118000657
33.31826151700079,6.535884201753792,6.496014122723505,-0.03655844444963423,-2.7755575615628914e-17,-1.9999674607777678,-2.0611160638549797,0.0,-0.0010202284902334213,-3.1211723013414594,-3.1177902469186254
33.381760161000784,6.535630487915832,6.496014122723505,-0.03480716604859322,-2.7755575615628914e-17,-1.9998745427415545,-2.061035544449084,0.0,-0.0010240362025797367,-3.1028463441955187,-3.102319851317603
33.41256514700035,6.535151997376123,6.496014122723505,-0.03439927322796778,-2.7755575615628914e-17,-1.9999688954341908,-2.0609544727496623,0.0,-0.0010704296873882413,-3.093072500384351,-3.0865990504683696
33.47678332600117,6.53470913785703,6.496014122723505,-0.032874409860032525,-2.7755575615628914e-17,-1.9998734420668212,-2.060824577000039,0.0,-0.0011088703759014606,-3.0738738786124133,-3.0711355559192506
33.507708086001,6.53430400667739,6.496014122723505,-0.032593847478461196,-2.7755575615628914e-17,-1.999969691648185,-2.060770441816402,0.0,-0.0010511295404285192,-3.063925501876046,-3.055404537718723
33.57087630100068,6.533890418695496,6.496014122723505,-0.03186893097020613,-2.7755575615628914e-17,-1.9998744624677092,-2.060748489340749,0.0,-0.0012014409294351935,-3.0433306167025127,-3.0396755302150007
33.633110902001135,6.533400498375648,6.496014122723505,-0.0312694346612262,-2.7755575615628914e-17,-1.9998809803712558,-2.060728664883629,0.0,-0.0012010326609015465,-3.021863066902982,-3.023959938401282
33.66431823200037,6.5329419094332595,6.496014122723505,-0.03061874232270176,-2.7755575615628914e-17,-1.999968492051384,-2.0605887638153986,0.0,-0.001274856855161488,-3.0119146901666145,-3.0082381069998667
33.727109392000784,6.53251761814833,6.496014122723505,-0.03006917793463315,-2.7755575615628914e-17,-1.9998782911478572,-2.060527175803698,0.0,-0.0012290598824620247,-2.9900980745166854,-2.992510459874642
33.75782419999996,6.5321006162783215,6.496014122723505,-0.02969810790424865,-2.7755575615628914e-17,-1.9999701637933058,-2.0605655834102152,0.0,-0.001158820348791778,-2.9792770331543204,-2.976780963429398
33.819854720000876,6.531644373105645,6.496014122723505,-0.029312087949910415,-2.7755575615628914e-17,-1.9998787800028919,-2.0606568660834546,0.0,-0.0012482085730880499,-2.958507615055588,-2.961057470447913
33.88308015199982,6.531208143634979,6.496014122723505,-0.028901115946164624,-2.7755575615628914e-17,-1.999877863931103,-2.060718344194248,0.0,-0.0012200374621897936,-2.936865532330858,-2.9453267966198946
33.91344859200035,6.530787672146665,6.496014122723505,-0.028375628533965858,-2.7755575615628914e-17,-1.9999702074380865,-2.060847582950182,0.0,-0.0011096945963799953,-2.9262190238936934,-2.9295899825009615
33.97676520599998,6.530342261403139,6.496014122723505,-0.027888056225603086,-2.7755575615628914e-17,-1.9998764306332635,-2.0609793885652556,0.0,-0.001263407408259809,-2.9108601264761425,-2.9138460200919636
34.0081091789998,6.529809331086455,6.496014122723505,-0.027452207372149928,-2.7755575615628914e-17,-1.9999689665817093,-2.061171312893375,0.0,-0.001247142325155437,-2.900562683889376,-2.8980936988948467
34.06866445200103,6.5292899050587,6.496014122723505,-0.02691055629023731,-2.7755575615628914e-17,-1.9998843349645867,-2.0614166483012797,0.0,-0.0012565585784614086,-2.8811895291922394,-2.882335907978754
34.1327771410015,6.528779583307149,6.496014122723505,-0.026369357993169973,-2.7755575615628914e-17,-1.9998740841084455,-2.061667571476493,0.0,-0.0011459144297987223,-2.861292775719504,-2.866573326589706
34.16304084600051,6.528231429146169,6.49477900780345,-0.025748599680994966,-0.04000000000000003,-1.999970170878525,-2.061876004007556,0.0,-0.0012065075570717454,-2.851169866057937,-2.850804834394792
34.22623908700007,6.527586606508381,6.489737977803457,-0.02457195227955622,-0.08000000000000003,-1.9998757535618936,-2.0621093655239893,0.0,-0.0012184100924059749,-2.832320310136398,-2.8352923154563197
34.256734176000464,6.52694494667554,6.486650766457592,-0.024543609280238354,-0.10000000149011612,-1.9999701702506143,-2.0623150655370166,0.0,-0.001251811278052628,-2.8221974004748307,-2.8195123909758
34.32134080900141,6.526289479865889,6.4802228090618055,-0.023756472883062818,-0.10000000149011612,-1.9998706567974505,-2.062595181968522,0.0,-0.0012350967153906822,-2.8021261140768963,-2.8037282649951623
34.38447816600092,6.525495993660518,6.473930522467905,-0.022442728358503583,-0.10000000149011612,-1.999876028863363,-2.062962121093165,0.0,-0.0012681673979386687,-2.7825784264545597,-2.787948817560116
34.41669377800099,6.524301397827869,6.47069245031977,-0.01906234091561787,-0.10000000149011612,-1.9999671570926456,-2.0634868454470237,0.0,-0.001444715540856123,-2.772106450942594,-2.7721891570853154
34.477116625001145,6.522790234709237,6.464608911529004,-0.01254610221894037,-0.10000000149011612,-1.9998840216550982,-2.0642379074592228,0.0,-0.001527534332126379,-2.7515115657690608,-2.756413679460399
34.50967723100075,6.520891605920349,6.46142375028167,-0.004634522613352399,-0.10000000149011612,-1.9999681883983615,-2.065350564003779,0.0,-0.0014781835488975048,-2.7415631890326932,-2.740620660196401
34.57217354200111,6.518418231904909,6.4551049838873755,0.005045185251522755,-0.10000000149011612,-1.9998747116421214,-2.0667908527857066,0.0,-0.0015364829450845718,-2.7218409684851568,-2.7248118012416214
34.60569134599973,6.5151222824567006,6.4491173646580116,0.01614038732303691,-0.18000000149011613,-1.9999652420094325,-2.06858641829878,0.0,-0.0015872499207034707,-2.7068311369180056,-2.7087276513774334
34.66853097800049,6.511287493041909,6.437826160044335,0.029371858934173933,-0.18000000149011613,-1.9998762536293415,-2.0705797763082976,0.0,-0.0015437358524650335,-2.691297706575256,-2.6928784945884936
34.73020858700147,6.506873489231199,6.425484839060539,0.04227550627302801,-0.20000000298023224,-1.999880091632352,-2.072750268986324,0.0,-0.0014394627651199698,-2.67157548602772,-2.6769985677745622
34.7601824100002,6.501867886689782,6.419410992570146,0.05483502341414159,-0.20000000298023224,-1.9999709110410486,-2.0750590601190204,0.0,-0.0013379916781559587,-2.6661649653465376,-2.661085761997948
34.82409852300043,6.49585233217248,6.406702453380905,0.06622245889654077,-0.20000000298023224,-1.999872418002169,-2.077562764265696,0.0,-0.0013307154877111316,-2.646791810649401,-2.6444399155881673
34.88675827800034,6.489466348195884,6.39417043619397,0.08131519385005903,-0.20000000298023224,-1.9998756932738717,-2.079957865516023,0.0,-0.0012022160226479173,-2.6261969254758677,-2.6285416094446954
34.91854750499988,6.482334028416059,6.387761771698395,0.09565257076409728,-0.20000000298023224,-1.9999674201657804,-2.082623053750851,0.0,-0.0012618845794349909,-2.615899482889101,-2.6125914391386273
34.98057617000086,6.474380644090886,6.375392624714324,0.11252031484256186,-0.20000000298023224,-1.99987833830879,-2.085810425642848,0.0,-0.0013754037208855152,-2.595828196491166,-2.5965852101558218
35.01241104099972,6.465502440429478,6.369096138420346,0.1296122790820513,-0.20000000298023224,-1.9999683867869882,-2.0894635974822418,0.0,-0.001323001692071557,-2.5853562209792003,-2.5806179304689545
35.07418355899972,6.45578960507705,6.356622407634514,0.1466555630072316,-0.20000000298023224,-1.9998755586762176,-2.0931316322671276,0.0,-0.0011315824231132865,-2.564237737030069,-2.564576420593402
35.137122465001084,6.4452611587584,6.344137394448505,0.16399700097645153,-0.20000000298023224,-1.999874925851133,-2.097053909657546,0.0,-0.0009588186512701213,-2.543817384781735,-2.5484600830025657
35.1685541730003,6.433954992458852,6.337736905352905,0.18042133048788045,-0.20000000298023224,-1.9999670126923899,-2.1013179985497272,0.0,-0.0008881238754838705,-2.5331708763445695,-2.5322674427597684
35.23168726100084,6.42198768147144,6.325177685565751,0.19581871544763774,-0.20000000298023224,-1.9998725156680959,-2.105636801301834,0.0,-0.0007802772452123463,-2.5120523923954385,-2.5160745069200785
35.262647879000724,6.40947162221927,6.318919121672562,0.20811979648987233,-0.20000000298023224,-1.999968217973579,-2.1097303071856004,0.0,-0.0006189281120896339,-2.5015804168834728,-2.4997962785583847
35.32429835699986,6.396495511654302,6.3067053612905335,0.21831567731007462,-0.20000000298023224,-1.9998784694657348,-2.113801847969494,0.0,-0.0005285853985697031,-2.4816836634107373,-2.4834356305701766
35.38743357000021,6.383156807549635,6.294184190303926,0.22684769644556968,-0.20000000298023224,-1.9998717405886022,-2.11781848613836,0.0,-0.0004211164778098464,-2.4607397123868053,-2.466993868344808
35.41825562899976,6.369500096943703,6.287811673609237,0.23326229633558415,-0.20000000298023224,-1.9999666352538075,-2.121683469133786,0.0,-0.00035874629975296557,-2.450267736874839,-2.450518096406622
35.48075452300145,6.355916889180088,6.275408873824399,0.23846622409623242,-0.20000000298023224,-1.9998730731475818,-2.125149891209162,0.0,-0.0003911687235813588,-2.435083372382489,-2.4342389558676927
35.5118546800004,6.3420557028732665,6.269090732930184,0.2397941260423152,-0.20000000298023224,-1.999966917746459,-2.1285611316227158,0.0,-0.0003904846962541342,-2.4249604627209216,-2.4176044673964077
35.57501096300075,6.3284200701717035,6.256460820542066,0.2410541571648256,-0.20000000298023224,-1.9998672360513052,-2.1317214944129175,0.0,-0.0005194684490561485,-2.404540110472588,-2.4011749610982673
35.63697300400054,6.314356199583573,6.246563066597545,0.24024226953452277,-0.16000000298023223,-1.9998720307660123,-2.134804287313275,0.0,-0.0007436837768182158,-2.3834216265234565,-2.384440140917217
35.668370478000725,6.300407878031206,6.2415188351438005,0.2389584270625178,-0.16000000298023223,-1.9999666151629873,-2.1374367355122894,0.0,-0.0008471376495435834,-2.373473249787089,-2.367629843977325
35.73097799500101,6.28663485772703,6.2339993422769755,0.23680516094666149,-0.12000000298023222,-1.9998675328403939,-2.139915348864457,0.0,-0.0009999154135584831,-2.35165663413716,-2.3507491522911543
35.763048667000476,6.273094968622159,6.230812460729482,0.2331351836451513,-0.10000000149011612,-1.9999655884210532,-2.1421183799630508,0.0,-0.0010501709766685963,-2.3406610598495954,-2.33380133751797
35.826638970000204,6.259642566321553,6.224466610934985,0.2284433763314896,-0.10000000149011612,-1.9998629716895389,-2.144126842660889,0.0,-0.0011504344874992967,-2.319542575900464,-2.3168256431082086
35.85634852000112,6.246612373779427,6.22146260919023,0.22214762010539846,-0.10000000149011612,-1.999969164715358,-2.145831446573337,0.0,-0.0012884667376056314,-2.3083724686877,-2.299785910796961
35.91983500900096,6.234142585207199,6.215118526695667,0.21316284982503997,-0.10000000149011612,-1.9998619253630974,-2.1470356055876927,0.0,-0.001288982923142612,-2.2856831884117743,-2.2826899324199945
35.98379676700097,6.222357727141515,6.208770091001056,0.20144739044440663,-0.10000000149011612,-1.9998612115961325,-2.147768598369669,0.0,-0.0012103442568331957,-2.2633429739862465,-2.2655444344494073
36.0145055539997,6.211042855566389,6.205664513454788,0.18719913830799817,-0.10000000149011612,-1.9999666656296242,-2.1479228587673367,0.0,-0.0013338722055777907,-2.251474735072685,-2.248366546936036
36.07785232400056,6.200613746483583,6.199318436060147,0.17134275045863212,-0.10000000149011612,-1.9998603403348225,-2.147564229473753,0.0,-0.001222083461470902,-2.227738257245562,-2.2311508667235187
36.1088072800012,6.191068745145294,6.196227777514125,0.15480076793007713,-0.10000000149011612,-1.9999667717583272,-2.1467710146479755,0.0,-0.001292929402552545,-2.215870018332001,-2.2139047559507974
36.172007594001116,6.182390503081871,6.18991127961993,0.13849241992719574,-0.10000000149011612,-1.9998608223492003,-2.1457001366784083,0.0,-0.0014339076587930322,-2.193355270981274,-2.1966332302992635
36.23531229299988,6.173984102088818,6.188646716385719,0.12239734747436282,-0.020000001490116118,-1.9998601637853297,-2.1443787362439926,0.0,-0.0015602681087329984,-2.1701423919297493,-2.1793435946314115
36.266023415000745,6.166407617757734,6.1880304735398175,0.10762544143746622,-0.020000001490116118,-1.9999667098437235,-2.1428828922937364,0.0,-0.0015455072280019522,-2.1589722847169854,-2.1620350818144796
36.32774828200127,6.15969424632851,6.1880304735398175,0.09454765429090028,-2.7755575615628914e-17,-1.9998665052703086,-2.141265595458914,0.0,-0.0014581424184143543,-2.1420425909726406,-2.1450022640790265
36.358540414001254,6.153591908802297,6.1880304735398175,0.08131189804533567,-2.7755575615628914e-17,-1.9999666292939409,-2.139587086881152,0.0,-0.001390419085510075,-2.1313960825354754,-2.127669633601442
36.420606259000124,6.147747557010391,6.1880304735398175,0.06861399824803394,-2.7755575615628914e-17,-1.999863513505876,-2.1378899949262085,0.0,-0.0012747060973197222,-2.110277598586344,-2.110342382428284
36.484767069001464,6.142768428551067,6.1880304735398175,0.054669028818461585,-2.7755575615628914e-17,-1.9998572128159624,-2.1359849218151594,0.0,-0.001078255008906126,-2.088635515861614,-2.0930077523263697
36.515347806000136,6.138723201073424,6.1880304735398175,0.039221530212125266,-2.7755575615628914e-17,-1.999965434511037,-2.1338562125836855,0.0,-0.0008882626425474882,-2.0778144744992497,-2.07567274126733
36.57870907100005,6.135637392079846,6.1880304735398175,0.022266022024748366,-2.7755575615628914e-17,-1.9998600809839375,-2.1313734388264596,0.0,-0.0006545665673911572,-2.056346924699719,-2.0583424571427926
36.61004387700086,6.1331634263407535,6.1880304735398175,0.005114544351679462,-2.7755575615628914e-17,-1.9999642827920419,-2.1286345596321103,0.0,-0.0005306777893565595,-2.045700416262554,-2.0410167369704726
36.67192316399996,6.131634693999726,6.1880304735398175,-0.011403828941768834,-2.7755575615628914e-17,-1.9998649711460492,-2.1257045912449506,0.0,-0.00046585730160586536,-2.0233602018370265,-2.0237050830492502
36.735171238000476,6.131003169783,6.193059105939734,-0.028213539126631604,0.07999999999999997,-1.999859852185458,-2.1226054270313304,0.0,-0.00029862415976822376,-2.0013690532618975,-2.0061251987486224
36.76592167200033,6.1311987160912285,6.195532491219762,-0.0429450507215452,0.07999999999999997,-1.999966096126935,-2.11926511251785,0.0,-0.0002766240213532001,-1.989849880198735,-1.9888566602784
36.82893420599976,6.131470002004715,6.201875000814336,-0.05670125964689188,0.10000000149011612,-1.9998573333447203,-2.11595830061019,0.0,-0.00016490700363647193,-1.9673351328480082,-1.9716064601214913
36.86028307000015,6.132400143271803,6.205005832660889,-0.07039355600661557,0.10000000149011612,-1.9999652467859692,-2.1126604919239544,0.0,-6.142644269857556e-05,-1.9561650256352447,-1.9535190667185027
36.92426956300005,6.134249841074022,6.211387902055969,-0.0808916208749757,0.10000000149011612,-1.9998556790279103,-2.1092461188684903,0.0,-1.0782113349705469e-05,-1.9346974758357143,-1.9363256813209253
36.98631291499987,6.136804337150321,6.217602308148643,-0.09418125663579002,0.10000000149011612,-1.9998632760733224,-2.105850102395388,0.0,0.0002329473791178316,-1.9123572614101867,-1.9191617534783747
37.01703739000004,6.139949260948252,6.220678947594513,-0.10863902836294903,0.10000000149011612,-1.999966521947507,-2.1023230515953015,0.0,0.00046780260163359344,-1.907121273654204,-1.9020265018963363
37.08050413300043,6.144024556922163,6.226981976388384,-0.12438318187108077,0.10000000149011612,-1.9998596791267071,-2.0985684601309664,0.0,0.0005961035494692624,-1.8846065263034768,-1.8849306974807294
37.111266190000606,6.148985168281979,6.228861051395067,-0.1398177517069391,0.06000000149011612,-1.999965412808196,-2.0947035106452883,0.0,0.0007560130907222629,-1.8736109520159128,-1.8678797067184025
37.174436338000305,6.154678849844423,6.230122976089091,-0.1548210307034803,0.020000001490116118,-1.999859871769841,-2.090729081692881,0.0,0.0007671520579606295,-1.8517943363659835,-1.8508706184066241
37.23594846800006,6.160828928897396,6.230122976089091,-0.1693304010883263,-2.7755575615628914e-17,-1.9998670049735348,-2.0866888710677753,0.0,0.0007732202648185194,-1.8287559902396586,-1.8338986954728624
37.27065647800009,6.167707219427159,6.230122976089091,-0.18186398422001093,-2.7755575615628914e-17,-1.999957649605568,-2.0827295665507877,0.0,0.0008472330518998206,-1.816887751326097,-1.8169773910179967
37.32021509900005,6.175157710234595,6.230122976089091,-0.19239405704662127,-2.7755575615628914e-17,-1.9999140335326324,-2.0788283611895277,0.0,0.0008816829649731517,-1.794198471050171,-1.800109334269644
37.37091168799998,6.182829650727934,6.230122976089091,-0.1996599749424064,-2.7755575615628914e-17,-1.9999105673105377,-2.0752055076543647,0.0,0.0008488969760946929,-1.7770942443806261,-1.7832893992223136
37.42716445900078,6.190204802224758,6.230122976089091,-0.20269910465646368,-2.7755575615628914e-17,-1.9998892877557057,-2.0720094028857914,0.0,0.0008522329735569656,-1.7544049641047001,-1.7665114127299573
37.486847731001035,6.19754319749212,6.230122976089091,-0.20066080405837028,-2.7755575615628914e-17,-1.9998768416208486,-2.069289318206463,0.0,0.000729324878193438,-1.7385224679115518,-1.7497755843411031
37.51048342000104,6.204659955551092,6.230122976089091,-0.19495309811752648,-2.7755575615628914e-17,-1.9999807544559203,-2.0671153745566855,0.0,0.0007774424739181995,-1.7283995582499845,-1.7330791805801282
37.570105456999954,6.2112306580090255,6.230122976089091,-0.1860814570576811,-2.7755575615628914e-17,-1.9998769306240822,-2.065479659041543,0.0,0.0007455839077010751,-1.713564259608033,-1.7166898220943922
37.62142188400139,6.217150936201617,6.230122976089091,-0.1764492589885462,-2.7755575615628914e-17,-1.9999097113573039,-2.0643122440347397,0.0,0.0009134986903518438,-1.6989034938912804,-1.700319106886592
37.6705660710013,6.222694248041776,6.230122976089091,-0.1657722407146213,-2.7755575615628914e-17,-1.9999159428289717,-2.063607780181385,0.0,0.0009924726327881217,-1.6797048721193428,-1.683694339252711
37.72194436300015,6.22764653852894,6.230122976089091,-0.15202856454378222,-2.7755575615628914e-17,-1.9999100922085948,-2.063500825554811,0.0,0.0010449656983837485,-1.6655677051781888,-1.667088756105597
37.776905370999884,6.231905271393675,6.230122976089091,-0.13804809066237506,-2.7755575615628914e-17,-1.9998962895260088,-2.063794929615099,0.0,0.0013231938937678933,-1.6514305382370347,-1.6504905956292355
37.80587830300101,6.235318655738859,6.230122976089091,-0.12462383643064662,-2.7755575615628914e-17,-1.999971037178878,-2.064266400498201,0.0,0.0014521311968564987,-1.6374679042210798,-1.6338866745622302
37.87197516100059,6.238265104249351,6.230122976089091,-0.11203742209165232,-2.7755575615628914e-17,-1.9998515963933567,-2.064874599389245,0.0,0.0017653044778853655,-1.6226326055791283,-1.6172926645763606
37.92151615900002,6.240778659750304,6.230122976089091,-0.1006757368592475,-2.7755575615628914e-17,-1.9999149094051871,-2.065543911133841,0.0,0.0018827482126653194,-1.6083209057127748,-1.6007079385231437
37.97162730400123,6.242823532011495,6.230122976089091,-0.09011258814587134,-2.7755575615628914e-17,-1.9999139558207448,-2.066234154301893,0.0,0.001979589695110917,-1.5938346729212216,-1.5841246544672198
38.021521722001125,6.244358845680009,6.228130713889089,-0.08039744854729244,-0.04000000000000003,-1.9999151737022987,-2.066961135112183,0.0,0.002160372445359826,-1.5788248413540706,-1.5675350194706703
38.07126674200117,6.245612772387071,6.224138739649037,-0.0720840931345158,-0.08000000000000003,-1.9999148903960706,-2.067615005047012,0.0,0.0022094317246228456,-1.557706357404939,-1.5509503723622724
38.12181400100053,6.246629220277889,6.219094718573918,-0.06508939811994262,-0.10000000149011612,-1.9999130648538705,-2.068165278908744,0.0,0.002247435040771961,-1.5418238612117907,-1.5343725354209283
38.17032521500005,6.247365850091094,6.214244494901747,-0.05913670404472108,-0.10000000149011612,-1.9999196357041789,-2.0685684456194435,0.0,0.0023517177905887365,-1.5255922991682433,-1.5177923062183967
38.221419727000466,6.247679094306103,6.209150743925794,-0.053533783952672956,-0.10000000149011612,-1.9999113720018658,-2.069000295556285,0.0,0.0021587747614830732,-1.5091862041994968,-1.5011989403027661
38.270249126000635,6.247714746750464,6.204294756253376,-0.04692241757190027,-0.10000000149011612,-1.9999194535800118,-2.069507413919152,0.0,0.0021881686989217997,-1.4919074446047527,-1.4846084863859133
38.32184989400048,6.247363007958578,6.199092277175818,-0.03868214931185193,-0.10000000149011612,-1.9999075387199712,-2.0701802414848864,0.0,0.0019663837738335133,-1.475501349636006,-1.4680196870186366
38.37061668500064,6.246519275088456,6.194213674303212,-0.02822300086594101,-0.10000000149011612,-1.9999186704834098,-2.0710720965011773,0.0,0.0017206412740051746,-1.4592697875924592,-1.4516948070621407
38.42121408700041,6.2450225705983105,6.189174670828036,-0.017896351330931037,-0.10000000149011612,-1.9999131930775147,-2.0721555745094427,0.0,0.001612836611457169,-1.4426891596985127,-1.4350650563878042
38.47805167200022,6.242990923462046,6.183517604243787,-0.005956089031628586,-0.10000000149011612,-1.9998905215183593,-2.0734212705591744,0.0,0.0012987487716600299,-1.4203489452729854,-1.4184288797970743
38.50591525100026,6.240401071386683,6.180730366602231,0.006258701364966812,-0.10000000149011612,-1.9999734013262602,-2.074930199941109,0.0,0.0012725298292934895,-1.4095279039106203,-1.4017844788222944
38.55579290900096,6.237282097474909,6.175696254127336,0.01839845057623457,-0.10000000149011612,-1.999913146340554,-2.0764585565099276,0.0,0.0012703827815130353,-1.3931218089418738,-1.3851226914364312
38.622092354000415,6.233671448185938,6.169106530629076,0.029946215851843705,-0.10000000149011612,-1.9998510036655102,-2.0780826294433266,0.0,0.001311457366682589,-1.372177857917942,-1.368435288666828
38.67132591900008,6.229524355621584,6.164142454055033,0.04139552995834089,-0.10000000149011612,-1.9999153356894275,-2.079775928392669,0.0,0.0011355305323377252,-1.355248164173597,-1.3517321702425478
38.72115809100069,6.224893910044676,6.15918911148132,0.052127830611666925,-0.10000000149011612,-1.9999155759766627,-2.081449416083918,0.0,0.0011400080984458327,-1.3388420692048504,-1.3350133602979528
38.77207379900028,6.219873028468183,6.154085371905259,0.06130163428443414,-0.10000000149011612,-1.9999102267704698,-2.083038617524201,0.0,0.0011587896151468158,-1.3227850400865022,-1.3182751989808115
38.821620218001044,6.214429214059228,6.149119321631277,0.06877055803176646,-0.10000000149011612,-1.999914856223407,-2.0846025405320727,0.0,0.0010800912277773023,-1.3009684244365731,-1.3012399407715622
38.872711603000425,6.208734941358273,6.144023850555254,0.07674777627712603,-0.10000000149011612,-1.9999101960756311,-2.0860421153048385,0.0,0.0011415428016334772,-1.285260461168624,-1.2844619843506213
38.92076984100095,6.202744768146899,6.139224728283757,0.08301972144416891,-0.10000000149011612,-1.9999201841153003,-2.0873454650834846,0.0,0.0008791261352598667,-1.2697270308258748,-1.2676637049411967
38.972009965000325,6.196150382559049,6.134065298606959,0.08658186210887864,-0.10000000149011612,-1.999907553133216,-2.088596129668794,0.0,0.0007841199403628707,-1.2543681334083248,-1.2499971739818785
39.03515875300036,6.189547884403074,6.1277960049134865,0.09300234172895439,-0.10000000149011612,-1.999863211625383,-2.0897296079037084,0.0,0.0006194176967255771,-1.2383111042899766,-1.233140751831665
39.062372047999816,6.182799015562349,6.125037072072423,0.09671455518527594,-0.10000000149011612,-1.9999734509494969,-2.0907425370538752,0.0,0.0005049350438639522,-1.2229522068724266,-1.2162610336789494
39.121926349000205,6.17593588540549,6.1190937515838595,0.09963751648138375,-0.10000000149011612,-1.9998765237527014,-2.091781140265537,0.0,0.0002409905573586002,-1.2075933094548765,-1.1993591886083956
39.17630790200019,6.1689450930878955,6.113674736903099,0.10161011007853848,-0.10000000149011612,-1.9998971152831373,-2.0927538324965345,0.0,-2.9820874260622077e-05,-1.1920598791121273,-1.1824303587569087
39.23868603000119,6.161740980895003,6.107417556809757,0.10335180610560812,-0.10000000149011612,-1.9998625071227285,-2.0937939939423753,0.0,-0.00018602372438181192,-1.1704177963873974,-1.1654727936579186
39.26918785000089,6.154530123224705,6.104344561164061,0.10471645743421987,-0.10000000149011612,-1.9999667592629686,-2.094766549480841,0.0,-0.00030612884438596666,-1.1594222220998331,-1.1484892504122148
39.331982204999804,6.147330065177405,6.098082370770744,0.10513438258432573,-0.10000000149011612,-1.9998616404371392,-2.095714945211567,0.0,-0.00030706380493938923,-1.1379546723003027,-1.1314812183069354
39.363959483000144,6.1400842804180575,6.094877763123045,0.10515371587587785,-0.10000000149011612,-1.9999636807039445,-2.096696407073962,0.0,-0.0003303160483483225,-1.1266100321623398,-1.1144417659898285
39.4252094020012,6.132657812963523,6.088765320531837,0.10497922736860299,-0.10000000149011612,-1.9998675468730018,-2.097661365460647,0.0,-0.0005242985207587481,-1.1033971531108149,-1.0973654828027886
39.48904050500096,6.125317072577994,6.0824109297372235,0.10469916573301996,-0.10000000149011612,-1.9998565105180501,-2.0985197275494913,0.0,-0.0004808641388081014,-1.0803588069844903,-1.0802636887657966
39.52260196200041,6.118055411720805,6.079095129387844,0.1039954349407286,-0.10000000149011612,-1.9999608360843906,-2.099346810026403,0.0,-0.0006090886890888214,-1.0683160351457293,-1.063138956992542
39.58454024800085,6.110823910674622,6.072829637794464,0.1029921372597602,-0.10000000149011612,-1.9998598347496093,-2.1000328040990714,0.0,-0.0006999146426096559,-1.0440559585430078,-1.0459866189680653
39.61496318100035,6.103594881405022,6.069784116449073,0.10175778709517114,-0.10000000149011612,-1.9999668037935927,-2.1006432542761213,0.0,-0.0008395564509555697,-1.0332349171806428,-1.0290885870594777
39.67754465800135,6.096409833617283,6.063541098955961,0.09953983293427748,-0.10000000149011612,-1.9998601796423154,-2.1012423983270216,0.0,-0.0009429285419173539,-1.008625774727523,-1.0118812033153277
39.70916902499994,6.089480251971497,6.06036162430869,0.098439126412455,-0.10000000149011612,-1.9999636514881036,-2.1017991301243355,0.0,-0.0009417725377716124,-0.9976302004399589,-0.9949398218140852
39.773924866000016,6.082543435149548,6.0538887572121896,0.09605220161659411,-0.10000000149011612,-1.9998490087329763,-2.102395731739408,0.0,-0.0010436668526381254,-0.9738937226128361,-0.9776924103658753
39.833864457001255,6.075622443300144,6.04790380182307,0.09422116986661777,-0.10000000149011612,-1.9998706189787578,-2.1029074946923716,0.0,-0.0010215285001322627,-0.956614963018092,-0.9604334630737253
39.865851542999735,6.06884620076186,6.044702778975349,0.09246322170428412,-0.10000000149011612,-1.999962906177278,-2.1032646779396864,0.0,-0.001035018591210246,-0.9447467241045304,-0.9431511157620256
39.92955266300123,6.06222149613955,6.038344365680605,0.09066218469094256,-0.10000000149011612,-1.9998533226432944,-2.1035180618943197,0.0,-0.0010687733301892877,-0.9215338450530064,-0.9258468401851261
39.960907927001244,6.055700175970842,6.036453681273681,0.0883264613147503,-0.06000000149011612,-1.999963897006102,-2.103802466139427,0.0,-0.00106972421053797,-0.9100146719898432,-0.9085228567257909
40.02410075800071,6.0491594550039025,6.035190551119537,0.08625679098303118,-0.020000001490116118,-1.9998546632804726,-2.1041413024224056,0.0,-0.0009357704548165202,-0.8880235234147147,-0.8911836846370318
40.08653340700039,6.042775009122949,6.035190551119537,0.08437785487624883,-2.7755575615628914e-17,-1.9998574901078539,-2.1044710786467795,0.0,-0.0009220632491633296,-0.8653342431387889,-0.8738205738859367
40.118005640000774,6.036541890480206,6.035190551119537,0.08241213268757552,-2.7755575615628914e-17,-1.9999638632904673,-2.104793094130509,0.0,-0.0008927325834520161,-0.854164135926025,-0.856435305434189
40.181210030999864,6.0304595721516385,6.035190551119537,0.07993615483542094,-2.7755575615628914e-17,-1.9998548714335254,-2.1050621713287203,0.0,-0.0008862544782459736,-0.8328711190516942,-0.8390313050100047
40.21039727400057,6.024515093967128,6.035190551119537,0.07573149935826073,-2.7755575615628914e-17,-1.9999685039182964,-2.105275198446641,0.0,-0.0007736736442893744,-0.8220500776893291,-0.8216155230772031
40.27337767800054,6.019058084445397,6.035190551119537,0.06900610068864266,-2.7755575615628914e-17,-1.999853731066089,-2.1052391416047866,0.0,-0.000720494834240526,-0.8005825278897989,-0.8041804335815907
40.30569775500044,6.014211257450496,6.035190551119537,0.0589778173109492,-2.7755575615628914e-17,-1.9999605668395775,-2.1048555522043317,0.0,-0.0006496372516267002,-0.7847000316966506,-0.7867311739897643
40.366327224001,6.009998140049232,6.035190551119537,0.04659103918195551,-2.7755575615628914e-17,-1.9998644335913296,-2.104120279859659,0.0,-0.0006698021898046136,-0.7686430025783029,-0.7692654683357926
40.42946202700114,6.006308097163208,6.035190551119537,0.03222808965506907,-2.7755575615628914e-17,-1.9998539431734774,-2.1029910109573526,0.0,-0.0007193265482783318,-0.7466518540031744,-0.7517764526259666
40.460897150000164,6.0034827379061,6.035190551119537,0.01808353033789567,-2.7755575615628914e-17,-1.9999631644938758,-2.1015028771446738,0.0,-0.0007464748923666775,-0.7361798784912086,-0.7345821878274001
40.52211048100071,6.001394963161517,6.035190551119537,0.0030366998203843476,-2.7755575615628914e-17,-1.9998612223384737,-2.099769762205939,0.0,-0.0006534929852932692,-0.7190756518216634,-0.7171040758249041
40.587700080001014,5.999909485520834,6.035190551119537,-0.01063896904240269,-2.7755575615628914e-17,-1.999844741610837,-2.097937108353995,0.0,-0.0007251764764077961,-0.6972590361717343,-0.6996279410931577
40.61788993600021,5.998754615273684,6.035190551119537,-0.02311446588442423,-2.7755575615628914e-17,-1.9999642160937603,-2.0960191151662464,0.0,-0.0008226577774621546,-0.6810274741281876,-0.68214234596205
40.679096444000606,5.998239747723561,6.035190551119537,-0.03429402623715894,-2.7755575615628914e-17,-1.9998616863850216,-2.094108977827996,0.0,-0.00093914067838341,-0.6633996486830442,-0.6646725395130767
40.71177338900088,5.99827931978081,6.035190551119537,-0.044200943068860576,-2.7755575615628914e-17,-1.9999612286688666,-2.0923058911111427,0.0,-0.001029069535434246,-0.6529276731710785,-0.6472196857326279
40.77362885900038,5.998707798060904,6.035190551119537,-0.0528556751601329,-2.7755575615628914e-17,-1.9998562033700829,-2.090574290765069,0.0,-0.0011193414684385061,-0.6304129258203517,-0.6297768443313462
40.83648372800053,5.999271503467835,6.035190551119537,-0.06040812940096285,-2.7755575615628914e-17,-1.9998545116127402,-2.0889040919823056,0.0,-0.0011225477792322636,-0.6075491126192261,-0.6123311443846671
40.868023367000205,6.000248723030912,6.035190551119537,-0.06694492838538246,-2.7755575615628914e-17,-1.9999638903134942,-2.087325525049658,0.0,-0.0011134559754282236,-0.5967280712568614,-0.5946157568310975
40.93132509000134,6.001513748470146,6.035190551119537,-0.07118734850929875,-2.7755575615628914e-17,-1.9998520030601536,-2.085859154892706,0.0,-0.001124638831242919,-0.573689725130536,-0.577210913930124
40.96205289200043,6.002945255137441,6.035190551119537,-0.07518321466958,-2.7755575615628914e-17,-1.9999638638527422,-2.0844592756621756,0.0,-0.0010909311240538955,-0.5623450849925731,-0.5598185361731628
41.02520188000017,6.004296002362124,6.035190551119537,-0.07827794225452,-2.7755575615628914e-17,-1.999853197312438,-2.083150534371132,0.0,-0.0010686886962503195,-0.539306738866248,-0.5424257969894289
41.087720801000614,6.005955798432346,6.035190551119537,-0.08200145905761425,-2.7755575615628914e-17,-1.9998553781683042,-2.081916772606934,0.0,-0.0010761449811980128,-0.5171410573659196,-0.5241868319117482
41.11932352700023,6.007631381412136,6.035190551119537,-0.08130192342385933,-2.7755575615628914e-17,-1.9999628172849733,-2.080863537300342,0.0,-0.001037492649629712,-0.5054473513775575,-0.5068342032508024
41.182774869999776,6.009334221257664,6.035190551119537,-0.08162835889041431,-2.7755575615628914e-17,-1.999851767980226,-2.079913379464867,0.0,-0.0009234164608642459,-0.4825835381764323,-0.48949624778798234
41.213633155000934,6.010901954593372,6.035190551119537,-0.08181799992517758,-2.7755575615628914e-17,-1.9999655410488844,-2.078989670248653,0.0,-0.0008363320375792682,-0.4721115626644661,-0.4721650018399776
41.276015901999926,6.012548688446287,6.035190551119537,-0.08145760427703941,-2.7755575615628914e-17,-1.9998545733578599,-2.0782401645443893,0.0,-0.0008447053260169923,-0.4548328030697224,-0.45485011336355563
41.33950925300087,6.014237214766863,6.035190551119537,-0.08075230997533,-2.7755575615628914e-17,-1.999853992707258,-2.07756912935619,0.0,-0.0007664279546588659,-0.42725660088821193,-0.4375507656460414
41.36938526300037,6.015873120553627,6.035190551119537,-0.0796796077054811,-2.7755575615628914e-17,-1.999965989027867,-2.0769565353500323,0.0,-0.0006566951633431017,-0.42219514605742825,-0.4202590432113689
41.43294724200132,6.017313757576837,6.035190551119537,-0.07837572031557682,-2.7755575615628914e-17,-1.9998528864197807,-2.0764093413043474,0.0,-0.00046424075844697654,-0.39968039870670147,-0.40296262164827923
41.46467301899975,6.0187925743420205,6.035190551119537,-0.0770751103868954,-2.7755575615628914e-17,-1.9999639191923493,-2.075928980075025,0.0,-0.00042111173388548195,-0.3895574890451341,-0.3856808151131002
41.52540653300093,6.020283430842614,6.035190551119537,-0.07585395179145737,-2.7755575615628914e-17,-1.9998604427489017,-2.0755170642919656,0.0,-0.0004303540044929832,-0.36739180754480616,-0.36841266451167815
41.58787617300004,6.02169500285383,6.035190551119537,-0.07450742488284612,-2.7755575615628914e-17,-1.9998570441609644,-2.075230322263318,0.0,-0.0002893144846893847,-0.34470252726887995,-0.35114950759830843
41.619039106000855,6.022855116888117,6.035190551119537,-0.07301963850479909,-2.7755575615628914e-17,-1.9999639714268738,-2.074980586780795,0.0,-0.00020367639081086963,-0.33388148590651534,-0.33387818486168946
41.68265099900054,6.0240375540295545,6.035190551119537,-0.07124709079114866,-2.7755575615628914e-17,-1.9998535767556993,-2.074801788112698,0.0,-0.0001831502595450729,-0.31119220563058914,-0.3166191708183078
41.71315154600052,6.025211621692248,6.035190551119537,-0.06929362933884431,-2.7755575615628914e-17,-1.999964828193553,-2.074605087314964,0.0,-3.108946475549601e-05,-0.29949849964222697,-0.299658929275177
41.77552980300061,6.026348372043499,6.035190551119537,-0.06876258935937662,-2.7755575615628914e-17,-1.9998587419012257,-2.0743763902171724,0.0,3.7318091017368715e-06,-0.27733281814189903,-0.28241542483146187
41.80780394500107,6.027238219493409,6.035190551119537,-0.0670438168310864,-2.7755575615628914e-17,-1.9999608572170342,-2.0741651685825637,0.0,6.151392153697088e-05,-0.2607521902479526,-0.2654490071621945
41.86885275900022,6.028186368849718,6.035190551119537,-0.06631423184328528,-2.7755575615628914e-17,-1.9998643339938609,-2.0739527674141596,0.0,0.00020683975890278816,-0.2432988977280095,-0.24820811619882913
41.930660969999735,6.029147172298739,6.035190551119537,-0.06499858452119905,-2.7755575615628914e-17,-1.9998601839311017,-2.073727769796677,0.0,0.00039261599886231124,-0.22689280275926293,-0.23097935412462914
41.96246254900143,6.030120074201496,6.035190551119537,-0.06366510068249848,-2.7755575615628914e-17,-1.999962142739007,-2.0733727746606965,0.0,0.00042169116204604506,-0.21607176139689788,-0.21376263969470005
42.02644805900127,6.030892519688265,6.035190551119537,-0.06231972060956159,-2.7755575615628914e-17,-1.9998519073058512,-2.072999199998573,0.0,0.000656449468806386,-0.19530234329816532,-0.19662831152221286
42.088747839999996,6.0316953219389875,6.035190551119537,-0.06126614484056775,-2.7755575615628914e-17,-1.999857289136608,-2.0724084206370965,0.0,0.0006078883889131248,-0.1740093264238345,-0.1794948452392454
42.120502320000014,6.032511978692541,6.035190551119537,-0.06030351985151433,-2.7755575615628914e-17,-1.9999625677335686,-2.0718170468977726,0.0,0.0007153706392273307,-0.16318828506146987,-0.16236354109809473
42.183633344000555,6.0333525612595995,6.035190551119537,-0.059419223791354725,-2.7755575615628914e-17,-1.9998548568609218,-2.071324734177717,0.0,0.0008016261854209006,-0.14276793281313616,-0.145233979623565
42.21546286500052,6.03387959804204,6.035190551119537,-0.058787408692702325,-2.7755575615628914e-17,-1.9999622419419234,-2.0709814149393324,0.0,0.0008603397873230278,-0.13212142437597052,-0.12813975029867
42.27746334600124,6.034467684485712,6.035190551119537,-0.058135545080785334,-2.7755575615628914e-17,-1.9998593307882868,-2.070661806813867,0.0,0.0009043800528161228,-0.11082840750163969,-0.11104040631822545
42.339305211000465,6.035098481086967,6.035190551119537,-0.05756479884413135,-2.7755575615628914e-17,-1.9998603722145827,-2.070451088496212,0.0,0.0009093472035601735,-0.08988445647770815,-0.09393727557676884
42.37064634800117,6.0357715943384544,6.035190551119537,-0.057007394423639,-2.7755575615628914e-17,-1.9999639020814854,-2.070282723532333,0.0,0.0010156529024243355,-0.07888888219014367,-0.07683094541408902
42.435306870000204,6.036145524585127,6.035190551119537,-0.056463738147399634,-2.7755575615628914e-17,-1.999847731495396,-2.070210721351153,0.0,0.0009973453124985099,-0.056897733615015156,-0.059742299642450675
42.46559771600005,6.036602429180741,6.035190551119537,-0.056070543063476294,-2.7755575615628914e-17,-1.9999661518478917,-2.0701094500010964,0.0,0.001054477645084262,-0.04677482395344823,-0.04264719861026633
42.527706509999916,6.037120990206528,6.035190551119537,-0.05574811838474719,-2.7755575615628914e-17,-1.9998589780375517,-2.0700593244240486,0.0,0.0009396953973919153,-0.024783675378319714,-0.025547203872700572
42.56021405700085,6.037682232869528,6.035190551119537,-0.05487544851267562,-2.7755575615628914e-17,-1.9999620038071175,-2.070070936906677,0.0,0.0009289254085160792,-0.008203047484373283,-0.008728838395433813
42.62257366900121,6.03807251348202,6.035190551119537,-0.0550816573474993,-2.7755575615628914e-17,-1.999856368834957,-2.070077776416117,0.0,0.001067331642843783,0.00802851455917386,0.008363333006813018
42.68331857399971,6.038522621157358,6.035190551119537,-0.05458521053723336,-2.7755575615628914e-17,-1.9998657589860773,-2.070146709999323,0.0,0.0011215503327548504,0.025656340004316824,0.02546197011899971
42.71554522699989,6.039006882452585,6.035190551119537,-0.053965867358651894,-2.7755575615628914e-17,-1.9999628482286418,-2.0702730167062517,0.0,0.0012255219044163823,0.042411500823462234,0.04256548159859165
42.7773023130012,6.039532128443571,6.035190551119537,-0.0533618658631561,-2.7755575615628914e-17,-1.999859784790267,-2.0703891626614745,0.0,0.0012926688650622964,0.05864306286700938,0.059672905815186576
42.84102519299995,6.039750767498799,6.035190551119537,-0.052982391388482125,-2.7755575615628914e-17,-1.9998510482778833,-2.07045091598805,0.0,0.0013723066076636314,0.08080874436733732,0.07677467437903332
42.87201088599977,6.040038398462726,6.035190551119537,-0.052408513491888326,-2.7755575615628914e-17,-1.999965166641508,-2.07056064820793,0.0,0.0014163106679916382,0.09075712110370526,0.09388262223686276
42.933837984001,6.040378933687135,6.035190551119537,-0.0518723130795154,-2.7755575615628914e-17,-1.9998600607159696,-2.070823195369673,0.0,0.0014606028562411666,0.11274826967883378,0.11099654336971577
42.96540535500026,6.040799130677846,6.035190551119537,-0.05220638666215571,-2.7755575615628914e-17,-1.9999638475701778,-2.0711683976591218,0.0,0.0015490531222894788,0.12339477811599897,0.12840160000021061
43.02946483300002,6.0410836588614965,6.035190551119537,-0.051506767794080366,-2.7755575615628914e-17,-1.9998521731959094,-2.0715237541919906,0.0,0.0013596913777291775,0.14416419621473153,0.14551328177676323
43.059909796000284,6.0414381545405815,6.035190551119537,-0.05137034758000464,-2.7755575615628914e-17,-1.9999645292643191,-2.0717337003835223,0.0,0.0013168985024094582,0.155159770502296,0.16262959635485116
43.12366703000043,6.0418740323903775,6.035190551119537,-0.05288866603953468,-2.7755575615628914e-17,-1.9998510945962604,-2.07170523828417,0.0,0.0013027585810050368,0.17732545200262395,0.18060515318068385
43.189583809000396,6.042312558797369,6.035190551119537,-0.05079060409520686,-2.7755575615628914e-17,-1.9998451993508206,-2.0716605815342115,0.0,0.0012847111793234944,0.200363798128949,0.19772446048976902
43.22318823600108,6.042655442797989,6.035190551119537,-0.050307572825199875,-2.7755575615628914e-17,-1.9999580219079416,-2.071570127719972,0.0,0.0012148177484050393,0.21101030656611464,0.21482992674020024
43.27382217700142,6.043028413276291,6.035190551119537,-0.04964643635181448,-2.7755575615628914e-17,-1.9999063898437033,-2.0714168844531473,0.0,0.001083960640244186,0.23439771854283853,0.23193765488057608
43.3239198350002,6.043422117995676,6.035190551119537,-0.049189699794512376,-2.7755575615628914e-17,-1.9999068996886011,-2.0713160204573584,0.0,0.0010374549310654402,0.25115287936198394,0.24904707690237687
43.389926433001165,6.043834980935767,6.035190551119537,-0.04871481362876273,-2.7755575615628914e-17,-1.9998431729804191,-2.0712219699937484,0.0,0.0009701667004264891,0.27401669256310957,0.2661574796564083
43.41305045400077,6.043971959859409,6.035190551119537,-0.04814490436925267,-2.7755575615628914e-17,-1.9999801108592832,-2.07112923987361,0.0,0.0008885728311724961,0.28518679977587347,0.28324605632779165
43.47199450300104,6.044143178731137,6.035190551119537,-0.047373575975404925,-2.7755575615628914e-17,-1.999871420184341,-2.0710502864308244,0.0,0.000688703847117722,0.3012438288942212,0.3003394434444019
43.52252451999993,6.044335486963991,6.035190551119537,-0.04672560817540383,-2.7755575615628914e-17,-1.9999074115477402,-2.070990609498996,0.0,0.0006534522981382906,0.31695179216217007,0.3174375533632831
43.58893049400103,6.04454496562158,6.035190551119537,-0.046023765595174515,-2.7755575615628914e-17,-1.999839875203719,-2.071034908471558,0.0,0.0005662638577632606,0.3385938748869002,0.33453931557004335
43.62341612800083,6.0445954831763355,6.035190551119537,-0.045214489415842496,-2.7755575615628914e-17,-1.9999563436283743,-2.071089363045654,0.0,0.00035466448753140867,0.34836771869806826,0.35162327510392366
43.67933299000106,6.044668445752318,6.035190551119537,-0.04437640395145093,-2.7755575615628914e-17,-1.999885362832736,-2.0711741376440145,0.0,0.00025052824639715254,0.3698352684975985,0.36871409638094094
43.73902895500032,6.044755320598331,6.035190551119537,-0.04370096561288961,-2.7755575615628914e-17,-1.9998708085749384,-2.071277892665976,0.0,0.00025894661666825414,0.38536869884034797,0.3858110609770783
43.76215971000056,6.044859728559826,6.035190551119537,-0.04310140045264188,-2.7755575615628914e-17,-1.999980535575659,-2.0713997958884076,0.0,0.000147497485158965,0.3958406743523142,0.4029131444878408
43.82348561100116,6.0448835233269556,6.035190551119537,-0.0419846422335981,-2.7755575615628914e-17,-1.9998619252882666,-2.071546422524438,0.0,4.808280209545046e-05,0.417308224151844,0.41974352821066524
43.874163493001106,6.044927207480891,6.035190551119537,-0.041517279755930336,-2.7755575615628914e-17,-1.9999065986613993,-2.0717310561227427,0.0,5.7509660109644756e-05,0.43284165449459344,0.4365774538082464
43.924894615000085,6.044975478675831,6.035190551119537,-0.04143607282381179,-2.7755575615628914e-17,-1.999908219546817,-2.0719390789638203,0.0,-1.1763560223698732e-06,0.45012041408933756,0.45370030862257954
43.988411178001115,6.0450256797245725,6.035190551119537,-0.04073563991993334,-2.7755575615628914e-17,-1.9998491096645228,-2.0721576537378774,0.0,-0.00019424328638706356,0.47193702973926666,0.470826003759526
44.0236666210003,6.044982774619438,6.035190551119537,-0.040159764482094795,-2.7755575615628914e-17,-1.9999556076460578,-2.0723704723669436,0.0,-0.00019671089830808342,0.48328166987723,0.4880015678739233
44.0876128079999,6.04495191132054,6.035190551119537,-0.03950050366983815,-2.7755575615628914e-17,-1.9998517448297326,-2.0727094956137155,0.0,-0.00017581639986019582,0.5057964172279568,0.5051736082113032
44.11480185599976,6.04492792463239,6.035190551119537,-0.03902974326687925,-2.7755575615628914e-17,-1.9999720741255098,-2.0729723162324167,0.0,-0.00024307736021000892,0.5169665244407202,0.5223428596582572
44.17324736400042,6.04491465875218,6.035190551119537,-0.03860596589529064,-2.7755575615628914e-17,-1.9998772724391864,-2.073166526917021,0.0,-0.0003230782749596983,0.5335471523346667,0.5395089701859799
44.22288826800104,6.044786551394555,6.035190551119537,-0.03834301622462599,-2.7755575615628914e-17,-1.999908152049025,-2.073314769020154,0.0,-0.0003388805780559778,0.5553637679845957,0.5567071889525146
44.28919398400103,6.044673886693758,6.035190551119537,-0.037860535519138594,-2.7755575615628914e-17,-1.999841709408843,-2.073493556875244,0.0,-0.00043088573147542775,0.5784021141109208,0.573898404436015
44.32391919600013,6.0445622448027,6.035190551119537,-0.03732797954436473,-2.7755575615628914e-17,-1.9999550502369874,-2.073572526285805,0.0,-0.0005686979275196791,0.5899212871740831,0.5910832585947126
44.38809171400135,6.044458473095967,6.035190551119537,-0.03680406483681942,-2.7755575615628914e-17,-1.9998498291221216,-2.073586891044174,0.0,-0.0005797678022645414,0.6117379028240126,0.6082619936500935
44.413606935000644,6.044041266286741,6.035190551119537,-0.036503279161233304,-2.7755575615628914e-17,-1.9999760569431289,-2.073544674431197,0.0,-0.0006231917650438845,0.6227334771115767,0.625452123427991
44.47308996300126,6.043673198426521,6.035190551119537,-0.03607964818317855,-2.7755575615628914e-17,-1.9998719785676224,-2.0735289484196526,0.0,-0.0007587583968415856,0.6387905062299248,0.6426366801996437
44.4979840520009,6.04334294664426,6.035190551119537,-0.035754862607498716,-2.7755575615628914e-17,-1.9999772515106307,-2.0734852150066594,0.0,-0.0006779688410460949,0.6557201999742697,0.6598162653012402
44.579348979001225,6.043052842430974,6.035190551119537,-0.03549160609423241,-2.7755575615628914e-17,-1.9997567532565927,-2.0733856357902174,0.0,-0.0006475205300375819,0.6829473363053813,0.6769906708948386
44.60752825800046,6.0424690956062275,6.035190551119537,-0.034773279103668675,-2.7755575615628914e-17,-1.9999713329216573,-2.0732292815802476,0.0,-0.0006114060524851084,0.688183324061364,0.6939141583847419
44.65564210900084,6.041955260657757,6.035190551119537,-0.03496825560923944,-2.7755575615628914e-17,-1.9999150591689496,-2.073045749659599,0.0,-0.0006106140208430588,0.7047639519553104,0.7111143094276583
44.70815159400081,6.041497533467412,6.035190551119537,-0.034702657738136855,-2.7755575615628914e-17,-1.9998996220508813,-2.072876270631162,0.0,-0.0007740522269159555,0.7208209810736581,0.728306988618923
44.75615547900088,6.041099043460643,6.035190551119537,-0.03458067057552472,-2.7755575615628914e-17,-1.9999155683785494,-2.07270301593739,0.0,-0.0007370043895207345,0.7380997406684022,0.7454922613643703
44.80678352799987,6.040456893076929,6.035190551119537,-0.03447699031976792,-2.7755575615628914e-17,-1.9999062125938758,-2.072459059378297,0.0,-0.0008013035403564572,0.7552039673379465,0.7626632445777997
44.87167074300123,6.0398867150656175,6.035190551119537,-0.034166825905431075,-2.7755575615628914e-17,-1.9998466343426329,-2.072252798642507,0.0,-0.000753546308260411,0.7770205829878756,0.7798304036035123
44.93015114700029,6.039372383506837,6.035190551119537,-0.03390792270911769,-2.7755575615628914e-17,-1.9998763980452516,-2.071966984178223,0.0,-0.0007418471504934132,0.8000589291142006,0.7969940866426525
44.95775809500083,6.03892202535175,6.035190551119537,-0.033737099556245154,-2.7755575615628914e-17,-1.9999720864634574,-2.071719435928108,0.0,-0.0007229257025755942,0.8119271680277622,0.8141540879517973
45.00818058100049,6.0383889513909725,6.035190551119537,-0.03386866004524314,-2.7755575615628914e-17,-1.9999064002177322,-2.071488592715471,0.0,-0.0007195999496616423,0.8283332629965088,0.8313245260582354
45.05691746600132,6.037937019687361,6.035190551119537,-0.034680271091715786,-2.7755575615628914e-17,-1.9999129975140404,-2.0713205621468354,0.0,-0.0008306689560413361,0.8447393579652553,0.848777224463016
45.108973993999825,6.037555593860004,6.035190551119537,-0.0344404750788434,-2.7755575615628914e-17,-1.9999013157656074,-2.0712180882049003,0.0,-0.0006653319578617811,0.8609709200088025,0.8659409427821552
45.17079501900116,6.037244719021101,6.035190551119537,-0.034789572379853695,-2.7755575615628914e-17,-1.9998587186602184,-2.0709977643158304,0.0,-0.0008756528841331601,0.8831366015091309,0.8831003789881464
45.234947411001485,6.036583768199597,6.035190551119537,-0.036982726501119334,-2.7755575615628914e-17,-1.99985108531928,-2.0706972109684356,0.0,-0.0008152110385708511,0.9051277500842589,0.9011319345030395
45.26647187100025,6.036150521382815,6.035190551119537,-0.035277600438904266,-2.7755575615628914e-17,-1.9999635717934001,-2.0705987511516,0.0,-0.0005785321118310094,0.9161233243718234,0.9182964178720566
45.329770698001084,6.0357940720383585,6.035190551119537,-0.035586304478702147,-2.7755575615628914e-17,-1.9998523700704838,-2.0704140527232733,0.0,-0.0005702527123503387,0.936718209545357,0.9354580502198911
45.392482627999925,6.0354777283817,6.035190551119537,-0.03611585189350597,-2.7755575615628914e-17,-1.9998584425184485,-2.070277109687261,0.0,-0.0004816209839191288,0.9581857593448868,0.9526229825955537
45.42340404100105,6.0351037021664915,6.035190551119537,-0.03676904072849407,-2.7755575615628914e-17,-1.9999637617637571,-2.0701759340847365,0.0,-0.0004488319100346416,0.9688322677820524,0.9698035690616814
45.48475418599992,6.034837268006258,6.035190551119537,-0.03739552504584065,-2.7755575615628914e-17,-1.9998626807156428,-2.0700962001227445,0.0,-0.00032786186784505844,0.9845402310500013,0.9869784421474223
45.516607260000455,6.034665043677061,6.035190551119537,-0.038251463069280955,-2.7755575615628914e-17,-1.9999627891378564,-2.069949478813804,0.0,-0.00023099295503925532,0.9950122065619675,1.0041488502849873
45.58097520500087,6.0344976357811975,6.035190551119537,-0.039136332261481166,-2.7755575615628914e-17,-1.9998484875851128,-2.069826609441954,0.0,-0.0001437525061191991,1.0215412111922806,1.0213225825561145
45.643580938000014,6.034161513092807,6.035190551119537,-0.040067841842755914,-2.7755575615628914e-17,-1.9998594956864033,-2.069688627667401,0.0,2.5438444936298765e-05,1.0375982403106292,1.038515803832249
45.675006874000246,6.033944683396915,6.035190551119537,-0.04067450704938591,-2.7755575615628914e-17,-1.9999624540462742,-2.069495353328038,0.0,0.00010236403613816947,1.0489428804485925,1.05570096400139
45.73822475900124,6.033825420625964,6.035190551119537,-0.04124987538791336,-2.7755575615628914e-17,-1.9998546183750152,-2.069348780997969,0.0,0.00021085204207338393,1.0709340290237206,1.072879682851153
45.76904605500022,6.033719852620916,6.035190551119537,-0.041921856212926656,-2.7755575615628914e-17,-1.9999646144114356,-2.069203248112615,0.0,0.00027325921109877527,1.082278669161684,1.090051975988721
45.83049867200134,6.03345318013951,6.035190551119537,-0.042562931363167245,-2.7755575615628914e-17,-1.9998606451076262,-2.0690116421983453,0.0,0.0004254580708220601,1.1054915482132088,1.1072212796014782
45.894659098001284,6.033298829227163,6.035190551119537,-0.04242862939303693,-2.7755575615628914e-17,-1.999850325413044,-2.068850774166681,0.0,0.00040040744352154434,1.1280062955639352,1.124100019707858
45.92581127300036,6.033242460034622,6.035190551119537,-0.043395108716719366,-2.7755575615628914e-17,-1.999964153054082,-2.068710797891847,0.0,0.00045732996659353375,1.1397000015522973,1.1412604674208358
45.99387838000075,6.0333648182340776,6.035190551119537,-0.043183199525274385,-2.7755575615628914e-17,-1.9998307221573848,-2.0685736830515316,0.0,0.0006389496847987175,1.1629128806038214,1.1581265414142499
46.019938980000006,6.033090329619423,6.035190551119537,-0.0443988873036022,-2.7755575615628914e-17,-1.999975225161663,-2.0684104419736897,0.0,0.0007448004907928407,1.174432053666984,1.1752960204949217
46.08193008300077,6.032946780645447,6.035190551119537,-0.044848602667092674,-2.7755575615628914e-17,-1.9998591368090963,-2.068389651982564,0.0,0.0008067286689765751,1.1974703997933096,1.1924614790888783
46.11235235300046,6.0329168579700925,6.035190551119537,-0.045312159436930344,-2.7755575615628914e-17,-1.999966134655617,-2.0683584453980495,0.0,0.0008789427811279893,1.208815039931273,1.2096231639742818
46.17582724800013,6.032993580438385,6.035190551119537,-0.045795526160243405,-2.7755575615628914e-17,-1.999851218103051,-2.0682585142114327,0.0,0.000978380674496293,1.230806188506401,1.2267801648226129
46.24031067800024,6.033045998402992,6.035190551119537,-0.046343388444920475,-2.7755575615628914e-17,-1.9998505859082978,-2.0681376006202297,0.0,0.0010006817756220698,1.253670001707527,1.2439426836909502
46.27117721800096,6.033186628413293,6.035190551119537,-0.04663917798937678,-2.7755575615628914e-17,-1.9999637804734967,-2.0680188677626763,0.0,0.0009646212565712631,1.2650146418454904,1.2610994818273298
46.302609125001254,6.033399666214648,6.035190551119537,-0.0468544364718253,-2.7755575615628914e-17,-1.9999635860676097,-2.0678637724033266,0.0,0.001099719782359898,1.281420736814237,1.2782512338897458
46.364320284001224,6.033683811797482,6.035190551119537,-0.04714227427793827,-2.7755575615628914e-17,-1.9998609104015106,-2.067707295969237,0.0,0.0011242353357374668,1.2924163111018014,1.295397498788521
46.42693573500037,6.033757872977412,6.035190551119537,-0.04739990428135987,-2.7755575615628914e-17,-1.9998583817008546,-2.0675314448394837,0.0,0.0010996207129210234,1.3131857292005336,1.3125540413971666
46.48853560600037,6.033889357278495,6.035190551119537,-0.04706241210851192,-2.7755575615628914e-17,-1.999860324632129,-2.0673619771881375,0.0,0.0012664913665503263,1.3343042131496645,1.3297041903153395
46.519145195999954,6.034061109051716,6.035190551119537,-0.0465738643249724,-2.7755575615628914e-17,-1.9999654361174433,-2.067159775628533,0.0,0.0012526609934866428,1.3449507215868302,1.3468488434821737
46.58265001700056,6.034277220290934,6.035190551119537,-0.046190964054783124,-2.7755575615628914e-17,-1.999852193868142,-2.066972255366444,0.0,0.0013818570878356695,1.365196540909965,1.3639880489236829
46.61338205600077,6.034245476806181,6.035190551119537,-0.04607996016100996,-2.7755575615628914e-17,-1.999965308107956,-2.066846500627353,0.0,0.0013127814745530486,1.3756685164219302,1.3811462642456527
46.67511104000005,6.034283613559713,6.035190551119537,-0.045765204463071585,-2.7755575615628914e-17,-1.9998602852856504,-2.0668612323007745,0.0,0.0014157537370920181,1.3964379345206632,1.3982988511312566
46.738407972999994,6.034367103306454,6.035190551119537,-0.04489928639576041,-2.7755575615628914e-17,-1.9998540074824869,-2.0668793391946134,0.0,0.0014820073265582323,1.4175564184697942,1.4151613091714028
46.769441275000645,6.034504991768807,6.035190551119537,-0.04514677273241546,-2.7755575615628914e-17,-1.9999648291767422,-2.0668142340675306,0.0,0.0014623667811974883,1.4283774598321592,1.432303883637585
46.83211998200022,6.034263989076435,6.035190551119537,-0.044900329545904366,-2.7755575615628914e-17,-1.9998585396091941,-2.0667856920663152,0.0,0.0015473527600988746,1.450717674257687,1.4494710447664665
46.86182773700057,6.034122482864696,6.035190551119537,-0.044677714213597036,-2.7755575615628914e-17,-1.9999665853219164,-2.066848355815415,0.0,0.0015297784702852368,1.461015116844453,1.4666325591905593
46.922423963000256,6.034061092027718,6.035190551119537,-0.044465716466239064,-2.7755575615628914e-17,-1.999865092882499,-2.066946990872216,0.0,0.0014843009412288666,1.4782938764391975,1.4837898476659843
46.98644494900145,6.034076318623449,6.035190551119537,-0.044386016673892,-2.7755575615628914e-17,-1.9998504677064985,-2.067080523192201,0.0,0.0014913149643689394,1.5006340908647244,1.5009426147939746
47.016846270000315,6.033763284582056,6.035190551119537,-0.04433182205635025,-2.7755575615628914e-17,-1.9999660899399971,-2.0671424483587617,0.0,0.001529440050944686,1.5119787310026878,1.5180929018874905
47.079635014000814,6.033560498487482,6.035190551119537,-0.044108411650951945,-2.7755575615628914e-17,-1.9998559994176555,-2.067195828968146,0.0,0.0015743081457912922,1.5351916100542127,1.5352403757077226
47.11131943200053,6.033346890610838,6.035190551119537,-0.04481332450988667,-2.7755575615628914e-17,-1.9999629650559023,-2.067149533081614,0.0,0.0016682464629411697,1.5461871843417772,1.552674700071963
47.175288541000555,6.033349537246642,6.035190551119537,-0.044404661212251596,-2.7755575615628914e-17,-1.9998504566287263,-2.067111076833379,0.0,0.001458845566958189,1.5697491292437,1.5698185198271897
47.22531768200133,6.033387474105653,6.035190551119537,-0.04484088214868662,-2.7755575615628914e-17,-1.9999071905729366,-2.0670071189283465,0.0,0.0015715108020231128,1.592962008295224,1.586968624968017
47.280966673000876,6.03351869692624,6.035190551119537,-0.04526892626642129,-2.7755575615628914e-17,-1.9998886720067977,-2.0668998306203386,0.0,0.0015778410015627742,1.6102407678899677,1.6041128057408869
47.33949665900036,6.033757931230424,6.035190551119537,-0.04754099357283811,-2.7755575615628914e-17,-1.9998733342697426,-2.0666794244334725,0.0,0.0015507354401051998,1.6271704616343134,1.6221084182221597
47.36390704400037,6.034018278974621,6.035190551119537,-0.04634402919773094,-2.7755575615628914e-17,-1.9999780125814453,-2.0665013888503703,0.0,0.001507793553173542,1.6383405688470773,1.6392451014142282
47.425226041001224,6.0342562558435695,6.035190551119537,-0.04681087263331821,-2.7755575615628914e-17,-1.9998623032829086,-2.066296902128802,0.0,0.0016710495110601187,1.660157184497006,1.6563870044446243
47.49005445700095,6.034561975993833,6.035190551119537,-0.047185015135296354,-2.7755575615628914e-17,-1.9998470839255478,-2.0661273851536865,0.0,0.0016475329175591469,1.6805775367453402,1.6735219922957492
47.51489811300053,6.034905997251339,6.035190551119537,-0.04726602312219591,-2.7755575615628914e-17,-1.9999777375149426,-2.065948914709998,0.0,0.0014867489226162434,1.691224045182505,1.6906519910320743
47.57525580299989,6.035271898360894,6.035190551119537,-0.047137099400872295,-2.7755575615628914e-17,-1.999865679173848,-2.0658604080807272,0.0,0.0014232713729143143,1.7067574755252553,1.7077828360374219
47.63096104000033,6.035622332189329,6.035190551119537,-0.04704325670692078,-2.7755575615628914e-17,-1.9998860616193366,-2.0658357051971645,0.0,0.0013056086609140038,1.7277014265491868,1.7249264854030044
47.69056061400079,6.035980118064908,6.035190551119537,-0.04661646245685286,-2.7755575615628914e-17,-1.9998702799156063,-2.065842159495497,0.0,0.00121532182674855,1.7434093898171357,1.7420628953957085
47.713861997001004,6.036332985861218,6.035190551119537,-0.04598230185923374,-2.7755575615628914e-17,-1.9999796341237994,-2.0658582416587516,0.0,0.001059343689121306,1.7540558982543013,1.7591945590828042
47.77483335500074,6.036660459332229,6.035190551119537,-0.0453787704910788,-2.7755575615628914e-17,-1.9998648620332655,-2.0659483236027825,0.0,0.0010303888702765107,1.7695893285970508,1.7763183178902284
47.84114622400011,6.036908750739389,6.035190551119537,-0.04485968825410552,-2.7755575615628914e-17,-1.9998392915211707,-2.0660173473392502,0.0,0.0009325779392383993,1.7961183332273647,1.7934321715231234
47.86487648900038,6.037145650897395,6.035190551119537,-0.04412173574730188,-2.7755575615628914e-17,-1.9999794528662245,-2.0661077794503173,0.0,0.0007792781107127666,1.8071139075149292,1.8105438503284226
47.92408417099978,6.037365414699554,6.035190551119537,-0.04326283571822104,-2.7755575615628914e-17,-1.999870346244811,-2.0662292660684214,0.0,0.0006258754292502999,1.8235200024836757,1.827655255265944
47.974889982000605,6.037513671509998,6.035190551119537,-0.04201148715778169,-2.7755575615628914e-17,-1.9999058050744145,-2.066370177981186,0.0,0.0005766755784861743,1.8401006303776217,1.8444813484378995
48.039775104,6.037487884152238,6.035190551119537,-0.04185159540600503,-2.7755575615628914e-17,-1.9998468825842732,-2.066511261783064,0.0,0.000417841540183872,1.8624408448031486,1.8615977098111565
48.065709697000784,6.037456639955583,6.035190551119537,-0.04024435478352906,-2.7755575615628914e-17,-1.9999760735194738,-2.0667462426182204,0.0,0.0004113563918508589,1.8739600178663114,1.878428593947728
48.123638959001255,6.037429115604208,6.035190551119537,-0.03996813563324353,-2.7755575615628914e-17,-1.9998747824835135,-2.066984084004568,0.0,0.00021457328693941236,1.8917623762366533,1.895545945371702
48.17425336300039,6.037370913903085,6.035190551119537,-0.039397802540716564,-2.7755575615628914e-17,-1.9999067465058804,-2.067272539741383,0.0,0.000192707622773014,1.9139280577369817,1.9126765310846516
48.225349726000786,6.037211772460469,6.035190551119537,-0.03901061147705398,-2.7755575615628914e-17,-1.9999042040118802,-2.067574719741239,0.0,9.173437138088048e-05,1.9306832185561271,1.9298412373485812
48.281179266001345,6.037082808551575,6.035190551119537,-0.038555646927626364,-2.7755575615628914e-17,-1.9998859652402727,-2.067857276651919,0.0,1.589224484632723e-05,1.9535470317572532,1.9470006937809354
48.30838907300131,6.03698318219439,6.035190551119537,-0.038309727113580716,-2.7755575615628914e-17,-1.9999729789921714,-2.0680537226223454,0.0,-2.6840138161787763e-05,1.9587830195132359,1.9641560556242894
48.35854280500098,6.03682443612907,6.035190551119537,-0.03815812563462295,-2.7755575615628914e-17,-1.9999080112822942,-2.0682395258746187,0.0,-0.000105151797470171,1.9757127132575807,1.9813103613061112
48.41433564500039,6.036442629644567,6.035190551119537,-0.03816365354733797,-2.7755575615628914e-17,-1.9998861071876284,-2.0684341769974095,0.0,-9.713517647469416e-05,1.9964821313563128,1.998470763643671
48.47405198500019,6.036116996688274,6.035190551119537,-0.037869138822699044,-2.7755575615628914e-17,-1.9998704019048428,-2.0686092498166446,0.0,-0.00019019580213353038,2.0125391604746614,2.015627617153819
48.52546507199986,6.035838047835486,6.035190551119537,-0.03752370052024612,-2.7755575615628914e-17,-1.9999022417320742,-2.068661998186079,0.0,-0.00024170277174562216,2.0345303090497895,2.0327815023842963
48.59104704499987,6.0355099196217425,6.035190551119537,-0.03729261171486631,-2.7755575615628914e-17,-1.999844748107266,-2.068643832889058,0.0,-0.0003756714577320963,2.050587338168138,2.049933889436976
48.62593960000049,6.034967352879771,6.035190551119537,-0.0372282972476643,-2.7755575615628914e-17,-1.9999543046245152,-2.068608043244021,0.0,-0.0003688907017931342,2.0664698343612855,2.0670902562649474
48.69169182299993,6.034522617239909,6.035190551119537,-0.037220224370910104,-2.7755575615628914e-17,-1.999841538690305,-2.068579628953015,0.0,-0.00039515376556664705,2.0875883183104174,2.08424398002094
48.7145022270015,6.034177373978285,6.035190551119537,-0.037535209361254096,-2.7755575615628914e-17,-1.9999810047266793,-2.068548640889345,0.0,-0.0004034342127852142,2.098234826747583,2.101396312956241
48.77500428900021,6.033930152278972,6.035190551119537,-0.03809751049850407,-2.7755575615628914e-17,-1.9998656640026313,-2.0686194694004896,0.0,-0.0005061343545094132,2.113244658314734,2.118550622798867
48.84146353000142,6.033763599474523,6.035190551119537,-0.03839492520815979,-2.7755575615628914e-17,-1.9998406828017972,-2.068647477388579,0.0,-0.0005015310016460717,2.1341886093386657,2.135428125228383
48.864645499999824,6.033694836791353,6.035190551119537,-0.03980994260835902,-2.7755575615628914e-17,-1.999979738081588,-2.068663733538481,0.0,-0.0005856676725670695,2.1441369860750337,2.1525872473489374
48.92389650299992,6.033714592703225,6.035190551119537,-0.04070896392290868,-2.7755575615628914e-17,-1.999870797651382,-2.068727692512968,0.0,-0.0006337734521366656,2.1610666798193785,2.1697437626536287
48.97616681100044,6.033754707519052,6.035190551119537,-0.04164683752257725,-2.7755575615628914e-17,-1.999902918541378,-2.0688497313539296,0.0,-0.0006823233561590314,2.182883295469308,2.1868994451936423
49.03171638599997,6.033680524551706,6.035190551119537,-0.042442854268562535,-2.7755575615628914e-17,-1.9998842231825413,-2.0690268047469296,0.0,-0.0007196032674983144,2.2062707074460324,2.204057628288082
49.059380802000305,6.03368917661306,6.035190551119537,-0.04290785635351513,-2.7755575615628914e-17,-1.9999717637559051,-2.069132944837526,0.0,-0.0007570681627839804,2.2116812281272145,2.2212135346678608
49.10904223600119,6.0337679096874295,6.035190551119537,-0.0432893436372791,-2.7755575615628914e-17,-1.9999101964318584,-2.0692006275582697,0.0,-0.0006403052830137312,2.2286109218715593,2.2383679387989144
49.17435545599983,6.033795719296877,6.035190551119537,-0.04363075589289733,-2.7755575615628914e-17,-1.9998469583517067,-2.069269936057085,0.0,-0.0007031979621388018,2.2519983338482827,2.2555194130813563
49.23905267600094,6.033567759148562,6.035190551119537,-0.04432485568205602,-2.7755575615628914e-17,-1.999849395241958,-2.0691974061442053,0.0,-0.0008638710132800043,2.2760838775258057,2.2729548004942566
49.270299367000916,6.033411941612781,6.035190551119537,-0.04344035091199028,-2.7755575615628914e-17,-1.9999636972532728,-2.0691123059980168,0.0,-0.0008363206870853901,2.2870794518133692,2.290102947622283
49.332495331000246,6.033331023011148,6.035190551119537,-0.04324516412516166,-2.7755575615628914e-17,-1.9998552981856736,-2.069023968948311,0.0,-0.0008357490296475589,2.3104668637900936,2.3072499016473955
49.39512727300098,6.033257450589104,6.035190551119537,-0.045131411955831036,-2.7755575615628914e-17,-1.9998560568159145,-2.0688402836615145,0.0,-0.0007847013766877353,2.333505209916418,2.32526077672953
49.42677163600092,6.032993957043464,6.035190551119537,-0.04361921354476617,-2.7755575615628914e-17,-1.999962370920784,-2.0687701680522013,0.0,-0.0007580735837109387,2.344675317129182,2.3424381159859107
49.49154839400035,6.032850791552781,6.035190551119537,-0.04391267960467493,-2.7755575615628914e-17,-1.9998479931111353,-2.0686965328865803,0.0,-0.0007952619343996048,2.3659683340035134,2.35961003392535
49.523694084000454,6.03282671181842,6.035190551119537,-0.04446739446479131,-2.7755575615628914e-17,-1.999963158881474,-2.068620336383435,0.0,-0.0008495041984133422,2.3767893753658775,2.376777386412022
49.58602773700113,6.032833570252523,6.035190551119537,-0.04517383973924427,-2.7755575615628914e-17,-1.999854488507205,-2.068545818904659,0.0,-0.0008331280550919473,2.398256925165409,2.3939429779671104
49.6168873860006,6.032720611002219,6.035190551119537,-0.045974257782965156,-2.7755575615628914e-17,-1.999964972123934,-2.0684458608659604,0.0,-0.0008454580092802644,2.4080307689765768,2.4111135943359088
49.679773931000454,6.03273384860167,6.035190551119537,-0.04657918397151839,-2.7755575615628914e-17,-1.9998548141554293,-2.068357227544052,0.0,-0.0009313832269981503,2.4294983187761066,2.428278723580682
49.742129505000776,6.032859538996449,6.035190551119537,-0.047166904205789506,-2.7755575615628914e-17,-1.9998588465599874,-2.0682121821623136,0.0,-0.0009019479621201754,2.451314934426035,2.4454389485240298
49.77326313600133,6.032943320917233,6.035190551119537,-0.04768860840796996,-2.7755575615628914e-17,-1.9999647820670172,-2.068085113123372,0.0,-0.0009364297729916871,2.4565509221820188,2.4625994565504126
49.835958143001335,6.032743075591457,6.035190551119537,-0.04808542050317133,-2.7755575615628914e-17,-1.9998562436976834,-2.0679127070195147,0.0,-0.0008026158902794123,2.4787166036823463,2.4797728860682486
49.86741724000058,6.0326836977702945,6.035190551119537,-0.04836089558419476,-2.7755575615628914e-17,-1.9999631017052457,-2.067811260392497,0.0,-0.0007350672385655344,2.4888395133439136,2.4969404199984373
49.92953900700013,6.03274754243829,6.035190551119537,-0.04861540284856691,-2.7755575615628914e-17,-1.9998604389925696,-2.067696126952109,0.0,-0.0006526573561131954,2.5111797277694414,2.5141029297676596
49.99058647700076,6.032815641929882,6.035190551119537,-0.04897423219937036,-2.7755575615628914e-17,-1.9998609402445395,-2.0676339699091963,0.0,-0.0005237471777945757,2.5343926068209655,2.5312582090533566
50.02175644400086,6.032687763508955,6.035190551119537,-0.049225350207313,-2.7755575615628914e-17,-1.9999644431244403,-2.067513413631735,0.0,-0.00038852295256219804,2.545039115258131,2.548404453836751
50.084890452000764,6.032682719025189,6.035190551119537,-0.048723147967703495,-2.7755575615628914e-17,-1.9998559315098376,-2.0673533180190873,0.0,-0.0002660658210515976,2.5687755930852543,2.565262004580296
50.116221360000054,6.032800586922428,6.035190551119537,-0.04906304899140712,-2.7755575615628914e-17,-1.999963225453823,-2.0671826085686438,0.0,-0.00024318823125213385,2.580294766148416,2.58211674969287
50.177570383000784,6.032942333630842,6.035190551119537,-0.04999192817666531,-2.7755575615628914e-17,-1.999861894197765,-2.067024812581,0.0,-0.00015665499086026102,2.60385671105034,2.5992611227709586
50.24051845299982,6.032914665588995,6.035190551119537,-0.05044757141568201,-2.7755575615628914e-17,-1.8998771713855378,-2.0668953269684027,0.0,4.583960253512487e-05,2.6272441230270633,2.6164242944421843
50.27177863900033,6.033014623525776,6.035190551119537,-0.050635606283415124,-2.7755575615628914e-17,-1.899968467481968,-2.066758166077849,0.0,0.00012269517173990607,2.638763296090227,2.633580765711581
50.33350743200026,6.033231368897828,6.035190551119537,-0.050786030352263256,-2.7755575615628914e-17,-1.8998815529583322,-2.0666212299875606,0.0,0.00019314915698487312,2.655343923984173,2.6507310678217357
50.36506462100078,6.03346491865781,6.035190551119537,-0.051177884472213275,-2.7755575615628914e-17,-1.8999697952876942,-2.0663921362644984,0.0,0.0002490697952453047,2.6663394982717374,2.6678729403816552
50.42733075800061,6.033534092698666,6.035190551119537,-0.05143944018800595,-2.7755575615628914e-17,-1.8998745917415376,-2.0652394799072855,0.0,0.00030230864649638534,2.6871089163704696,2.6849994440761566
50.49051606300054,6.033705964952661,6.035190551119537,-0.05128276379764818,-2.7755575615628914e-17,-1.8998758969883522,-2.0626968329074873,0.0,0.00020738264720421284,2.708401933244801,2.7020964204150433
50.52212673299982,6.0339490631235675,6.035190551119537,-0.05081309380354193,-2.7755575615628914e-17,-1.8999679891088528,-2.059189073340259,0.0,0.00040728977182880044,2.7190484416819665,2.719157862577289
50.58432886999981,6.0341450092482445,6.035190551119537,-0.05000699665882602,-2.7755575615628914e-17,-1.899878358213765,-2.05505303220682,0.0,0.0005204741610214114,2.7396433268555,2.736180306473312
50.61646868000025,6.034115669124791,6.035190551119537,-0.04913112708825618,-2.7755575615628914e-17,-1.899967713559613,-2.0505932244728573,0.0,0.0006610467098653316,2.7501153023674654,2.7531658710768276
50.679663472001266,6.034136880915481,6.035190551119537,-0.04790829114194228,-2.7755575615628914e-17,-1.8998744046729337,-2.0460527525459535,0.0,0.0007038150215521455,2.7712337863165963,2.7701109164154976
50.74131661300089,6.0341889507031174,6.035190551119537,-0.046524057403166896,-2.7755575615628914e-17,-1.79989976860506,-2.041581004499752,0.0,0.0008159054559655488,2.791828671490129,2.7870171270147908
50.771795778000524,6.034166622066548,6.035190551119537,-0.04501553518938628,-2.7755575615628914e-17,-1.7999745833908796,-2.037241824528433,0.0,0.0008808416896499693,2.802649712852494,2.8038908502176665
50.835815072001424,6.033913577059655,6.035190551119537,-0.04345617263076307,-2.7755575615628914e-17,-1.5999236065879903,-2.03313443702414,0.0,0.0009017335833050311,2.824291795577224,2.8207445605597963
50.86719391900078,6.033687875131968,6.035190551119537,-0.04126702151093298,-2.7755575615628914e-17,-1.5999813692598537,-2.0292653628208326,0.0,0.0010307867778465152,2.8338911064631933,2.8372812858385177
50.92967098000008,6.033485862396514,6.035190551119537,-0.04022914779496456,-2.7755575615628914e-17,-1.1999692185551036,-2.024906693830559,0.0,0.0010762048186734319,2.8555331891879225,2.8540534785544622
50.99238198800049,6.033199781966818,6.035190551119537,-0.03853188444824018,-2.7755575615628914e-17,-1.0999761263884908,-2.0193250739765403,0.0,0.0010893667349591851,2.877349804837852,2.8707683828310318
51.023650859000554,6.032658546980729,6.035190551119537,-0.036519115236935684,-2.7755575615628914e-17,-1.0999939812793051,-2.01147946314806,0.0,0.0010904530063271523,2.887647247424618,2.8874025919158792
51.08785595900008,6.032095835361008,6.035190551119537,-0.03392236989654901,-2.7755575615628914e-17,-0.7999905697242707,-2.000308303612304,0.0,0.0012285872362554073,2.9044024082437643,2.9039260793060984
51.11986096600049,6.0314671271023,6.035190551119537,-0.03066759823053644,-2.7755575615628914e-17,-0.7999975106353261,-1.984629199367286,0.0,0.001237960415892303,2.920459437362111,2.9202906330264757
51.17624834700109,6.0306412294643374,6.035190551119537,-0.026343763057284086,-2.7755575615628914e-17,-0.49999817486291104,-1.9619865871295588,0.0,0.0012089154915884137,2.9359928677048615,2.936434239683002
51.233084786999825,6.029433300700049,6.035190551119537,-0.020789759365521188,-2.7755575615628914e-17,-0.3999990690909909,-1.9327843521818744,0.0,0.0011726453667506576,2.957285884579192,2.9523015782989117
51.25729841500106,6.027986338563894,6.035190551119537,-0.013748795841626471,-2.7755575615628914e-17,-0.39999982916585003,-1.8976880903647406,0.0,0.0008822472300380468,2.967408794240759,2.967853591531254
51.3106657820008,6.026196676375966,6.035190551119537,-0.005722059422944736,-2.7755575615628914e-17,-0.1999998992466916,-1.856260768114458,0.0,0.000558279047254473,2.983465823359107,2.983288363202844
51.36794488800115,6.023943303417509,6.035190551119537,0.005029337298325054,-2.7755575615628914e-17,-0.09999998644091204,-1.8074404730202431,0.0,0.0003658538335002959,2.998475654926258,2.998041977933678
51.43298747300105,6.020997918511491,6.035190551119537,0.016564791055224015,-2.7755575615628914e-17,0.19999984902934206,-1.7525267237720872,0.0,0.00014113052748143673,3.0190705400997917,3.0123214938231926
51.466416332001245,6.017387583122043,6.035190551119537,0.028356188124657344,-2.7755575615628914e-17,0.39999966421788613,-1.6923327595404525,0.0,-3.896969064953737e-05,3.0335567728913446,3.0267614875538915
51.52748006100046,6.013333573643274,6.035190551119537,0.044505339055879486,-2.7755575615628914e-17,0.4999978947673252,-1.6238731391463193,0.0,-7.944866956677288e-05,3.0478684727576972,3.039948688131011
51.576580414001,6.0085650568481155,6.035190551119537,0.06006710855630558,-2.7755575615628914e-17,0.6999960858328987,-1.5549631934827373,0.0,-0.00024722598027437925,3.0616565738484525,3.0525619472139622
51.62722231800035,6.00292773177216,6.035190551119537,0.07676944208313675,-2.7755575615628914e-17,0.8999913275074257,-1.4822843858319716,0.0,-0.0002721730270422995,3.0794589322187953,3.064571910955083
51.67707050900026,5.996592956785913,6.035190551119537,0.09402253239318711,-2.7755575615628914e-17,0.9999884560407339,-1.4040741878251537,0.0,-0.0002747773251030594,3.091676236982755,3.0759155635295237
51.727516758001,5.989534190605986,6.035190551119537,0.11184769992646626,-2.7755575615628914e-17,0.9999881534384181,-1.3203197647789526,0.0,-0.00034645418054424226,3.1031954100459185,3.086549313735848
51.776022568999906,5.981699960697589,6.035190551119537,0.12980791079268597,-2.7755575615628914e-17,0.9999890545545775,-1.2313971584480996,0.0,-0.00038388435496017337,3.113667385557884,3.096437266246427
51.82902671800002,5.973045046892476,6.035190551119537,0.1475082096421931,-2.7755575615628914e-17,0.9999873844374019,-1.1372168953561783,0.0,-0.00023862543457653373,3.123790295219451,3.10555242703352
51.89168125000106,5.9637113995190605,6.035190551119537,0.16462754158968532,-2.7755575615628914e-17,0.999981025046611,-1.0390096831045006,0.0,-3.688541710289428e-06,3.1351349353574136,3.1138452889487143
51.91601847899983,5.953747948606063,6.035190551119537,0.18070290184842952,-2.7755575615628914e-17,0.9999972689959226,-0.9392289355182035,0.0,0.000510753714479506,3.1401963901881977,3.1213129993260385
51.965726497001015,5.943170580780752,6.035190551119537,0.19527983117155517,-2.7755575615628914e-17,1.0999844779750148,-0.8403213678940955,0.0,0.0012751538306474686,-3.13635666583381,3.12799004825989
52.02567281899974,5.931980349629835,6.035190551119537,0.20832589924197864,-2.7755575615628914e-17,1.0999774710754835,-0.7441244233499635,0.0,0.002112253801897168,-3.1302480134518302,3.1339380496657787
52.07696795300035,5.920418215945667,6.035190551119537,0.21945015919801178,-2.7755575615628914e-17,1.0999831458808607,-0.6517305418782198,0.0,0.002914244309067726,-3.123615762294252,3.139121741151932
52.12632983399999,5.908792766936561,6.035190551119537,0.22772344590825708,-2.7755575615628914e-17,1.0999846451977133,-0.5628558965288604,0.0,0.0035511639434844255,-3.1199505708650634,-3.13968409875587
52.177281759000834,5.896796004900126,6.035190551119537,0.23366616506975438,-2.7755575615628914e-17,1.1999784262317863,-0.47868244972692536,0.0,0.003978087101131678,-3.117158044061873,-3.1359119463252245
52.226943240000764,5.8849225229282345,6.035190551119537,0.23794246582115167,-2.7755575615628914e-17,1.1999795018608383,-0.39671416398301507,0.0,0.004264437593519688,-3.115238181884679,-3.1328002437983375
52.27492983200136,5.872841293188696,6.035190551119537,0.24005893110576648,-2.7755575615628914e-17,1.1999808025388592,-0.32023733480978256,0.0,0.004474566783756018,-3.1141909843334825,-3.1302887621831266
52.327444696000384,5.860849215984189,6.035190551119537,0.24011458263421537,-2.7755575615628914e-17,1.199977028575133,-0.24614955280822678,0.0,0.004528646823018789,-3.114016451408283,-3.128405785044587
52.37711043499985,5.849034767733473,6.035190551119537,0.23810746751823259,-2.7755575615628914e-17,1.2999735271382697,-0.17484276875418453,0.0,0.0043096840381622314,-3.1143655172586815,-3.1271293170332175
52.427047352000955,5.8375221847028405,6.035190551119537,0.23406676805272628,-2.7755575615628914e-17,1.2999729934282727,-0.10624336324995531,0.0,0.004061281681060791,-3.116110846510676,-3.1263061797241396
52.47587711900087,5.826351667174949,6.035190551119537,0.22812285319459427,-2.7755575615628914e-17,1.299974244819683,-0.04110706118365493,0.0,0.003918437287211418,-3.11785617576267,-3.1260541332732394
52.54216174300018,5.815597239934719,5.815597239934719,0.22071810779193635,-2.7755575615628914e-17,1.2999527126614736,0.021292346264842776,0.0,0.0035385044757276773,-3.1201251037902624,-3.1263522163580815
52.565705869999874,5.805321457066537,5.815597239934719,0.21176385930365424,-2.7755575615628914e-17,1.2999938544982717,0.08194026304896175,0.0,0.003092200728133321,-3.1218704330422575,-3.12718547199434
52.62595341400083,5.795494622478225,5.815597239934719,0.20149196601767969,-2.7755575615628914e-17,1.3999506553944852,0.14080129210108674,0.0,0.002744753146544099,-3.1258846903218447,-3.12844702943516
52.67697541900088,5.7862284037945795,5.815597239934719,0.19032918902497714,-2.7755575615628914e-17,1.3999644469986336,0.1970585941037194,0.0,0.0024378690868616104,-3.128677217125035,-3.130214566449068
52.72588453500066,5.7775794270865655,5.815597239934719,0.1789089223965213,-2.7755575615628914e-17,1.3999671244764986,0.25127475815608064,0.0,0.002163420896977186,-3.1309461451526275,-3.132469356221216
52.77725608200126,5.7696907386851,5.815597239934719,0.16520110723968415,-2.7755575615628914e-17,1.4999555872042971,0.3037801959219915,0.0,0.0018317177891731262,-3.133040540255021,-3.1351969612642905
52.82777191100104,5.762630363411803,5.815597239934719,0.14814057724580498,-2.7755575615628914e-17,1.4999564551682831,0.3549101352022645,0.0,0.001412069657817483,-3.1356585341330128,-3.138343482451767
52.87644659699981,5.756631712229962,5.815597239934719,0.12808173636203307,-2.7755575615628914e-17,1.499960306541652,0.4042049424367228,0.0,0.0012304368428885937,-3.1374038633850065,3.1412500387838755
52.92579296999975,5.751787163040803,5.815597239934719,0.10573704785699449,-2.7755575615628914e-17,1.4999582823695647,0.45177083730528583,0.0,0.0008616169216111302,-3.1386255938614025,3.13722690943999
52.97743830900072,5.748184466248764,5.815597239934719,0.08206344565593941,-2.7755575615628914e-17,1.5999447142265966,0.49845543599988956,0.0,0.0006682781968265772,-3.139672791412599,3.1328608823819932
53.02748383800099,5.7454583653620785,5.815597239934719,0.05829089238533459,-2.7755575615628914e-17,1.599948192073916,0.54337543063547,0.0,0.0005064851138740778,-3.140370923113397,3.1280770204922
53.09075090400074,5.743913420912068,5.815597239934719,0.03459623890654435,-2.7755575615628914e-17,1.599918228046098,0.5875319979279106,0.0,0.0005274368450045586,-3.1412435877393947,3.122890782118663
53.11740993100102,5.743494713291038,5.815597239934719,0.011722390619734962,-2.7755575615628914e-17,1.5999855866227268,0.630272755561872,0.0,0.00039868991007097065,-3.1414181206645937,3.1173152858992808
53.175764958999935,5.744131256518638,5.815597239934719,-0.009950790549935726,-2.7755575615628914e-17,1.6999143134465904,0.6724110225767482,0.0,0.0002640665334183723,3.1412435877393943,3.1113585576102203
53.23664761800137,5.745402376148043,5.815597239934719,-0.030270525172605596,-2.7755575615628914e-17,1.6999080096074248,0.7138982698861022,0.0,0.00019829123630188406,3.140370923113397,3.1050589027290045
53.268682511001316,5.747588298972937,5.815597239934719,-0.04860395308636764,-2.7755575615628914e-17,1.699974598641069,0.7543033430355178,0.0,0.00024587803636677563,3.1396727914125986,3.0983972226806955
53.331039958000474,5.750604039316681,5.815597239934719,-0.0653339992038684,-2.7755575615628914e-17,1.6999046341976036,0.7935315066674069,0.0,0.0002030876203207299,3.1375783963102055,3.0913839795250087
53.39472186000057,5.754438096696434,5.815597239934719,-0.0806983416282065,-2.7755575615628914e-17,1.7998818313056149,0.8324449000861731,0.0,0.00021309747535269707,3.1342622707314165,3.083898236866159
53.42590743599976,5.758564317533073,5.815597239934719,-0.09430154208376845,-2.7755575615628914e-17,1.7999705882877484,0.871648340556218,0.0,0.00010324115282855928,3.132516941479423,3.076239376493701
53.48973488900083,5.763282833468758,5.815597239934719,-0.10579453167827667,-2.7755575615628914e-17,1.799881619142554,0.9093242246864335,0.0,0.00012893721577711403,3.127804552499038,3.0682474861393523
53.51984443500078,5.76853816937218,5.815597239934719,-0.11626582709085256,-2.7755575615628914e-17,1.7999727067125462,0.9457793852604801,0.0,8.041210094233975e-05,3.1248374927706477,3.0599351388108835
53.58503762800137,5.774445713225126,5.815597239934719,-0.1260793816327031,-2.7755575615628914e-17,1.8998577482911887,0.9817042184691491,0.0,9.668184793554246e-05,3.118379774538269,3.050876638017146
53.644517639000696,5.780413424698349,5.815597239934719,-0.1337765206305258,-2.7755575615628914e-17,1.8998756837898199,1.0194662776689958,0.0,0.00011831037409137934,3.1126201880066873,3.0419294883128445
53.67608981700141,5.78669347907615,5.815597239934719,-0.14029446475670293,-2.7755575615628914e-17,1.8999662214996982,1.0550161647011038,0.0,0.00011673715198412538,3.1086059307271006,3.0326769461479754
53.73781672500081,5.79323734357537,5.815597239934719,-0.14528006870421195,-2.7755575615628914e-17,1.8998704185469575,1.0898128185525153,0.0,0.0001534359180368483,3.1002283503175274,3.0231258645213823
53.76867224400121,5.799991741713413,5.815597239934719,-0.1500852746546781,-2.7755575615628914e-17,1.8999672027363992,1.1245647795081875,0.0,0.00011464897397672758,3.0953414284119436,3.013271574481575
53.83227063900085,5.806847259011743,5.815597239934719,-0.15459032233004613,-2.7755575615628914e-17,1.8998653310901255,1.1593733067897205,0.0,0.00022729605552740395,3.0852185187503753,3.0031053049200898
53.89442461600083,5.813894339443607,5.815597239934719,-0.1580882003104278,-2.7755575615628914e-17,1.8998690448941182,1.1938540988807083,0.0,0.00027853326173499227,3.07474654323841,2.992655001474669
53.92496887300149,5.821085116072531,5.815597239934719,-0.16108228961565485,-2.7755575615628914e-17,1.8999679063194503,1.2275398161515163,0.0,0.0004391903057694435,3.0691614896320285,2.981930917579552
53.98832817100083,5.828394157056076,5.815597239934719,-0.16316520191315215,-2.7755575615628914e-17,1.9998431563418573,1.2600228643252047,0.0,0.0004274449311196804,3.057816849494065,2.9709286998501936
54.01932826099983,5.835842571873063,5.815597239934719,-0.1657222137436764,-2.7755575615628914e-17,1.9999615325146658,1.2913120433653962,0.0,0.0006618482293561101,3.052406328812882,2.959632244034582
54.08211178300007,5.8434090173288,5.815597239934719,-0.16842596754193434,-2.7755575615628914e-17,1.9998488469140339,1.3213159197438198,0.0,0.000719365372788161,3.040363556974121,2.948106870184896
54.144696754001416,5.851061790043542,5.815597239934719,-0.17020870141970484,-2.7755575615628914e-17,1.9998465875165925,1.3499578061383484,0.0,0.0008200370939448476,3.0279717192849622,2.9363616402911106
54.17475649500011,5.8587563203753525,5.815597239934719,-0.17170373291424396,-2.7755575615628914e-17,1.9999640269945373,1.3780978083578797,0.0,0.0008613871177658439,3.0251791924817706,2.9243808119148946
54.23787807900044,5.866352519345043,5.815597239934719,-0.17220583651072113,-2.7755575615628914e-17,1.9998479908706308,1.4063446393367383,0.0,0.0009045426268130541,3.0127873547926116,2.9123403584583727
54.26828204500089,5.874164414479021,5.815597239934719,-0.17395125515304408,-2.7755575615628914e-17,1.9999630892216604,1.4338653593339492,0.0,0.0009591614361852407,3.0065041694854315,2.8998925249222043
54.33104635100062,5.881914559813004,5.815597239934719,-0.17554238695147825,-2.7755575615628914e-17,1.9998502831072436,1.4612930510121156,0.0,0.0010939266066998243,2.993065134245075,2.887453805091715
54.392483016999904,5.889839084983474,5.815597239934719,-0.176958985257646,-2.7755575615628914e-17,1.999852942769392,1.4873540373329035,0.0,0.0012429737253114581,2.9791025002291214,2.8745876462018582
54.423423885000375,5.897788602305953,5.815597239934719,-0.17790709384250128,-2.7755575615628914e-17,1.999964005425226,1.5128883332143357,0.0,0.0014367814874276519,2.971772117370744,2.8614654049300063
54.486578551001,5.905740180735982,5.815597239934719,-0.17799367066325017,-2.7755575615628914e-17,1.9998477468284726,1.5375776853860446,0.0,0.0015062547754496336,2.9565877528783933,2.848178008345219
54.51685795400044,5.913725476306228,5.815597239934719,-0.17860630754591827,-2.7755575615628914e-17,1.9999647061424324,1.560895884473533,0.0,0.0016979186329990625,2.9487337712444193,2.8347344004651744
54.58007854300013,5.921702358642325,5.815597239934719,-0.17959004527910877,-2.7755575615628914e-17,1.9998469158927865,1.5829903097529923,0.0,0.0019107754342257977,2.9333748738268692,2.821114227306526
54.64507987900106,5.929627251791497,5.815597239934719,-0.17971644277759807,-2.7755575615628914e-17,1.9998445874152568,1.603977049235193,0.0,0.0019726487807929516,2.9166197130077247,2.8072751312990825
54.675179175001176,5.937511006318537,5.815597239934719,-0.17953118203911583,-2.7755575615628914e-17,1.9999635680475323,1.6242079359583037,0.0,0.0021306362468749285,2.9082421325981507,2.79331453377438
54.73777384400091,5.945332208421779,5.815597239934719,-0.1783379015898648,-2.7755575615628914e-17,1.9998524850382695,1.6433514449736557,0.0,0.002189758000895381,2.8920105705546035,2.7792392766912486
54.769054177000726,5.953134729779741,5.815597239934719,-0.17770645082628772,-2.7755575615628914e-17,1.9999628782145944,1.6612516434163482,0.0,0.0022204285487532616,2.8832839242946324,2.765021278299173
54.831607129000986,5.960930018741851,5.815597239934719,-0.17761170549833316,-2.7755575615628914e-17,1.9998558779815985,1.678246983118552,0.0,0.0023038769140839577,2.8658306317746884,2.750605092139277
54.89362728500055,5.968654662527231,5.815597239934719,-0.17655402210418597,-2.7755575615628914e-17,1.999853915233389,1.694685155511278,0.0,0.0022684212308377028,2.852740662384731,2.736106812887573
54.9246347469998,5.976258766191458,5.815597239934719,-0.17501340843570423,-2.7755575615628914e-17,1.9999642105091677,1.710130230550832,0.0,0.002343869535252452,2.843664950274361,2.7215304291646887
54.986778915001196,5.983743710649902,5.815597239934719,-0.17248690496249564,-2.7755575615628914e-17,1.9998559664745121,1.7246053651968265,0.0,0.0024010620545595884,2.826211657754418,2.706826628223628
55.01701277200118,5.991191720484583,5.815597239934719,-0.17054378638820722,-2.7755575615628914e-17,1.9999663345988268,1.7383317365406152,0.0,0.002461913740262389,2.817135945644047,2.6919068728092594
55.0800160760009,5.99839135526352,5.815597239934719,-0.16832534008023048,-2.7755575615628914e-17,1.9998529965208072,1.7518290696266832,0.0,0.002526033902540803,2.798111856797309,2.6771885219013796
55.14244807199975,6.005530885572169,5.815597239934719,-0.16588135322487918,-2.7755575615628914e-17,1.9998562821557366,1.7642092511905814,0.0,0.0025278052780777216,2.7787387021001715,2.6621825100545795
55.17442318299982,6.01246097180764,5.815597239934719,-0.16243517608997826,-2.7755575615628914e-17,1.9999616266566578,1.7760441552893813,0.0,0.002551482291892171,2.7687903253638044,2.6470857809407966
55.23728059400128,6.019214649049423,5.815597239934719,-0.15795981461420727,-2.7755575615628914e-17,1.999856298804988,1.7873323928150704,0.0,0.00256146932952106,2.748369973115471,2.6318157479904105
55.26861113100131,6.025750718118649,5.815597239934719,-0.15384212068775371,-2.7755575615628914e-17,1.9999630102792498,1.79850857194488,0.0,0.0026464425027370453,2.738770662229502,2.6165233082479284
55.33186750800087,6.03203572965749,5.815597239934719,-0.14978076129323925,-2.7755575615628914e-17,1.9998535829394932,1.8088897082462683,0.0,0.002694124821573496,2.7178267112055705,2.6012073172055277
55.36426699200092,6.038110454140984,5.815597239934719,-0.14492815186861452,-2.7755575615628914e-17,1.999962513132135,1.8185680200942722,0.0,0.0027954215183854103,2.7019442150124213,2.5858085380512
55.42491446399981,6.044078382021759,5.815597239934719,-0.13997251567349156,-2.7755575615628914e-17,1.9998640681701183,1.8278183562853645,0.0,0.0029004565440118313,2.6862362517444733,2.570223736499827
55.486790891000055,6.049790454965187,5.815597239934719,-0.13470815040179063,-2.7755575615628914e-17,1.9998623441172803,1.8371512239582048,0.0,0.0029634744860231876,2.6696556238505256,2.554383855860675
55.518565418000435,6.05503819992635,5.815597239934719,-0.12790833097569376,-2.7755575615628914e-17,1.9999629107102102,1.8459542813414438,0.0,0.002889283001422882,2.6597072471141585,2.538793847765995
55.582592875000046,6.059956132164744,5.815597239934719,-0.12118647013672101,-2.7755575615628914e-17,1.9998532545534033,1.8538581983055502,0.0,0.003062586300075054,2.638414230239828,2.5231424132059046
55.643514408000556,6.064864547345816,5.815597239934719,-0.11666995193696095,-2.7755575615628914e-17,1.9998620162573613,1.8612765364800765,0.0,0.0030723758973181248,2.616772147515098,2.5065576797495974
55.67457197400108,6.069197314606818,5.815597239934719,-0.10893681993041815,-2.7755575615628914e-17,1.9999653736707557,1.8694484843453767,0.0,0.0031857374124228954,2.605951106152734,2.4907534379991856
55.738142419000724,6.0731609879627815,5.815597239934719,-0.10243241153713378,-2.7755575615628914e-17,1.9998550366251104,1.8765277293730076,0.0,0.0031909432727843523,2.585181688054001,2.474957768519217
55.76949751200118,6.076812176627302,5.815597239934719,-0.0964078175593378,-2.7755575615628914e-17,1.999963837052715,1.8829704782662209,0.0,0.003206616500392556,2.5741861137664372,2.4591031645550965
55.832942460001505,6.080224200223977,5.815597239934719,-0.09061817944561956,-2.7755575615628914e-17,1.9998571904918356,1.8891551648833915,0.0,0.003233051858842373,2.5523694981165077,2.44307416819322
55.89521025000067,6.083275546386428,5.815597239934719,-0.08436050836036169,-2.7755575615628914e-17,1.9998583403833796,1.8956239325976463,0.0,0.0032517530489712954,2.5310764812421764,2.4270702548851357
55.92629350500101,6.0859346647064925,5.815597239934719,-0.07768555349530859,-2.7755575615628914e-17,1.9999649908250174,1.901530168756675,0.0,0.003270316170528531,2.5199063740294125,2.411085731502749
55.989728726000976,6.088278319462184,5.815597239934719,-0.0706881876426948,-2.7755575615628914e-17,1.999857746029334,1.9068622294158364,0.0,0.0033940509893000126,2.4975661596038865,2.3950508642237605
56.01987286500116,6.090482981323515,5.815597239934719,-0.06435412856615164,-2.7755575615628914e-17,1.9999663240207102,1.9119819594676324,0.0,0.0033831587061285973,2.487268717017119,2.3788466312349494
56.082751235000615,6.0923058684558224,5.815597239934719,-0.0581445834010349,-2.7755575615628914e-17,1.9998613140460133,1.917584603410291,0.0,0.0034078469034284353,2.464928502591592,2.3626754711699682
56.143644044999746,6.093729191506891,5.815597239934719,-0.05155250356218144,-2.7755575615628914e-17,1.9998635481646119,1.9225626443750403,0.0,0.003567636478692293,2.4424137552408647,2.3465313131170427
56.17432719200042,6.094855160240838,5.815597239934719,-0.04476677256739059,-2.7755575615628914e-17,1.999966212002619,1.926981443692542,0.0,0.0036005384754389524,2.437177767484881,2.330327222975278
56.23738768200019,6.095920659245419,5.815597239934719,-0.03809459443883101,-2.7755575615628914e-17,1.9998591973183661,1.9312159012782228,0.0,0.003641677089035511,2.4144884872089545,2.313915357347394
56.26739968400034,6.096581467816755,5.815597239934719,-0.03178654202118936,-2.7755575615628914e-17,1.9999667772273775,1.9360890459679263,0.0,0.0036441185511648655,2.4045401104725874,2.2975504387262906
56.331787224000436,6.0968355419846905,5.815597239934719,-0.024831076098460136,-2.7755575615628914e-17,1.999852273253109,1.9404002408999697,0.0,0.003623934229835868,2.3816762972714614,2.2814906433984445
56.39265177000016,6.096798290480996,5.815597239934719,-0.01840603036283539,-2.7755575615628914e-17,1.999867169643226,1.9441149213349869,0.0,0.003704237751662731,2.3584634182199373,2.265376773877961
56.42352041400045,6.096678889863448,5.815597239934719,-0.01273312782676883,-2.7755575615628914e-17,1.999965319016723,1.9477822797701587,0.0,0.0036815390922129154,2.3464206463811763,2.248783407538245
56.4870838550014,6.096138693963316,5.815597239934719,-0.006382110349240078,-2.7755575615628914e-17,1.9998564676563944,1.9522176120829347,0.0,0.0036376621574163437,2.3223351027036543,2.2322461540981227
56.518236108000565,6.0951855237583725,5.815597239934719,-8.79005094289731e-05,-2.7755575615628914e-17,1.9999649569337568,1.9560354409965521,0.0,0.0037064834032207727,2.3104668637900936,2.215756787209092
56.58087865900052,6.093956059654261,5.815597239934719,0.006103469332577105,-2.7755575615628914e-17,1.9998601447117852,1.9591850480114965,0.0,0.0037529102992266417,2.2876030505889675,2.1992192804036623
56.64612285900148,6.09272866271747,5.815597239934719,0.011931710090694048,-2.7755575615628914e-17,1.9998511118622069,1.962261729113123,0.0,0.003830197500064969,2.2640411056870446,2.182472468366302
56.67638764399999,6.091088552601538,5.815597239934719,0.017658061898406352,-2.7755575615628914e-17,1.9999647919066954,1.9660148052332036,0.0,0.003877502167597413,2.2523473996986825,2.1657896264473893
56.73852003000138,6.089040475116996,5.815597239934719,0.02344491563525375,-2.7755575615628914e-17,1.999860848640534,1.9691205514325918,0.0,0.003923793323338032,2.2303562511235535,2.1491616603717922
56.76925056500113,6.0866748046946455,5.815597239934719,0.02910221661341439,-2.7755575615628914e-17,1.999965582006736,1.9716880126659224,0.0,0.004028485622256994,2.2244221316667723,2.1324896972260157
56.83340074199987,6.084188280593314,5.815597239934719,0.03434788212958695,-2.7755575615628914e-17,1.9998545608457843,1.974254369580577,0.0,0.004172024317085743,2.19736952826086,2.115608834401178
56.89623925700107,6.081342357222418,5.815597239934719,0.039350288295472824,-2.7755575615628914e-17,1.999856919986263,1.9775626024412492,0.0,0.0042804223485291,2.181137966217314,2.098794456178365
56.92738844500127,6.078144947851116,5.815597239934719,0.0443552610950928,-2.7755575615628914e-17,1.9999638877560977,1.9803174072044942,0.0,0.004462390672415495,2.1697933260793505,2.082036906655515
56.989613413999905,6.074735709734238,5.815597239934719,0.049084925684530045,-2.7755575615628914e-17,1.9998606742970124,1.982529935443406,0.0,0.004615262616425753,2.1481512433546204,2.0652388797112997
57.0205176440013,6.07138324280784,5.815597239934719,0.05339527669028965,-2.7755575615628914e-17,1.999965066760124,1.9847734819133431,0.0,0.004748753737658262,2.136806603216658,2.048237255294274
57.082749977000276,6.067707594821095,5.815597239934719,0.05750632093575736,-2.7755575615628914e-17,1.9998617521200137,1.9878351293254357,0.0,0.0049393861554563046,2.113942790015532,2.0313030444197646
57.14551789000143,6.0638026175950275,5.815597239934719,0.06188866736064169,-2.7755575615628914e-17,1.99985595204665,1.9903287015011437,0.0,0.005154559854418039,2.0914280426648046,2.0146995794896405
57.176103323999996,6.059638453842404,5.815597239934719,0.06488619431237652,-2.7755575615628914e-17,1.9999657086136529,1.9922705682200423,0.0,0.005358569324016571,2.079908869601643,1.9977782686126542
57.2409781639999,6.055533910780667,5.815597239934719,0.06772320362115924,-2.7755575615628914e-17,1.9998496725204433,1.9941125239578459,0.0,0.0055294157937169075,2.056346924699719,1.9806383192343993
57.27201490200059,6.051151624946469,5.815597239934719,0.07076250307352694,-2.7755575615628914e-17,1.9999646881695148,1.9968828800093694,0.0,0.005749762058258057,2.045525883337354,1.9635691075301092
57.33589617600046,6.046506448501126,5.815597239934719,0.07389389167659832,-2.7755575615628914e-17,1.9998505982380956,1.999153732657693,0.0,0.005875409580767155,2.021789405510231,1.9465603496099158
57.366838998001185,6.041761820138112,5.815597239934719,0.07646479568838516,-2.7755575615628914e-17,1.9999649735875402,2.000808841258425,0.0,0.0061148046515882015,2.0097466336714698,1.9295124138582154
57.42954178900072,6.037226254287226,5.815597239934719,0.07845787078060384,-2.7755575615628914e-17,1.9998555765131159,2.0024410854935786,0.0,0.006334230769425631,1.987057353395544,1.9122581608653442
57.49393472800148,6.03248062585062,5.815597239934719,0.07985609640346492,-2.7755575615628914e-17,1.9998506529696374,2.0048590871782186,0.0,0.00648496625944972,1.9627972767928226,1.8950768314876403
57.52485262400114,6.027539667290566,5.815597239934719,0.08127205874131294,-2.7755575615628914e-17,1.9999632305137836,2.006640620133365,0.0,0.006537591572850943,1.9502309061784642,1.8779590199321334
57.55696411000099,6.02242793248152,5.815597239934719,0.0818044055513073,-2.7755575615628914e-17,1.9999618590250254,2.0078264582347565,0.0,0.006672936491668224,1.9324285478081222,1.860522955022724
57.61825552400114,6.017574293847941,5.815597239934719,0.08357375188707455,-2.7755575615628914e-17,1.9998632862888908,2.009036794087745,0.0,0.0067944456823170185,1.9151497882133777,1.8431472690582902
57.680738685001415,6.01251986103262,5.815597239934719,0.08495141136489426,-2.7755575615628914e-17,1.999855779978077,2.011257338102524,0.0,0.006914263591170311,1.8919369091618528,1.8258479196461193
57.74339392799993,6.006973594735079,5.815597239934719,0.08450274474236841,-2.7755575615628914e-17,1.9998547686753965,2.012806462269239,0.0,0.00692251930013299,1.875007215417508,1.807779117100333
57.77438218499992,6.001681815194193,5.815597239934719,0.08742992677208611,-2.7755575615628914e-17,1.9999647241540253,2.013514597398918,0.0,0.006941046565771103,1.8636625752795446,1.7905124415750142
57.83735211500061,5.996614058361731,5.815597239934719,0.08870343748058024,-2.7755575615628914e-17,1.999851553049969,2.014432423039368,0.0,0.007062925025820732,1.841496893779217,1.7730406091511943
57.869403118000264,5.99130890789544,5.815597239934719,0.09033459987644471,-2.7755575615628914e-17,1.9999623676385139,2.0163751129474927,0.0,0.007107171695679426,1.8313739841176497,1.7556456170092263
57.9331145340002,5.985792748362135,5.815597239934719,0.09202701222550569,-2.7755575615628914e-17,1.9998536456144769,2.0178277188116684,0.0,0.007187551818788052,1.809033769692122,1.738316809320246
57.99470132100032,5.98024888860504,5.815597239934719,0.09297526372357431,-2.7755575615628914e-17,1.9998536986644697,2.018742302254852,0.0,0.007424539420753717,1.7861699564909959,1.7209485799888233
58.02596570300011,5.975011166399233,5.815597239934719,0.09308224195428272,-2.7755575615628914e-17,1.9999633629150324,2.019716559771908,0.0,0.007519221864640713,1.7751743822034323,1.7033640222561575
58.08867408500009,5.969637420166817,5.815597239934719,0.09248586057024055,-2.7755575615628914e-17,1.9998535478675556,2.0216210035480615,0.0,0.0073921396397054195,1.7510888385259102,1.6858581212468156
58.11947568400137,5.964109439640097,5.815597239934719,0.09241748414635714,-2.7755575615628914e-17,1.999963895959076,2.0229868429384075,0.0,0.007525541819632053,1.7390460666871492,1.6684192204687625
58.182213090000005,5.958629765684214,5.815597239934719,0.09240274608288904,-2.7755575615628914e-17,1.999853717451432,2.023855773450017,0.0,0.007581203710287809,1.7154841217852264,1.650937361793033
58.24473651600056,5.95356603031707,5.815597239934719,0.09138500044451159,-2.7755575615628914e-17,1.9998524158112287,2.02473033386493,0.0,0.0077469246461987495,1.690525913481708,1.6332270923269034
58.27630475600017,5.948409670806519,5.815597239934719,0.09007521735028019,-2.7755575615628914e-17,1.9999620209458067,2.026554247735579,0.0,0.007643937598913908,1.6777850099421485,1.6156011617559993
58.33736738200059,5.9431581406247895,5.815597239934719,0.08849695086324583,-2.7755575615628914e-17,1.9998591870518614,2.0276922405592313,0.0,0.007672842126339674,1.6540485321150253,1.5980484673184359
58.369283043000905,5.938091513691945,5.815597239934719,0.08794737087339072,-2.7755575615628914e-17,1.999961656996316,2.0282818581197817,0.0,0.00763903371989727,1.6470672151070485,1.5807467800071662
58.43152616600128,5.933389717787975,5.815597239934719,0.0860561597328344,-2.7755575615628914e-17,1.9998540076726994,2.0289736731841965,0.0,0.0076297069899737835,1.6238543360555244,1.5629491504324713
58.494280904000334,5.928680788519277,5.815597239934719,0.08493051039597227,-2.7755575615628914e-17,1.9998498583720428,2.0304725219539983,0.0,0.00767437694594264,1.5988961277520053,1.545522552734961
58.52559586100142,5.923772375793343,5.815597239934719,0.08282877149885332,-2.7755575615628914e-17,1.999962607888186,2.031467572752202,0.0,0.007630221080034971,1.5866788229880449,1.5278867839242247
58.58700964400123,5.919001871717875,5.815597239934719,0.08116943550028854,-2.7755575615628914e-17,1.9998563528385411,2.031867037041691,0.0,0.007688394282013178,1.5632914110113205,1.5102269293519093
58.61934762300007,5.914790287293499,5.815597239934719,0.07961600578557365,-2.7755575615628914e-17,1.9999600643698692,2.032300192834572,0.0,0.007616974879056215,1.5514231720977598,1.492376587198681
58.683153676000074,5.910428989512216,5.815597239934719,0.07821941402782581,-2.7755575615628914e-17,1.9998451519879585,2.0336307729395293,0.0,0.00761422049254179,1.5280357601210355,1.474612716786167
58.71437299399986,5.905930966557916,5.815597239934719,0.07670565993743844,-2.7755575615628914e-17,1.9999624965897507,2.0344205043991908,0.0,0.007629768457263708,1.5109315334514912,1.4569240100113323
58.77612672200121,5.901561257834028,5.815597239934719,0.07533919818747298,-2.7755575615628914e-17,1.9998537591070575,2.034588992358537,0.0,0.007597112096846104,1.4941763726323458,1.439209104719544
58.839250951001304,5.897789175264753,5.815597239934719,0.07350740346670748,-2.7755575615628914e-17,1.9998501574386303,2.0348199095347352,0.0,0.007771921344101429,1.4714870923564192,1.4212977367084199
58.87032897500103,5.89386060553688,5.815597239934719,0.07165165090930425,-2.7755575615628914e-17,1.9999615706589478,2.0358548922865105,0.0,0.007787744980305433,1.461015116844453,1.403475762118574
58.93172944199978,5.889770577812676,5.815597239934719,0.06998253775085,-2.7755575615628914e-17,1.9998560879594796,2.0364007493693568,0.0,0.007756127044558525,1.4390239682693249,1.3857307236679661
58.99324532600076,5.8857862382948305,5.815597239934719,0.06894080255790053,-2.7755575615628914e-17,1.999854576338471,2.0365032763586024,0.0,0.007696913089603186,1.4173818855445948,1.367968297195323
59.024832922001224,5.882422145811914,5.815597239934719,0.06788870044823625,-2.7755575615628914e-17,1.9999619126821835,2.036715115926229,0.0,0.00770251639187336,1.4123204307138115,1.3500330859280938
59.08652184899984,5.878828796679537,5.815597239934719,0.06658896012501991,-2.7755575615628914e-17,1.9998520435666751,2.0377524186873446,0.0,0.0077569568529725075,1.3908528809142808,1.3321831664206898
59.11756208299994,5.875003447367584,5.815597239934719,0.0659161670084803,-2.7755575615628914e-17,1.9999630318417778,2.0383818823949613,0.0,0.007722531445324421,1.3810790371031132,1.3144051989190624
59.17842141000074,5.871203028590283,5.815597239934719,0.0655091388361253,-2.7755575615628914e-17,1.9998554890290599,2.0386285389795664,0.0,0.007633102126419544,1.3596114873035825,1.2966056358052045
59.22855639500085,5.867961997800397,5.815597239934719,0.0652158855401338,-2.7755575615628914e-17,1.9999031791827744,2.038921414717637,0.0,0.0076490058563649654,1.342856326484437,1.2789178508490677
59.27951526100151,5.864428008481675,5.815597239934719,0.06347785424781138,-2.7755575615628914e-17,1.9998984766226198,2.0400880878819727,0.0,0.007648806553333998,1.319119848657314,1.2610225076164612
59.33474069800104,5.860701116767976,5.815597239934719,0.06226488008120479,-2.7755575615628914e-17,1.999882005173566,2.040763434433134,0.0,0.007642853073775768,1.3018410890625702,1.2431964760473995
59.36248061400147,5.857004058929547,5.815597239934719,0.06135434484067148,-2.7755575615628914e-17,1.9999699748676343,2.0410280720365157,0.0,0.007704971823841333,1.2894492513734104,1.2253469475961545
59.412710819000495,5.853746243846127,5.815597239934719,0.06033920209006827,-2.7755575615628914e-17,1.9999019922034478,2.0413324969875815,0.0,0.007680979557335377,1.2723450247038661,1.207319441573668
59.46141678500135,5.850284179646887,5.815597239934719,0.059347334666314366,-2.7755575615628914e-17,1.999907437593649,2.042447457767209,0.0,0.007523211184889078,1.254891732183923,1.1893711621848326
59.51324293000107,5.846654329185776,5.815597239934719,0.05816851806376089,-2.7755575615628914e-17,1.999897240640234,2.043107715986935,0.0,0.007692352402955294,1.2377875055143788,1.1714909216555998
59.57633394700133,5.843067508626445,5.815597239934719,0.05674959492526266,-2.7755575615628914e-17,1.9998431923438806,2.043277567666272,0.0,0.007745114155113697,1.214225560612455,1.1535835278054531
59.62856131300032,5.839813985153234,5.815597239934719,0.054484805022335325,-2.7755575615628914e-17,1.9998923169910963,2.0434109394994753,0.0,0.007715016137808561,1.1903145498601333,1.1351997183717086
59.67934436900032,5.836481997324811,5.815597239934719,0.05339941091467082,-2.7755575615628914e-17,1.9999003549604393,2.0441725568234124,0.0,0.0076591623947024345,1.1732103231905882,1.1171905938515252
59.73525274399981,5.833011037998121,5.815597239934719,0.05195011714986486,-2.7755575615628914e-17,1.9998772992479847,2.0445188928759563,0.0,0.007612737361341715,1.1566296952966422,1.099252111201861
59.762722426001346,5.829569155528356,5.815597239934719,0.05052044094935382,-2.7755575615628914e-17,1.9999698619171604,2.0444183924305177,0.0,0.007638829294592142,1.1456341210090777,1.0812931408037816
59.81358871800148,5.826252183276184,5.815597239934719,0.046875447662114045,-2.7755575615628914e-17,1.999898314907984,2.0444085145098527,0.0,0.0075373523868620396,1.1239920382843485,1.0622834221616675
59.87755154400111,5.823066502229242,5.815597239934719,0.046591838106872396,-2.7755575615628914e-17,1.999840991910582,2.0449216789885734,0.0,0.007456989958882332,1.1081095420911993,1.0442318005214957
59.93567984600122,5.819835818645469,5.815597239934719,0.04408796246605917,-2.7755575615628914e-17,1.9998656334959022,2.045019188698177,0.0,0.007548640947788954,1.0871655910672677,1.0262525714947093
59.99705229200117,5.816750431453781,5.815597239934719,0.041218770128086946,-2.7755575615628914e-17,1.9998571181772389,2.044617554817692,0.0,0.007539701648056507,1.070235897322923,1.0082526906381004
60.01885977300117,5.814143750834289,5.815597239934719,0.03794877120567841,-2.7755575615628914e-17,1.9999794412640657,2.044261341170406,0.0,0.007573515642434359,1.059938454736156,0.9900769115849862
60.078869130000385,5.81150501500763,5.815597239934719,0.03473140189544832,-2.7755575615628914e-17,1.9998586952575819,2.0445871367122264,0.0,0.007492768112570047,1.0430087609918113,0.9719879135581678
60.130075848999695,5.808849940317108,5.815597239934719,0.031693392646124696,-2.7755575615628914e-17,1.9998948405930481,2.0445237800161378,0.0,0.007417130284011364,1.0215412111922806,0.9539739941742447
60.17930730599983,5.806439197487521,5.815597239934719,0.02829739097333339,-2.7755575615628914e-17,1.9999051817490825,2.044038035843034,0.0,0.0074586509726941586,1.0046115174479358,0.9359539715864191
60.22997482699975,5.804694290020206,5.815597239934719,0.02409821514476007,-2.7755575615628914e-17,1.999897868541507,2.043524570474953,0.0,0.007600358687341213,0.9862855603019955,0.9177924297936938
60.27942293900014,5.802935928313099,5.815597239934719,0.01993696475309059,-2.7755575615628914e-17,1.9999043785044222,2.043597510978747,0.0,0.007440741173923016,0.968657734856853,0.8997172307976403
60.34555311400072,5.80115922638882,5.815597239934719,0.016178624003374775,-2.7755575615628914e-17,1.999825512105499,2.043231919184778,0.0,0.00725212786346674,0.9454448558053281,0.8817181071737008
60.36961306400008,5.799521527299821,5.815597239934719,0.012842317814250048,-2.7755575615628914e-17,1.999977331237421,2.042421557590066,0.0,0.007170453667640686,0.9332275510413677,0.8637114013401126
60.42855921500086,5.798323170264738,5.815597239934719,0.009576149630649011,-2.7755575615628914e-17,1.9998611309906895,2.041639289265312,0.0,0.007187035866081715,0.9155997255962252,0.845556544076351
60.479525284001284,5.797107250306322,5.815597239934719,0.00714290063388523,-2.7755575615628914e-17,1.9998970352940963,2.041605596119206,0.0,0.006965707056224346,0.891863247769102,0.8277816606249596
60.53574700399986,5.795812047854264,5.815597239934719,0.0038495273111696093,-2.7755575615628914e-17,1.9998752650042722,2.041213350859644,0.0,0.006820714566856623,0.8733627576979623,0.80978924371311
60.56321462100095,5.794503785173193,5.815597239934719,0.001924996135563406,-2.7755575615628914e-17,1.999969699775,2.0404537705222348,0.0,0.006761147640645504,0.8609709200088025,0.7921598029709386
60.61343538700021,5.794116960124322,5.815597239934719,-0.0010782775181197302,-2.7755575615628914e-17,1.999899995460842,2.0394646250744737,0.0,0.006603929679840803,0.84334309456366,0.7741162973648248
60.67807628900118,5.7936119869158755,5.815597239934719,-0.003711702708059317,-2.7755575615628914e-17,1.9998348774041694,2.0391956202047483,0.0,0.00642441539093852,0.8194320838113378,0.7561482025748106
60.7444288810002,5.792992042129335,5.815597239934719,-0.005931854842313289,-2.7755575615628914e-17,1.9998239216625955,2.0386310931694878,0.0,0.006315971724689007,0.7962192047598133,0.7382455362653246
60.77960990199972,5.792255027563652,5.815597239934719,-0.007574433870897179,-2.7755575615628914e-17,1.9999507389493925,2.0377922810318574,0.0,0.006259915418922901,0.7843509658462517,0.7204021743254814
60.835578710000846,5.7923423814295845,5.815597239934719,-0.009120729683132822,-2.7755575615628914e-17,1.9998762894017437,2.0368399361170533,0.0,0.005952168721705675,0.7611380867947268,0.7023983414225589
60.86254487000042,5.792251873340411,5.815597239934719,-0.01081942189170726,-2.7755575615628914e-17,1.9999704411564152,2.036904016136485,0.0,0.005786621477454901,0.7506661112827611,0.6844638991145566
60.92900699600068,5.791997468229631,5.815597239934719,-0.012227168183690518,-2.7755575615628914e-17,1.9998270216435179,2.03671202031985,0.0,0.005636060610413551,0.733212818762818,0.6665890533226949
60.985278569,5.79158628340459,5.815597239934719,-0.013320984611622788,-2.7755575615628914e-17,1.9998721243061337,2.0363232674619725,0.0,0.005366806406527758,0.7112216701876894,0.6487679090164202
61.01362507900012,5.791779499443716,5.815597239934719,-0.014225663554114254,-2.7755575615628914e-17,1.9999689726990335,2.035730324765286,0.0,0.00522986613214016,0.6997024971245267,0.6307762370537072
61.06375019600091,5.791771861135756,5.815597239934719,-0.015094093106898132,-2.7755575615628914e-17,1.9998996074207172,2.03609917221499,0.0,0.005087975412607193,0.6827728033801819,0.6128501153880946
61.11235127500004,5.7915764650514845,5.815597239934719,-0.015778170499085586,-2.7755575615628914e-17,1.9999051117040763,2.0361734865228582,0.0,0.0049995374865829945,0.6654940437854377,0.5949799383722364
61.162015200001406,5.7911938179136575,5.815597239934719,-0.015962455702655864,-2.7755575615628914e-17,1.9999024241944348,2.036014394975532,0.0,0.004762620199471712,0.6471680866394971,0.5771607092503647
61.22575010000037,5.791393866477834,5.815597239934719,-0.016085951680818056,-2.7755575615628914e-17,1.9998390951446785,2.035601643436199,0.0,0.004694686736911535,0.6239552075879731,0.5591665183787412
61.28855358800138,5.791374462125438,5.815597239934719,-0.016388258455654947,-2.7755575615628914e-17,1.9998434374284362,2.0360984798678308,0.0,0.004452700726687908,0.599869663910451,0.5412362562737613
61.32020649700098,5.791172166360255,5.815597239934719,-0.0159070361024658,-2.7755575615628914e-17,1.9999594876217115,2.0363158494951983,0.0,0.00429922342300415,0.5880014249968895,0.5236536217466707
61.38553665600011,5.790781778599738,5.815597239934719,-0.016562035075217918,-2.7755575615628914e-17,1.9998346944448344,2.036312515491695,0.0,0.004291905090212822,0.5649630788705644,0.5058271901758009
61.41637200700097,5.790974304687959,5.815597239934719,-0.017082168262891106,-2.7755575615628914e-17,1.9999603224540539,2.036106398338821,0.0,0.004199421498924494,0.553792971657801,0.4878466811083029
61.478681753000274,5.790987672503979,5.815597239934719,-0.017937513968549146,-2.7755575615628914e-17,1.9998449926802704,2.036758276419053,0.0,0.004054832737892866,0.530580092606276,0.46992483804741575
61.54293372699976,5.790841218942955,5.815597239934719,-0.018739906858773914,-2.7755575615628914e-17,1.9998374327793373,2.0371547129157928,0.0,0.004086765926331282,0.5080653452555492,0.45205316404565726
61.5719069780007,5.79054346276994,5.815597239934719,-0.019249568195682132,-2.7755575615628914e-17,1.999966169968734,2.037244154463149,0.0,0.004012583289295435,0.49672070511758637,0.4342277276824948
61.638145775999874,5.790788982829875,5.815597239934719,-0.020039852569756933,-2.7755575615628914e-17,1.9998372728995908,2.0370820959800673,0.0,0.004008781630545855,0.47350782606606145,0.4161952394023726
61.66716491400075,5.790889484393268,5.815597239934719,-0.021194012287812036,-2.7755575615628914e-17,1.9999617568343044,2.037851520496025,0.0,0.003857640316709876,0.4630358505540957,0.3982263412669028
61.7291389230013,5.790853129338591,5.815597239934719,-0.022912809031408132,-2.7755575615628914e-17,1.9998456889570244,2.038321215743118,0.0,0.0038934105541557074,0.4450589592585539,0.38001869418868456
61.79336028100079,5.790718044638173,5.815597239934719,-0.023325171660988464,-2.7755575615628914e-17,1.9998414467195558,2.0384086238514803,0.0,0.0039062537252902985,0.42289327775822594,0.36215463024135147
61.82392656900083,5.791232351179158,5.815597239934719,-0.024500026997129387,-2.7755575615628914e-17,1.9999609545068422,2.038234547970798,0.0,0.003851725487038493,0.4111995717698642,0.3441335264192985
61.88812556599987,5.791578961633358,5.815597239934719,-0.027628345871814175,-2.7755575615628914e-17,1.9998397079652412,2.038682288567287,0.0,0.003688354045152664,0.3878121597931399,0.3252962585583762
61.95124226900043,5.791826289476021,5.815597239934719,-0.027132313979262523,-2.7755575615628914e-17,1.9998376296097484,2.0388319220740967,0.0,0.003633626736700535,0.36512287951721367,0.3073937981074512
61.98164976100088,5.79195317347197,5.815597239934719,-0.02814768758099906,-2.7755575615628914e-17,1.999963208469223,2.038745932332592,0.0,0.003629550337791443,0.3532546406036521,0.28954158330210306
62.04632167999989,5.79256505759731,5.815597239934719,-0.02923926107946484,-2.7755575615628914e-17,1.9998366900326463,2.038457753180439,0.0,0.003642035648226738,0.32969269570172877,0.2715079029341154
62.07681309899999,5.7930530959813025,5.815597239934719,-0.03060242155280357,-2.7755575615628914e-17,1.999961747193141,2.0389685346932613,0.0,0.003579135052859783,0.3179989897133666,0.253539584024771
62.13904607100085,5.793425292786498,5.815597239934719,-0.0317277010674315,-2.7755575615628914e-17,1.9998459383361884,2.0391673884444,0.0,0.003554326482117176,0.29565877528783924,0.23562771416033806
62.17052512400005,5.793689049488189,5.815597239934719,-0.032585437318154,-2.7755575615628914e-17,1.9999603052714165,2.0390608359378017,0.0,0.003590494394302368,0.28413960222467693,0.2177677518966408
62.233980169999995,5.794435315084096,5.815597239934719,-0.033553634442495095,-2.7755575615628914e-17,1.9998417719601624,2.038733127406035,0.0,0.003499551909044385,0.2605776573227536,0.19972785019123312
62.29629459500029,5.795043460484022,5.815597239934719,-0.03443084787963313,-2.7755575615628914e-17,1.9998454328634316,2.0392292194063004,0.0,0.0033911005593836308,0.23788837704682697,0.18175504667541356
62.32792130500093,5.795513521557455,5.815597239934719,-0.03492362976598257,-2.7755575615628914e-17,1.9999596433806166,2.0393300718850544,0.0,0.0033152573741972446,0.22602013813326582,0.1638410880058538
62.39106685099978,5.795856149693656,5.815597239934719,-0.03513206086310616,-2.7755575615628914e-17,1.9998430330053119,2.039086663701403,0.0,0.0034249285236001015,0.20228366030614264,0.14598105586662635
62.421738025001105,5.796607851247183,5.815597239934719,-0.03562610092129581,-2.7755575615628914e-17,1.9999623215918687,2.038652756765628,0.0,0.0034243743866682053,0.19163715186897745,0.12797014436103274
62.48386537999977,5.797222319396348,5.815597239934719,-0.036222479693022,-2.7755575615628914e-17,1.999847140258518,2.0389332744658395,0.0,0.0033730047289282084,0.16824973989225356,0.11002449613881463
62.54624577800132,5.797704128382128,5.815597239934719,-0.03596729565735596,-2.7755575615628914e-17,1.9998460687738169,2.0388899815443353,0.0,0.0034136304166167974,0.1453859266911275,0.09242837412624333
62.57714720200056,5.798047077975274,5.815597239934719,-0.03653340004293604,-2.7755575615628914e-17,1.9999619985940729,2.0386210562716234,0.0,0.003458685940131545,0.13997540600994496,0.0745914473101437
62.638935373001004,5.798816974431181,5.818070955694707,-0.03599684147060439,0.03999999999999997,1.9998483544523715,2.0381259713015805,0.0,0.003450859570875764,0.11728612573401875,0.056856080842974215
62.669721042000674,5.799444302030766,5.81930234633473,-0.036858823075124794,0.03999999999999997,1.9999624305152326,2.0384921474589643,0.0,0.003398638218641281,0.10594148559605587,0.038896422547163384
62.73229898000136,5.7999410114209455,5.82432309577474,-0.0370191419713274,0.07999999999999997,1.9998438871916644,2.038591475604774,0.0,0.003491093870252371,0.08307767239493025,0.020995967421896963
62.79370390599979,5.800341313318701,5.830453922366072,-0.03711626978875662,0.10000000149011612,1.9998510433196648,2.0382928775313975,0.0,0.003436220809817314,0.06056292504420302,0.003150948115570687
62.826362051000615,5.801121094658712,5.833719398314665,-0.03845312905812242,0.10000000149011612,1.999957752103763,2.037631398846947,0.0,0.0034405088517814875,0.04869468613064187,-0.014873841878518791
62.88973874200019,5.801949494847093,5.839971360307952,-0.04133595754298969,0.10000000149011612,1.9998451848676027,2.0376384252176685,0.0,0.0034477447625249624,0.025132741228718114,-0.03282603954666769
62.91940644799979,5.802927087960645,5.843041254753656,-0.04550222028293721,0.10000000149011612,1.9999626845269722,2.037187228740507,0.0,0.003458669874817133,0.01343903524035639,-0.05071224857748511
62.982479741000134,5.804204758893202,5.8493496781475836,-0.05202177869237859,0.10000000149011612,1.9998424985050147,2.0361127666694947,0.0,0.0034753193613141775,-0.008901179185170971,-0.06853365553060191
63.044681143999696,5.806487350762894,5.855532492739776,-0.06171374120822977,0.10000000149011612,1.9998488269576495,2.0344847804109794,0.0,0.0035916874185204506,-0.032288591161894864,-0.08650185900306154
63.075939635000395,5.809253639768522,5.858696481286833,-0.07329864703757794,0.10000000149011612,1.9999604482890578,2.0332276624874352,0.0,0.0035386444069445133,-0.04398229715025703,-0.10438371786279722
63.13820225100062,5.812544647766389,5.864851693178622,-0.0863179363365042,0.10000000149011612,1.999850485815704,2.0313375792489814,0.0,0.003527112537994981,-0.060911990894601864,-0.12218367595612303
63.167711824000435,5.816346058026514,5.867831883022958,-0.09892223851761073,0.10000000149011612,1.9999649955040752,2.028959369240511,0.0,0.0034705514553934336,-0.07243116395776461,-0.13990292307019306
63.23014647200034,5.821248819409779,5.874110004716517,-0.11148778020906505,0.10000000149011612,1.999844920013494,2.0261673577615578,0.0,0.0034946962259709835,-0.09442231253289313,-0.15777783102714052
63.29205680100131,5.826584787124064,5.8802597235081535,-0.12375212923833293,0.10000000149011612,1.9998514709439663,2.0239735847433966,0.0,0.003308401210233569,-0.11746065865921862,-0.1755490712593236
63.32265447700047,5.832311561937941,5.883353799254287,-0.13477344398266428,0.10000000149011612,1.9999624753430854,2.021436917031661,0.0,0.0031298280227929354,-0.12932889757277977,-0.19322420657179804
63.386721306000254,5.838257304691722,5.889711361549014,-0.1439111908307535,0.10000000149011612,1.9998418958718214,2.0186858117538833,0.0,0.0030975539702922106,-0.15184364492350655,-0.2105192110566041
63.416988486000264,5.845155175943433,5.892747297794356,-0.1524729547018489,0.10000000149011612,1.9999640308989177,2.0157438252758055,0.0,0.002984694903716445,-0.1633628179866693,-0.22824065487236728
63.47960760699971,5.852184720305056,5.899056075588361,-0.1590572899364303,0.10000000149011612,1.9998450530471525,2.013688052120508,0.0,0.002947797067463398,-0.1869247628885926,-0.24585468629960675
63.54394633400079,5.859275722104774,5.900333004223492,-0.16406920715535556,0.020000001490116118,1.9998416880315346,2.0115327620672825,0.0,0.0028725245501846075,-0.21013764194011753,-0.2633718032830472
63.57534057900011,5.866364438086682,5.900969281250902,-0.16722210281356875,0.020000001490116118,1.9999607869580176,2.0093183170515037,0.0,0.0027600605972111225,-0.22183134792847925,-0.28079811798449905
63.63800174100106,5.873902401165372,5.900969281250902,-0.16928059183370286,-2.7755575615628914e-17,1.9998509872253885,2.007008261399639,0.0,0.0027438076213002205,-0.2457423586808014,-0.2983742428781268
63.66949633300101,5.881273714411967,5.900969281250902,-0.16985418202003044,-2.7755575615628914e-17,1.999960353504473,2.0057959901537536,0.0,0.0028414358384907246,-0.2567379329683659,-0.31584761503124986
63.73127584800022,5.888352189448971,5.900969281250902,-0.1683488343719619,-2.7755575615628914e-17,1.9998536506633264,2.0046119568049647,0.0,0.0027455517556518316,-0.2748893571891067,-0.33323099905590436
63.79595956000048,5.894982845090745,5.900969281250902,-0.16340067170873585,-2.7755575615628914e-17,1.9998407574479815,2.003545666428756,0.0,0.002644940512254834,-0.3040363556974124,-0.35053335439039074
63.82544729199981,5.901635641936689,5.900969281250902,-0.15588629010995358,-2.7755575615628914e-17,1.9999657008065372,2.00260749910778,0.0,0.0026957178488373756,-0.3094468763785949,-0.3682657962064287
63.88969636100046,5.907416287651154,5.900969281250902,-0.1436263476598162,-2.7755575615628914e-17,1.9998437675548406,2.003050014304412,0.0,0.002536152023822069,-0.3326597554301194,-0.3856305341922091
63.92049007300011,5.912388745203607,5.900969281250902,-0.1306103658357013,-2.7755575615628914e-17,1.9999639283697865,2.0036259338746123,0.0,0.0026365150697529316,-0.3433062638672846,-0.4029260291575143
63.98322388000088,5.916897001340906,5.900969281250902,-0.11850528961304496,-2.7755575615628914e-17,1.9998487185136922,2.0042674781249286,0.0,0.0028398982249200344,-0.36617007706841065,-0.4211156561306367
64.0468380830007,5.920629779017562,5.900969281250902,-0.10085317698346419,-2.7755575615628914e-17,1.9998479797211284,2.0057431844430105,0.0,0.0029640556313097477,-0.3893829561199351,-0.4384515725230926
64.07795363600053,5.923429705850093,5.900969281250902,-0.08542647633717382,-2.7755575615628914e-17,1.9999625779514345,2.0075732664319217,0.0,0.0030157738365232944,-0.40125119503349627,-0.4557338360398551
64.14115411600142,5.925351901763272,5.900969281250902,-0.07003770678910748,-2.7755575615628914e-17,1.9998508286272616,2.0094170917408825,0.0,0.0033595780842006207,-0.42376594238422305,-0.47297503832802673
64.17083320500024,5.926680770056564,5.900969281250902,-0.05605947650767962,-2.7755575615628914e-17,1.9999649628542375,2.011188796980226,0.0,0.003527258522808552,-0.4352851154473858,-0.4902204576765946
64.23347576200104,5.927836499144244,5.900969281250902,-0.043722474266815525,-2.7755575615628914e-17,1.999851348932422,2.01300348245006,0.0,0.003607085207477212,-0.4581489286485114,-0.5075443877049265
64.29571759900136,5.928298870158507,5.900969281250902,-0.032801868425095915,-2.7755575615628914e-17,1.9998526823490428,2.015296521352261,0.0,0.003700574394315481,-0.4797910113732411,-0.52483128544618
64.32663986100124,5.928147879692684,5.900969281250902,-0.02316422550849717,-2.7755575615628914e-17,1.9999636912684378,2.0173220748195075,0.0,0.0037852174136787653,-0.490961118586005,-0.5420899884116277
64.39067913700092,5.927629679825199,5.900969281250902,-0.014780402072474996,-2.7755575615628914e-17,1.9998483091191042,2.0191187316422483,0.0,0.003895052708685398,-0.5129522671611335,-0.559370186353431
64.42107083800147,5.927119737638823,5.900969281250902,-0.00817797576438073,-2.7755575615628914e-17,1.9999633989040868,2.0208493692776064,0.0,0.003903221571817994,-0.522900643897501,-0.5767559176954692
64.48458221800138,5.926202663126021,5.900969281250902,-0.003002883388743216,-2.7755575615628914e-17,1.9998469493355755,2.0229417555691804,0.0,0.0038795468863099813,-0.5441936607718318,-0.5941075069412697
64.54520989000048,5.924948375399614,5.900969281250902,0.0010650430252869825,-2.7755575615628914e-17,1.9998602327215098,2.0246939967461044,0.0,0.003853144822642207,-0.5599016240397807,-0.6114329799600274
64.5775704610005,5.923592636034448,5.900969281250902,0.004206544429183001,-2.7755575615628914e-17,1.9999604579931411,2.026151427137855,0.0,0.0037668016739189625,-0.5705481324769464,-0.6287870952518002
64.64125052700001,5.922546342754873,5.900969281250902,0.006702479823415208,-2.7755575615628914e-17,1.9998491687442503,2.0275269102880493,0.0,0.0037182196974754333,-0.5918411493512772,-0.6459782619866138
64.6719159990007,5.921251255990062,5.900969281250902,0.007009898267434145,-2.7755575615628914e-17,1.999962122656892,2.029273821082854,0.0,0.0036539342254400253,-0.6017895260876447,-0.6634157365220984
64.73420252000142,5.919821725988009,5.900969281250902,0.008019672107943965,-2.7755575615628914e-17,1.9998532106495737,2.0306415656525023,0.0,0.0035870627034455538,-0.6241297405131725,-0.6805362248831087
64.79722486600076,5.91835245150152,5.900969281250902,0.007200869318070624,-2.7755575615628914e-17,1.9998500129864365,2.0317219866839293,0.0,0.00344428070820868,-0.6455972903127023,-0.6979637336341541
64.82765200300128,5.917138883405077,5.900969281250902,0.006404051954795209,-2.7755575615628914e-17,1.999964193816976,2.032707696786506,0.0,0.003426276845857501,-0.657116463375865,-0.7155023928984484
64.89104517300075,5.915832446551751,5.900969281250902,0.005157918483543522,-2.7755575615628914e-17,1.999847900919094,2.0339595787325306,0.0,0.0033697662875056267,-0.6799802765769911,-0.7329988763307063
64.92230166000081,5.914453081187541,5.900969281250902,0.003838407748049333,-2.7755575615628914e-17,1.9999618974853945,2.034860762979763,0.0,0.003146410221233964,-0.6914994496401534,-0.7504599951295912
64.98466580700006,5.913149256682487,5.900969281250902,0.0024581391619438175,-2.7755575615628914e-17,1.9998522092640674,2.0354015140972344,0.0,0.0030418946407735348,-0.7134905982152819,-0.7679349365048582
65.04681076400084,5.912173150760329,5.900969281250902,0.0007063651996412901,-2.7755575615628914e-17,1.9998526595547752,2.0358677835351546,0.0,0.002884055022150278,-0.736528944341607,-0.7855092590084523
65.07778263900036,5.911136772721688,5.900969281250902,-0.0010623868781391987,-2.7755575615628914e-17,1.9999630825363328,2.0366584135568404,0.0,0.0028948162216693163,-0.7480481174047697,-0.8030376858391376
65.14056018800147,5.910052064513567,5.900969281250902,-0.00283861722082146,-2.7755575615628914e-17,1.9998532272656948,2.037122449997133,0.0,0.0028513900469988585,-0.7700392659798982,-0.8205274526165623
65.1667855930009,5.9090174213897955,5.900969281250902,-0.004517924824417818,-2.7755575615628914e-17,1.9999722891453253,2.0373315839940043,0.0,0.0028146477416157722,-0.775973385436679,-0.8380291020444816
65.22090349000064,5.908210884872428,5.900969281250902,-0.00623516121651857,-2.7755575615628914e-17,1.999887738900419,2.0375058230661525,0.0,0.002732499735429883,-0.7974409352362093,-0.8556304529194116
65.28023857600056,5.9073562977616,5.900969281250902,-0.007866487758567242,-2.7755575615628914e-17,1.9998669818998838,2.0380875402716456,0.0,0.0027352417819201946,-0.8136724972797564,-0.873183842031393
65.33244464000018,5.906454084420905,5.900969281250902,-0.0092463343262702,-2.7755575615628914e-17,1.9998961939751332,2.03834991042491,0.0,0.0027015767991542816,-0.8365363104808825,-0.8906964606410008
65.38118019900139,5.905607816748802,5.900969281250902,-0.010406858204329628,-2.7755575615628914e-17,1.999910021039737,2.0383308889042517,0.0,0.0026823072694242,-0.8534660042252273,-0.9082225707427184
65.4317916630007,5.905018761281272,5.900969281250902,-0.011549413587732205,-2.7755575615628914e-17,1.9999001544144694,2.0382969149186,0.0,0.0026954279746860266,-0.8698720991939739,-0.9258571361168135
65.48072581300039,5.904382023481159,5.900969281250902,-0.01203566000133549,-2.7755575615628914e-17,1.9999092583953066,2.038736146459734,0.0,0.0026514194905757904,-0.887325391713917,-0.9431520180539514
65.53212706399972,5.9036618518530215,5.900969281250902,-0.013523850480271049,-2.7755575615628914e-17,1.9998994886014216,2.038952564139409,0.0,0.0027232577558606863,-0.903906019607863,-0.9606913399631076
65.58192312600113,5.903009391235147,5.902977152090926,-0.014293202445339492,0.03999999999999997,1.9999035866729244,2.0390633124113804,0.0,0.0027291416190564632,-0.9246754377065955,-0.9782454220426581
65.63147227400077,5.902665781837582,5.906935349210864,-0.015171803937331862,0.07999999999999997,1.9999063190880628,2.039305317168834,0.0,0.0027336827479302883,-0.941256065600542,-0.995912341495415
65.68292177600051,5.902238818232983,5.911062637770839,-0.01598900160982286,0.07999999999999997,1.9998981295469758,2.0399583834972534,0.0,0.002762838499620557,-0.9569640288684909,-1.0135254462144425
65.73709570600113,5.901757887276776,5.91646685015135,-0.016846124208071966,0.10000000149011612,1.9998882021431,2.040247455298506,0.0,0.0027752656023949385,-0.9717993275104426,-1.0310921058853044
65.76478493800096,5.901456433588088,5.9192487657929025,-0.01849317909190651,0.10000000149011612,1.9999703717298738,2.0401653481398094,0.0,0.0027918913401663303,-0.9824458359476078,-1.0486675720400944
65.81500345700078,5.901735367115425,5.9242677643677455,-0.022079760325966924,0.10000000149011612,1.9999035711199662,2.0399204412993917,0.0,0.002954733557999134,-0.9971066016643606,-1.066345354151161
65.87106683000093,5.902213042122151,5.929856392651007,-0.028345960846061002,0.10000000149011612,1.9998804604485214,2.039830325310462,0.0,0.002877933904528618,-1.018399618538691,-1.0842471144665917
65.93143444500129,5.903051151104917,5.935897555440903,-0.03621536660193314,0.10000000149011612,1.9998603575013725,2.0391433663728833,0.0,0.0030951094813644886,-1.0344566476570396,-1.1018022561200569
65.97756488600135,5.904443937146226,5.938651105929381,-0.046660195279252026,0.06000000149011612,1.9999194512049079,2.0379033060480376,0.0,0.0032037259079515934,-1.0510372755509851,-1.1193513894854952
66.03177543600032,5.906660468391107,5.939739465950438,-0.05786113281944316,0.020000001490116118,1.9998868297032664,2.036274684847362,0.0,0.0031122316140681505,-1.07425015460251,-1.1369865919668911
66.08218362099979,5.909411449836983,5.939739465950438,-0.0709667694770244,-2.7755575615628914e-17,1.9999026020080988,2.0347772177616097,0.0,0.0028648271691054106,-1.0915289141972533,-1.1554030032099645
66.13720644800014,5.912486291007019,5.939739465950438,-0.08069108794536572,-2.7755575615628914e-17,1.9998844403377822,2.0328309634311696,0.0,0.0028675857465714216,-1.1089822067171968,-1.1728846123743033
66.19507657600116,5.915964137686557,5.939739465950438,-0.09079589535328736,-2.7755575615628914e-17,1.9998723405337921,2.0307051441367783,0.0,0.0028764349408447742,-1.132893217469519,-1.190343016500798
66.22176103899983,5.919836745186612,5.939739465950438,-0.098547512204338,-2.7755575615628914e-17,1.9999728991794947,2.0286344328529555,0.0,0.002634509699419141,-1.138303738150702,-1.2078661992145565
66.28130405400043,5.923736373921746,5.939739465950438,-0.10292384792221965,-2.7755575615628914e-17,1.9998651058398722,2.0271893685435303,0.0,0.002474854001775384,-1.162040215977825,-1.22530958873942
66.3320079010009,5.927512210190299,5.939739465950438,-0.1040446446837352,-2.7755575615628914e-17,1.9999031477320188,2.0258488140908053,0.0,0.0023487494327127934,-1.179493508497768,-1.2426842402978118
66.39638830500007,5.931060279458259,5.939739465950438,-0.10180288434569162,-2.7755575615628914e-17,1.9998440759646559,2.024734901083582,0.0,0.0022886365186423063,-1.203753585100489,-1.2600492828541945
66.43161168500046,5.934400008471764,5.939739465950438,-0.09675041844547372,-2.7755575615628914e-17,1.9999518020801106,2.024035775123484,0.0,0.002236764645203948,-1.2150982252384523,-1.2775038681314328
66.48057798500122,5.937296269078154,5.939739465950438,-0.09011714525609049,-2.7755575615628914e-17,1.9999098298035083,2.0241681665604316,0.0,0.0023109223693609238,-1.2397073676915722,-1.2948920547668805
66.5324077460009,5.939731153235367,5.939739465950438,-0.08262572272091434,-2.7755575615628914e-17,1.999897957699147,2.024401667916707,0.0,0.0024403990246355534,-1.257335193136715,-1.3122256330179642
66.58056252000097,5.941829859427371,5.939739465950438,-0.07478379942316332,-2.7755575615628914e-17,1.9999133896825423,2.0246646484757087,0.0,0.0025120717473328114,-1.2747884856566583,-1.3295580117597456
66.63282701299977,5.943854809091583,5.939739465950438,-0.06681016545612539,-2.7755575615628914e-17,1.9998966742972366,2.025071358417259,0.0,0.002722735283896327,-1.2927653769521998,-1.3469768602584125
66.68188947300041,5.945386159581827,5.9417066258703874,-0.059140710522996354,0.03999999999999997,1.9999087711900287,2.0259969478956545,0.0,0.002835751511156559,-1.3095205377713455,-1.3643405546976848
66.73107127700132,5.946449256484542,5.9456180725904,-0.051184740901237646,0.07999999999999997,1.9999098610917212,2.0268639797409236,0.0,0.0028084737714380026,-1.3254030339644938,-1.3813751470894353
66.78192807100095,5.9472873485466975,5.950739088166826,-0.046177916733046054,0.10000000149011612,1.9999011431807956,2.0276047929672694,0.0,0.0030396850779652596,-1.3418091289332406,-1.3992721256270269
66.81570906300112,5.948251739507424,5.954131131517308,-0.03727547637279616,0.10000000149011612,1.9999566409252256,2.02859922868985,0.0,0.0031607437413185835,-1.3571680263507906,-1.415846591997938
66.87147060100142,5.9489253590403814,5.959672369199816,-0.03513940299907342,0.10000000149011612,1.9998843174893337,2.029936312022729,0.0,0.003255431307479739,-1.3723523908431412,-1.433224356158884
66.93153353600064,5.949464020459301,5.965693132789587,-0.03337116196885068,0.10000000149011612,1.999863454531265,2.030854148706592,0.0,0.003334063570946455,-1.3884094199614894,-1.450558739489749
66.98174831100005,5.950188973748396,5.968709389864478,-0.03503044458695004,0.06000000149011612,1.9999048288748236,2.031161370936079,0.0,0.0035236217081546783,-1.4086552392846234,-1.4679013962891942
67.03258131800067,5.951498099480388,5.969723181900006,-0.039687724142680625,0.020000001490116118,1.999903279723082,2.0311587890833516,0.0,0.003717830404639244,-1.424188669627373,-1.4853398763371068
67.08250995600065,5.9530229987931245,5.969723181900006,-0.046282554213193605,-2.7755575615628914e-17,1.9999060408685874,2.031143728117803,0.0,0.003549091750755906,-1.4407692975213193,-1.5027158714513955
67.13055770000028,5.954826422621607,5.969723181900006,-0.05419497061659059,-2.7755575615628914e-17,1.9999126478659626,2.030597091397299,0.0,0.0034136080648750067,-1.4568263266396668,-1.5200344037557074
67.1862172960009,5.95701360690236,5.969723181900006,-0.06252917254096697,-2.7755575615628914e-17,1.9998852574097434,2.029600128226912,0.0,0.0033752527087926865,-1.4732324216084136,-1.537344987636983
67.2168487150011,5.959708775663175,5.969723181900006,-0.06986248966762525,-2.7755575615628914e-17,1.9999639692519005,2.0285269816766527,0.0,0.0031195618212223053,-1.4844025288211775,-1.554734359833866
67.27928033600074,5.962440921168004,5.969723181900006,-0.07473723165256937,-2.7755575615628914e-17,1.9998541376045467,2.0278914505400527,0.0,0.0028210035525262356,-1.5063936773963058,-1.5720548610570748
67.34298221100107,5.965086017182589,5.969723181900006,-0.07687671367885465,-2.7755575615628914e-17,1.9998496452009957,2.0271978275834828,0.0,0.002663502236828208,-1.52978108937303,-1.5893153783447151
67.3734459870011,5.967553159938018,5.969723181900006,-0.07618721618935494,-2.7755575615628914e-17,1.9999653229905816,2.026502866646404,0.0,0.002539269393309951,-1.5418238612117907,-1.60657203948061
67.43502405300023,5.969847224094961,5.969723181900006,-0.07336064537403644,-2.7755575615628914e-17,1.9998567151738507,2.0260540832709086,0.0,0.0023893711622804403,-1.5652112731885148,-1.623918729384512
67.49822223900082,5.971819660256558,5.969723181900006,-0.06925449796780753,-2.7755575615628914e-17,1.9998511342362617,2.026245784070965,0.0,0.0022790846414864063,-1.589820415641635,-1.6412046673525797
67.52900562000104,5.9734059373006785,5.969723181900006,-0.0634588711231031,-2.7755575615628914e-17,1.999964004842224,2.026544127996935,0.0,0.002284284448251128,-1.602037720405595,-1.6581576788813521
67.5927618780006,5.974695130543363,5.969723181900006,-0.058185573645060884,-2.7755575615628914e-17,1.9998482179520451,2.0268038995397633,0.0,0.0023807226680219173,-1.6249015336067207,-1.6753954124115797
67.62465175800025,5.975802531758403,5.969723181900006,-0.052524065886974614,-2.7755575615628914e-17,1.9999621530578837,2.027228481890177,0.0,0.002434468362480402,-1.6371188383706814,-1.6927218658469254
67.68834494700059,5.976562088068573,5.974809211420032,-0.0470509490018062,0.07999999999999997,1.9998491296784209,2.028201546078332,0.0,0.0025207740254700184,-1.6603317174222056,-1.7099986368490308
67.72035159500047,5.976994554616908,5.977370888620024,-0.041662668080761855,0.07999999999999997,1.9999617316836817,2.0291023550145653,0.0,0.002532847924157977,-1.6715018246349695,-1.7272349125634021
67.78313342100046,5.977275150306313,5.983661563613664,-0.03662215338793556,0.10000000149011612,1.9998523215576285,2.0298418800594455,0.0,0.0025983499363064766,-1.6933184402848986,-1.7444767632073732
67.84572619400024,5.977760569205081,5.989878276506351,-0.032434846547574836,0.10000000149011612,1.9998557971250317,2.030570720446274,0.0,0.00266928318887949,-1.7154841217852264,-1.7618000994845084
67.87588497199977,5.978135298103504,5.992946753552018,-0.030780151291117497,0.10000000149011612,1.9999648722192682,2.0315431585966692,0.0,0.0027187285013496876,-1.7263051631475912,-1.7790769930618966
67.93898594300117,5.978562900675067,5.9942016265255305,-0.03257156260025179,0.020000001490116118,1.9998531496317091,2.032085263469897,0.0,0.0029177404940128326,-1.7423621922659394,-1.7963125967251132
67.97051017000013,5.979367287514362,5.994833786432627,-0.03739512395474737,0.020000001490116118,1.9999627419871486,2.0321326547026874,0.0,0.0029310008976608515,-1.7528341677779053,-1.813832984946935
68.03288534600142,5.981039648871462,5.994833786432627,-0.04425487583034626,-2.7755575615628914e-17,1.9998539356510143,2.0317964691739276,0.0,0.0028656243812292814,-1.7734290529514385,-1.8311427305685746
68.0951077890004,5.983097819218933,5.994833786432627,-0.05471262723236864,-2.7755575615628914e-17,1.9998559177014663,2.0313573101284566,0.0,0.002906446810811758,-1.7954202015265668,-1.8483926698085662
68.12708332800139,5.985596274069681,5.994833786432627,-0.06699357817388407,-2.7755575615628914e-17,1.99996195495685,2.030433722243285,0.0,0.002762478543445468,-1.8065903087393305,-1.866434696971669
68.19090226099979,5.988340678930448,5.994833786432627,-0.0739510528109264,-2.7755575615628914e-17,1.9998488778161005,2.0291680936591647,0.0,0.0024202456697821617,-1.8285814573144592,-1.8836146440279635
68.22143795100055,5.991466345298575,5.994833786432627,-0.07947510491558896,-2.7755575615628914e-17,1.9999655986755915,2.028064422264259,0.0,0.0022307345643639565,-1.839926097452422,-1.9008547341770794
68.28510754600029,5.994481504442054,5.994833786432627,-0.0817791524082544,-2.7755575615628914e-17,1.9998483266746392,2.0274978430043347,0.0,0.0020224149338901043,-1.8631389765039468,-1.9180338021796992
68.31689756000014,5.997263524301461,5.994833786432627,-0.08086588362872726,-2.7755575615628914e-17,1.999962494494282,2.0270383514115062,0.0,0.0019011851400136948,-1.880243203173491,-1.9351610451618297
68.37814845499997,5.9998473250249225,5.994833786432627,-0.07740727895225674,-2.7755575615628914e-17,1.9998614262985648,2.0266206637519555,0.0,0.0017216571141034365,-1.8975219627682351,-1.952284199887995
68.44136411,6.002427613343508,5.994833786432627,-0.07212843721175222,-2.7755575615628914e-17,1.9998526242336883,2.026532212740609,0.0,0.001749392133206129,-1.921258440595358,-1.96948188475891
68.47314664000078,6.004500647531258,5.994833786432627,-0.06554087856368351,-2.7755575615628914e-17,1.9999626997540638,2.027053386369727,0.0,0.001707583200186491,-1.93295214658372,-1.9866283959534834
68.53634172700004,6.006072700151739,5.994833786432627,-0.05811507760761392,-2.7755575615628914e-17,1.9998528069320771,2.0276012552424056,0.0,0.0017850229050964117,-1.9552923610092474,-2.0037337481780524
68.59819875600078,6.007280920491763,5.994833786432627,-0.050843623568799345,-2.7755575615628914e-17,1.9998595692146244,2.0281536952579344,0.0,0.0018543145852163434,-1.9778071083599742,-2.02084682873707
68.62894659199992,6.008361106563289,5.994833786432627,-0.043814252453087565,-2.7755575615628914e-17,1.9999641689390164,2.028879706374119,0.0,0.001927572418935597,-1.9888026826475382,-2.0380475766224917
68.69183837200035,6.0089794949073125,5.994833786432627,-0.03705777004498756,-2.7755575615628914e-17,1.9998565181713004,2.0300936844155375,0.0,0.0019625236745923758,-2.0048597117658864,-2.055206327242038
68.72196902500036,6.009188780822665,5.994833786432627,-0.03094281092054274,-2.7755575615628914e-17,1.9999655431303835,2.0312057580417378,0.0,0.002064986852928996,-2.0155062202030516,-2.072331855124615
68.78421677400001,6.009189588701476,5.994833786432627,-0.0248699949809722,-2.7755575615628914e-17,1.9998569712709422,2.032207253151987,0.0,0.0022062277421355247,-2.035752039526186,-2.0891828401929438
68.84779199200057,6.0092843880219595,5.994833786432627,-0.020641278116319217,-2.7755575615628914e-17,1.9998513589014806,2.0332691369583697,0.0,0.0023080564569681883,-2.057219589325716,-2.1063884711810608
68.87879988500026,6.009044891436634,5.994833786432627,-0.015929578601553862,-2.7755575615628914e-17,1.999964124695496,2.0346266831438617,0.0,0.0023413633462041616,-2.067167966062084,-2.1232768970154523
68.9411162510005,6.008487592701867,5.994833786432627,-0.012909025393432416,-2.7755575615628914e-17,1.999858348628386,2.0357598165257613,0.0,0.002367941429838538,-2.0888100487868138,-2.140419515089579
68.97363821200088,6.0076769898504665,5.994833786432627,-0.009906374273115692,-2.7755575615628914e-17,1.999960288509342,2.0367076820063916,0.0,0.002395536983385682,-2.099456557223979,-2.15753791171738
69.03448072399988,6.007416326966164,5.994833786432627,-0.007577712001064718,-2.7755575615628914e-17,1.9998624171790946,2.037404155532956,0.0,0.002504985313862562,-2.1205750411731104,-2.1746786914980123
69.09784386499996,6.006898844126647,5.994833786432627,-0.006123923694963951,-2.7755575615628914e-17,1.9998519021407266,2.038346582368588,0.0,0.0024821232073009014,-2.1429152555986377,-2.1917976208778818
69.12901305800006,6.0061717970654644,5.994833786432627,-0.005036218187420394,-2.7755575615628914e-17,1.9999638146947936,2.039138392447416,0.0,0.0025164231192320585,-2.154259895736601,-2.2088996496421123
69.18464851000135,6.005262469792788,5.994833786432627,-0.004275317998311823,-2.7755575615628914e-17,1.9998897832207008,2.039792106746814,0.0,0.0023399125784635544,-2.170840523630547,-2.225986681102013
69.2323755940015,6.00470985716127,5.994833786432627,-0.0038487859647464706,-2.7755575615628914e-17,1.9999122489353691,2.0403603818155855,0.0,0.0023271001409739256,-2.1931807380560744,-2.2431524424720704
69.28399236699988,6.003985748831748,5.994833786432627,-0.0038316028118717815,-2.7755575615628914e-17,1.9999029381313305,2.041420135555466,0.0,0.0021711429581046104,-2.209586833024821,-2.26029951774018
69.33193227800075,6.003118026434082,5.994833786432627,-0.003923763808129976,-2.7755575615628914e-17,1.9999131944216775,2.04225418112038,0.0,0.0020716653671115637,-2.2258183950683685,-2.2774320015477874
69.38313605900112,6.00212190854165,5.994833786432627,-0.004003121853779712,-2.7755575615628914e-17,1.999903435739332,2.0429666348147615,0.0,0.002109496621415019,-2.241700891261517,-2.294551809291998
69.4319206600012,6.001610535854104,5.994833786432627,-0.004200810975362401,-2.7755575615628914e-17,1.9999117474518942,2.0435768316822416,0.0,0.0021098137367516756,-2.2572343216042667,-2.3117294306787506
69.48299355600102,6.0009471546620885,5.994833786432627,-0.004742280301019086,-2.7755575615628914e-17,1.999903435900276,2.044618519415445,0.0,0.00212637591175735,-2.2734658836478134,-2.3288922859581036
69.5472025880008,6.00015847600879,5.994833786432627,-0.005272760385115038,-2.7755575615628914e-17,1.9998472096688575,2.045451727292979,0.0,0.002069588750600815,-2.2937117029709477,-2.346043599804988
69.57334267400074,5.999255478984083,5.994833786432627,-0.0057686159388317115,-2.7755575615628914e-17,1.9999748272236133,2.0461277243608946,0.0,0.0019490940030664206,-2.304183678482914,-2.3631845982808577
69.63156538099975,5.998675764423074,5.994833786432627,-0.005717963440210472,-2.7755575615628914e-17,1.9998742206811835,2.046699940318393,0.0,0.001866328064352274,-2.319542575900464,-2.3801330399341976
69.68376923100004,5.997958909880107,5.994833786432627,-0.0070357031393364355,-2.7755575615628914e-17,1.9999001931011837,2.0476984792479307,0.0,0.001820538192987442,-2.3406610598495954,-2.397348964043564
69.73156043400013,5.997155157706938,5.994833786432627,-0.007769071331240829,-2.7755575615628914e-17,1.9999140891936633,2.0486543833602284,0.0,0.0017873444594442844,-2.3563690231175443,-2.414552756622782
69.78261241200016,5.996274994888602,5.994833786432627,-0.008553592300468704,-2.7755575615628914e-17,1.9999030342581305,2.0494407333960942,0.0,0.0018504017498344183,-2.3729496510114907,-2.431745469171261
69.83160276600029,5.995862255752129,5.994833786432627,-0.00940294428820887,-2.7755575615628914e-17,1.9999119868757407,2.050125030456845,0.0,0.001769796246662736,-2.388832147204639,-2.449023766444702
69.88334209700042,5.995349466342996,5.994833786432627,-0.010497663275734315,-2.7755575615628914e-17,1.9999007785458776,2.0512624038999663,0.0,0.0017225011251866817,-2.406110906799383,-2.4662849939488214
69.94758013400133,5.994757409965192,5.994833786432627,-0.011530781400437173,-2.7755575615628914e-17,1.9998474290894874,2.052314664836218,0.0,0.0016235073562711477,-2.428102055374511,-2.4835335535558194
69.97203171500041,5.994093993354225,5.994833786432627,-0.012492296506602996,-2.7755575615628914e-17,1.9999772263853188,2.0531987276452117,0.0,0.0016666668234393,-2.4389230967368762,-2.5007704493805933
70.03296534699984,5.993809962803763,5.994833786432627,-0.014126268298425448,-2.7755575615628914e-17,1.999863369426685,2.053954818678836,0.0,0.0015436173416674137,-2.4556782575560216,-2.5183941654722566
70.08494668999992,5.993462780692851,5.994833786432627,-0.014773666878521552,-2.7755575615628914e-17,1.999900104155431,2.0552371341791185,0.0,0.0015914796385914087,-2.478367537831948,-2.535712462854177
70.13328275200001,5.9930519562432645,5.994833786432627,-0.01590052684755039,-2.7755575615628914e-17,1.9999141827602895,2.0561190999584538,0.0,0.0015935308765619993,-2.495297231576293,-2.5530128561525163
70.1843739520009,5.992580593447145,5.994833786432627,-0.01697991912644714,-2.7755575615628914e-17,1.9999034599970418,2.056647294582526,0.0,0.0014696962898597121,-2.512226925320638,-2.5702953004655167
70.2494458070014,5.992447593760169,5.994833786432627,-0.019805699072385385,-2.7755575615628914e-17,1.9998417629522562,2.0568664344214103,0.0,0.0016147244023159146,-2.535265271446963,-2.5885158243051807
70.28324160800003,5.992274811853107,5.994833786432627,-0.019166094365970276,-2.7755575615628914e-17,1.9999561248981028,2.0574473160280435,0.0,0.0016763771418482065,-2.5466099115849263,-2.605853093220885
70.31731185300123,5.992034888360689,5.994833786432627,-0.020102103250454584,-2.7755575615628914e-17,1.999957068261974,2.057786502600372,0.0,0.001637306297197938,-2.563016006553673,-2.6231686354523647
70.37207627600037,5.991732935406829,5.994833786432627,-0.02101007481948103,-2.7755575615628914e-17,1.9998884435410311,2.0580250481347435,0.0,0.0015703620156273246,-2.57924756859722,-2.6404645097561925
70.43091754800116,5.991852287439465,5.994833786432627,-0.021964374864788083,-2.7755575615628914e-17,1.9998718077215674,2.0581273707881684,0.0,0.0015429932391270995,-2.5953045977155678,-2.657864251017579
70.48368127400136,5.9918699521985825,5.994833786432627,-0.022832721680684287,-2.7755575615628914e-17,1.9998979618504689,2.0586895444733737,0.0,0.0015787821030244231,-2.617470279215896,-2.6752341127344845
70.53370149300099,5.991796268335558,5.994833786432627,-0.023307943877513115,-2.7755575615628914e-17,1.9999062732416784,2.0589982808879954,0.0,0.0014084171270951629,-2.6337018412594433,-2.692578183886026
70.59751534700081,5.991629676509158,5.994833786432627,-0.02363795743571473,-2.7755575615628914e-17,1.9998479198936,2.0590980582241194,0.0,0.0015101558528840542,-2.6558675227597712,-2.7098978125132747
70.62460083100086,5.991936564365616,5.994833786432627,-0.023970531074563484,-2.7755575615628914e-17,1.9999736982825052,2.0589645620143244,0.0,0.0016130199655890465,-2.6668630970473357,-2.727326260771804
70.68315415300094,5.9921198362258465,5.994833786432627,-0.024472509230856754,-2.7755575615628914e-17,1.9998718687836634,2.0593126289347836,0.0,0.0016408119117841125,-2.6829201261656834,-2.7447188945788854
70.73476009499973,5.992196097179992,5.994833786432627,-0.024887390140637122,-2.7755575615628914e-17,1.9999039005769945,2.0593818168192377,0.0,0.0016948420088738203,-2.698977155284031,-2.7620801896949603
70.78180219800015,5.992157200616244,5.994833786432627,-0.025020618010525242,-2.7755575615628914e-17,1.9999144682637706,2.0593020634428107,0.0,0.0016450831899419427,-2.7152087173275783,-2.7794129416703455
70.83321176299978,5.992538793606484,5.994833786432627,-0.025023232414498886,-2.7755575615628914e-17,1.9999019641233144,2.0590386849872337,0.0,0.001693502999842167,-2.737897997603505,-2.7968444164016364
70.89880143400114,5.992782869956929,5.994833786432627,-0.02455947784941903,-2.7755575615628914e-17,1.9998401953425862,2.0593430102204495,0.0,0.0016710502095520496,-2.7543040925722515,-2.8139531996214227
70.92341163099991,5.992887739018371,5.994833786432627,-0.025189226412177357,-2.7755575615628914e-17,1.9999774537304538,2.059534709842851,0.0,0.001623330288566649,-2.766172331485813,-2.8313170842994744
70.98310911500084,5.992875525994997,5.994833786432627,-0.024381457607225987,-2.7755575615628914e-17,1.9998705273951127,2.0595763824451376,0.0,0.0017395057948306203,-2.783102025230158,-2.848366718153846
71.03439467700082,5.9930979997568254,5.994833786432627,-0.02502020928156501,-2.7755575615628914e-17,1.999901667109215,2.059470234367389,0.0,0.001731744036078453,-2.8050931738052864,-2.8658272213294396
71.08425495099982,5.9931899256789904,5.994833786432627,-0.02498469383133406,-2.7755575615628914e-17,1.9999085056669523,2.059933856282524,0.0,0.0017006900161504745,-2.822895532175629,-2.883248519675111
71.13304861300094,5.993166632999797,5.994833786432627,-0.024795209315677302,-2.7755575615628914e-17,1.99990922934065,2.060072789742339,0.0,0.0016858468297868967,-2.8398252259199737,-2.9006347580019662
71.195365476,5.993030209963662,5.994833786432627,-0.024560529718690494,-2.7755575615628914e-17,1.9998570902044233,2.0598946171678096,0.0,0.0017623656895011663,-2.862165440345501,-2.9179883940747535
71.22618076500112,5.993168685901044,5.994833786432627,-0.024471982769132317,-2.7755575615628914e-17,1.9999640663059275,2.0595465453251225,0.0,0.0017086730804294348,-2.8736846134086638,-2.9354553195633004
71.28771893900011,5.993195043833148,5.994833786432627,-0.024535625938819083,-2.7755575615628914e-17,1.999859301086581,2.059647444331643,0.0,0.0015505965566262603,-2.8963738936845895,-2.952879486699685
71.35001267700136,5.99312680003895,5.994833786432627,-0.024570548954255145,-2.7755575615628914e-17,1.9998567190415018,2.059576493250655,0.0,0.0016540271462872624,-2.9181905093345186,-2.9702668517020254
71.38074417700045,5.992961225817289,5.994833786432627,-0.024495852004163043,-2.7755575615628914e-17,1.9999645210736021,2.0593377769105494,0.0,0.0016935538733378053,-2.9242991617164993,-2.987620253060076
71.44197185700068,5.993166395716619,5.994833786432627,-0.02454680366460782,-2.7755575615628914e-17,1.999861288986953,2.0589280765180087,0.0,0.0017950814217329025,-2.9459412444412294,-3.0050674470172294
71.47280617100114,5.993269864171592,5.994833786432627,-0.02496667628908561,-2.7755575615628914e-17,1.9999644358415527,2.059019205989873,0.0,0.001861943630501628,-2.957111351653993,-3.022473771764203
71.53678812500038,5.993282838517059,5.994833786432627,-0.02528867905148377,-2.7755575615628914e-17,1.9998547096030248,2.058918740366971,0.0,0.0018012623768299818,-2.97962609900472,-3.0398439934083528
71.5985640960007,5.993203169829638,5.994833786432627,-0.025449705055759053,-2.7755575615628914e-17,1.99985237944519,2.058620445829031,0.0,0.0018344712443649769,-3.001966313430247,-3.057181287818364
71.63003886000115,5.9936283067758085,5.994833786432627,-0.025663891233975528,-2.7755575615628914e-17,1.9999629251361415,2.0581531683290994,0.0,0.0017871696036309004,-3.0138345523438086,-3.0746452106938356
71.69303611500072,5.993920513449905,5.994833786432627,-0.025903898981189305,-2.7755575615628914e-17,1.9998538168871847,2.0582060565291433,0.0,0.0017484970157966018,-3.0377455630961308,-3.0920628915010564
71.72383562499999,5.9941072827908295,5.994833786432627,-0.025558147666228104,-2.7755575615628914e-17,1.9999641860946784,2.0580608607377298,0.0,0.0017136288806796074,-3.0490902032340936,-3.1091543154888908
71.78751585800092,5.994164257986262,5.994833786432627,-0.026154359818530242,-2.7755575615628914e-17,1.9998504075839378,2.0577544372945704,0.0,0.001677294378168881,-3.0721285493604187,-3.1264954484582175
71.84863746600058,5.994493838511511,5.994833786432627,-0.026116653856453634,-2.7755575615628914e-17,1.9998610211834733,2.0573471345337757,0.0,0.0016237945528700948,-3.0956904942623424,3.139241646545142
71.88002079600119,5.994678979425315,5.994833786432627,-0.02593712118376977,-2.7755575615628914e-17,1.9999633251245081,2.057420451629859,0.0,0.0014916207874193788,-3.1072096673255043,3.121837796474589
71.94304265699975,5.994733062932912,5.994833786432627,-0.025499891830063022,-2.7755575615628914e-17,1.9998543521068644,2.05735377317353,0.0,0.0014367160620167851,-3.1295498817510325,3.1044724934639563
71.97282186200027,5.994661508057736,5.994833786432627,-0.0250511093632015,-2.7755575615628914e-17,1.999967161681206,2.0571227776627294,0.0,0.0013371506938710809,-3.1354840012078125,3.087141708179293
72.03487643100016,5.994936014488176,5.994833786432627,-0.024716815766035766,-2.7755575615628914e-17,1.9998550166373597,2.0567860969413476,0.0,0.0013223945861682296,3.1260592232470437,3.0697146610402712
72.09940072500103,5.995063739987957,5.994833786432627,-0.02453299762018374,-2.7755575615628914e-17,1.999846841579541,2.0568508872505458,0.0,0.0010912771103903651,3.1038935417467153,3.0523298164011057
72.13084336700012,5.99504316651915,5.994833786432627,-0.024651861322562446,-2.7755575615628914e-17,1.999963040472288,2.0567567602096735,0.0,0.0010134568437933922,3.092548901608753,3.0346962006608926
72.196148645,5.994901010600053,5.994833786432627,-0.023465340755690317,-2.7755575615628914e-17,1.9998454811438142,2.0564882419667687,0.0,0.0009525789064355195,3.0707322859588233,3.017381758616142
72.22540644600122,5.995137560109807,5.994833786432627,-0.02324047165808918,-2.7755575615628914e-17,1.9999665082691152,2.0561222512305966,0.0,0.0008804156677797437,3.0595621787460594,2.999950839226916
72.28878281500147,5.995365699439862,5.994833786432627,-0.025095039547782028,-2.7755575615628914e-17,1.99985198062418,2.0561716812853104,0.0,0.0008481312543153763,3.0368728984701328,2.981651904540787
72.3521586400002,5.995311370821152,5.994833786432627,-0.02321287673835093,-2.7755575615628914e-17,1.9998535933952697,2.056222533501387,0.0,0.0007699380512349308,3.0148817498950047,2.964311964897002
72.38304608300132,5.995312475775432,5.994833786432627,-0.022904942972622022,-2.7755575615628914e-17,1.9999626163592636,2.055845722910396,0.0,0.0007394287968054414,3.003362576831842,2.946969678383721
72.44580687900088,5.995705427782483,5.994833786432627,-0.022585616878383785,-2.7755575615628914e-17,1.9998557458026904,2.055482512444077,0.0,0.0005886854487471282,2.9804987636307168,2.929560331583132
72.47701833800056,5.995928068136612,5.994833786432627,-0.022516190489478616,-2.7755575615628914e-17,1.9999636536498007,2.055469959641024,0.0,0.00046762681449763477,2.969328656417953,2.9121944788068244
72.53862395299984,5.99599737233533,5.994833786432627,-0.022293971679043678,-2.7755575615628914e-17,1.9998581538117133,2.055265632054906,0.0,0.0003885287733282894,2.9476865736932227,2.8948664509845123
72.60218120600075,5.996069183344371,5.994833786432627,-0.021978240891998624,-2.7755575615628914e-17,1.999850911554387,2.054966416186736,0.0,0.00025531306164339185,2.9251718263424964,2.877532133794672
72.63317225600076,5.996432486815631,5.994833786432627,-0.02162360505895855,-2.7755575615628914e-17,1.9999642735118583,2.054738398010942,0.0,0.00015789188910275698,2.9140017191297325,2.8601209290127803
72.69571530299982,5.996604705488853,5.994833786432627,-0.02120601193725713,-2.7755575615628914e-17,1.9998564696372676,2.0548691741555927,0.0,0.00012641043576877564,2.892708702255401,2.8427533317450653
72.7267450039999,5.996611340726031,5.994833786432627,-0.02079787960016144,-2.7755575615628914e-17,1.9999631242855003,2.05485735609098,0.0,8.093242286122404e-06,2.886774582798621,2.8254235302259683
72.78883439400124,5.996600473290322,5.994833786432627,-0.020236495733421345,-2.7755575615628914e-17,1.999857786779302,2.054664171404978,0.0,2.508652505639475e-05,2.859896512317908,2.8080901658048223
72.85148133500115,5.996859536137681,5.994833786432627,-0.019720263797817106,-2.7755575615628914e-17,1.9998559248585226,2.0545616767922334,0.0,-4.9459054025646765e-06,2.8438394831995604,2.790686753880675
72.88287104000119,5.996916262308256,5.994833786432627,-0.01917473414282367,-2.7755575615628914e-17,1.9999624776988478,2.0547463033882902,0.0,-9.671155567048118e-05,2.8326693759867965,2.773325584819817
72.94489206100116,5.9967971731063745,5.994833786432627,-0.01847944238389687,-2.7755575615628914e-17,1.9998574069419037,2.054780932945444,0.0,-9.526220674160868e-05,2.810852760336868,2.756000893298532
72.9762368210013,5.996650745188636,5.994833786432627,-0.017310827170476495,-2.7755575615628914e-17,1.9999640559806626,2.054668682275831,0.0,-0.00014450446178670973,2.7998571860493033,2.73895999478718
73.03872297199996,5.996704537915386,5.994833786432627,-0.016897739797817946,-2.7755575615628914e-17,1.9998553100390954,2.054574297093784,0.0,-0.00029078268562443554,2.777342438698577,2.7218555336501864
73.06990208200114,5.996565187773953,5.994833786432627,-0.017130129280267137,-2.7755575615628914e-17,1.9999635895573984,2.054782694467116,0.0,-0.00031778341508470476,2.7658232656354143,2.704505183470276
73.13424955099981,5.996270665242965,5.994833786432627,-0.01664893098898479,-2.7755575615628914e-17,1.9998468433601775,2.0548490015153096,0.0,-0.000358858349500224,2.74243585365869,2.6871888632002134
73.19581003200074,5.995957497084899,5.994833786432627,-0.016168615328512326,-2.7755575615628914e-17,1.9998590099215865,2.0547175166098093,0.0,-0.0005026314174756408,2.719572040457564,2.6698608914699515
73.2274086260004,5.995878961354988,5.994833786432627,-0.015779590103673136,-2.7755575615628914e-17,1.9999628747416547,2.054609266633339,0.0,-0.00046182135702110827,2.707703801544003,2.65244717203348
73.29015164700104,5.995640825586086,5.994833786432627,-0.015515367798372925,-2.7755575615628914e-17,1.9998555940226337,2.054745484099695,0.0,-0.0005543814040720463,2.684316389567279,2.6350761975545502
73.32112116700046,5.9952694602023255,5.994833786432627,-0.015380240344157414,-2.7755575615628914e-17,1.9999644062320787,2.0547480733138466,0.0,-0.0004637956153601408,2.672797216504116,2.61774182098729
73.38441693900131,5.994876428433517,5.994833786432627,-0.015281685112699561,-2.7755575615628914e-17,1.9998506005825865,2.0546493203083154,0.0,-0.0004675779491662979,2.6509806008541865,2.6003979754796536
73.44610678200115,5.994675533721865,5.994833786432627,-0.015357248609113472,-2.7755575615628914e-17,1.9998591404171533,2.0545767949930047,0.0,-0.00043800746789202094,2.62846585350346,2.5829702103987953
73.477429519,5.994344064401737,5.994833786432627,-0.015423106772916029,-2.7755575615628914e-17,1.9999637180441439,2.0548857436790353,0.0,-0.0004619284300133586,2.623404398672676,2.5655850467993444
73.54248533400096,5.993903742087294,5.994833786432627,-0.015472281062037352,-2.7755575615628914e-17,1.9998428728656925,2.0549719758474447,0.0,-0.0004197389935143292,2.601413250097549,2.5482375086010056
73.57368264700017,5.993501285434663,5.994833786432627,-0.015686203292257783,-2.7755575615628914e-17,1.9999641301853543,2.054821648183662,0.0,-0.0004647464957088232,2.5907667416603832,2.53088486063134
73.63542109100126,5.993395505561391,5.994833786432627,-0.016151265305468954,-2.7755575615628914e-17,1.999857154568494,2.0547589012596283,0.0,-0.000500255380757153,2.5699973235616502,2.513459279676442
73.69705054900078,5.993177136733571,5.994833786432627,-0.01675792586445546,-2.7755575615628914e-17,1.9998588861038193,2.054977503254669,0.0,-0.0004077326157130301,2.5476571091361233,2.496076426943125
73.72806509200018,5.992860832949663,5.994833786432627,-0.01721471306195521,-2.7755575615628914e-17,1.9999640635704128,2.05495818193638,0.0,-0.0003928602091036737,2.53631246899816,2.4787316976566602
73.79173537499992,5.992607670737227,5.994833786432627,-0.017084245917564966,-2.7755575615628914e-17,1.9998511925538167,2.0546991665709458,0.0,-0.0004377688455861062,2.514321320423031,2.4616654825507793
73.82353918300032,5.992653870607288,5.994833786432627,-0.0183511373204317,-2.7755575615628914e-17,1.9999629347387922,2.0544728674510466,0.0,-0.00046196021139621735,2.503151213210268,2.444233732995364
73.88525782000033,5.9925834506454265,5.994833786432627,-0.019004637678542435,-2.7755575615628914e-17,1.9998564566159058,2.054547606499419,0.0,-0.0004759547009598464,2.480287400009142,2.426847277579631
73.94823407500007,5.99240965195518,5.994833786432627,-0.019513694075105725,-2.7755575615628914e-17,1.9998525177384174,2.054485213425664,0.0,-0.0005106088938191533,2.4579471855836132,2.409500227891865
73.98080368500086,5.992241213211854,5.994833786432627,-0.01984487684017533,-2.7755575615628914e-17,1.9999618228262093,2.0542886998654417,0.0,-0.0005665246280841529,2.4467770783708502,2.392156444599861
74.0432887930001,5.992290621011788,5.994833786432627,-0.020116813339713824,-2.7755575615628914e-17,1.9998553816278677,2.0540778879369306,0.0,-0.0005562633159570396,2.423913265169725,2.3747582889635255
74.07374363000054,5.9922190601977,5.994833786432627,-0.02049892442394219,-2.7755575615628914e-17,1.999965429450145,2.0541658392151265,0.0,-0.0006102148909121752,2.4136158225829583,2.3574008366163435
74.13574983400031,5.992038571701323,5.994833786432627,-0.020703546912267168,-2.7755575615628914e-17,1.9998546011820848,2.054084004013077,0.0,-0.0006419243873097003,2.39145014108263,2.340079001020955
74.19747544200072,5.991841056511468,5.994833786432627,-0.020926652596639395,-2.7755575615628914e-17,1.999858883992046,2.053834166224493,0.0,-0.0007253504008986056,2.369109926657103,2.322754735644882
74.22714854700098,5.99177760897124,5.994833786432627,-0.021686569889828533,-2.7755575615628914e-17,1.9999671956305989,2.053627088554168,0.0,-0.0007165189017541707,2.3638739389011203,2.305080819514805
74.29221742400114,5.991616554525101,5.994833786432627,-0.021206944941928096,-2.7755575615628914e-17,1.9998459188976743,2.0537187755914097,0.0,-0.0007153704646043479,2.3418827903259913,2.2877310677985396
74.322814217001,5.991361920324991,5.994833786432627,-0.021374900999440394,-2.7755575615628914e-17,1.9999647845623907,2.0536855347905414,0.0,-0.000670257315505296,2.3319344135896234,2.270415306225097
74.38569310100138,5.9910563531172905,5.994833786432627,-0.02328311551674489,-2.7755575615628914e-17,1.9998507758292867,2.053432856524689,0.0,-0.000595254183281213,2.3099432650144953,2.2522426828683333
74.44802051400075,5.990912977947147,5.994833786432627,-0.021763154571799115,-2.7755575615628914e-17,1.9998560374348242,2.053199649441845,0.0,-0.0006139289471320808,2.2870794518133692,2.234870868765188
74.48039742299989,5.990681635421185,5.994833786432627,-0.022007492346811652,-2.7755575615628914e-17,1.999961604932472,2.0531755129890463,0.0,-0.0006536855362355709,2.2755602787502065,2.217535728434179
74.54299826799979,5.990376907750908,5.994833786432627,-0.02217541384937627,-2.7755575615628914e-17,1.999853970847438,2.0530606922927177,0.0,-0.0007565913838334382,2.2530455313994793,2.200232848325454
74.57409449400075,5.9901166569713284,5.994833786432627,-0.02249127629788561,-2.7755575615628914e-17,1.9999650001797207,2.052819907260699,0.0,-0.0007590389577671885,2.241351825411118,2.1829252626957274
74.63886703699973,5.990112276025237,5.994833786432627,-0.023042138483863273,-2.7755575615628914e-17,1.999845331933517,2.0526671081442283,0.0,-0.0006860578432679176,2.218138946359593,2.1655543004906828
74.7017536860003,5.990032685198933,5.994833786432627,-0.023719211814225205,-2.7755575615628914e-17,1.9998527861892785,2.0528151793868115,0.0,-0.0006453748210333288,2.1956241990088667,2.1482195079030975
74.73131195600035,5.989886411288122,5.994833786432627,-0.02426264545166834,-2.7755575615628914e-17,1.9999661077131274,2.0527675824944986,0.0,-0.0006991090485826135,2.184105025945704,2.130917174868821
74.7955310360012,5.989776233135242,5.994833786432627,-0.024773933943429305,-2.7755575615628914e-17,1.9998479039996546,2.052526959065632,0.0,-0.0007712688529863954,2.161241212744578,2.1136151972126465
74.82487335400037,5.989889540236874,5.994833786432627,-0.025475311618536445,-2.7755575615628914e-17,1.9999682000455128,2.052342518315915,0.0,-0.0007538315840065479,2.150943770157812,2.0962620472561846
74.88498087900007,5.9899289318332185,5.994833786432627,-0.02617435578034466,-2.7755575615628914e-17,1.9998635471603883,2.0524346410313723,0.0,-0.0007453010184690356,2.133839543488267,2.078943156331817
74.9467511010007,5.989900749946259,5.994833786432627,-0.026772093692943866,-2.7755575615628914e-17,1.9998580219575262,2.0523878963047966,0.0,-0.0006289630546234548,2.112721059539136,2.0616549572959317
74.97788960500111,5.989870998864182,5.994833786432627,-0.027148821805234702,-2.7755575615628914e-17,1.9999643484377911,2.052148624304881,0.0,-0.0006756230723112822,2.1017254852515714,2.0443634441415535
75.04142457499984,5.989986308632511,5.994833786432627,-0.026891900210184283,-2.7755575615628914e-17,1.9998496022529233,2.051865671519223,0.0,-0.0007729880744591355,2.079908869601643,2.0272981974059983
75.07340769800066,5.9900183009277255,5.994833786432627,-0.02784459042379861,-2.7755575615628914e-17,1.9999629549102733,2.0519367281396184,0.0,-0.0007076587062329054,2.0697859599400745,2.0099821253424612
75.13637941500019,5.989986112644848,5.994833786432627,-0.027485957027933106,-2.7755575615628914e-17,1.9998506387250021,2.051897526546875,0.0,-0.0007273294613696635,2.0470966796641497,1.992981878371987
75.20201900100074,5.98995213551701,5.994833786432627,-0.0283034847707353,-2.7755575615628914e-17,1.9998418300810608,2.051760524097472,0.0,-0.0007413185085169971,2.0254545969394195,1.9756917297496244
75.22574836700005,5.9900611013421825,5.994833786432627,-0.02852196634697579,-2.7755575615628914e-17,1.9999783319326474,2.0516966191991353,0.0,-0.0007562940591014922,2.0141099568014553,1.9583415407051896
75.2847851610004,5.990100656471782,5.994833786432627,-0.028754923028395996,-2.7755575615628914e-17,1.9998702857914812,2.051837811257472,0.0,-0.000770829850807786,1.9975293289075102,1.9410255142659967
75.35030785500021,5.990080185620654,5.994833786432627,-0.029057511233057998,-2.7755575615628914e-17,1.9998404677716413,2.051832154869602,0.0,-0.0007436522864736617,1.9750145815567839,1.9237397778216434
75.37454428100136,5.990085022831718,5.994833786432627,-0.029280360742006017,-2.7755575615628914e-17,1.9999789208945231,2.05167851932634,0.0,-0.0007785847410559654,1.9636699414188197,1.9064437799451577
75.43444931700105,5.990286292092342,5.994833786432627,-0.029612834334267313,-2.7755575615628914e-17,1.9998649738954584,2.05165870127248,0.0,-0.0007042589713819325,1.9420278586940904,1.8890717783473352
75.48472002800008,5.990428093614781,5.994833786432627,-0.030195208423912545,-2.7755575615628914e-17,1.999905906542246,2.051963211071799,0.0,-0.0006880121654830873,1.9247490990993459,1.8717362393050183
75.5409189080001,5.990506184004023,5.994833786432627,-0.030558991430469695,-2.7755575615628914e-17,1.9998824510643434,2.052065507207166,0.0,-0.0005894399364478886,1.9029324834494172,1.8544334544152086
75.60220755900082,5.990663901297546,5.994833786432627,-0.030782644043835905,-2.7755575615628914e-17,1.9998630373108373,2.0520004745829143,0.0,-0.0005400775116868317,1.8863518555554712,1.8371279080546097
75.62511361799989,5.9911560422191865,5.994833786432627,-0.03115978666114455,-2.7755575615628914e-17,1.9999809240448034,2.0518725656611303,0.0,-0.0004761416930705309,1.8753562812679068,1.8197632482821382
75.68435800000043,5.991550496298873,5.994833786432627,-0.0315783098547292,-2.7755575615628914e-17,1.9998664018377363,2.0520452332721035,0.0,-0.00043259563972242177,1.8594737850747594,1.8024366515338817
75.7509194660015,5.991857520119073,5.994833786432627,-0.03201227180012434,-2.7755575615628914e-17,1.999835310294972,2.052038160110718,0.0,-0.00035302992910146713,1.8381807682004272,1.785143375718733
75.77673813100046,5.9921458063103925,5.994833786432627,-0.03216673933785397,-2.7755575615628914e-17,1.9999764339298176,2.051960913213543,0.0,-0.00027325874543748796,1.827359726838063,1.7678433463606655
75.83010856200053,5.992562622517913,5.994833786432627,-0.032150155030478966,-2.7755575615628914e-17,1.99989187143144,2.0519197900705044,0.0,-5.261271871859208e-05,1.80659030873933,1.750473046948637
75.89229500200054,5.992877077356972,5.994833786432627,-0.03153631514281485,-2.7755575615628914e-17,1.999862192687229,2.0521403203346638,0.0,-9.122379560722038e-05,1.790009680845384,1.7334263287967537
75.92436296400047,5.9930798233353375,5.994833786432627,-0.03191828605295677,-2.7755575615628914e-17,1.99995891095424,2.052249610123744,0.0,-3.711195313371718e-05,1.7797122382586181,1.7161281959243033
75.97576992799986,5.993245719621468,5.994833786432627,-0.03143975184426334,-2.7755575615628914e-17,1.9999016736987756,2.0521576409122577,0.0,0.0001511323789600283,1.7573720238330903,1.6988309593200672
76.03850363099991,5.993511807187869,5.994833786432627,-0.031103387656398723,-2.7755575615628914e-17,1.99985648221944,2.0521070127876393,0.0,0.00012974641867913306,1.740616863013945,1.6814816900159706
76.10107566100123,5.993665921151085,5.994833786432627,-0.030694599003337292,-2.7755575615628914e-17,1.9998534996482802,2.052331380431938,0.0,0.00025569682475179434,1.7177530498128188,1.6641676305774848
76.12743415099976,5.993713761245334,5.994833786432627,-0.03015997483298477,-2.7755575615628914e-17,1.9999758057983243,2.0523162263161345,0.0,0.0003499214071780443,1.7067574755252553,1.6468852276651726
76.18420240500018,5.993754243653473,5.994833786432627,-0.029679114543287255,-2.7755575615628914e-17,1.9998759787840297,2.0521571466312323,0.0,0.0004032945435028523,1.684591794024926,1.6295980477927485
76.23579224000059,5.993961536577738,5.994833786432627,-0.029566415423415898,-2.7755575615628914e-17,1.9999009065284972,2.0520224187366387,0.0,0.0005507731693796813,1.6683602319813788,1.6122472535151573
76.28664738299994,5.994067880958006,5.994833786432627,-0.030078649911215317,-2.7755575615628914e-17,1.9999059897950446,2.052137130788711,0.0,0.0007474027224816382,1.6503833406858384,1.5946477633425011
76.33619977099988,5.994092572775096,5.994833786432627,-0.029323368048486665,-2.7755575615628914e-17,1.999908426905459,2.0520772085331918,0.0,0.0008209202787838876,1.6338027127918924,1.5773654242661723
76.3700862200003,5.994172193368403,5.994833786432627,-0.029191440571791037,-2.7755575615628914e-17,1.9999567958693387,2.0519419319438543,0.0,0.000834018865134567,1.617396617823145,1.560084427638459
76.41838302200085,5.994550569225266,5.994833786432627,-0.029130283995721595,-2.7755575615628914e-17,1.9999132666416322,2.0517295054053872,0.0,0.0009366577141918242,1.6011650557795978,1.5427565327324835
76.48483889300041,5.994789948679059,5.994833786432627,-0.030961623730246204,-2.7755575615628914e-17,1.9998368020607538,2.0517102730524974,0.0,0.000964451814070344,1.5840608291100535,1.5246083118213594
76.53550628500125,5.994918643728477,5.994833786432627,-0.02889148941145135,-2.7755575615628914e-17,1.9999035738824333,2.0516185873752275,0.0,0.0010230094194412231,1.563116878086122,1.507346608883559
76.59170391000043,5.995026012321486,5.994833786432627,-0.028369970514924875,-2.7755575615628914e-17,1.9998831398375738,2.0513806290487753,0.0,0.000989187159575522,1.5413002624361924,1.4900835727735886
76.65229487800025,5.995304407949979,5.994833786432627,-0.027896322189377487,-2.7755575615628914e-17,1.8998847109083923,2.0511976936840326,0.0,0.0010872336570173502,1.5254177662430441,1.4727678160153619
76.67481726000005,5.995449521697132,5.994833786432627,-0.027501430348693845,-2.7755575615628914e-17,1.8999832333970714,2.0512747411375907,0.0,0.0012478436110541224,1.5147712578058785,1.4554854364032064
76.73509691500112,5.995474623539693,5.994833786432627,-0.027114438538854008,-2.7755575615628914e-17,1.8998844321727297,2.0512790812627064,0.0,0.0012386448215693235,1.4994123603883285,1.4382319804973736
76.78426657700038,5.995552089656892,5.994833786432627,-0.026875746552194713,-2.7755575615628914e-17,1.89992351127512,2.051150801692631,0.0,0.0013456401647999883,1.4842279958959779,1.4209767135210432
76.83594066000114,5.99595219689744,5.994833786432627,-0.02658963560135813,-2.7755575615628914e-17,1.8999147214833785,2.0502713282319607,0.0,0.0013972774613648653,1.4625859131712478,1.4036776068304966
76.89137721600127,5.996183924230428,5.994833786432627,-0.02610122459956221,-2.7755575615628914e-17,1.8999021280304338,2.0482556869535986,0.0,0.0014436597703024745,1.4465288840529,1.3864350812726942
76.95125785500022,5.996251852849051,5.994833786432627,-0.02532851286767135,-2.7755575615628914e-17,1.8998859231372098,2.0450326992864802,0.0,0.0015659109922125936,1.4301227890841535,1.3692520385389622
76.97462065900072,5.996288476018472,5.994833786432627,-0.024294137636951818,-2.7755575615628914e-17,1.8999828258231224,2.0410032453404905,0.0,0.0015540968161076307,1.4187781489461901,1.352094173217694
77.03641428400078,5.996535539225036,5.994833786432627,-0.023152127703860048,-2.7755575615628914e-17,1.8998800058498455,2.036758121056139,0.0,0.001567172585055232,1.3962634015954638,1.3349016742385003
77.07241079800042,5.996585159508241,5.994833786432627,-0.022068377291497354,-2.7755575615628914e-17,1.8999583867815388,2.032753729715444,0.0,0.0016495011514052749,1.3795082407763175,1.3177794136887975
77.12717892300134,5.996444874456992,5.994833786432627,-0.020035756981995445,-2.7755575615628914e-17,1.7999199432060007,2.028707429317509,0.0,0.001479357248172164,1.3625785470319727,1.3010030512014372
77.18376800100123,5.99620832892191,5.994833786432627,-0.018862556825551158,-2.7755575615628914e-17,1.6999256177793067,2.0247165838188685,0.0,0.0015051253139972687,1.344427122811232,1.2839778726104552
77.2486468320003,5.996110001130932,5.994833786432627,-0.01635733251285909,-2.7755575615628914e-17,1.4999375489536304,2.0208278868944776,0.0,0.0014745279913768172,1.3215633096101058,1.2672163679719268
77.28051487000084,5.99576613739068,5.994833786432627,-0.014979683663426724,-2.7755575615628914e-17,1.4999830300018155,2.017173229861575,0.0,0.001403394853696227,1.3095205377713457,1.25024275225202
77.3400719350011,5.995200651197222,5.994833786432627,-0.012857521464879729,-2.7755575615628914e-17,1.2999631557245621,2.0120108944556523,0.0,0.0014279755996540189,1.285958592869422,1.2333488485590736
77.40319041700059,5.994511846574723,5.994833786432627,-0.010520085357536346,-2.7755575615628914e-17,1.0999752911314558,2.004482660952627,0.0,0.0014267601072788239,1.262745713817897,1.2165237678169087
77.43420725400028,5.993851362479713,5.994833786432627,-0.0080000778981979,-2.7755575615628914e-17,1.099994110910193,1.9937399296916793,0.0,0.0014116994570940733,1.2520992053807323,1.1997472737740915
77.49829741100075,5.9929298426069995,5.994833786432627,-0.004896150312697634,-2.7755575615628914e-17,0.7999905417736943,1.979191186733926,0.0,0.001409495365805924,1.2346459128607883,1.1831420627884788
77.52924425600031,5.991718530854281,5.994833786432627,-0.0009859480626364103,-2.7755575615628914e-17,0.7999975994380376,1.9598580404045038,0.0,0.0013634208589792252,1.2185888837424406,1.1667458476379096
77.56385127300018,5.990261371730831,5.994833786432627,0.003975313451595297,-2.7755575615628914e-17,0.49999932288878834,1.9350226009299378,0.0,0.0010412941919639707,1.2027063875492923,1.1505737524103241
77.62343269400117,5.988656409989026,5.994833786432627,0.00993861039738908,-2.7755575615628914e-17,0.399998956780286,1.9048444731555045,0.0,0.0009387679165229201,1.1917108132617287,1.1346176339159966
77.68670863100124,5.98662469236887,5.994833786432627,0.01702383331640578,-2.7755575615628914e-17,0.29999949945780185,1.8698517296954633,0.0,0.0005540940910577774,1.1709413951629957,1.1190083544995466
77.74893928100028,5.9841105715882446,5.994833786432627,0.025474015084589463,-2.7755575615628914e-17,0.09999998392594703,1.8281437595452195,0.0,0.0002481827395968139,1.1491247795130661,1.103802482257345
77.77968452999994,5.98117467292552,5.994833786432627,0.03551088981732309,-2.7755575615628914e-17,0.09999999697826313,1.7785441715032977,0.0,-0.00017399810894858092,1.1381292052255025,1.089029408206151
77.84150476600007,5.977963188744586,5.994833786432627,0.047067395756858366,-2.7755575615628914e-17,-0.2999995348669396,1.7221988420020042,0.0,-0.0006174491718411446,1.1166616554259718,1.0746864477836586
77.87374565200116,5.974035574930726,5.994833786432627,0.06012643533322093,-2.7755575615628914e-17,-0.2999998814609167,1.6609980942067706,0.0,-0.0008284786017611623,1.1054915482132088,1.0608978343419617
77.93609802100036,5.969367719424612,5.994833786432627,0.07434160849729321,-2.7755575615628914e-17,-0.49999766519066446,1.5955314684805935,0.0,-0.00100752676371485,1.0829768008624816,1.0476913453246122
77.99889729500137,5.964190555962315,5.994833786432627,0.08935057060577012,-2.7755575615628914e-17,-0.6999937628907815,1.5265938731745314,0.0,-0.0011543793370947242,1.061160185212552,1.0352588351870222
78.02920651900058,5.95855389035677,5.994833786432627,0.10374325791047823,-2.7755575615628914e-17,-0.6999984453183156,1.4555298519923499,0.0,-0.001262627076357603,1.04946647922419,1.0231584344230082
78.09254781600066,5.952099641434901,5.994833786432627,0.11882006946663815,-2.7755575615628914e-17,-0.9999811701781389,1.3789315674476659,0.0,-0.001427189912647009,1.0266026660230647,1.0117434165727333
78.122515002,5.944800520329573,5.994833786432627,0.1347839214606612,-2.7755575615628914e-17,-0.9999957996300112,1.2974762836563793,0.0,-0.0014480599202215672,1.0154325588103008,1.0010487674967
78.18484713399994,5.936767533595318,5.994833786432627,0.15110675781655503,-2.7755575615628914e-17,-1.2999600246444052,1.211329803910458,0.0,-0.0015923127066344023,0.9986773979911554,0.9910692525307797
78.24722241500058,5.928181244436728,5.994833786432627,0.16660285045279738,-2.7755575615628914e-17,-1.39994878967853,1.1216658943904312,0.0,-0.0014489215100184083,0.9709266628844455,0.9817619950976499
78.27837928400004,5.918875603064936,5.994833786432627,0.1811497661775237,-2.7755575615628914e-17,-1.3999872635636428,1.029378436414496,0.0,-0.0012177793541923165,0.9660397409788617,0.9732708611947931
78.34211628000048,5.908912005608264,5.994833786432627,0.19410791516447778,-2.7755575615628914e-17,-1.7998891060008686,0.9337947448597087,0.0,-0.0009516663267277181,0.9450957899549293,0.9656200239404952
78.37250578500061,5.898126041359524,5.994833786432627,0.2065597415410867,-2.7755575615628914e-17,-1.7999736280961387,0.8345545793013662,0.0,-0.0008494954090565443,0.934623814442963,0.9587385113171952
78.43675222300044,5.887391754150312,5.994833786432627,0.2186171321336679,-2.7755575615628914e-17,-1.999843525882894,0.729557110516155,0.0,-0.000755590561311692,0.9150761268206269,0.9526409136394177
78.50062949200037,5.8761684529668194,5.994833786432627,0.2281067885400458,-2.7755575615628914e-17,-2.1997946435342803,0.6252719044949318,0.0,-0.0004841020854655653,0.8951793733478919,0.9474748227702321
78.53093055200043,5.864001367457455,5.994833786432627,0.2351837363194527,-2.7755575615628914e-17,-2.1999513287245214,0.518947158652359,0.0,-0.00020329283142928034,0.8862781941627205,0.9430866128439401
78.59320608800044,5.852195694020511,5.994833786432627,0.23964314609020182,-2.7755575615628914e-17,-2.4997002321498165,0.40366339381671856,0.0,-4.251520294928923e-05,0.8702211650443727,0.9398958045844015
78.65407718999995,5.840270586267109,5.994833786432627,0.24270251439399224,-2.7755575615628914e-17,-2.5996755595923133,0.29068341651126783,0.0,-1.294759931624867e-05,0.8539896030008256,0.9374471443748942
78.68471187199975,5.828257226204595,5.994833786432627,0.24464026482126114,-2.7755575615628914e-17,-2.5999183991768144,0.17551308289079903,0.0,6.367603782564402e-05,0.8471828189180477,0.9360545598276299
78.74822382900129,5.8162992963541615,5.994833786432627,0.2433305291886657,-2.7755575615628914e-17,-2.9994725015587993,0.05756757311198844,0.0,0.0002346952969674021,0.8351400470792867,0.935733884959583
78.7788353570013,5.80449348368433,5.994833786432627,0.23981415121953853,-2.7755575615628914e-17,-2.9998706641150505,-0.06271248930807508,0.0,0.00039826115244068205,0.828856861772107,0.9365047192356546
78.84191373300018,5.792743510457371,5.994833786432627,0.23418869416101096,-2.7755575615628914e-17,-3.299293990404309,-0.18550196842603034,0.0,0.0004746438644360751,0.8182103533349419,0.9381390213316884
78.8745840620013,5.781485274676965,5.994833786432627,0.22508634177015777,-2.7755575615628914e-17,-3.3997964238885374,-0.3082200375266221,0.0,0.0008568895282223821,0.8117526351025628,0.9409057427233511
78.93516697300038,5.7709225201534915,5.994833786432627,0.21194235700690345,-2.7755575615628914e-17,-3.3965959660503255,-0.4317393440315877,0.0,0.0010795268462970853,0.8082619765985739,0.9448124757820786
78.99820164700031,5.761249323076346,5.994833786432627,0.19437716091663554,-2.7755575615628914e-17,-3.393720146146801,-0.5571062914127803,0.0,0.0011058066738769412,0.8035495876181891,0.9498740221688647
79.0284630719998,5.752272566595581,5.994833786432627,0.17317233861771505,-2.7755575615628914e-17,-3.3916452742097856,-0.6849934441551038,0.0,0.0009261283557862043,0.8030259888425908,0.9558611905206679
79.09195433000059,5.744497535289201,5.994833786432627,0.1487930747444532,-2.7755575615628914e-17,-3.3887519141410105,-0.8147211383279085,0.0,0.0008247201913036406,0.8044222522441866,0.9630639119382628
79.15427600300063,5.737999191048727,5.994833786432627,0.12226876636725709,-2.7755575615628914e-17,-3.386863482659488,-0.9449758957058648,0.0,0.0012545323697850108,0.8084365095237733,0.9714665689997458
79.18576189800115,5.7329183423719545,5.994833786432627,0.09354807418340866,-2.7755575615628914e-17,-3.3859297105638024,-1.0730130463246388,0.0,0.002195047913119197,0.8124507668033605,0.981034435944095
79.24660889500046,5.728699501116716,5.994833786432627,0.06231465999787378,-2.7755575615628914e-17,-3.3841431157370887,-1.1968068913304037,0.0,0.0032279014121741056,0.8237954069413238,0.9912336767697545
79.27759659900039,5.726038768500941,5.994833786432627,0.03054811279479841,-2.7755575615628914e-17,-3.383902458785788,-1.3119198392946276,0.0,0.004275868646800518,0.8304276580989018,1.002487499226893
79.31043378800132,5.725012298015959,5.994833786432627,-0.002924179147688055,-2.7755575615628914e-17,-3.3835735376856966,-1.420833445808684,0.0,0.0051742540672421455,0.8428194957880617,1.0149502394383705
79.40203725700121,5.725728210572829,5.994833786432627,-0.03843348769678279,-2.7755575615628914e-17,-3.3823490025927923,-1.5248998385732948,0.0,0.005803701467812061,0.8700466321191733,1.0283593135996925
79.43252168000072,5.727221650467936,5.994833786432627,-0.07431364935715823,-2.7755575615628914e-17,-3.384261601377556,-1.6221533191503452,0.0,0.0062917317263782024,0.8812167393319372,1.0423814974512764
79.49551657099983,5.730508391779885,5.994833786432627,-0.10927779271099936,-2.7755575615628914e-17,-3.3846422266978444,-1.7117065284913404,0.0,0.006506452802568674,0.9012880257298717,1.0572423205633037
79.52623453200067,5.735587207677913,5.994833786432627,-0.1444759189146101,-2.7755575615628914e-17,-3.3867176937328187,-1.7949524444864,0.0,0.00654509337618947,0.9143779951198292,1.0728710297073447
79.5895160680011,5.742460268332774,5.994833786432627,-0.18002242136089686,-2.7755575615628914e-17,-3.3881598686852823,-1.872315024758635,0.0,0.006174781359732151,0.9435249936281345,1.0892033771860665
79.65219513000011,5.749998897355664,5.994833786432627,-0.21485686596286213,-2.7755575615628914e-17,-3.3903908699611276,-1.9443184351100016,0.0,0.005810840986669064,0.9751154530892316,1.1059675826469617
79.68204054700072,5.759308694488028,5.994833786432627,-0.24821140415138254,-2.7755575615628914e-17,-3.393733114309755,-2.01055283174171,0.0,0.005163449328392744,0.989776218805984,1.1233500415627489
79.74541350500112,5.770321503149986,5.994833786432627,-0.2803604644510408,-2.7755575615628914e-17,-3.396362803401186,-2.0724048128778225,0.0,0.00465152133256197,1.0215412111922806,1.1412939841491974
79.7764724710014,5.7830270728097135,5.994833786432627,-0.31224398872036196,-2.7755575615628914e-17,-3.400699445289426,-2.1299170990392766,0.0,0.003944697789847851,1.0377727732358286,1.1597468674925713
79.84046113000113,5.796304998368018,5.994833786432627,-0.3433704022482065,-2.7755575615628914e-17,-3.403993253209794,-2.183642532503516,0.0,0.0032600518316030502,1.0684905680709287,1.1785247047718166
79.87263125200116,5.811174548429095,5.994833786432627,-0.3717963188332577,-2.7755575615628914e-17,-3.408956984819306,-2.2337350566950844,0.0,0.0023310836404561996,1.0929251775988496,1.1977473979226756
79.93450635200134,5.827503476705226,5.994833786432627,-0.39876685031053094,-2.7755575615628914e-17,-3.413189811875025,-2.2808757199618714,0.0,0.0016560446238145232,1.1152653920243765,1.2173744908220698
79.9963464350003,5.845184897935806,5.994833786432627,-0.4234241630777994,-2.7755575615628914e-17,-3.418373986782939,-2.325558663439867,0.0,0.0009745220304466784,1.1442378576074823,1.2373692174614253
80.02655982100077,5.862784284353192,5.994833786432627,-0.4454853820702611,-2.7755575615628914e-17,-3.424087041910413,-2.36808407024823,0.0,0.0003302842960692942,1.1585495574738358,1.257290629547668
80.08950582100078,5.881929827175208,5.994833786432627,-0.46575468804518494,-2.7755575615628914e-17,-3.4290723427023355,-2.4075557399615075,0.0,-0.00015447408077307045,1.1863002925805457,1.2778714338360821
80.15018836000127,5.902214184387937,5.994833786432627,-0.48490307858432957,-2.7755575615628914e-17,-3.4350452388051202,-2.44566550370873,0.0,-0.0006727694999426603,1.2061970460532816,1.2987421281596794
80.1819453320004,5.9235137032430325,5.994833786432627,-0.5028610198408997,-2.7755575615628914e-17,-3.4417561895602367,-2.4819688569089204,0.0,-0.0010327381314709783,1.2201596800692354,1.3198759053699376
80.24430918300095,5.945139514757135,5.994833786432627,-0.517981735342544,-2.7755575615628914e-17,-3.4474753832217275,-2.5169623751811323,0.0,-0.0015031549846753478,1.2454669542231533,1.3412190670948603
80.27602316500088,5.967647050967506,5.994833786432627,-0.5317951376612476,-2.7755575615628914e-17,-3.4545566117214817,-2.5504928232438933,0.0,-0.0018024664605036378,1.2596041211643074,1.3627906168816208
80.33805590600059,5.990907427605077,5.994833786432627,-0.5445692283034265,-2.7755575615628914e-17,-3.4607358345296877,-2.5826975924407063,0.0,-0.0018944492330774665,1.2878784550466156,1.3845709465869602
80.39968464400044,6.014784802469153,5.994833786432627,-0.554841653178291,-2.7755575615628914e-17,-3.4676304638250004,-2.613901370745614,0.0,-0.0021437674295157194,1.3163273218541232,1.4065431143460498
80.43093009900076,6.038696056514253,5.994833786432627,-0.5628994814255746,-2.7755575615628914e-17,-3.4750740131340057,-2.644322740458461,0.0,-0.002316381549462676,1.3318607521968726,1.4286882230352669
80.49322184700031,6.063405446012348,5.994833786432627,-0.5686278881277251,-2.7755575615628914e-17,-3.481610686987992,-2.6740440350452417,0.0,-0.0024306129198521376,1.362753079957173,1.4513782455339093
80.52465612500055,6.087999176659116,5.994833786432627,-0.5714238818682336,-2.7755575615628914e-17,-3.4892251964434835,-2.7038687282241622,0.0,-0.002358620520681143,1.3789846420007201,1.4738568256906637
80.58861956700093,6.112803122609656,5.994833786432627,-0.5742334375127054,-2.7755575615628914e-17,-3.4957210388037687,-2.7320457854915245,0.0,-0.002184286480769515,1.4104005685366179,1.49648196140154
80.65100355499999,6.138421736306304,5.994833786432627,-0.5779489243921263,-2.7755575615628914e-17,-3.503098805856399,-2.7589941947391545,0.0,-0.0021856804378330708,1.444434488950507,1.5203965062586677
80.68215059700015,6.163007856887861,5.994833786432627,-0.5731869163068892,-2.7755575615628914e-17,-3.510654336920536,-2.7882503803514727,0.0,-0.0020276664290577173,1.4611896497696524,1.5433036871222154
80.74576273100138,6.187463178891076,5.994833786432627,-0.56910277890813,-2.7755575615628914e-17,-3.5170476701299545,-2.8152229116442715,0.0,-0.002082833554595709,1.4857987922227727,1.5663411062667911
80.77526374599984,6.211746030743113,5.994833786432627,-0.5646395148648418,-2.7755575615628914e-17,-3.5245259396208573,-2.841692458326531,0.0,-0.001729169045574963,1.5027284859671175,1.5894962310907879
80.83827520700106,6.235704890445755,5.994833786432627,-0.5597712991529372,-2.7755575615628914e-17,-3.5307496333112565,-2.8675527622183643,0.0,-0.0015131518011912704,1.5353661429794112,1.612760923560561
80.90030681900134,6.259348349467958,5.994833786432627,-0.5527910458771081,-2.7755575615628914e-17,-3.537451692273642,-2.8931496749186376,0.0,-0.0015083907637745142,1.5700981950940989,1.636141741566252
80.93151841200051,6.282515531319913,5.994833786432627,-0.5438608461961254,-2.7755575615628914e-17,-3.5445299848634972,-2.9186302203576058,0.0,-0.0014716372825205326,1.5870278888384437,1.6596401901262423
80.99405953400128,6.305091738478601,5.994833786432627,-0.5319396051106212,-2.7755575615628914e-17,-3.550353097856197,-2.944323877390244,0.0,-0.0012916596606373787,1.6191419470751391,1.6832544433057748
81.02700621800068,6.327046255391251,5.994833786432627,-0.5194777590438849,-2.7755575615628914e-17,-3.557056448036801,-2.9699848028198983,0.0,-0.0010536796180531383,1.6451473529298548,1.7069846757710243
81.08918210800039,6.348413608549379,5.994833786432627,-0.5074769414967368,-2.7755575615628914e-17,-3.562533855931728,-2.9951141676745023,0.0,-0.0006846899632364511,1.6694074295325754,1.7308272537879235
81.15276821500083,6.369122166419323,5.994833786432627,-0.494508651808108,-2.7755575615628914e-17,-3.5683203224229123,-3.019948429482864,0.0,-0.0004468798288144171,1.7015214877692717,1.7547831938652416
81.18708481900103,6.389150775814691,5.994833786432627,-0.48051587082357905,-2.7755575615628914e-17,-3.574449609580112,-3.0445499251440573,0.0,-0.000247943215072155,1.7175785168876203,1.7788488010856875
81.23741154600066,6.408529228048216,5.994833786432627,-0.46437207182372975,-2.7755575615628914e-17,-3.579628560526253,-3.0691184218297582,0.0,-0.00026640057330951095,1.748470844647919,1.8030227945668111
81.28793623900128,6.4268086281689625,5.994833786432627,-0.4471444660521095,-2.7755575615628914e-17,-3.5847116568498207,-3.093595173619117,0.0,-0.0001319449074799195,1.7706365261482473,1.8269021891400563
81.35203156700118,6.444616061179825,5.994833786432627,-0.433842219661398,-2.7755575615628914e-17,-3.589398556336803,-3.116737915998929,0.0,0.00033436762169003487,1.7938494051997713,1.8512953503922125
81.38770115999978,6.461456601363151,5.994833786432627,-0.417498927629684,-2.7755575615628914e-17,-3.594615652805042,-3.140128023999775,0.0,0.0006047785864211619,1.8092083026173222,1.875385049497217
81.43710020300023,6.478062521856766,5.994833786432627,-0.4039650176837888,-2.7755575615628914e-17,-3.5990030933528505,-3.1620362548634713,0.0,0.0007501531508751214,1.8380062352752287,1.8999837415488001
81.48790435000046,6.493885874201266,5.994833786432627,-0.38957072146407856,-2.7755575615628914e-17,-3.603373135925514,-3.1838699757177014,0.0,0.0008883734117262065,1.8620917789527498,1.9246805380419179
81.5537485269997,6.508937704958678,5.994833786432627,-0.3761371765343181,-2.7755575615628914e-17,-3.6072340405954755,-3.20509681245017,0.0,0.0011240188032388687,1.8928095737878499,1.9494770766300797
81.57619806200091,6.523281979299512,5.994833786432627,-0.3620896697359709,-2.7755575615628914e-17,-3.611907568310608,-3.226010998924109,0.0,0.0010134164476767182,1.909041135831397,1.9743679134330625
81.63682468700063,6.537052280728715,5.994833786432627,-0.3476178138813192,-2.7755575615628914e-17,-3.615138909501993,-3.246411178032112,0.0,0.0008545101154595613,1.9327776136585202,1.9993487520441773
81.68799749500067,6.550002838077566,5.994833786432627,-0.33328732952270035,-2.7755575615628914e-17,-3.618914465579277,-3.266462254692762,0.0,0.0009681932860985398,1.9669860669976087,2.0244258019444548
81.73713380499976,6.562109482497353,5.994833786432627,-0.31929651634797596,-2.7755575615628914e-17,-3.6222900578665596,-3.286222645091247,0.0,0.0009878199780359864,1.992467874076727,2.0496036592969973
81.78742874100135,6.573433511066675,5.994833786432627,-0.3039870524919357,-2.7755575615628914e-17,-3.625392747772927,-3.3061733299640297,0.0,0.0008076492813415825,2.0184732799314418,2.0748801038686486
81.83662174900019,6.58413392276051,5.994833786432627,-0.28862550717775237,-2.7755575615628914e-17,-3.628370547868473,-3.326054421237048,0.0,0.0007836055010557175,2.044653218711357,2.1002498700105483
81.88768155400066,6.593939358100641,5.994833786432627,-0.2734803243700181,-2.7755575615628914e-17,-3.6310282414127406,-3.34547608375404,0.0,0.0009036670671775937,2.0722294208928673,2.125722406144998
81.94348197,6.602857308504031,5.994833786432627,-0.25828050195294794,-2.7755575615628914e-17,-3.633400552963356,-3.3643488868867832,0.0,0.000884283275809139,2.1066124071571553,2.1512992265361928
81.97080195800118,6.610969815364675,5.994833786432627,-0.2430500677857954,-2.7755575615628914e-17,-3.636061276517007,-3.3827993781451586,0.0,0.0009346477454528213,2.116037185117925,2.1769759317570028
82.02101630300058,6.618414520704184,5.994833786432627,-0.22790123465575118,-2.7755575615628914e-17,-3.6377820435101205,-3.4008211083720292,0.0,0.0010526709957048297,2.141868058047441,2.20274894659554
82.07166279600096,6.624993251751679,5.994833786432627,-0.21326638623266847,-2.7755575615628914e-17,-3.6395801193643185,-3.4183521053691894,0.0,0.0012094442499801517,2.1760765113865297,2.228623179253198
82.12067691800075,6.6305903376770985,5.994833786432627,-0.196669714523948,-2.7755575615628914e-17,-3.6411520317447614,-3.435658572634354,0.0,0.001102051930502057,2.2029545818672434,2.254167358966711
82.17171623700051,6.63543615616345,5.994833786432627,-0.18249045402390252,-2.7755575615628914e-17,-3.642448057039779,-3.452198652684815,0.0,0.0010231961496174335,2.2294835864975564,2.280248392817766
82.22718072300086,6.639591444820125,5.994833786432627,-0.16711819424782903,-2.7755575615628914e-17,-3.643492746470077,-3.4686008639582973,0.0,0.0012877488043159246,2.262993908135848,2.3064371627392832
82.28819328999998,6.642976599290889,5.994833786432627,-0.153191568881484,-2.7755575615628914e-17,-3.6443182905787586,-3.484484362985137,0.0,0.0015711069572716951,2.2900465115417594,2.3327242175661613
82.33767220000118,6.645699482894233,5.994833786432627,-0.14099597777514106,-2.7755575615628914e-17,-3.6452830420120965,-3.499745327513952,0.0,0.0017547238385304809,2.3158773844712757,2.3591098740686056
82.38722514000074,6.647947104845193,5.994833786432627,-0.1309402416029677,-2.7755575615628914e-17,-3.6459036710252977,-3.5144321246140375,0.0,0.0019777228590101004,2.3406610598495954,2.385591541209953
82.43788354699973,6.649967875083581,5.994833786432627,-0.12344311474156844,-2.7755575615628914e-17,-3.6464425323321072,-3.528627062768871,0.0,0.002260737819597125,2.3659683340035134,2.412168278478699
82.49337960200137,6.651687162961495,5.994833786432627,-0.11857568385094774,-2.7755575615628914e-17,-3.646813626522337,-3.5423546995114847,0.0,0.0024882336147129536,2.4003513202678004,2.4388360611665907
82.52119927400054,6.653228879260223,5.994833786432627,-0.11743402997907992,-2.7755575615628914e-17,-3.647659731638009,-3.555432486581309,0.0,0.0025132172740995884,2.4174555469373455,2.4660409366323095
82.57124830000066,6.654698512779787,5.994833786432627,-0.1147651147619666,-2.7755575615628914e-17,-3.647746916793659,-3.5682751788419758,0.0,0.0026276730932295322,2.442937354016463,2.492880368543538
82.61990022600003,6.656264537504388,5.994833786432627,-0.11532624599019514,-2.7755575615628914e-17,-3.648200004427802,-3.580131451245698,0.0,0.0024220494087785482,2.468768226945979,2.5197872287411096
82.671542039001,6.657791122401396,5.994833786432627,-0.11654493554344691,-2.7755575615628914e-17,-3.648569370469306,-3.591192512209946,0.0,0.002269408665597439,2.4949481657258943,2.5467693209092
82.74370199900113,6.659359998709542,5.994833786432627,-0.12281622878095289,-2.7755575615628914e-17,-3.648539225728352,-3.601217168910004,0.0,0.0022238269448280334,2.5403267262777467,2.5751778816692776
82.79383020299974,6.660923673036899,5.994833786432627,-0.11975289446555815,-2.7755575615628914e-17,-3.6494489647274557,-3.611290671939253,0.0,0.0021750032901763916,2.5692991918608516,2.6022933846671608
82.85366926800089,6.662621588202403,5.994833786432627,-0.12177019434373149,-2.7755575615628914e-17,-3.6497201747911725,-3.620013594824578,0.0,0.0020286589860916138,2.5970499269675624,2.6294577687337326
82.87677735299985,6.664403651354539,5.994833786432627,-0.12464207320882625,-2.7755575615628914e-17,-3.6507703688433706,-3.6284174484686895,0.0,0.0018837213283404708,2.615899482889101,2.656681108111765
82.93698633700114,6.66633086916299,5.994833786432627,-0.12862452744130803,-2.7755575615628914e-17,-3.6507151028607896,-3.636580387453837,0.0,0.0018285078695043921,2.643301152145412,2.683962785788282
82.98791699100002,6.66845948660066,5.994833786432627,-0.13335139279927732,-2.7755575615628914e-17,-3.651499417547083,-3.6446716363139218,0.0,0.0018388907192274928,2.679429467661694,2.711294490425087
83.03638539300118,6.67081251324807,5.994833786432627,-0.1379299697062164,-2.7755575615628914e-17,-3.6521916333276847,-3.6526066781864066,0.0,0.0016549046849831939,2.7085764661699994,2.7386647150784786
83.08758307700009,6.673284806488613,5.994833786432627,-0.1418564439019785,-2.7755575615628914e-17,-3.652819435151508,-3.660159668209618,0.0,0.0015643935184925795,2.7365017342019096,2.766086104712494
83.13828722900143,6.675889626354663,5.994833786432627,-0.14576814302334862,-2.7755575615628914e-17,-3.653542385904159,-3.667405824719784,0.0,0.0014978270046412945,2.764077936383419,2.793556253912987
83.1980911339997,6.678576416888188,5.994833786432627,-0.14953570157047613,-2.7755575615628914e-17,-3.65408714123019,-3.6743816748127647,0.0,0.0015868872869759798,2.801427982376098,2.8210708753303693
83.22872897300113,6.681264857233578,5.994833786432627,-0.15306552117236372,-2.7755575615628914e-17,-3.655307349840957,-3.6811553568228947,0.0,0.0015791665064170957,2.818357676120444,2.8486279154248724
83.29228795600102,6.6840867302428455,5.994833786432627,-0.15623967998511656,-2.7755575615628914e-17,-3.655518756238237,-3.687733654521798,0.0,0.0016222945414483547,2.8550095904123243,2.876226987117107
83.35529397900063,6.6870444748832725,5.994833786432627,-0.15946078224139093,-2.7755575615628914e-17,-3.6563392886243498,-3.6941953029480366,0.0,0.0016372520476579666,2.890614307153008,2.9038670264979967
83.38659935400028,6.690038315059886,5.994833786432627,-0.16052396564756855,-2.7755575615628914e-17,-3.6576962135071946,-3.7006803592068613,0.0,0.0016682904679328203,2.9073694679721536,2.931082657908441
83.44723228099974,6.693145860293481,5.994833786432627,-0.1642031329188307,-2.7755575615628914e-17,-3.6580581868443556,-3.7068418618177694,0.0,0.0017556695966050029,2.934596604303265,2.9587957484584755
83.47965378300069,6.696303208827305,5.994833786432627,-0.16481247354505646,-2.7755575615628914e-17,-3.659400848620575,-3.7133187821410822,0.0,0.0018433973891660571,2.9525734955988074,2.9860844325436853
83.54273906300114,6.699611232527402,5.994833786432627,-0.16900081856504168,-2.7755575615628914e-17,-3.659773421152241,-3.7196955822260676,0.0,0.0018582912161946297,2.98852727818989,3.0138746940476535
83.60660062399984,6.702935545344345,5.994833786432627,-0.17093761944848435,-2.7755575615628914e-17,-3.6606614259631165,-3.7262922819703297,0.0,0.0020509844180196524,3.0239574620053755,3.041699694205383
83.63657551400138,6.706144217861978,5.994833786432627,-0.17251082320147515,-2.7755575615628914e-17,-3.6621138303900307,-3.7326624265955233,0.0,0.002174867782741785,3.0426324850017146,3.0695559683769478
83.69990345699989,6.709414135443735,5.994833786432627,-0.17336600726625442,-2.7755575615628914e-17,-3.662449267936528,-3.7389726678872317,0.0,0.002127119805663824,3.080157063919593,3.0974489733430826
83.73165896400133,6.712778396786608,5.994833786432627,-0.1746382429693849,-2.7755575615628914e-17,-3.6639099296039546,-3.7451600255167232,0.0,0.0023276100400835276,3.0990066198411315,3.125377739102778
83.7923138719998,6.716157702764475,5.994833786432627,-0.17634180503388097,-2.7755575615628914e-17,-3.664332978385085,-3.7514540619150605,0.0,0.0024924450553953648,3.1354840012078125,-3.1298409723142075
83.85467371600134,6.719430731800041,5.994833786432627,-0.17758252899100188,-2.7755575615628914e-17,-3.665201181443225,-3.7578040677469517,0.0,0.002637491561472416,-3.1091295295026984,-3.1018315727458927
83.88545970300038,6.722771839961184,5.994833786432627,-0.17856420550459656,-2.7755575615628914e-17,-3.666639475012103,-3.7641245358591355,0.0,0.002762865973636508,-3.0899309077307615,-3.0737883132541985
83.94803551900077,6.726176664267512,5.994833786432627,-0.17899890644921357,-2.7755575615628914e-17,-3.6670374112186312,-3.770235260278772,0.0,0.0028002148028463125,-3.053104460513681,-3.0457139111666254
83.97870139100087,6.729621403131668,5.994833786432627,-0.1799065877480176,-2.7755575615628914e-17,-3.6685111049530423,-3.7761254394181862,0.0,0.0030144983902573586,-3.0428070179269135,-3.017610474109214
84.04261662099998,6.733017512584748,5.994833786432627,-0.1811480102933568,-2.7755575615628914e-17,-3.668869382703494,-3.7820295183002077,0.0,0.0031811073422431946,-2.9967303256742635,-2.989479575090638
84.1063512540004,6.736486189246677,5.994833786432627,-0.181886165280906,-2.7755575615628914e-17,-3.6698327476920083,-3.7878490726020457,0.0,0.0032228142954409122,-2.9695031893431523,-2.9613187457608783
84.1366376370006,6.739998346744295,5.994833786432627,-0.18240382539898548,-2.7755575615628914e-17,-3.671336758119453,-3.7935024700479008,0.0,0.0033339005894958973,-2.9508281663468128,-2.933130725616207
84.19823520700083,6.743510305856078,5.994833786432627,-0.1824069816398246,-2.7755575615628914e-17,-3.671782529456267,-3.7990524640933234,0.0,0.0034687421284615993,-2.91469985083053,-2.9049036402870816
84.22964719999982,6.746937911389849,5.994833786432627,-0.1813463711141814,-2.7755575615628914e-17,-3.673220360489069,-3.8046299868199505,0.0,0.003683816408738494,-2.8961993607593906,-2.877086712271412
84.29252230600105,6.750504726711417,5.994833786432627,-0.1841132646231346,-2.7755575615628914e-17,-3.6736561552534095,-3.8101493184549753,0.0,0.003970467951148748,-2.858151183065914,-2.8487779987250414
84.35504107700035,6.75412944360049,5.994833786432627,-0.1846369473012639,-2.7755575615628914e-17,-3.674656218371444,-3.8157658817059157,0.0,0.004087237175554037,-2.8208011370732353,-2.8204492516908597
84.38665408900124,6.757735186544903,5.994833786432627,-0.1849338143130681,-2.7755575615628914e-17,-3.6761553269303846,-3.821182597591741,0.0,0.0042073652148246765,-2.8021261140768963,-2.7920841665132006
84.44859949700003,6.761260096414425,5.994833786432627,-0.18479597313158935,-2.7755575615628914e-17,-3.676604967260151,-3.8265162631708876,0.0,0.004413278307765722,-2.7644270022338184,-2.763654059941118
84.47972020900124,6.764853319330832,5.994833786432627,-0.18504301596383876,-2.7755575615628914e-17,-3.6780972110212264,-3.8319028025267063,0.0,0.004645997192710638,-2.7471482426390748,-2.735210710950331
84.54241130199989,6.768505206245292,5.994833786432627,-0.18572345262890333,-2.7755575615628914e-17,-3.678555881782503,-3.837292364379015,0.0,0.004834345076233149,-2.710496328347194,-2.706754808250055
84.57405275700148,6.772146401202631,5.994833786432627,-0.18602126013955256,-2.7755575615628914e-17,-3.680075717521885,-3.8424731858596237,0.0,0.005090526305139065,-2.6832691920160823,-2.6782701054532403
84.63592370700098,6.775733376781669,5.994833786432627,-0.18798383598070645,-2.7755575615628914e-17,-3.6805402925364987,-3.8473451182914418,0.0,0.00526547571644187,-2.6565656544605694,-2.6492562283402448
84.6989682200001,6.779249611321119,5.994833786432627,-0.18531095008746856,-2.7755575615628914e-17,-3.6814769621905907,-3.852415123023621,0.0,0.005372469779103994,-2.6282913205782608,-2.620710472143919
84.73021223199976,6.782711162013173,5.994833786432627,-0.18390379732872097,-2.7755575615628914e-17,-3.6829462307549594,-3.856966265192476,0.0,0.005466884933412075,-2.602111381798346,-2.5921608346058127
84.7928081959999,6.786214347288359,5.994833786432627,-0.187368642991109,-2.7755575615628914e-17,-3.6833694571468283,-3.8608651613426552,0.0,0.005634440574795008,-2.575931443018431,-2.5621660662407866
84.856734848001,6.789322579997531,5.994833786432627,-0.18039711384641466,-2.7755575615628914e-17,-3.6841917650492446,-3.865389094521357,0.0,0.006029861513525248,-2.5403267262777467,-2.533542827639261
84.88720857000044,6.792403358599942,5.994833786432627,-0.1789198696748684,-2.7755575615628914e-17,-3.685581891365375,-3.8697163765688227,0.0,0.006289440207183361,-2.5226989008326037,-2.5049178408624035
84.94988670900057,6.795451175783677,5.994833786432627,-0.1771527398825763,-2.7755575615628914e-17,-3.6858814439825025,-3.8739072411725255,0.0,0.006340907886624336,-2.4886649804187146,-2.4762902142577046
84.98141366900018,6.798397544747371,5.994833786432627,-0.1760669800184529,-2.7755575615628914e-17,-3.6872006146791696,-3.8779589759500164,0.0,0.006529179867357016,-2.4708626220483723,-2.44763454601507
85.0437494580001,6.8010894180259545,5.994833786432627,-0.17562668282018223,-2.7755575615628914e-17,-3.6874066086716057,-3.882086301855777,0.0,0.006929291412234306,-2.4345597736068902,-2.4189069858688907
85.10703914000078,6.803822391102707,5.994833786432627,-0.1748169835925819,-2.7755575615628914e-17,-3.6881378386749915,-3.886366788083392,0.0,0.0069031971506774426,-2.398605991015807,-2.390180902162798
85.13795275200027,6.806556725832217,5.994833786432627,-0.17376824652670075,-2.7755575615628914e-17,-3.689420632341127,-3.89036799300116,0.0,0.006966611370444298,-2.379756435094268,-2.3614569038991324
85.20441280900013,6.809219289176461,5.994833786432627,-0.17236087060005034,-2.7755575615628914e-17,-3.689521031030853,-3.894045588962234,0.0,0.007084737066179514,-2.341184658625193,-2.3327089551847786
85.22801151100066,6.811739947470918,5.994833786432627,-0.17183136484509953,-2.7755575615628914e-17,-3.6908987901164325,-3.8975843117696956,0.0,0.007365635596215725,-2.3233823002548517,-2.3038901238109406
85.28735568900083,6.814321488847818,5.994833786432627,-0.17151203323305797,-2.7755575615628914e-17,-3.6910601721269245,-3.901401821927032,0.0,0.007478592451661825,-2.2935371700457483,-2.2750798678179587
85.33960877400023,6.816939374801898,5.994833786432627,-0.1709792252229163,-2.7755575615628914e-17,-3.691920945180411,-3.9049728419868837,0.0,0.007602462079375982,-2.2549653935766734,-2.2462773930066806
85.39484830000038,6.819452874823406,5.994833786432627,-0.17025946292836203,-2.7755575615628914e-17,-3.692532655429117,-3.9082955832775426,0.0,0.00773949921131134,-2.214299222005206,-2.217453698798176
85.45533522300138,6.8216938802949665,5.994833786432627,-0.1690440351946627,-2.7755575615628914e-17,-3.6930395382811607,-3.9113924381093756,0.0,0.0078725665807724,-2.1853267564221,-2.1885585752091243
85.48928162500124,6.823933958228665,5.994833786432627,-0.16587422996725576,-2.7755575615628914e-17,-3.694093050472297,-3.914622345894193,0.0,0.007913772948086262,-2.165080937098966,-2.1601577514472834
85.53957719299979,6.826221944569869,5.994833786432627,-0.16500341547934072,-2.7755575615628914e-17,-3.694467447031844,-3.917441715445193,0.0,0.007982765324413776,-2.136806603216658,-2.131771527925226
85.59450212100091,6.828540324354953,5.994833786432627,-0.166643123442882,-2.7755575615628914e-17,-3.6950015408568744,-3.9200643974653464,0.0,0.008218997158110142,-2.101201886475973,-2.102892649954459
85.621886369001,6.830709572366039,5.994833786432627,-0.16696474023905927,-2.7755575615628914e-17,-3.6959997233328594,-3.922879975203987,0.0,0.008314619772136211,-2.0916025755900045,-2.073952861345769
85.67266543900041,6.832956112068934,5.994833786432627,-0.16663719345105688,-2.7755575615628914e-17,-3.6962801417152438,-3.925774680138958,0.0,0.008395387791097164,-2.0573941222509156,-2.0450308613966475
85.72200542000064,6.8352440572531545,5.994833786432627,-0.16625852041627143,-2.7755575615628914e-17,-3.6969237343749635,-3.928313894145638,0.0,0.008538033813238144,-2.030166985919804,-2.016126477526984
85.77201308900112,6.837437460202947,5.994833786432627,-0.16519711295969786,-2.7755575615628914e-17,-3.6975028632099822,-3.9304927185881278,0.0,0.008598794229328632,-2.0041615800650887,-1.9872101867237582
85.8221825920009,6.8393879047663555,5.994833786432627,-0.1632462902923495,-2.7755575615628914e-17,-3.6980287353649026,-3.9323125776249683,0.0,0.008751926943659782,-1.9781561742103733,-1.9582310635893505
85.87172113300039,6.841285055503657,5.994833786432627,-0.16056940533202435,-2.7755575615628914e-17,-3.6985534854488664,-3.934180319758652,0.0,0.008797012269496918,-1.951801702505259,-1.9292787915251437
85.92180486300094,6.843095971859328,5.994833786432627,-0.15753856947505662,-2.7755575615628914e-17,-3.6990362103119527,-3.935695680819993,0.0,0.008792153559625149,-1.9250981649497456,-1.9003522883399173
85.9722586150001,6.844775650984334,5.994833786432627,-0.15441006548106428,-2.7755575615628914e-17,-3.6994789900312584,-3.936997297552841,0.0,0.008970429189503193,-1.8964747652170384,-1.8714152230840804
86.05560117200002,6.846289063909902,5.994833786432627,-0.15146729650780189,-2.7755575615628914e-17,-3.6990957014498127,-3.9383832562667322,0.0,0.00912823248654604,-1.8493508754131918,-1.842408458476321
86.08845515200119,6.847697830478271,5.994833786432627,-0.148222209990036,-2.7755575615628914e-17,-3.700536133170152,-3.940033122902757,0.0,0.00924039725214243,-1.8315485170428494,-1.8134322964177692
86.14469850400019,6.848995546481649,5.994833786432627,-0.14468680342111084,-2.7755575615628914e-17,-3.7005120067119655,-3.9412104268839268,0.0,0.009459325112402439,-1.7928022076485752,-1.7844840652902538
86.17271678500038,6.85019789319456,5.994833786432627,-0.1421828296823039,-2.7755575615628914e-17,-3.7012627516782506,-3.942601991366158,0.0,0.009657450951635838,-1.7732545200262386,-1.7555244187424885
86.22153645400067,6.851291319166765,5.994833786432627,-0.14117090238392593,-2.7755575615628914e-17,-3.701271513392479,-3.9445790900396176,0.0,0.009873634204268456,-1.7444565873683322,-1.7264942554301266
86.2868123469998,6.852389551120197,5.994833786432627,-0.13862756016855043,-2.7755575615628914e-17,-3.701227163027401,-3.947183013555285,0.0,0.009946719743311405,-1.7048376133480612,-1.6979650025320432
86.33938117199978,6.85350167786635,5.994833786432627,-0.13979460391089554,-2.7755575615628914e-17,-3.701798859552912,-3.949531044396539,0.0,0.010022159665822983,-1.6748179502137588,-1.6689750884673762
86.39503967100063,6.854573830532326,5.994833786432627,-0.13878364860058057,-2.7755575615628914e-17,-3.7020255784377127,-3.9515450820541296,0.0,0.010175194591283798,-1.6367697725202823,-1.6399705677477423
86.42195584399997,6.855606972044925,5.994833786432627,-0.13832840546972255,-2.7755575615628914e-17,-3.702735580093696,-3.9534839831442166,0.0,0.01033167727291584,-1.6255996653075182,-1.6108946624529115
86.47289698700115,6.85669808076354,5.994833786432627,-0.13836358056661807,-2.7755575615628914e-17,-3.7026942074712617,-3.955830045642124,0.0,0.010434456169605255,-1.5887732180904381,-1.5818413765410075
86.52199194000059,6.857843815058016,5.994833786432627,-0.1390086151292807,-2.7755575615628914e-17,-3.7030356240723368,-3.958097305372335,0.0,0.010696033015847206,-1.559277153731734,-1.5528076842677383
86.57230788400011,6.858985690242308,5.994833786432627,-0.13946558082223226,-2.7755575615628914e-17,-3.703322111391755,-3.9602016464218344,0.0,0.010687213391065598,-1.531177352774625,-1.5237608510959038
86.62199845100076,6.860061567299736,5.994833786432627,-0.13953307019831893,-2.7755575615628914e-17,-3.703625650755541,-3.9620219727478942,0.0,0.010676882229745388,-1.5042992822939125,-1.4946478408699966
86.67361918300048,6.861135018494138,5.994833786432627,-0.13892878077961207,-2.7755575615628914e-17,-3.70388962697463,-3.9638869268274126,0.0,0.01070181094110012,-1.4767230801124025,-1.4655622607381726
86.73868705899986,6.862191573250801,5.994833786432627,-0.13984912914220837,-2.7755575615628914e-17,-3.7038664457407444,-3.965296118501203,0.0,0.010785749182105064,-1.4397220999701226,-1.4360204240516032
86.79612376000114,6.8631714458525686,5.994833786432627,-0.13675973907203498,-2.7755575615628914e-17,-3.7043271423202455,-3.966630426430736,0.0,0.010800156742334366,-1.4046409820050363,-1.4069553155451877
86.82262859399998,6.86409010748362,5.994833786432627,-0.13570817604748042,-2.7755575615628914e-17,-3.705022958251759,-3.9678020697576457,0.0,0.010824872180819511,-1.394867138193868,-1.3778357934357335
86.89521730399974,6.865060476005625,5.994833786432627,-0.1406410391584093,-2.7755575615628914e-17,-3.704473119715085,-3.969147059064702,0.0,0.010843086056411266,-1.350361242268013,-1.3472949175204618
86.95511989500119,6.865992697510823,5.994833786432627,-0.13483200748357704,-2.7755575615628914e-17,-3.7050306266903865,-3.971152342756783,0.0,0.01103189680725336,-1.323832237637699,-1.3182202231792053
86.97734377800043,6.866945236843433,5.994833786432627,-0.13474894820937666,-2.7755575615628914e-17,-3.7058344175174738,-3.972821938270872,0.0,0.011079542338848114,-1.305331747566559,-1.2891406554539924
87.03957453000112,6.867979928590338,5.994833786432627,-0.13482209475530937,-2.7755575615628914e-17,-3.705521323868525,-3.9746821733969946,0.0,0.011134898290038109,-1.2671090369478832,-1.2600162205373582
87.08990472799996,6.869055612199627,5.994833786432627,-0.13557226459111082,-2.7755575615628914e-17,-3.7060359463743477,-3.976946030679894,0.0,0.011081406846642494,-1.237962038439578,-1.230907979978091
87.1451826950015,6.870137850701148,5.994833786432627,-0.1362808560655029,-2.7755575615628914e-17,-3.70623199115211,-3.9792736241593305,0.0,0.011054333299398422,-1.1986921302697056,-1.2018136865518438
87.2086059580015,6.871266242812233,5.994833786432627,-0.13653809298611996,-2.7755575615628914e-17,-3.7063699290783636,-3.9813659459481556,0.0,0.011068116873502731,-1.1671016708086082,-1.172711440624505
87.24037545800093,6.872526690472609,5.994833786432627,-0.1370791453294702,-2.7755575615628914e-17,-3.7072500920999056,-3.983268263425312,0.0,0.011051050387322903,-1.1482521148870692,-1.1435666104293087
87.30231494700092,6.87380176031908,5.994833786432627,-0.13773664499825067,-2.7755575615628914e-17,-3.707084282971327,-3.9854180885945736,0.0,0.01103208214044571,-1.1086331408667984,-1.114437460045867
87.33446497700061,6.875103808823876,5.994833786432627,-0.13880078291868925,-2.7755575615628914e-17,-3.7079489687539953,-3.98747649087694,0.0,0.01113240048289299,-1.0890854532444618,-1.0853210417231802
87.39666332100023,6.8765394246876665,5.994833786432627,-0.14015077564876122,-2.7755575615628914e-17,-3.7078109656779397,-3.989684076662863,0.0,0.011231349781155586,-1.052433538952581,-1.0562001773260552
87.42830451100053,6.878275264564382,5.994833786432627,-0.14131157297382302,-2.7755575615628914e-17,-3.7088015607195084,-3.9920026136879523,0.0,0.011100751347839832,-1.0332349171806428,-1.0270528319145515
87.49057456800074,6.879959970455109,5.994833786432627,-0.14214579870858457,-2.7755575615628914e-17,-3.7087349714902866,-3.994389068591685,0.0,0.01106067281216383,-0.995186739487167,-0.997917193553632
87.55215295200105,6.8815400787772605,5.994833786432627,-0.14044653425882414,-2.7755575615628914e-17,-3.709182366439461,-3.996602709897035,0.0,0.010923149064183235,-0.9588838910456845,-0.9692760829598508
87.58312091400148,6.883126897448208,5.994833786432627,-0.14195729201571528,-2.7755575615628914e-17,-3.710116198919984,-3.9984576458468215,0.0,0.010858293622732162,-0.9393362034233479,-0.9401440697079123
87.64551932100039,6.884825484601101,5.994833786432627,-0.13901770489071885,-2.7755575615628914e-17,-3.710052042988607,-4.000469889721398,0.0,0.010897531174123287,-0.9023352232810682,-0.9114638820668987
87.6764235720002,6.886407916523021,5.994833786432627,-0.1400934990398921,-2.7755575615628914e-17,-3.7110056838287493,-4.002553510581063,0.0,0.010978064499795437,-0.8838347332099281,-0.8823087114296885
87.73731986300118,6.88784183708567,5.994833786432627,-0.13915595157092464,-2.7755575615628914e-17,-3.710889301900308,-4.004865711172982,0.0,0.010941115207970142,-0.8552113334772216,-0.8531600100035107
87.80087080300109,6.889125104623543,5.994833786432627,-0.13784339142663038,-2.7755575615628914e-17,-3.7111843533672646,-4.007093020021605,0.0,0.010837100446224213,-0.8196066167365372,-0.8240147227467914
87.83211009200022,6.890919339591005,5.994833786432627,-0.13558993751309711,-2.7755575615628914e-17,-3.712212899126655,-4.009205693865502,0.0,0.010785430669784546,-0.8011061266653972,-0.7949735301235406
87.8945321629999,6.892443468206932,5.994833786432627,-0.13343601411254946,-2.7755575615628914e-17,-3.712109152768977,-4.011142176402068,0.0,0.01078471913933754,-0.7641051465231175,-0.765921155339162
87.95749725899987,6.893735960132177,5.994833786432627,-0.13166277791122472,-2.7755575615628914e-17,-3.712429651108589,-4.013208296979936,0.0,0.010903537273406982,-0.7283258968572337,-0.7368561582022496
87.98947501700059,6.894819808522491,5.994833786432627,-0.13010079257591123,-2.7755575615628914e-17,-3.7132580986007073,-4.015479355892242,0.0,0.010880270972847939,-0.7098254067860936,-0.7077760798883271
88.05235455300135,6.896162600171564,5.994833786432627,-0.1281672401453482,-2.7755575615628914e-17,-3.713097099850179,-4.01785450454392,0.0,0.01087596733123064,-0.6728244266438144,-0.6787259140417562
88.08355708300041,6.897314427352902,5.994833786432627,-0.12720681459359495,-2.7755575615628914e-17,-3.7139330860751634,-4.020501514733615,0.0,0.010937517508864403,-0.6558947328994691,-0.6496511193557634
88.14710724200086,6.898297794657263,5.994833786432627,-0.12678398076551,-2.7755575615628914e-17,-3.713655457188253,-4.023462530413301,0.0,0.010916726663708687,-0.6192428186075882,-0.6205512909060067
88.17791632599983,6.899148424165064,5.994833786432627,-0.1264390055281801,-2.7755575615628914e-17,-3.714434682656404,-4.026490279641502,0.0,0.010783348232507706,-0.6007423285364482,-0.5914248024591167
88.24007582600098,6.900337509189617,5.994833786432627,-0.12588106579923242,-2.7755575615628914e-17,-3.714229906547176,-4.029663220869357,0.0,0.010782872326672077,-0.5646140130201656,-0.5623259956013923
88.30315458400037,6.901347359363841,5.994833786432627,-0.12557304388934232,-2.7755575615628914e-17,-3.714488659926458,-4.032726399806751,0.0,0.01063358224928379,-0.5260422365510911,-0.533195918304788
88.33494904000145,6.902173120018437,5.994833786432627,-0.12500541993104863,-2.7755575615628914e-17,-3.7152353522061823,-4.035722413909775,0.0,0.010656078346073627,-0.5066690818539539,-0.5040374966975019
88.39818603500134,6.902851415924845,5.994833786432627,-0.12234691049724078,-2.7755575615628914e-17,-3.7148875696443158,-4.038616125252778,0.0,0.010531214065849781,-0.46949356878647475,-0.475339390904159
88.42992548800066,6.903900150138186,5.994833786432627,-0.12405204792058488,-2.7755575615628914e-17,-3.715704784868926,-4.041319478956627,0.0,0.010542727075517178,-0.4497713482389387,-0.44616695118348515
88.49307527900055,6.9048140384778325,5.994833786432627,-0.12448968656375103,-2.7755575615628914e-17,-3.7154150722350296,-4.044348380104837,0.0,0.010539958253502846,-0.4111995717698642,-0.4169628143900736
88.55474488300024,6.905608328400691,5.994833786432627,-0.12501190307072618,-2.7755575615628914e-17,-3.7156621321518855,-4.047388636659907,0.0,0.010381882078945637,-0.38362336958835375,-0.38772835252012844
88.58654634300001,6.906303241243254,5.994833786432627,-0.1254868221754759,-2.7755575615628914e-17,-3.716349255378783,-4.0504114111204075,0.0,0.010328817181289196,-0.3639011490408177,-0.3584647735633107
88.64852315100143,6.907422351134569,5.994833786432627,-0.12561931123663128,-2.7755575615628914e-17,-3.716145993786657,-4.053309977631728,0.0,0.010244612582027912,-0.32794736644973455,-0.329206076457269
88.67940830800035,6.9084480713828675,5.994833786432627,-0.12667882207269376,-2.7755575615628914e-17,-3.716938297694127,-4.056232255519521,0.0,0.010234520770609379,-0.3085742117525978,-0.2999172636402826
88.74258074200043,6.90939579718773,5.994833786432627,-0.12811333933317992,-2.7755575615628914e-17,-3.716643596201406,-4.059267165822931,0.0,0.010109053924679756,-0.27087509990951997,-0.27060028143061315
88.80593759900148,6.910304696092005,5.994833786432627,-0.1315128630868826,-2.7755575615628914e-17,-3.7168946455352225,-4.0621103220362595,0.0,0.010074013844132423,-0.2342231856176391,-0.24076587938020738
88.83601028700105,6.911499705943992,5.994833786432627,-0.1307217262942103,-2.7755575615628914e-17,-3.717764902471448,-4.065020711780608,0.0,0.009921868331730366,-0.21502456384570134,-0.21140304873582288
88.89926959400145,6.912625981114339,5.994833786432627,-0.13183539146317536,-2.7755575615628914e-17,-3.7175189022663613,-4.067723572529944,0.0,0.009855559095740318,-0.17680185322702568,-0.1820178966815454
88.93002387500019,6.913713408433669,5.994833786432627,-0.1333720247731216,-2.7755575615628914e-17,-3.718355532127545,-4.070184606354065,0.0,0.009850028902292252,-0.15795229730548677,-0.15261208126938652
88.99296829300147,6.914816970025147,5.994833786432627,-0.14100894903970912,-2.7755575615628914e-17,-3.7181140906976187,-4.072368903431499,0.0,0.00987150613218546,-0.1213003830136059,-0.12171376406328989
89.05519614100012,6.916207598410248,5.994833786432627,-0.13630720639384525,-2.7755575615628914e-17,-3.718493749693305,-4.074932971970913,0.0,0.009863898158073425,-0.08290313946973082,-0.09228287914397967
89.08606694000082,6.9175265130472,5.994833786432627,-0.13747519459219038,-2.7755575615628914e-17,-3.719380544725926,-4.077053781893267,0.0,0.009755702689290047,-0.06370451769779306,-0.06283635925688198
89.14612923000095,6.918773155842422,5.994833786432627,-0.1382098914638636,-2.7755575615628914e-17,-3.719237021907433,-4.078951036367318,0.0,0.009683238342404366,-0.035430183815484906,-0.03337622155981055
89.20985900500091,6.919988411455337,5.994833786432627,-0.13921589890199107,-2.7755575615628914e-17,-3.719497418874271,-4.080713604218286,0.0,0.009754913859069347,0.0026179938779917755,-0.00390302731655459
89.23981974399976,6.9214502242570255,5.994833786432627,-0.14012404326008618,-2.7755575615628914e-17,-3.720438131700068,-4.082427804796803,0.0,0.009786205366253853,0.020071286397934873,0.025581304215084397
89.30324940799983,6.922856272314202,5.994833786432627,-0.14088110426344375,-2.7755575615628914e-17,-3.720265587215027,-4.084132770116178,0.0,0.009673753753304482,0.057595865315812844,0.055075766116728445
89.33415302899994,6.924223892880021,5.994833786432627,-0.14187516931606353,-2.7755575615628914e-17,-3.7211773093416975,-4.085750491037893,0.0,0.009731518104672432,0.07644542123735176,0.08458033603765519
89.39771639300125,6.925565605004439,5.994833786432627,-0.14304055614373762,-2.7755575615628914e-17,-3.7209882212258005,-4.087461146706387,0.0,0.00967844482511282,0.11257373675363436,0.11409450995926886
89.42854067600092,6.92717961184532,5.994833786432627,-0.1438265452214278,-2.7755575615628914e-17,-3.7219754459819354,-4.089060896623129,0.0,0.009672872722148895,0.1315978256003727,0.14363936723241313
89.49045873500108,6.928722005019919,5.994833786432627,-0.14447392427815742,-2.7755575615628914e-17,-3.7218683060744406,-4.090708492440922,0.0,0.009615866467356682,0.17034413499464662,0.1731878346723298
89.55348670900094,6.930175198512146,5.994833786432627,-0.1445884114682927,-2.7755575615628914e-17,-3.722244664534827,-4.0921566082448795,0.0,0.009600387886166573,0.2087413785385217,0.20273893440241847
89.58529659300075,6.931529631151206,5.994833786432627,-0.14424699554594023,-2.7755575615628914e-17,-3.7231299987487834,-4.093352399909239,0.0,0.009528528898954391,0.22863813201125716,0.23229131440505144
89.64912924200144,6.933053933813404,5.994833786432627,-0.14131259503239368,-2.7755575615628914e-17,-3.723009436939577,-4.094408029773971,0.0,0.009534315206110477,0.2687807048071269,0.2613663551053076
89.67953221600146,6.9344958323751875,5.994833786432627,-0.14288553794483716,-2.7755575615628914e-17,-3.7239361216091487,-4.0952849792665456,0.0,0.009519876912236214,0.28745572780346595,0.2909321358480621
89.74289421400135,6.93580426017545,5.994833786432627,-0.14042130033831435,-2.7755575615628914e-17,-3.7237385509355287,-4.096355048244552,0.0,0.009660090319812298,0.326900168898538,0.32000454806876405
89.80591490400002,6.937025750356638,5.994833786432627,-0.1416681971168583,-2.7755575615628914e-17,-3.724083886228096,-4.09722024719123,0.0,0.009713085368275642,0.3659955441432108,0.3495687135847047
89.83534173500084,6.938491962568472,5.994833786432627,-0.14061093049168982,-2.7755575615628914e-17,-3.725024097914476,-4.098054102353158,0.0,0.009739515371620655,0.3750712562535812,0.3791466701407611
89.89739557800021,6.939818804069992,5.994833786432627,-0.13945432159164772,-2.7755575615628914e-17,-3.724858784014214,-4.0988349930410735,0.0,0.009730655699968338,0.4134684997974567,0.4087198439647494
89.92835399100113,6.941032063401667,5.994833786432627,-0.13882549147913004,-2.7755575615628914e-17,-3.7256879199331756,-4.099587783549742,0.0,0.009884602390229702,0.4310963252425992,0.43829039514400364
89.99185994800064,6.942143925980005,5.994833786432627,-0.1383693479510757,-2.7755575615628914e-17,-3.7254461478353145,-4.1004116392689,0.0,0.009860718622803688,0.46862090416047764,0.46785926011455614
90.05406877000132,6.943551236752066,5.994833786432627,-0.13774198026555906,-2.7755575615628914e-17,-3.7258480376165397,-4.101283288110266,0.0,0.010015315376222134,0.5070181477043527,0.4974766397913771
90.08401475100072,6.944809568975876,5.994833786432627,-0.136950487592419,-2.7755575615628914e-17,-3.7267167436472164,-4.1023062330426905,0.0,0.009923846460878849,0.5248205060746951,0.5270847778060884
90.1465620350009,6.945915409981782,5.994833786432627,-0.13578582458046706,-2.7755575615628914e-17,-3.726479943290242,-4.103132824879055,0.0,0.009914872236549854,0.5639158813193679,0.5566856240249806
90.17792136699973,6.946913909530503,5.994833786432627,-0.13496474962449345,-2.7755575615628914e-17,-3.727265414567308,-4.103897409954785,0.0,0.01005563884973526,0.5832890360165051,0.5862804459263283
90.24096983900017,6.948032376649848,5.994833786432627,-0.13426244367673057,-2.7755575615628914e-17,-3.7270266700112153,-4.104557142582789,0.0,0.010055385529994965,0.6206390820091836,0.6158854108609287
90.30318961300145,6.949017822311063,5.994833786432627,-0.13339750193463162,-2.7755575615628914e-17,-3.7273170470379657,-4.105292385008763,0.0,0.010050301440060139,0.659559924328657,0.6454831116960246
90.33533470300063,6.9498398772869505,5.994833786432627,-0.13209085726458225,-2.7755575615628914e-17,-3.728040637438438,-4.105844144822573,0.0,0.010147733613848686,0.6789330790257941,0.6750743051829923
90.3977681840006,6.950524382579907,5.994833786432627,-0.1304531382002514,-2.7755575615628914e-17,-3.727724079341983,-4.106225405656239,0.0,0.010086556896567345,0.7157595262428744,0.7046596921329954
90.42947253200145,6.95134346461653,5.994833786432627,-0.12935694241295437,-2.7755575615628914e-17,-3.728447246951552,-4.1066406485132765,0.0,0.010284059680998325,0.7344345492392139,0.7342687605574393
90.4911242119997,6.952044872065493,5.994833786432627,-0.12665099224175425,-2.7755575615628914e-17,-3.7281381370876137,-4.1073499450386075,0.0,0.010228077881038189,0.7611380867947268,0.7633787506216462
90.55323443999987,6.952635234092447,5.994833786432627,-0.12793631685900686,-2.7755575615628914e-17,-3.7282919042392466,-4.107947533742196,0.0,0.010225953534245491,0.7979645340118076,0.7929769921208967
90.58431818700046,6.953111363106554,5.994833786432627,-0.12696828692447837,-2.7755575615628914e-17,-3.72892997275751,-4.108608412342003,0.0,0.01006415206938982,0.816814089933346,0.8225712961830542
90.64771502999974,6.953875005502639,5.994833786432627,-0.12578258802220366,-2.7755575615628914e-17,-3.7285947213134163,-4.109179942579143,0.0,0.010022412985563278,0.8517206749732327,0.8521907132992735
90.67886504099988,6.954530415475693,5.994833786432627,-0.12529870042309588,-2.7755575615628914e-17,-3.729311291619811,-4.110060421405574,0.0,0.010037503205239773,0.8705702308947716,0.8818048982796372
90.74178785799995,6.95507366262381,5.994833786432627,-0.12499492499404519,-2.7755575615628914e-17,-3.728923017676716,-4.110996707694898,0.0,0.010031229816377163,0.9075712110370517,0.9114161169235493
90.80385730800117,6.955523364817259,5.994833786432627,-0.12456828005819398,-2.7755575615628914e-17,-3.7290603695902873,-4.111830511486005,0.0,0.010058097541332245,0.9435249936281345,0.941024509713622
90.83554329199978,6.956153870576204,5.994833786432627,-0.12389846358803314,-2.7755575615628914e-17,-3.729744062142303,-4.112491676302682,0.0,0.009994045831263065,0.96324721417567,0.970645999816042
90.89771116800148,6.956761337944218,5.994833786432627,-0.12512692655763602,-2.7755575615628914e-17,-3.7293925673307946,-4.113010593229068,0.0,0.009940274059772491,1.0019935235699444,1.0007659370400497
90.9287276089999,6.957140891554008,5.994833786432627,-0.12266178889316537,-2.7755575615628914e-17,-3.7300125600199356,-4.113729515616625,0.0,0.009970955550670624,1.0211921453418826,1.0303779196819227
90.99216771400097,6.957509740619037,5.994833786432627,-0.12244260914473082,-2.7755575615628914e-17,-3.729562091517779,-4.114342313910372,0.0,0.009895401075482368,1.0585421913345607,1.0600021036056013
91.05485299500106,6.957964776489154,5.994833786432627,-0.12836792572474054,-2.7755575615628914e-17,-3.729710192672368,-4.1147565443870135,0.0,0.009981227107346058,1.0978120995044334,1.0911434382899898
91.08706833700126,6.958322998815897,5.994833786432627,-0.121780396661342,-2.7755575615628914e-17,-3.7303126034824223,-4.115587857594007,0.0,0.009833275340497494,1.117534320051969,1.120795648190229
91.14808954900036,6.9585746829947865,5.994833786432627,-0.12111305445685372,-2.7755575615628914e-17,-3.7299034291224995,-4.115994302623113,0.0,0.009787201881408691,1.146157719784676,1.15044048157327
91.1794585100015,6.958823291501597,5.994833786432627,-0.12091660033938179,-2.7755575615628914e-17,-3.730462932591361,-4.116374050278242,0.0,0.009805726818740368,1.1655308744818136,1.180092079235195
91.24248445900048,6.959141180416767,5.994833786432627,-0.12110463248858672,-2.7755575615628914e-17,-3.730014989215512,-4.116863540162085,0.0,0.009899036027491093,1.2025318546240928,1.2097746234900475
91.30438240200056,6.959406234543835,5.994833786432627,-0.12112524152164172,-2.7755575615628914e-17,-3.730106204540247,-4.117393519393399,0.0,0.010062516666948795,1.2414526969435666,1.239444834154297
91.3353270080006,6.959583363812825,5.994833786432627,-0.12087650928790517,-2.7755575615628914e-17,-3.7306667447248953,-4.11768535016181,0.0,0.009962194599211216,1.2610003845659028,1.2691055392809196
91.39759939900068,6.959679430404678,5.994833786432627,-0.12037234628831595,-2.7755575615628914e-17,-3.7301769654222463,-4.117788504624968,0.0,0.010008278302848339,1.2985249634837812,1.2987633639083762
91.4600211779998,6.959662177807381,5.994833786432627,-0.1202282110180779,-2.7755575615628914e-17,-3.73016438844684,-4.1178531139986765,0.0,0.010120542719960213,1.3374458058032541,1.328435604548479
91.49083105300087,6.959626885501674,5.994833786432627,-0.1201391423878686,-2.7755575615628914e-17,-3.7306792175167827,-4.118031530387535,0.0,0.010029945522546768,1.3566444275751923,1.358097613351448
91.55451867800002,6.959559037117787,5.994833786432627,-0.11991946179028656,-2.7755575615628914e-17,-3.7301189230996528,-4.118202206327106,0.0,0.010095669887959957,1.393470874792273,1.3877533323947813
91.58466838999993,6.959498916679496,5.994833786432627,-0.1201928745511407,-2.7755575615628914e-17,-3.7306506518830633,-4.118416682102574,0.0,0.010158495046198368,1.412145897788612,1.4174100053520493
91.64771662000021,6.959423826817201,5.994833786432627,-0.12092129979083022,-2.7755575615628914e-17,-3.730086805812993,-4.118716866866248,0.0,0.010157357901334763,1.4496704767064905,1.4470829658631723
91.71044264900047,6.9593904735235945,5.994833786432627,-0.12166573784032458,-2.7755575615628914e-17,-3.730092740978949,-4.119110443810035,0.0,0.010053113102912903,1.4852751934471744,1.4767490004644963
91.7397499079998,6.959364385749392,5.994833786432627,-0.12015217402115907,-2.7755575615628914e-17,-3.7306233041188164,-4.1194960190429555,0.0,0.010015903040766716,1.49592170188434,1.5059164970271204
91.80583471300088,6.959383107083463,5.994833786432627,-0.12050099088817778,-2.7755575615628914e-17,-3.7300363949298183,-4.119617352112943,0.0,0.009983040392398834,1.5325736161762205,1.535085439118454
91.8351448150006,6.959490931440461,5.994833786432627,-0.12335439207731867,-2.7755575615628914e-17,-3.730648495156649,-4.119776209143054,0.0,0.010059844702482224,1.5514231720977598,1.5647665428846227
91.89767252300044,6.9596444132151785,5.994833786432627,-0.12433614487809544,-2.7755575615628914e-17,-3.7301653598402513,-4.120230462493552,0.0,0.010045518167316914,1.5889477510156382,1.5944394125497359
91.92804179500126,6.9598356013138725,5.994833786432627,-0.1253177904747641,-2.7755575615628914e-17,-3.7307401471138806,-4.120524606079044,0.0,0.010100302286446095,1.6070991752363781,1.624105946078794
91.99080555399996,6.960082019795992,5.994833786432627,-0.12620397593514196,-2.7755575615628914e-17,-3.730268223520316,-4.12076828457499,0.0,0.009966514073312283,1.6472417480322479,1.6537762081876488
92.05453436800053,6.960409421165883,5.994833786432627,-0.1269397363986346,-2.7755575615628914e-17,-3.7303376537150648,-4.120765606002679,0.0,0.009917128831148148,1.6889551171549124,1.6834695314872201
92.08431660099995,6.960723486142088,5.994833786432627,-0.12711900950674826,-2.7755575615628914e-17,-3.7309862449502074,-4.120672712920322,0.0,0.009736803360283375,1.7083282718520492,1.713147484670466
92.14776961999996,6.961017693263277,5.994833786432627,-0.1268706337188228,-2.7755575615628914e-17,-3.7305098019500496,-4.120303932303064,0.0,0.009801959618926048,1.7503907068251134,1.7428114464250177
92.18172535300073,6.961282836026425,5.994833786432627,-0.12702310930867533,-2.7755575615628914e-17,-3.7310999250280097,-4.119840192115898,0.0,0.009941548109054565,1.7805849028846144,1.7724691614829786
92.24226637900028,6.961450075004256,5.994833786432627,-0.1272948754416371,-2.7755575615628914e-17,-3.730662624540502,-4.119526672041896,0.0,0.00999259389936924,1.8102555001685188,1.8021339990675387
92.30497519500022,6.961627447046804,5.994833786432627,-0.12728379049262717,-2.7755575615628914e-17,-3.73069168537596,-4.119262137326684,0.0,0.009992995299398899,1.8500490071139888,1.8317859822479172
92.33568579300118,6.961796030833467,5.994833786432627,-0.12707720463735894,-2.7755575615628914e-17,-3.731262216722867,-4.11889237890876,0.0,0.00991113018244505,1.8690730959607267,1.8614269042991574
92.39993401600077,6.961970450037194,5.994833786432627,-0.12665789429914986,-2.7755575615628914e-17,-3.7307446102266697,-4.1184851025933416,0.0,0.010019841603934765,1.9046778127014115,1.891061334814995
92.43154155299999,6.96218565102722,5.994833786432627,-0.1266502100563336,-2.7755575615628914e-17,-3.7313603461200118,-4.118185901289637,0.0,0.010155345313251019,1.9226547039969537,1.9206996407080177
92.49531778399978,6.962400730634273,5.994833786432627,-0.12670862421117102,-2.7755575615628914e-17,-3.7308651776039743,-4.118129078560183,0.0,0.010062546469271183,1.9579103548872387,1.9503283165975078
92.55650034600149,6.9626034557060965,5.994833786432627,-0.12463389589164198,-2.7755575615628914e-17,-3.7309783317951446,-4.11815065779958,0.0,0.01004592701792717,1.9830430961159573,1.979456720004305
92.58744763800132,6.962812791879191,5.994833786432627,-0.1263431834304416,-2.7755575615628914e-17,-3.731533165716804,-4.118005523902594,0.0,0.01004044059664011,2.001194520336699,2.009074456814976
92.64941051999995,6.963063815199604,5.994833786432627,-0.12578476985813292,-2.7755575615628914e-17,-3.731086953561145,-4.117928498866039,0.0,0.00988679938018322,2.0345303090497895,2.03869772301521
92.6808256660006,6.963296524493322,5.994833786432627,-0.12551654279026825,-2.7755575615628914e-17,-3.731660947370935,-4.11808886197321,0.0,0.009907650761306286,2.0528562661957306,2.068315107626054
92.74380908600142,6.963507331893568,5.994833786432627,-0.12544760425047974,-2.7755575615628914e-17,-3.7311824788666246,-4.118557968257504,0.0,0.009815777651965618,2.089159114637212,2.0979298486310136
92.80624365900076,6.963712601580944,5.994833786432627,-0.12528114126737622,-2.7755575615628914e-17,-3.7312547682951633,-4.119103841303549,0.0,0.009744374081492424,2.1249383643030963,2.127538709479552
92.83766200300124,6.96390892534653,5.994833786432627,-0.12477578351629637,-2.7755575615628914e-17,-3.73181823412727,-4.1195762966357385,0.0,0.009671819396317005,2.1448351177758314,2.1571358308170674
92.90025597299973,6.964054997860301,5.994833786432627,-0.12401284255311174,-2.7755575615628914e-17,-3.7313423826446295,-4.119922030436594,0.0,0.009664509445428848,2.1842795588709025,2.1867322215915905
92.9315684180001,6.964178931999108,5.994833786432627,-0.12371670529829926,-2.7755575615628914e-17,-3.7318940522947606,-4.120267648562967,0.0,0.00972865428775549,2.204001779418439,2.2163302283855146
92.9938395650006,6.964302665211464,5.994833786432627,-0.1257168335721297,-2.7755575615628914e-17,-3.7314118244616075,-4.1206829132771166,0.0,0.009761440567672253,2.2423990229623145,2.2464171338864474
93.0578907600011,6.964437556560171,5.994833786432627,-0.12368961069179618,-2.7755575615628914e-17,-3.7314225723182446,-4.12120702260583,0.0,0.0097209382802248,2.282890661608583,2.2759983608066547
93.08915784900091,6.964544083149842,5.994833786432627,-0.1235740754981578,-2.7755575615628914e-17,-3.7319900044547385,-4.121446587488384,0.0,0.009524780325591564,2.3029619480065175,2.305581590641078
93.15114807200007,6.964640352848291,5.994833786432627,-0.1295159025599193,-2.7755575615628914e-17,-3.7315119738601426,-4.121400505999649,0.0,0.009548149071633816,2.3415337244755925,2.3366469905666674
93.17847599900051,6.9647259439568865,5.994833786432627,-0.12384883699196592,-2.7755575615628914e-17,-3.732080533888687,-4.121778311594971,0.0,0.009562935680150986,2.352180232912758,2.366234487685633
93.24102138000126,6.964753939017712,5.994833786432627,-0.1244440118595298,-2.7755575615628914e-17,-3.7315328844312416,-4.122131917537677,0.0,0.009575515054166317,2.389879344755835,2.3958227252958113
93.29133286599972,6.9648007555710425,5.994833786432627,-0.12497665671692881,-2.7755575615628914e-17,-3.7317814000383307,-4.12250336043651,0.0,0.009485126473009586,2.419724474964938,2.4254146324804426
93.34127287400042,6.96484382718202,5.994833786432627,-0.125013329799315,-2.7755575615628914e-17,-3.7318049303638676,-4.122719727610228,0.0,0.009403335861861706,2.4577726526584147,2.4550093071578147
93.39200143900052,6.964844836362007,5.994833786432627,-0.12461266782863012,-2.7755575615628914e-17,-3.73179031590281,-4.122744080571762,0.0,0.009296020492911339,2.4870941840919194,2.48459613070983
93.44069989800118,6.964735581810439,5.994833786432627,-0.1241682726257558,-2.7755575615628914e-17,-3.7317995061579663,-4.122729738948045,0.0,0.009343762882053852,2.51763744600182,2.514160772985444
93.49137721800071,6.964618031387291,5.994833786432627,-0.12363357335481173,-2.7755575615628914e-17,-3.7317264310274023,-4.122619646438933,0.0,0.009380609728395939,2.545911779884129,2.543730491497339
93.54040163799982,6.964498518467112,5.994833786432627,-0.12320819755438817,-2.7755575615628914e-17,-3.7317283860453596,-4.122474602921849,0.0,0.009433750994503498,2.573662514990838,2.5733051176755475
93.59139763100029,6.9643551866287945,5.994833786432627,-0.12290751414819301,-2.7755575615628914e-17,-3.7316545677241297,-4.122368510080725,0.0,0.009366415441036224,2.6007151183967503,2.602881222501858
93.64114677399994,6.964140711156788,5.994833786432627,-0.12268431978282357,-2.7755575615628914e-17,-3.7316193193750666,-4.122306835748521,0.0,0.009388190694153309,2.637017966838232,2.6324553725090203
93.69253893800123,6.9639361654572065,5.994833786432627,-0.12240323965593558,-2.7755575615628914e-17,-3.7315344697267876,-4.122284847233691,0.0,0.009284916333854198,2.6548203252085747,2.662034770875176
93.7580592989998,6.963745744748007,5.994833786432627,-0.12218709672507666,-2.7755575615628914e-17,-3.7312020826209964,-4.122364792488508,0.0,0.009164131246507168,2.688854245622464,2.691619812892988
93.7915057629998,6.963514537897462,5.994833786432627,-0.11999131430420196,-2.7755575615628914e-17,-3.7316893585637194,-4.122560268999837,0.0,0.009171608835458755,2.7057839393668086,2.720707922504794
93.8415444680013,6.963141239058186,5.994833786432627,-0.12193002211804371,-2.7755575615628914e-17,-3.7313426411604302,-4.122642157969755,0.0,0.009235816076397896,2.740341458556296,2.750273185677865
93.89793892099988,6.96283172506782,5.994833786432627,-0.12014151194218448,-2.7755575615628914e-17,-3.731144688391343,-4.122982787743754,0.0,0.009292040951550007,2.776469774072579,2.7793571548384604
93.92504809999991,6.9625920639584455,5.994833786432627,-0.12282364808136226,-2.7755575615628914e-17,-3.731514070244134,-4.1235930999309645,0.0,0.009246825240552425,2.784847354482152,2.8089472869905467
93.99155525300012,6.962336886602466,5.994833786432627,-0.1234981817529015,-2.7755575615628914e-17,-3.7307876112903364,-4.124238552753607,0.0,0.009144586510956287,2.822197400474831,2.838548174940134
94.04271588499978,6.961909274510393,5.994833786432627,-0.1243467087123431,-2.7755575615628914e-17,-3.7310112212171544,-4.124719328815076,0.0,0.009117775596678257,2.849948135581541,2.868160329429899
94.09209103900139,6.961560642359534,5.994833786432627,-0.12458407749815936,-2.7755575615628914e-17,-3.730924112416372,-4.124920847488815,0.0,0.008991476148366928,2.889741642527011,2.897778637447076
94.14343489400017,6.961298318389392,5.994833786432627,-0.12485349054472916,-2.7755575615628914e-17,-3.7308307082016596,-4.125053025766823,0.0,0.008919350802898407,2.920110371511713,2.9274024814975386
94.19303027000024,6.961063786408326,5.994833786432627,-0.1255281771373682,-2.7755575615628914e-17,-3.730798075480328,-4.125154652694492,0.0,0.008894762955605984,2.950828166346813,2.957033994828315
94.24233834900042,6.960750072452665,5.994833786432627,-0.12649697966128315,-2.7755575615628914e-17,-3.7307114401795385,-4.125233433091578,0.0,0.008880489505827427,2.981371428256713,2.9866790955529856
94.29147653000109,6.960574466152754,5.994833786432627,-0.12753427491865743,-2.7755575615628914e-17,-3.730677294630144,-4.125223940423307,0.0,0.008889395743608475,3.012961887717811,3.0163253303326107
94.34462001800057,6.960541340893169,5.994833786432627,-0.12895825046816983,-2.7755575615628914e-17,-3.7305904167017316,-4.1252265732337925,0.0,0.00890759564936161,3.042457952076515,3.0459718919443737
94.39115229900017,6.960579067233064,5.994833786432627,-0.1305855784454525,-2.7755575615628914e-17,-3.730717628229152,-4.125168735033371,0.0,0.008914252743124962,3.071430417659622,3.0756209845940887
94.44181539000056,6.960552215204984,5.994833786432627,-0.13235687607053329,-2.7755575615628914e-17,-3.730641803958938,-4.125018662357758,0.0,0.008913079276680946,3.09970475154193,3.105278171995548
94.5065230729997,6.9606899560549955,5.994833786432627,-0.13396876049517217,-2.7755575615628914e-17,-3.7303959159425033,-4.124780367009982,0.0,0.008744606748223305,3.137752929235405,3.134931412054798
94.53255285399973,6.96097983175438,5.994833786432627,-0.1355577963556203,-2.7755575615628914e-17,-3.7310913554306513,-4.124513558160272,0.0,0.00867223460227251,-3.126757354947841,-3.118605424048644
94.5903654470003,6.961321673935611,5.994833786432627,-0.13698024146982318,-2.7755575615628914e-17,-3.730707991464987,-4.124213866333621,0.0,0.00859158206731081,-3.0997047515419296,-3.0889660403875565
94.64226512000096,6.961545048799501,5.994833786432627,-0.13640660494842857,-2.7755575615628914e-17,-3.7308815726668625,-4.124047122655525,0.0,0.008611725643277168,-3.0646236335768426,-3.059834372204265
94.70719229300084,6.961903601177226,5.994833786432627,-0.13938767984538514,-2.7755575615628914e-17,-3.7307252580321757,-4.12379491883802,0.0,0.008506129495799541,-3.027099054658965,-3.030210554265616
94.74261455899978,6.962360542405958,5.994833786432627,-0.1398836033762903,-2.7755575615628914e-17,-3.7313510214798837,-4.123608222437904,0.0,0.008427507244050503,-3.007900432887027,-3.000589181039883
94.79212064900094,6.962775371346798,5.994833786432627,-0.1402555668574016,-2.7755575615628914e-17,-3.7312570701439083,-4.123469692981964,0.0,0.008353002369403839,-2.981022362406315,-2.970970769063879
94.81832324100105,6.9629321976222025,5.994833786432627,-0.14068435681126468,-2.7755575615628914e-17,-3.731615073075487,-4.123423217442805,0.0,0.008440040983259678,-2.9532716272996047,-2.941353627473167
94.89686385800087,6.9632164588893195,5.994833786432627,-0.14105909144952777,-2.7755575615628914e-17,-3.730718626720708,-4.123510141280855,0.0,0.008438488468527794,-2.9153979825313283,-2.9117351636653566
94.95589284800008,6.963587424265117,5.994833786432627,-0.14125584940581615,-2.7755575615628914e-17,-3.7312855133692535,-4.123686903752761,0.0,0.008352094329893589,-2.8881708462002162,-2.882117746698769
94.9832707960013,6.963889602629368,5.994833786432627,-0.1404462457745861,-2.7755575615628914e-17,-3.7318652908331127,-4.123450502945993,0.0,0.008276400156319141,-2.86862315857788,-2.8525055186528876
95.04360538400033,6.963953892211821,5.994833786432627,-0.14141695706479118,-2.7755575615628914e-17,-3.731369280367875,-4.123082563003037,0.0,0.0083091389387846,-2.8321457772111986,-2.8224051231060834
95.09247619200141,6.964107979158563,5.994833786432627,-0.1389086148978722,-2.7755575615628914e-17,-3.7316107223200596,-4.1230239141913385,0.0,0.008398271165788174,-2.8024751799272947,-2.792797329277972
95.14175874400098,6.964353414896197,5.994833786432627,-0.13868439298562585,-2.7755575615628914e-17,-3.7316883389398456,-4.1231424855045775,0.0,0.008435346186161041,-2.7736772472693882,-2.7631896450523445
95.20439523200002,6.9646123565031,5.994833786432627,-0.1384474124084789,-2.7755575615628914e-17,-3.7314877524109185,-4.123130978192575,0.0,0.008483962155878544,-2.7338837403239173,-2.7335886675418655
95.23630975500055,6.9647967409036236,5.994833786432627,-0.14445111521506382,-2.7755575615628914e-17,-3.7320523742801774,-4.122817713128619,0.0,0.008538896217942238,-2.715383250252778,-2.7025236592818507
95.29858190100094,6.965041045838652,5.994833786432627,-0.13828983637726688,-2.7755575615628914e-17,-3.7316068220710243,-4.1227825715958595,0.0,0.008461578749120235,-2.6755897433073073,-2.6729381785533257
95.36208720500144,6.96538823612641,5.994833786432627,-0.13857016595708438,-2.7755575615628914e-17,-3.7316836594745917,-4.122640715276365,0.0,0.008421765640377998,-2.635796236361837,-2.6433527080829444
95.39318239600107,6.965751499629608,5.994833786432627,-0.13881435823864052,-2.7755575615628914e-17,-3.7323181157811116,-4.122518606615102,0.0,0.008398721925914288,-2.617644812141095,-2.6137744579312168
95.45531327800018,6.965997632775394,5.994833786432627,-0.13882762662181114,-2.7755575615628914e-17,-3.7318766637348477,-4.122385832784449,0.0,0.0084005706012249,-2.5872760831563943,-2.5842142466467077
95.48617481300062,6.966353154727387,5.994833786432627,-0.13909270771104,-2.7755575615628914e-17,-3.7324814300027698,-4.122244871895954,0.0,0.008357392624020576,-2.569124658935653,-2.5546500155947496
95.54842802600069,6.9668095903770375,5.994833786432627,-0.1396761019118573,-2.7755575615628914e-17,-3.7320800037497732,-4.122422013613242,0.0,0.008321032859385014,-2.5303783495413787,-2.5250826125874375
95.61121492300117,6.967248960298258,5.994833786432627,-0.14011732319695014,-2.7755575615628914e-17,-3.7321900485262614,-4.122690174437025,0.0,0.008324927650392056,-2.4911084413715066,-2.4955152076259193
95.64317377000043,6.967467129791249,5.994833786432627,-0.14020303590813565,-2.7755575615628914e-17,-3.732771323496443,-4.12298078426564,0.0,0.008341574110090733,-2.4727824842255663,-2.465954503748538
95.70701713400013,6.967771070186229,5.994833786432627,-0.13987465581164948,-2.7755575615628914e-17,-3.7323044301329653,-4.123087460670277,0.0,0.008187005296349525,-2.433163510205295,-2.4363893079556362
95.73892905100001,6.9681739155467195,5.994833786432627,-0.1398897119865623,-2.7755575615628914e-17,-3.732958020155906,-4.123256687490877,0.0,0.008196009323000908,-2.413441289657759,-2.4068204403427105
95.80106199900001,6.968566572154945,5.994833786432627,-0.14018419040873775,-2.7755575615628914e-17,-3.73256742418377,-4.1236006959795475,0.0,0.008081459440290928,-2.375567644889482,-2.3772558553962106
95.8323545610001,6.968763640718926,5.994833786432627,-0.14028630081686333,-2.7755575615628914e-17,-3.7331248196935314,-4.123920171608311,0.0,0.008100321516394615,-2.355845424341946,-2.347708559233031
95.89500219900037,6.969033368838076,5.994833786432627,-0.13813661078820494,-2.7755575615628914e-17,-3.7326627469740226,-4.124284306439356,0.0,0.008013850077986717,-2.316051917396475,-2.3186467645287596
95.9594010210003,6.9693875983829825,5.994833786432627,-0.13991020527094644,-2.7755575615628914e-17,-3.7327321640091236,-4.124435361406753,0.0,0.007906588725745678,-2.2769565421518023,-2.289086655542156
95.99052533800023,6.969669879873073,5.994833786432627,-0.13724537052612873,-2.7755575615628914e-17,-3.733366180806215,-4.124703582965771,0.0,0.007830329239368439,-2.2568852557538674,-2.2600220222043084
96.05343506400095,6.96973417031867,5.994833786432627,-0.13830629106377934,-2.7755575615628914e-17,-3.7328626771562132,-4.124795683734169,0.0,0.007831845432519913,-2.217266281733596,-2.2304780282023913
96.08485606500108,6.969878370999822,5.994833786432627,-0.13760309208873434,-2.7755575615628914e-17,-3.7334216072289896,-4.124854476591793,0.0,0.007781246677041054,-2.1992893904380546,-2.200925646770066
96.14704367300146,6.970102004745866,5.994833786432627,-0.13740059140648153,-2.7755575615628914e-17,-3.7329613355781692,-4.125167702233208,0.0,0.00770812900736928,-2.161066679819379,-2.1713665778778575
96.21009289300127,6.97029548374276,5.994833786432627,-0.13729420318583796,-2.7755575615628914e-17,-3.7330059816311216,-4.125558178561798,0.0,0.007581876125186682,-2.1230185021259023,-2.1418085667984723
96.24086601100134,6.970249530748896,5.994833786432627,-0.13693689659716624,-2.7755575615628914e-17,-3.733527173681505,-4.125939550447436,0.0,0.007445020601153374,-2.1057397425311586,-2.1122669278180126
96.30271499800074,6.970285557804334,5.994833786432627,-0.13626813968364226,-2.7755575615628914e-17,-3.7330243582910256,-4.12614240287564,0.0,0.007364905904978514,-2.0771163427984516,-2.0827144854422217
96.33340992100057,6.970418280844314,5.994833786432627,-0.1361450270140241,-2.7755575615628914e-17,-3.7335731215600547,-4.126521301296904,0.0,0.007378105074167252,-2.0601866490541063,-2.053152582061006
96.39600590400005,6.970527119897361,5.994833786432627,-0.13633830429553595,-2.7755575615628914e-17,-3.7330720406689255,-4.12708874801108,0.0,0.00721447728574276,-2.024058333537824,-2.023589299422121
96.45884003200081,6.970392940002743,5.994833786432627,-0.1364628035583717,-2.7755575615628914e-17,-3.733039653476981,-4.127732001253952,0.0,0.007127344608306885,-1.987406419245943,-1.9940382351308013
96.49051112900088,6.970357004175809,5.994833786432627,-0.13625653797244652,-2.7755575615628914e-17,-3.73354651714502,-4.128223197794615,0.0,0.006942025385797024,-1.9701276596511992,-1.9644743850546826
96.55308573100046,6.970410694347276,5.994833786432627,-0.13588461767114968,-2.7755575615628914e-17,-3.733039031698607,-4.128646854197213,0.0,0.0068244026042521,-1.932603080733321,-1.934900501367
96.58349165500113,6.970424370217215,5.994833786432627,-0.13598184829153048,-2.7755575615628914e-17,-3.7335803937641283,-4.129214906117602,0.0,0.00676729017868638,-1.9137535248117825,-1.905325993625102
96.64579585200045,6.970129215853196,5.994833786432627,-0.1362748056446237,-2.7755575615628914e-17,-3.7329682634952013,-4.1299285032267194,0.0,0.006657097022980452,-1.8771016105199017,-1.875768743260297
96.67710094600079,6.969980319758744,5.994833786432627,-0.13646269933170885,-2.7755575615628914e-17,-3.733451767853055,-4.130447059089475,0.0,0.0065269144251942635,-1.8477800790863967,-1.8461951693003158
96.73761369400017,6.969941670943915,5.994833786432627,-0.1345632812130686,-2.7755575615628914e-17,-3.7329628485220407,-4.131029438143433,0.0,0.006462280638515949,-1.8181094818024928,-1.8171040472325295
96.80087282600107,6.969895555232308,5.994833786432627,-0.13667587872177034,-2.7755575615628914e-17,-3.7328863445071074,-4.1313160606693335,0.0,0.006217743270099163,-1.780061304109017,-1.7875172958095968
96.83260364499984,6.969574544417998,5.994833786432627,-0.1362225851229597,-2.7755575615628914e-17,-3.7333405311934365,-4.131456902140031,0.0,0.006035445723682642,-1.7598154847858827,-1.7579453462407901
96.89359285499995,6.9693604661103565,5.994833786432627,-0.1353941898755413,-2.7755575615628914e-17,-3.732788674402875,-4.131346064486224,0.0,0.005945481825619936,-1.7315411509035745,-1.7283621705969219
96.95785050300037,6.969258242400248,5.994833786432627,-0.13514030912314,-2.7755575615628914e-17,-3.7327027803251953,-4.1313444951126685,0.0,0.005929435137659311,-1.6927948415093004,-1.6987702212547768
96.98874889699982,6.969192240688136,5.994833786432627,-0.1350275111140113,-2.7755575615628914e-17,-3.733240262343666,-4.131493299799473,0.0,0.005949837621301413,-1.6732471538869638,-1.669175436618548
97.05159036700024,6.969036217597505,5.994833786432627,-0.1350634845678373,-2.7755575615628914e-17,-3.7326750924511334,-4.131662310415544,0.0,0.005950045306235552,-1.6371188383706814,-1.6395893269808335
97.08132413500061,6.96903409281092,5.994833786432627,-0.13563361175533548,-2.7755575615628914e-17,-3.7332147860619296,-4.131852613437746,0.0,0.0059950766153633595,-1.6175711507483448,-1.6099913187567843
97.14403341800062,6.969192625656743,5.994833786432627,-0.13874651717077474,-2.7755575615628914e-17,-3.7327037054939676,-4.132302350387749,0.0,0.005885865073651075,-1.5796975059800675,-1.5798895910931043
97.1932756540009,6.969481047415908,5.994833786432627,-0.13793666867151286,-2.7755575615628914e-17,-3.7330636910595936,-4.1329092236475375,0.0,0.005837941542267799,-1.551597705022959,-1.5502728920280755
97.24306728600095,6.970012404998303,5.994833786432627,-0.1380417492005352,-2.7755575615628914e-17,-3.733185592028588,-4.133378272885334,0.0,0.005784393288195133,-1.5128513956286849,-1.5208445434487778
97.29439291500057,6.970613146199404,5.994833786432627,-0.14438972028501393,-2.7755575615628914e-17,-3.7333322793166728,-4.132792147584321,0.0,0.005759251303970814,-1.4845770617463767,-1.4899065320223726
97.34276483500071,6.971199271163025,5.994833786432627,-0.13857734628807167,-2.7755575615628914e-17,-3.733529145672934,-4.132741220653495,0.0,0.00578370550647378,-1.4564772607892678,-1.4604295200107735
97.39352203100134,6.9718112455673715,5.994833786432627,-0.1387439297963019,-2.7755575615628914e-17,-3.7336594047222085,-4.13261677227663,0.0,0.005763392895460129,-1.429075591532957,-1.430932411118433
97.4593031559998,6.972403494725869,5.994833786432627,-0.13817631024978105,-2.7755575615628914e-17,-3.733507995412983,-4.132759309412354,0.0,0.005758020561188459,-1.3922491443158769,-1.401555272787627
97.4818513450009,6.972960226957597,5.994833786432627,-0.13751112689230216,-2.7755575615628914e-17,-3.734332519306506,-4.132593996024198,0.0,0.005732996854931116,-1.3742722530203353,-1.3721435880438324
97.54272033800044,6.973471498489382,5.994833786432627,-0.13666436367420098,-2.7755575615628914e-17,-3.7338909023057023,-4.132722797668287,0.0,0.005621705669909716,-1.3479177813152206,-1.3427021576717872
97.59369590400092,6.973950273756499,5.994833786432627,-0.13595390514016314,-2.7755575615628914e-17,-3.734228610730096,-4.133241442236956,0.0,0.005515411030501127,-1.3215633096101063,-1.3132304953825602
97.65877543600072,6.974267094763647,5.994833786432627,-0.1343575381028661,-2.7755575615628914e-17,-3.734016850647153,-4.134101651593245,0.0,0.005428091157227755,-1.2849113953182254,-1.2838482556828477
97.6929483010008,6.974499480490556,5.994833786432627,-0.1324523748076536,-2.7755575615628914e-17,-3.734628549962678,-4.134683480278602,0.0,0.005386934150010347,-1.2664109052470855,-1.2544249467949053
97.759111759,6.974655818127252,5.994833786432627,-0.1307434000422556,-2.7755575615628914e-17,-3.7340888580468947,-4.135496436782647,0.0,0.005428764503449202,-1.230282589730803,-1.224965402340405
97.78346983099982,6.9747772406512,5.994833786432627,-0.12952684587823482,-2.7755575615628914e-17,-3.7348051346278024,-4.136642387239428,0.0,0.005451271776109934,-1.211083967958865,-1.1954693812335941
97.84283825100101,6.974867437846689,5.994833786432627,-0.12837998841850484,-2.7755575615628914e-17,-3.734305148886498,-4.138144661255169,0.0,0.005530499387532473,-1.172337658564591,-1.1660418985685288
97.89376840099976,6.974934166865121,5.994833786432627,-0.127828848398146,-2.7755575615628914e-17,-3.7344930676361403,-4.139414905499788,0.0,0.0054145436733961105,-1.1430161271310866,-1.1365691813203074
97.95021268600067,6.974972592958153,5.994833786432627,-0.12744510413720356,-2.7755575615628914e-17,-3.734394171124984,-4.140945234527935,0.0,0.005424425937235355,-1.1135200627723822,-1.1070577315975225
98.00986360299976,6.975000919106369,5.994833786432627,-0.12498208355658313,-2.7755575615628914e-17,-3.7343325285722964,-4.142430061730083,0.0,0.005411691032350063,-1.0718066936497177,-1.07800561725771
98.03351421300067,6.9749490882365155,5.994833786432627,-0.12454306454658925,-2.7755575615628914e-17,-3.7348549899410135,-4.143764693428168,0.0,0.005412171129137278,-1.0515608743265838,-1.0490087347798909
98.09323424000104,6.974923671173688,5.994833786432627,-0.1266153875486591,-2.7755575615628914e-17,-3.7343183753528932,-4.144816525961879,0.0,0.0054692113772034645,-1.021541211192281,-1.01947512664489
98.14920388700011,6.974942862026915,5.994833786432627,-0.12736762442527172,-2.7755575615628914e-17,-3.7343900221684905,-4.146207147188303,0.0,0.0055440934374928474,-0.9810495725460129,-0.9899054569601832
98.18347205800092,6.975016944270278,5.994833786432627,-0.1283106605623623,-2.7755575615628914e-17,-3.734765115933207,-4.147586512959452,0.0,0.005482247564941645,-0.9519025740377072,-0.9603034858442651
98.2498008069997,6.974813163332135,5.994833786432627,-0.12901572194256694,-2.7755575615628914e-17,-3.734142814730399,-4.148734380884647,0.0,0.0053126332350075245,-0.9231046413798007,-0.930707856706702
98.28264973600017,6.974709814096081,5.994833786432627,-0.1298677470002676,-2.7755575615628914e-17,-3.7346947131877775,-4.149734592514256,0.0,0.005348492879420519,-0.903906019607863,-0.9010810376962937
98.3495542590008,6.974687026645585,5.994833786432627,-0.13072774809470356,-2.7755575615628914e-17,-3.734096521857286,-4.150677054245358,0.0,0.0053740511648356915,-0.8665559736151849,-0.8714293282883346
98.38253151000026,6.974755880834916,5.994833786432627,-0.13164937324895076,-2.7755575615628914e-17,-3.7347063075633566,-4.1515125667537705,0.0,0.00532034644857049,-0.8480554835440448,-0.8417546840235611
98.44979104600134,6.974635952557701,5.994833786432627,-0.13233644783605403,-2.7755575615628914e-17,-3.7340744659443463,-4.15233802944849,0.0,0.005339782685041428,-0.8127998326537593,-0.812106443892884
98.48310672700063,6.974619265375744,5.994833786432627,-0.1330079367481214,-2.7755575615628914e-17,-3.7346639983833585,-4.152955967985256,0.0,0.005225175525993109,-0.7857472292478471,-0.7824336628486583
98.54942990400014,6.974678666468669,5.994833786432627,-0.13361616312859415,-2.7755575615628914e-17,-3.7341067539582786,-4.153520370627016,0.0,0.005236391443759203,-0.7567747636647413,-0.752741700738188
98.5837928130004,6.974833064125026,5.994833786432627,-0.13430764361234093,-2.7755575615628914e-17,-3.7347211944155716,-4.1540732935382945,0.0,0.005198359023779631,-0.728849495632832,-0.7230317501722507
98.64172870600123,6.974674318497768,5.994833786432627,-0.13489168843278243,-2.7755575615628914e-17,-3.734267671853686,-4.154646862000597,0.0,0.005272980779409409,-0.6918485154905518,-0.6933464533287115
98.69402120199993,6.974637995961321,5.994833786432627,-0.1354040986574938,-2.7755575615628914e-17,-3.7343855805011503,-4.154959365874388,0.0,0.005323739256709814,-0.6620033852814493,-0.6636412750573235
98.74285899999995,6.974691518245581,5.994833786432627,-0.13587972412265592,-2.7755575615628914e-17,-3.7344641915883714,-4.155157079803138,0.0,0.005298848729580641,-0.6339035843243401,-0.6339220662606582
98.79345390399976,6.9748375540178955,5.994833786432627,-0.13420295362205614,-2.7755575615628914e-17,-3.734471505287162,-4.155320712970796,0.0,0.005353574641048908,-0.6065019150680295,-0.6046870996902975
98.84216959600053,6.974835424560989,5.994833786432627,-0.13685269107967546,-2.7755575615628914e-17,-3.734497134438437,-4.155285083370985,0.0,0.005294570233672857,-0.5784021141109208,-0.5749590454532086
98.89445407700077,6.974958707078489,5.994833786432627,-0.13741655716292733,-2.7755575615628914e-17,-3.7344679618368004,-4.1552513768792645,0.0,0.00535819586366415,-0.5410520681182422,-0.5452199213832961
98.94951867300006,6.975182310714773,5.994833786432627,-0.13807618392635668,-2.7755575615628914e-17,-3.734480280656372,-4.155300246883639,0.0,0.005383892450481653,-0.5143485305627289,-0.5154727091185314
98.97739461899982,6.975515382924511,5.994833786432627,-0.13876008243388482,-2.7755575615628914e-17,-3.734970521549704,-4.155408160756361,0.0,0.005427161231637001,-0.4954989746411904,-0.48571807294864144
99.0278906780004,6.975720881770651,5.994833786432627,-0.13941526722381936,-2.7755575615628914e-17,-3.7347045886078862,-4.1555199870480415,0.0,0.005374089814722538,-0.4691445029360759,-0.4559778166986525
99.09170126900062,6.976041037101779,5.994833786432627,-0.1401596631700528,-2.7755575615628914e-17,-3.734526136497857,-4.1554731128774325,0.0,0.005395227577537298,-0.4321435227937962,-0.4262299290537467
99.12954598400029,6.976413560704428,5.994833786432627,-0.14041149659668806,-2.7755575615628914e-17,-3.7350907675377414,-4.155387333572587,0.0,0.005339871160686016,-0.40421825476188644,-0.3964791263965336
99.19171445699976,6.976827857644047,5.994833786432627,-0.13990787025113227,-2.7755575615628914e-17,-3.734774531748778,-4.154959671874328,0.0,0.005351243540644646,-0.3762929867299776,-0.3667278415432745
99.25347603800037,6.976912112061525,5.994833786432627,-0.14153173282408038,-2.7755575615628914e-17,-3.7348040773952125,-4.154381545128908,0.0,0.005409800913184881,-0.3377212102609026,-0.336469854850564
99.28526783200141,6.9770476289826595,5.994833786432627,-0.13859038610866192,-2.7755575615628914e-17,-3.735334872907731,-4.153827948520579,0.0,0.0053436108864843845,-0.3199188518905607,-0.30671007725295074
99.34803350000038,6.9772284803128635,5.994833786432627,-0.1377093790368904,-2.7755575615628914e-17,-3.7348664906389017,-4.153174943759089,0.0,0.005419917870312929,-0.2809980095710869,-0.276953683484741
99.41190480700061,6.977360772758228,5.994833786432627,-0.14352516104907664,-2.7755575615628914e-17,-3.7348840546535005,-4.152409090758096,0.0,0.005556926596909761,-0.2417281014012147,-0.24571404776583533
99.44274072200096,6.9774568202560445,5.994833786432627,-0.13718777363454426,-2.7755575615628914e-17,-3.7354495612453396,-4.1520981174094125,0.0,0.005589240230619907,-0.2221804137788781,-0.21596651028959807
99.50374714200007,6.97766262856865,5.994833786432627,-0.13711286410886525,-2.7755575615628914e-17,-3.7350173650436327,-4.151643707483997,0.0,0.0056061348877847195,-0.19320794819577225,-0.18621997751550406
99.53575127300064,6.977967940262336,5.994833786432627,-0.1377211528709481,-2.7755575615628914e-17,-3.7355831911227946,-4.151349530015719,0.0,0.005744950845837593,-0.17348572764823622,-0.15647448962612373
99.59732276000068,6.978341571108942,5.994833786432627,-0.13864670352563724,-2.7755575615628914e-17,-3.7351870507022964,-4.1513035478827325,0.0,0.005806136876344681,-0.13578661580515883,-0.12673183487873574
99.66154795700095,6.978646192556699,5.994833786432627,-0.13949677539649025,-2.7755575615628914e-17,-3.7352301844828486,-4.15113198296424,0.0,0.005867133382707834,-0.09564404300928953,-0.09699654657992461
99.69256663700071,6.979055417054755,5.994833786432627,-0.13996818418095502,-2.7755575615628914e-17,-3.7358742732755186,-4.150823026480774,0.0,0.005826910957694054,-0.07539822368615479,-0.06726328589757419
99.75602732300104,6.97951904315648,5.994833786432627,-0.14014810491133425,-2.7755575615628914e-17,-3.7354738224966546,-4.150402382464852,0.0,0.005802121013402939,-0.036302848441482016,-0.037534255613678374
99.78676457700021,6.980044535349312,5.994833786432627,-0.14053820927256755,-2.7755575615628914e-17,-3.73614441689188,-4.149957179270082,0.0,0.0059442478232085705,-0.016231562043547587,-0.007809323579555692
99.8498179420003,6.980520512100644,5.994833786432627,-0.14108365726505356,-2.7755575615628914e-17,-3.735740477530227,-4.149640871636987,0.0,0.005950844381004572,0.02408554367752158,0.02190978320345622
99.91351807800129,6.981077418694666,5.994833786432627,-0.14131279097704158,-2.7755575615628914e-17,-3.735899240931241,-4.149265559331688,0.0,0.005956605076789856,0.06300638599699537,0.05162561806322984
99.94369907000146,6.981650834155785,5.994833786432627,-0.14120541339799014,-2.7755575615628914e-17,-3.7365759553166105,-4.148912215296188,0.0,0.005888490471988916,0.08325220532012967,0.08133657094965606
100.00579798200124,6.982210642781199,5.994833786432627,-0.14070445230240297,-2.7755575615628914e-17,-3.736208670715844,-4.148493552642541,0.0,0.005908214021474123,0.12269664641520128,0.11103815046882348
100.0367582910003,6.982628705804051,5.994833786432627,-0.1383731904327543,-2.7755575615628914e-17,-3.7368428732668746,-4.148257584200367,0.0,0.005987732671201229,0.14084807063594207,0.14022903152499558
100.0989708470006,6.983114650103894,5.994833786432627,-0.14019266698178423,-2.7755575615628914e-17,-3.7364525080778503,-4.148019654744585,0.0,0.006008622702211142,0.18064157758141297,0.16991512742326415
100.13033895800072,6.9835835745959685,5.994833786432627,-0.13768105561136756,-2.7755575615628914e-17,-3.7370889958888,-4.148015124961108,0.0,0.006056377198547125,0.2087413785385217,0.19910672181758193
100.19186805600111,6.984019152114288,5.994833786432627,-0.1388126050720253,-2.7755575615628914e-17,-3.736709944094776,-4.148023281604088,0.0,0.006085851229727268,0.22794000031045947,0.2287909419069625
100.25417043800007,6.984267280537823,5.994833786432627,-0.13754563750596027,-2.7755575615628914e-17,-3.736764153653672,-4.147998297760808,0.0,0.006153681315481663,0.26494098045273917,0.2584679591914149
100.28585976100112,6.9844835947107455,5.994833786432627,-0.13572261281964582,-2.7755575615628914e-17,-3.737325273474758,-4.147701724600772,0.0,0.005998500622808933,0.2837905363742781,0.2881434178002192
100.34988758700092,6.984626882589495,5.994833786432627,-0.1335765986736912,-2.7755575615628914e-17,-3.7368179069254612,-4.1472034006767595,0.0,0.006057459861040115,0.3216641811425549,0.3178170148274222
100.38081117900037,6.9847299104588805,5.994833786432627,-0.13181820440191871,-2.7755575615628914e-17,-3.737405298762904,-4.146909835172808,0.0,0.006209036335349083,0.3405137370640938,0.34749304272638926
100.44294430400078,6.984736316392289,5.994833786432627,-0.13027823658165927,-2.7755575615628914e-17,-3.7368808613627165,-4.146797523700675,0.0,0.006209991406649351,0.37699111843077526,0.37717595477744176
100.50610193400098,6.984717527672552,5.994833786432627,-0.12877046048712004,-2.7755575615628914e-17,-3.7368589426462497,-4.1466875198643,0.0,0.006111380644142628,0.4157374278250492,0.4068578681857509
100.53800297199996,6.984623735592437,5.994833786432627,-0.12709408089270302,-2.7755575615628914e-17,-3.7373677569138786,-4.146611336295016,0.0,0.006156051531434059,0.4351105825221864,0.4365392294244133
100.60166779000065,6.984478824003076,5.994833786432627,-0.1253560678447332,-2.7755575615628914e-17,-3.7367834841646155,-4.146511100271731,0.0,0.006243327632546425,0.47263516144006434,0.46622054930798595
100.63340096400134,6.984243586439917,5.994833786432627,-0.1242580415015524,-2.7755575615628914e-17,-3.7372609535266115,-4.146457822227421,0.0,0.006348463706672192,0.49200831613720153,0.49590551146857437
100.6956423419997,6.984021100396263,5.994833786432627,-0.12352544249410657,-2.7755575615628914e-17,-3.736692649347981,-4.146633833367719,0.0,0.006230308208614588,0.530580092606276,0.5255918045029893
100.75759786600065,6.983784085524667,5.994833786432627,-0.12307032588379574,-2.7755575615628914e-17,-3.7366419627960714,-4.146908973814025,0.0,0.006146515253931284,0.5677556056737556,0.5552811220050575
100.78886165299991,6.983514447370375,5.994833786432627,-0.12263048052275272,-2.7755575615628914e-17,-3.7370726265976026,-4.147208049043172,0.0,0.006200859323143959,0.5869542274456929,0.5849700870480172
100.85210035500131,6.983104828770256,5.994833786432627,-0.1222359558966688,-2.7755575615628914e-17,-3.7364353588450254,-4.147348508192415,0.0,0.006122829392552376,0.6246533392887708,0.6146569040456327
100.88231166500009,6.982763053441322,5.994833786432627,-0.1202001514167641,-2.7755575615628914e-17,-3.7368849631506063,-4.147556499986611,0.0,0.006211226340383291,0.6421066318087139,0.643852299026842
100.94399758500003,6.982454785092294,5.994833786432627,-0.12259483351491052,-2.7755575615628914e-17,-3.7362793345543692,-4.147782132106273,0.0,0.006297391373664141,0.6709045644666203,0.6735476098915285
101.0056342429998,6.982134173801071,5.994833786432627,-0.12299383345778381,-2.7755575615628914e-17,-3.7362076600069396,-4.1480922581068915,0.0,0.006398729979991913,0.7077310116837006,0.7032489693682098
101.03692676300125,6.9816277546939824,5.994833786432627,-0.12322908220058948,-2.7755575615628914e-17,-3.7365658095828467,-4.1483350759270525,0.0,0.006266457494348288,0.7262315017548406,0.732961186421756
101.09861661100149,6.981202005299726,5.994833786432627,-0.12316951170740387,-2.7755575615628914e-17,-3.735956154365576,-4.1484417050443545,0.0,0.00623541371896863,0.7642796794483169,0.762675167985903
101.16103525200015,6.980837668364202,5.994833786432627,-0.12357115935359841,-2.7755575615628914e-17,-3.735838095533563,-4.1486430518374116,0.0,0.006232386454939842,0.8016297254409954,0.7923934679685457
101.19200950600134,6.980521926656437,5.994833786432627,-0.12416708275519461,-2.7755575615628914e-17,-3.736273388661443,-4.148935353306291,0.0,0.006153196562081575,0.8203047484373349,0.8221157712236553
101.25449274600032,6.980158250123101,5.994833786432627,-0.12487947720734915,-2.7755575615628914e-17,-3.7356607893802796,-4.149159328082411,0.0,0.0061853500083088875,0.85870199198121,0.851847195160508
101.28467912900123,6.9799317669487015,5.994833786432627,-0.1279827992705289,-2.7755575615628914e-17,-3.7361258172557705,-4.1493490731476985,0.0,0.006197249982506037,0.8766788832767514,0.8820755319758924
101.34780332800074,6.979806558633926,5.994833786432627,-0.12735728918593558,-2.7755575615628914e-17,-3.7355412720570476,-4.149761932473672,0.0,0.00618432741612196,0.9149015938954275,0.9118112539975065
101.41072311400058,6.9797538418038965,5.994833786432627,-0.128751803366695,-2.7755575615628914e-17,-3.7355493435031795,-4.150038628636526,0.0,0.00617873203009367,0.9534733703645024,0.9415403254389493
101.4415720449997,6.979627880190752,5.994833786432627,-0.12977113033034948,-2.7755575615628914e-17,-3.7360322422174623,-4.150096392981519,0.0,0.006094754207879305,0.9728465250616392,0.9712506316979075
101.50306900200121,6.979620390013481,5.994833786432627,-0.13650219962404408,-2.7755575615628914e-17,-3.7355344663589034,-4.149570767118757,0.0,0.00615756306797266,1.0012953918691467,1.0024473089028805
101.53402923100111,6.979678090259323,5.994833786432627,-0.13135161099949255,-2.7755575615628914e-17,-3.7360499074756968,-4.149455674344194,0.0,0.00610074307769537,1.020494013641084,1.032160103007621
101.59653765900111,6.979800837238013,5.994833786432627,-0.13229057767266927,-2.7755575615628914e-17,-3.735556698791023,-4.14936862896514,0.0,0.00606972211971879,1.0573204608581648,1.0618649482934328
101.65920413000094,6.979880568782015,5.994833786432627,-0.13298614765243344,-2.7755575615628914e-17,-3.7355892404888507,-4.1491796246330335,0.0,0.006037216167896986,1.0960667702524391,1.091550067009204
101.68984937999994,6.980009785883298,5.994833786432627,-0.1331133717934947,-2.7755575615628914e-17,-3.73613958459759,-4.148811025090934,0.0,0.005926104728132486,1.1156144578747753,1.1212362758577898
101.75208795500112,6.980153852563434,5.994833786432627,-0.13290034065834067,-2.7755575615628914e-17,-3.735653532834196,-4.148396311200113,0.0,0.005935832392424345,1.1533135697178531,1.1509248487372084
101.78497721700114,6.980288083862007,5.994833786432627,-0.13288322193087532,-2.7755575615628914e-17,-3.736191764966232,-4.148026406165991,0.0,0.005964036565274,1.1817624365253607,1.1806047463802702
101.84767878500134,6.980263592987602,5.994833786432627,-0.13273123362614236,-2.7755575615628914e-17,-3.735681962925151,-4.147815582932509,0.0,0.005984794814139605,1.2119566325848625,1.2102626035885595
101.91038082399973,6.980278711996637,5.994833786432627,-0.13234592574136594,-2.7755575615628914e-17,-3.7356924840983345,-4.147491266989844,0.0,0.005952736362814903,1.2493066785775415,1.2399254701073905
101.94180800600043,6.980290656416845,5.994833786432627,-0.13172965588944185,-2.7755575615628914e-17,-3.736202873007167,-4.147200914656428,0.0,0.005806782282888889,1.2683307674242794,1.269594462885771
102.00325156300096,6.980232761258255,5.994833786432627,-0.13092948444128916,-2.7755575615628914e-17,-3.7356989368923332,-4.146928612433635,0.0,0.0058244070969522,1.3062044121925567,1.2992592217481127
102.0344233070009,6.979936276587462,5.994833786432627,-0.13053176526637866,-2.7755575615628914e-17,-3.7361193999522864,-4.146734626973166,0.0,0.005916205700486898,1.3233086388621,1.3289116491092057
102.09642236400032,6.97971215305369,5.994833786432627,-0.1302039499232277,-2.7755575615628914e-17,-3.735541262021832,-4.146625540307369,0.0,0.005960837472230196,1.3517575056696085,1.358572045754863
102.15860379900005,6.979526105619655,5.994833786432627,-0.1279621772328936,-2.7755575615628914e-17,-3.735491690241101,-4.146641043633519,0.0,0.0059557463973760605,1.3877112882606912,1.3877467845181386
102.19015955000032,6.9792981913544985,5.994833786432627,-0.12960313341345675,-2.7755575615628914e-17,-3.735942300652973,-4.146522098679483,0.0,0.005902457982301712,1.4069099100326294,1.4174124233439174
102.25333041700105,6.978825639428649,5.994833786432627,-0.12695672127305246,-2.7755575615628914e-17,-3.735283604296141,-4.146530970317395,0.0,0.006012598518282175,1.4435618243245099,1.4465665563565848
102.28573406299984,6.978458392857358,5.994833786432627,-0.1287872676874724,-2.7755575615628914e-17,-3.735707531599227,-4.1464340346987365,0.0,0.006047143135219812,1.462760446096448,1.476226843798592
102.34836373700091,6.978183723538763,5.994833786432627,-0.12900297123954463,-2.7755575615628914e-17,-3.7351240566043744,-4.1465630333884,0.0,0.006037543993443251,1.5015067554907215,1.5058975549720703
102.41178093100098,6.977930270921414,5.994833786432627,-0.12942104426388076,-2.7755575615628914e-17,-3.7350419154337873,-4.146627261594742,0.0,0.006067528389394283,1.5395549331841982,1.5355721800098907
102.44304895599998,6.977537977031769,5.994833786432627,-0.12984592999863442,-2.7755575615628914e-17,-3.735473358424924,-4.146622962287864,0.0,0.0060254777781665325,1.5594516866569332,1.5652419160927908
102.50633642899993,6.97726735999423,5.994833786432627,-0.1301414158661548,-2.7755575615628914e-17,-3.7348712929284376,-4.146413709884996,0.0,0.0060998485423624516,1.5992451936024041,1.594919244967655
102.5358532600003,6.9771374278032745,5.994833786432627,-0.13112003964314184,-2.7755575615628914e-17,-3.735381298542983,-4.146372965330873,0.0,0.006118332501500845,1.6191419470751391,1.624605126982836
102.59813662800116,6.977046338009542,5.994833786432627,-0.13252331958846753,-2.7755575615628914e-17,-3.734830268926827,-4.146476822696479,0.0,0.006041777320206165,1.6571901247686158,1.6542910713121513
102.66024431500045,6.976790726655336,5.994833786432627,-0.13396564294769553,-2.7755575615628914e-17,-3.7347644106288067,-4.146552623839645,0.0,0.005985090974718332,1.6968090987888873,1.6839676518050364
102.6906807560008,6.976690147796711,5.994833786432627,-0.13502129910984167,-2.7755575615628914e-17,-3.7352518273476885,-4.146474971114355,0.0,0.0059251487255096436,1.7167058522616223,1.713650915654931
102.75282921100006,6.976731652619769,5.994833786432627,-0.13593728874667788,-2.7755575615628914e-17,-3.399480120781976,-4.146238744793281,0.0,0.0058255610056221485,1.7453292519943293,1.7433397956056946
102.78425401800087,6.976826254546495,5.994833786432627,-0.13717642347677073,-2.7755575615628914e-17,-3.3998701034038374,-4.146034964369122,0.0,0.00593619653955102,1.764702406691467,1.773026019214311
102.84823976600092,6.976768101976094,5.994833786432627,-0.13848645361591116,-2.7755575615628914e-17,-3.0995926224165657,-4.145918179171047,0.0,0.005788940470665693,1.801179788058148,1.8026995335812699
102.91132233600001,6.976871612973837,5.994833786432627,-0.13948046208778342,-2.7755575615628914e-17,-2.9996233741173013,-4.145635816526368,0.0,0.005725204013288021,1.8394024986768231,1.8323761672663237
102.94290870500117,6.977091124198172,5.994833786432627,-0.14019403833800403,-2.7755575615628914e-17,-2.9999058228817836,-4.14444684095244,0.0,0.005766475107520819,1.858077521673163,1.862040163638361
103.00700488900111,6.977241871479687,5.994833786432627,-0.1377277630318332,-2.7755575615628914e-17,-2.699725065139861,-4.140048142155893,0.0,0.005829908419400454,1.8956021005910415,1.8911583590011913
103.03699045699977,6.97706721653138,5.994833786432627,-0.137647903500433,-2.7755575615628914e-17,-2.699938634585701,-4.130304530791001,0.0,0.006008385214954615,1.9141025906621811,1.9206663110806599
103.1009750129997,6.9767886288772605,5.994833786432627,-0.13315769033379898,-2.7755575615628914e-17,-2.3998088064442595,-4.113583932452908,0.0,0.00607181154191494,1.9519762354304575,1.9500362557027433
103.13247271799992,6.976286122000953,5.994833786432627,-0.12629600158019327,-2.7755575615628914e-17,-2.399952613057279,-4.090420783050176,0.0,0.005887611303478479,1.969604060875601,1.9792276773457356
103.1948642110001,6.975363902079722,5.994833786432627,-0.11673384126056163,-2.7755575615628914e-17,-2.0998755518253196,-4.062090411560302,0.0,0.005492441356182098,2.008175837344676,2.0081821414443333
103.245098323001,6.973749919857425,5.994833786432627,-0.10410597467188798,-2.7755575615628914e-17,-2.099919769361443,-4.027976248578133,0.0,0.005140120163559914,2.037322835852981,2.0368296254342972
103.30093786100042,6.971477151737601,5.994833786432627,-0.08817970327628677,-2.7755575615628914e-17,-2.0999010469503236,-3.988043448406107,0.0,0.004551106132566929,2.0772908757236506,2.0651867904722763
103.32868823300123,6.968394566420334,5.994833786432627,-0.06926077282503895,-2.7755575615628914e-17,-2.099975111155616,-3.9424292849328415,0.0,0.004036630969494581,2.0968385633459867,2.093215280287611
103.37797343200145,6.964260109632076,5.994833786432627,-0.04891252827722137,-2.7755575615628914e-17,-2.0999228816250857,-3.891300965285558,0.0,0.003372441278770566,2.125985561854293,2.1213250734436957
103.43463516600059,6.958991824753064,5.994833786432627,-0.021664294088877156,-2.7755575615628914e-17,-2.099897507534536,-3.8340365324859733,0.0,0.0027079745195806026,2.162462943220974,2.1485478929200874
103.49553288700008,6.952544169617359,5.994833786432627,0.005665903300945407,-2.7755575615628914e-17,-1.9998994070815113,-3.774470173386304,0.0,0.0023867760319262743,2.190737277103282,2.175367307355274
103.54589138300071,6.944434041295532,5.994833786432627,0.029690408208326025,-2.7755575615628914e-17,-1.99992837610512,-3.7139775644127955,0.0,0.0021804908756166697,2.2165681500327983,2.2031003586729248
103.60118411800067,6.93532391763403,5.994833786432627,0.06607159099638538,-2.7755575615628914e-17,-1.999915185999226,-3.6515615663730325,0.0,0.0020767797250300646,2.249554872895491,2.229121331727745
103.66092638000009,6.9248234157760455,5.994833786432627,0.09664795573043228,-2.7755575615628914e-17,-1.9999013719054153,-3.594661720751957,0.0,0.0021850403863936663,2.2722441531714175,2.2547952495634367
103.68461249600114,6.912995467523825,5.994833786432627,0.12726714818915452,-2.7755575615628914e-17,-1.9999845479268425,-3.5400285288162987,0.0,0.0024649060796946287,2.2870794518133692,2.2801216570309215
103.74378459299987,6.899872570066131,5.994833786432627,0.15705927059114977,-2.7755575615628914e-17,-1.9999011896514682,-3.4875492942584705,0.0,0.002830490004271269,2.3078488699121023,2.305122449799672
103.79553748299986,6.885488503350439,5.994833786432627,0.18573541575847008,-2.7755575615628914e-17,-1.9999249704056683,-3.437756302960948,0.0,0.003354670712724328,2.333854275766818,2.329822171122827
103.85966218500107,6.869919989743609,5.994833786432627,0.21247632772767666,-2.7755575615628914e-17,-1.9998831786455105,-3.3907953355353047,0.0,0.003880175296217203,2.3610814120979278,2.354247834032419
103.89525764000064,6.853356773628152,5.994833786432627,0.23626881915258213,-2.7755575615628914e-17,-1.9999639539413328,-3.3463879671475105,0.0,0.004407883621752262,2.374520447338286,2.3784135189637303
103.95184003600116,6.835896673129243,5.994833786432627,0.2578633299099302,-2.7755575615628914e-17,-1.9999087335845374,-3.3044871572408443,0.0,0.004627616610378027,2.4005258531930007,2.4023416231797103
104.0024471350007,6.817580353956408,5.994833786432627,0.2772770446881143,-2.7755575615628914e-17,-1.899937529110572,-3.265349273377009,0.0,0.004955190699547529,2.4211207383665343,2.426055429169609
104.02989881900066,6.798448609840116,5.994833786432627,0.2946825126968222,-2.7755575615628914e-17,-1.8999811624218177,-3.228725588225071,0.0,0.005222438368946314,2.4336871089808927,2.449578924309697
104.1012837090002,6.778780204365034,5.994833786432627,0.30901717855641486,-2.7755575615628914e-17,-1.6999094156876642,-3.1942866880080576,0.0,0.005637029185891151,2.461263311162403,2.472920607095202
104.15189421500145,6.758693646256868,5.994833786432627,0.32088011177857667,-2.7755575615628914e-17,-1.4999684780789708,-3.161792977512946,0.0,0.0057501764968037605,2.4820327292611353,2.4960933224833233
104.21862155000053,6.73864209118008,5.994833786432627,0.3310133286341479,-2.7755575615628914e-17,-1.1999717631581712,-3.130051010475174,0.0,0.005987885873764753,2.511877859470239,2.518716010907213
104.24547360399993,6.718001566187141,5.994833786432627,0.3345120444344307,-2.7755575615628914e-17,-1.1999954259631116,-3.0989913273316994,0.0,0.0062750536017119884,2.5268876910373894,2.541550359211427
104.31208160700044,6.697690115255415,5.994833786432627,0.33866365071719473,-2.7755575615628914e-17,-1.199971529154314,-3.0660136607616204,0.0,0.006256264168769121,2.5572564200220906,2.5638235856007974
104.3372211700007,6.677033072394222,5.994833786432627,0.3400615623772467,-2.7755575615628914e-17,-1.1999959877696718,-3.0307580874493274,0.0,0.0059976340271532536,2.572789850364842,2.586260546275891
104.39486781500091,6.656367863888485,5.994833786432627,0.34297754394195157,-2.7755575615628914e-17,-1.199978443596218,-2.9900936527690174,0.0,0.005673041567206383,2.5958281964911665,2.6084420888836646
104.44579243800035,6.63564082057403,5.994833786432627,0.3457987887650926,-2.7755575615628914e-17,-1.199983210759978,-2.9441410605401788,0.0,0.005349534098058939,2.61921560846789,2.6302167420525935
104.49511670900029,6.614935824581588,5.994833786432627,0.34842989093524535,-2.7755575615628914e-17,-1.1999838561470926,-2.893078246681087,0.0,0.004913322627544403,2.6509806008541865,2.651676990303055
104.54551142200035,6.594250318882862,5.994833786432627,0.3503773335006588,-2.7755575615628914e-17,-1.199983318074133,-2.8386106915223435,0.0,0.004738125950098038,2.674018946980512,2.672799677996893
104.60130158799984,6.5735253203008845,5.994833786432627,0.35334407235455767,-2.7755575615628914e-17,-1.1999793234133238,-2.7827039433804246,0.0,0.004409287124872208,2.69635916140604,2.6935767508100823
104.629097164001,6.552609986989688,5.994833786432627,0.3573919265489047,-2.7755575615628914e-17,-1.1999948095258317,-2.7270740981390618,0.0,0.004157134797424078,2.7110199271227913,2.713950802760425
104.67872459300088,6.531564391709682,5.994833786432627,0.3621734312889383,-2.7755575615628914e-17,-1.1999834769939026,-2.672674151868494,0.0,0.004048743285238743,2.7314402793711254,2.73400067048533
104.73510086300121,6.5103634595095805,5.994833786432627,0.3675910341720364,-2.7755575615628914e-17,-1.1999783605608736,-2.6202950063670114,0.0,0.004302820190787315,2.75779475107624,2.7537394561204427
104.79548196799988,6.489028268176939,5.994833786432627,0.37293381977391193,-2.7755575615628914e-17,-1.2999686564284565,-2.570253915211517,0.0,0.0043098959140479565,2.7762952411473796,2.773179971036901
104.84598434100008,6.467327657046212,5.994833786432627,0.37749251859888894,-2.7755575615628914e-17,-1.299977410572647,-2.5223679146163818,0.0,0.0044702207669615746,2.7937485336673227,2.792325081419349
104.89418444200055,6.4455227716703885,5.994833786432627,0.38202175319165704,-2.7755575615628914e-17,-1.2999793830193753,-2.477015937601342,0.0,0.004478792659938335,2.8164378139432493,2.8112069661253836
104.94780574400102,6.423593806918522,5.994833786432627,0.3867780109523146,-2.7755575615628914e-17,-1.2999752711697279,-2.4343914440674763,0.0,0.0045283520594239235,2.832145777211198,2.8298477905423716
104.99728301100004,6.401555246020457,5.994833786432627,0.39151348255488894,-2.7755575615628914e-17,-1.2999783620456025,-2.395548114371948,0.0,0.004673801828175783,2.8471556087783494,2.8482731956873106
105.0461431950007,6.3795333247800485,5.994833786432627,0.39576629435892713,-2.7755575615628914e-17,-1.2999774419299637,-2.360081636007025,0.0,0.004900077823549509,2.8612927757195035,2.866190959951246
105.1018910620005,6.3572002225323505,5.994833786432627,0.39711501529535265,-2.7755575615628914e-17,-1.2999719293196157,-2.328318350545631,0.0,0.005095715634524822,2.8804913974914417,2.8842437718332072
105.12939135600027,6.334994388657752,5.994833786432627,0.3976503334490057,-2.7755575615628914e-17,-1.2999931307815895,-2.2982434063808643,0.0,0.005232085939496756,2.884854720621428,2.9021397018918815
105.18299444500008,6.312980414042747,5.994833786432627,0.39648943660790537,-2.7755575615628914e-17,-1.299973377359638,-2.270139195780183,0.0,0.0053770276717841625,2.8995154863381796,2.9198892927869373
105.2466702769998,6.290770936272043,5.994833786432627,0.3939732211069508,-2.7755575615628914e-17,-1.2999630503098691,-2.2435613816118787,0.0,0.005527714267373085,2.9185395751849184,2.937479022355935
105.30916496300051,6.268961435866861,5.994833786432627,0.3900279059583158,-2.7755575615628914e-17,-1.2999632517707278,-2.218158029890745,0.0,0.005503364838659763,2.9396580591340493,2.954941157761636
105.3401235399997,6.247615729532258,5.994833786432627,0.3836966012811151,-2.7755575615628914e-17,-1.2999909551084488,-2.19358655681499,0.0,0.005644898861646652,2.950304567571215,2.972278586196838
105.4036089780002,6.226709398408799,5.994833786432627,0.3768436700850308,-2.7755575615628914e-17,-1.5999291237508966,-2.1698957168586412,0.0,0.005704662296921015,2.9724702490715424,2.989495502168054
105.43475187000149,6.2057486344763415,5.994833786432627,0.37048752035514254,-2.7755575615628914e-17,-1.5999832633145095,-2.1472014858982527,0.0,0.005627479869872332,2.9841639550599055,3.006574122291568
105.49671425999986,6.184958243409495,5.994833786432627,0.36382565776316667,-2.7755575615628914e-17,-1.8998821294447308,-2.125405137531664,0.0,0.005481172353029251,3.007900432887027,3.023827600719506
105.55918039200151,6.1651151969844395,5.994833786432627,0.35601012963377265,-2.7755575615628914e-17,-1.8998843181660778,-2.103749559749212,0.0,0.005509586539119482,3.0314623777889507,3.040693649662584
105.59052039200105,6.146031190795028,5.994833786432627,0.34496411638260993,-2.7755575615628914e-17,-1.8999695035892368,-2.0842468269078664,0.0,0.005500292405486107,3.0438542154781096,3.0574749519323565
105.65338163300112,6.126590033347136,5.994833786432627,0.32845241517613866,-2.7755575615628914e-17,-1.8998801388275635,-2.0685813774786435,0.0,0.005472810938954353,3.0682888250060314,3.0749807619996914
105.68503640200106,6.109001807071874,5.994833786432627,0.31281262414826383,-2.7755575615628914e-17,-1.899969400173706,-2.0571009691296327,0.0,0.005290066823363304,3.085567584600776,3.0916531109036196
105.74742656300077,6.09237762713378,5.994833786432627,0.2961644813411925,-2.7755575615628914e-17,-1.8998791684098195,-2.053159527799794,0.0,0.005041905678808689,3.10249727834512,3.108378251468374
105.81177591400046,6.076780471571349,5.994833786432627,0.27788374195029414,-2.7755575615628914e-17,-1.8998749633770766,-2.054903390760319,0.0,0.004738150164484978,3.1248374927706477,3.125190003403342
105.84138332700059,6.061724427419685,5.994833786432627,0.25785442504840295,-2.7755575615628914e-17,-1.8999713062813819,-2.0602938022783412,0.0,0.00452409079298377,3.129898947601431,-3.1411058275016672
105.90486496700032,6.0478558137283525,5.994833786432627,0.23634843604136746,-2.7755575615628914e-17,-1.8998739656537973,-2.0675079856535437,0.0,0.004465583246201277,-3.131818809778625,-3.1240978859563913
105.93643305300066,6.035076009102509,5.994833786432627,0.21558117986729342,-2.7755575615628914e-17,-1.899968731721044,-2.075541851502183,0.0,0.004235070198774338,-3.121695900117058,-3.1069730907169233
106.00397935900037,6.023325966733656,5.994833786432627,0.1966759336772641,-2.7755575615628914e-17,-1.8998572464913963,-2.0837011609124043,0.0,0.004023584071546793,-3.1021482124947215,-3.0897364624066674
106.03044990000126,6.011709117666769,5.994833786432627,0.17769322707981777,-2.7755575615628914e-17,-1.8999777343071556,-2.0914544482880753,0.0,0.003972556442022324,-3.086963848002371,-3.0724666471268747
106.09190389000105,6.001209861505574,5.994833786432627,0.15909180510099832,-2.7755575615628914e-17,-2.099837677678075,-2.0980375473571833,0.0,0.003934770356863737,-3.070383220108425,-3.055095527797104
106.15480175800076,5.991805502537693,5.994833786432627,0.1402330769210102,-2.7755575615628914e-17,-2.09983155733878,-2.1035710063463147,0.0,0.0038100245874375105,-3.0490902032340936,-3.037637377768968
106.18597066999973,5.983490026771232,5.994833786432627,0.12145159164607533,-2.7755575615628914e-17,-2.0999577191184855,-2.1081112334927585,0.0,0.0037391213700175285,-3.0377455630961308,-3.020105490151896
106.24906604700118,5.975346953989287,5.994833786432627,0.10244032592319069,-2.7755575615628914e-17,-2.0998271248595364,-2.111774444888784,0.0,0.0037409160286188126,-3.0145326840446063,-3.0025720122988004
106.31108638600017,5.968278950494024,5.994833786432627,0.08640870552704666,-2.7755575615628914e-17,-2.099833924821075,-2.115807529914614,0.0,0.0035151641350239515,-2.992017936693879,-2.9852488334375824
106.34244307800145,5.961995720042734,5.994833786432627,0.07140094022034149,-2.7755575615628914e-17,-2.099956309221722,-2.1216766144767476,0.0,0.0031566910911351442,-2.979800631929919,-2.9675369051563503
106.40514780500052,5.956561631393636,5.994833786432627,0.058514173497199395,-2.7755575615628914e-17,-2.09982993434439,-2.129100512633239,0.0,0.0028250650502741337,-2.956762285803594,-2.9500241990080314
106.43623276900144,5.950752993750092,5.994833786432627,0.046595215485100594,-2.7755575615628914e-17,-2.0999574076127545,-2.13732559734538,0.0,0.002689128974452615,-2.945068579815232,-2.9321544508521913
106.4982703200003,5.94563855621303,5.994833786432627,0.037241282926692654,-2.7755575615628914e-17,-2.0998310385683125,-2.1458165750508678,0.0,0.002520532114431262,-2.9213321019881087,-2.9141786758177877
106.5597919869997,5.9411662898383355,5.994833786432627,0.028325818361899513,-2.7755575615628914e-17,-2.0998353367319136,-2.154149320138997,0.0,0.0024339864030480385,-2.9040533423933645,-2.8961050940802857
106.59108411800116,5.937302511420948,5.994833786432627,0.019775243518013297,-2.7755575615628914e-17,-2.0999567126328325,-2.162050912598917,0.0,0.0022989646531641483,-2.892010570554604,-2.8779422552552756
106.65335143800075,5.933148747647268,5.994833786432627,0.011315914782548564,-2.7755575615628914e-17,-2.099832121167289,-2.1692339924897395,0.0,0.0023193792439997196,-2.869146757353478,-2.85974300229986
106.68489529900035,5.929579500651709,5.994833786432627,0.004218736002506662,-2.7755575615628914e-17,-2.0999552767341214,-2.175540355222716,0.0,0.002306014997884631,-2.857278518439917,-2.841464647891317
106.74815564500022,5.926555873731352,5.994833786432627,-0.002324461959976709,-2.7755575615628914e-17,-2.0998251952400695,-2.18120251884636,0.0,0.0022033394780009985,-2.8333675076875946,-2.8231184846133837
106.81142553000063,5.924041054409656,5.994833786432627,-0.008892855377350184,-2.7755575615628914e-17,-2.09982520420014,-2.186106043585041,0.0,0.002132249064743519,-2.8101546286360697,-2.804713611377565
106.84181494299992,5.921058805540606,5.994833786432627,-0.015263517120442827,-2.7755575615628914e-17,-2.099957900121602,-2.1902775707764617,0.0,0.002114737406373024,-2.7977627909469103,-2.7862901231865687
106.90447457700066,5.918631365058797,5.994833786432627,-0.02108122577793836,-2.7755575615628914e-17,-2.0998274388548754,-2.193603124647286,0.0,0.002010325202718377,-2.77315364849379,-2.767817876483398
106.93666631000087,5.916718664242726,5.994833786432627,-0.026672046153778606,-2.7755575615628914e-17,-2.0999539131926426,-2.196423844518133,0.0,0.0019384280312806368,-2.761110876655029,-2.7493061339593905
106.99783678000131,5.915300484253619,5.994833786432627,-0.03227413529667966,-2.7755575615628914e-17,-2.099835256997202,-2.1987191138009017,0.0,0.0017408238491043448,-2.7375489317531057,-2.7307619801026366
107.06158803400103,5.913563773400545,5.994833786432627,-0.038318546661103015,-2.7755575615628914e-17,-2.0998225188051136,-2.200522367124893,0.0,0.0017078627133741975,-2.712939789299986,-2.7122079926656375
107.0918753370006,5.912358997119571,5.994833786432627,-0.04372491790539357,-2.7755575615628914e-17,-2.0999582669457983,-2.201750427866823,0.0,0.001648257952183485,-2.700897017461225,-2.693630515251709
107.14800669000033,5.911642135060635,5.994833786432627,-0.04844975341695301,-2.7755575615628914e-17,-2.0998615310125226,-2.2025173021962705,0.0,0.0016849370440468192,-2.682571060315284,-2.6753481781443633
107.19667526500052,5.911390272075508,5.994833786432627,-0.05432028967679148,-2.7755575615628914e-17,-1.999908970738572,-2.2029062740445973,0.0,0.0016687439056113362,-2.665292300720541,-2.656744658316447
107.24536914800046,5.910662501055601,5.994833786432627,-0.0594018743438135,-2.7755575615628914e-17,-1.9999098003242723,-2.2030321979183713,0.0,0.0015632178401574492,-2.6474899423501985,-2.6381724031866476
107.29709880400151,5.910420340242156,5.994833786432627,-0.06381830206564021,-2.7755575615628914e-17,-1.9998974139123311,-2.2026892454241027,0.0,0.0013299124548211694,-2.623404398672677,-2.6195904257787803
107.36134089500047,5.910625405315731,5.994833786432627,-0.06810812023299517,-2.7755575615628914e-17,-1.9998435863720616,-2.2020307922796905,0.0,0.0012354315258562565,-2.6063001720031327,-2.601010834358783
107.39698780500112,5.911234061994343,5.994833786432627,-0.07219475285485888,-2.7755575615628914e-17,-1.9999510250161703,-2.1999566703406446,0.0,0.0012907269410789013,-2.5942574001643712,-2.5824483396482787
107.46023686900116,5.911244371512956,5.994833786432627,-0.07599870927056163,-2.7755575615628914e-17,-1.999849199139523,-2.1964989775901347,0.0,0.001315803499892354,-2.5656340004316642,-2.563928271211013
107.48696063300122,5.911695006845822,5.994833786432627,-0.07904704945595487,-2.7755575615628914e-17,-1.999972030262051,-2.1919299483185037,0.0,0.0012512070825323462,-2.5544638932189008,-2.545441572864635
107.54622444900087,5.912574410058159,5.994833786432627,-0.08255132397662635,-2.7755575615628914e-17,-1.99986627397579,-2.186660094984581,0.0,0.0011303876526653767,-2.537185133624157,-2.5266899085781898
107.6135311449998,5.913766144740488,5.994833786432627,-0.08455519050110183,-2.7755575615628914e-17,-1.9998282192833217,-2.1809571140328425,0.0,0.0010570951271802187,-2.514321320423031,-2.5082927152460583
107.63584704200002,5.914457262059371,5.994833786432627,-0.08690670671088163,-2.7755575615628914e-17,-1.9999805923632374,-2.1751434628945803,0.0,0.0009530067327432334,-2.502104015659071,-2.4899332190819097
107.69587915400007,5.9155072168577885,5.994833786432627,-0.08844169398209711,-2.7755575615628914e-17,-1.9998634588262154,-2.169180745169769,0.0,0.0009371251799166203,-2.4834289926627315,-2.471623238493917
107.74732846700135,5.916752020418363,5.994833786432627,-0.0921371670855704,-2.7755575615628914e-17,-1.9998983372050776,-2.16323586266074,0.0,0.0008450915920548141,-2.459517981910409,-2.452453942347205
107.79581714600135,5.918240453414211,5.994833786432627,-0.09163768946989581,-2.7755575615628914e-17,-1.9999104960447576,-2.1573214389928057,0.0,0.0008413283503614366,-2.4410174918392697,-2.4342498055512025
107.84651372100052,5.9193773431591135,5.994833786432627,-0.09291188622855784,-2.7755575615628914e-17,-1.9999021909367285,-2.1518542269535517,0.0,0.0008671178948134184,-2.421644337142132,-2.4160989169416935
107.89574741300021,5.920823365704118,5.994833786432627,-0.09382659675718741,-2.7755575615628914e-17,-1.9999077505301248,-2.146534071307498,0.0,0.0008008399745449424,-2.4033183799961915,-2.3979924100721646
107.94741589499972,5.922553709144527,5.994833786432627,-0.09483804826487807,-2.7755575615628914e-17,-1.9998992727184828,-2.1414467579361895,0.0,0.0007331363740377128,-2.3855160216258495,-2.3799331540556916
107.99562104400138,5.924257408092636,5.994833786432627,-0.09593960391586998,-2.7755575615628914e-17,-1.999910987282504,-2.136537814965031,0.0,0.0008229240193031728,-2.3678881961807066,-2.361918617283352
108.06107129200063,5.925439879962883,5.994833786432627,-0.0969549906922178,-2.7755575615628914e-17,-1.9998383481723707,-2.1318550937619025,0.0,0.0009688508580438793,-2.344500784203983,-2.343947823714405
108.09707888600133,5.926941858716764,5.994833786432627,-0.09755248648750459,-2.7755575615628914e-17,-1.9999503366983689,-2.1273394232019083,0.0,0.001115072751417756,-2.33315614406602,-2.3260151718665187
108.14629352200063,5.928737236099081,5.994833786432627,-0.09824620101258752,-2.7755575615628914e-17,-1.9999082021704773,-2.123044877094771,0.0,0.0008316111634485424,-2.31151406134129,-2.3081236266664424
108.19812751300014,5.930556327000616,5.994833786432627,-0.09915011424259323,-2.7755575615628914e-17,-1.9998987446895458,-2.1188989037719828,0.0,0.0008924594148993492,-2.2952824992977425,-2.2902691443188545
108.24673552500099,5.931961052432488,5.994833786432627,-0.10012070145063756,-2.7755575615628914e-17,-1.9999103366978885,-2.114985153549389,0.0,0.0009064971818588674,-2.2783528055533977,-2.2724486589070674
108.29892337700039,5.933673199597407,5.994833786432627,-0.10062024037427153,-2.7755575615628914e-17,-1.9998973169906502,-2.1112405352898707,0.0,0.0010258732363581657,-2.26229577643505,-2.254661905794153
108.36268549000124,5.935663946359393,5.994833786432627,-0.10113839143411496,-2.7755575615628914e-17,-1.9998473634490934,-2.1077469186686013,0.0,0.0010289369383826852,-2.2415263583363174,-2.236911239298856
108.38826667800095,5.937620241135599,5.994833786432627,-0.10117718058655067,-2.7755575615628914e-17,-1.9999754848265066,-2.1044688425093376,0.0,0.0011013590265065432,-2.2303562511235535,-2.219483703779448
108.44653022400053,5.939357186419721,5.994833786432627,-0.10366257433043768,-2.7755575615628914e-17,-1.9998695981868722,-2.1011964826331746,0.0,0.0010552438907325268,-2.213950156154807,-2.2011915951271868
108.49858535800013,5.941434166420804,5.994833786432627,-0.10107191636551738,-2.7755575615628914e-17,-1.9998968096628589,-2.0982180328452826,0.0,0.0011953376233577728,-2.1917844746544795,-2.1844067332711314
108.5470718530014,5.943540285245603,5.994833786432627,-0.10333100578348386,-2.7755575615628914e-17,-1.9999113712500307,-2.095497056084794,0.0,0.0011977937538176775,-2.1750293138353336,-2.1667666644386614
108.59662369000034,5.94586007990204,5.994833786432627,-0.10328535283852491,-2.7755575615628914e-17,-1.9999074417246587,-2.092815320602716,0.0,0.0010487496620044112,-2.157925087165789,-2.149157966648802
108.64691951700115,5.947622405463987,5.994833786432627,-0.10348534467720738,-2.7755575615628914e-17,-1.9999046343802347,-2.090277144322449,0.0,0.0010583832627162337,-2.1409953934214436,-2.1315508024058705
108.69515323900123,5.949639482957043,5.994833786432627,-0.10331357988515244,-2.7755575615628914e-17,-1.9999125474981425,-2.0878523818423584,0.0,0.0010594971245154738,-2.123193035051102,-2.1139748135448095
108.7467469710009,5.951877956589219,5.994833786432627,-0.10316438660903915,-2.7755575615628914e-17,-1.9998996057176384,-2.085503317160256,0.0,0.0012247469276189804,-2.106263341306757,-2.096431702071221
108.79520666700046,5.954310189777743,5.994833786432627,-0.10311629346113582,-2.7755575615628914e-17,-1.9999114565810463,-2.0832073595311202,0.0,0.0013474002480506897,-2.089333647562412,-2.078919181418968
108.84719512500124,5.955943217607933,5.994833786432627,-0.10317319001401692,-2.7755575615628914e-17,-1.9998987144036473,-2.0810368122768415,0.0,0.001399582950398326,-2.066120768510887,-2.0614254944834736
108.89697245100069,5.9578263529863715,5.994833786432627,-0.10259560757375152,-2.7755575615628914e-17,-1.999908417690867,-2.079066471287578,0.0,0.0012879533460363746,-2.0493656076917417,-2.043956551437332
108.96344695400148,5.95991750534139,5.994833786432627,-0.1020115390792431,-2.7755575615628914e-17,-1.9998326717699568,-2.0772774137828707,0.0,0.0012121328618377447,-2.0326104468725963,-2.0265139205993785
108.99693400800061,5.962191950292306,5.994833786432627,-0.1014667236476785,-2.7755575615628914e-17,-1.9999577861497069,-2.0755003640000576,0.0,0.0011567168403416872,-2.0214403396598324,-2.009096135671283
109.06062869300149,5.9637631104888165,5.994833786432627,-0.10111860057688737,-2.7755575615628914e-17,-1.99984816625495,-2.0737849732911124,0.0,0.0010739725548774004,-1.9940386704035216,-1.9917035267279957
109.08738888500011,5.965570652953681,5.994833786432627,-0.10034192778632622,-2.7755575615628914e-17,-1.9999741494638374,-2.0721530414154654,0.0,0.0012130627874284983,-1.982868563190758,-1.974330800092376
109.14688622700123,5.967571298829931,5.994833786432627,-0.09968442027536861,-2.7755575615628914e-17,-1.999864965420674,-2.070579828334221,0.0,0.001081042573787272,-1.9664624682220109,-1.9569797878326507
109.2107281589997,5.9696774121288545,5.994833786432627,-0.0982507173216397,-2.7755575615628914e-17,-1.9998504053742319,-2.0692048891434713,0.0,0.0010631856275722384,-1.9448203854972814,-1.9399370581684559
109.24207868899975,5.970957914373307,5.994833786432627,-0.09792574714456048,-2.7755575615628914e-17,-1.9999621155014013,-2.0678582863974415,0.0,0.0010469189146533608,-1.9331266795089193,-1.9226121374672769
109.30351509499997,5.972442284809744,5.994833786432627,-0.09610714861057956,-2.7755575615628914e-17,-1.9998600211801956,-2.0665603377028927,0.0,0.0010283843148499727,-1.9102628663077934,-1.9053034371031108
109.33447010600139,5.974109774516714,5.994833786432627,-0.09469330482793914,-2.7755575615628914e-17,-1.9999632556750075,-2.065439986052622,0.0,0.000941795005928725,-1.8992672920202294,-1.8880123704265275
109.3974048730015,5.975933148676647,5.994833786432627,-0.09354845456239236,-2.7755575615628914e-17,-1.9998534955628302,-2.0643950583739006,0.0,0.0009323495905846357,-1.8771016105199017,-1.8707370211992365
109.46048331900056,5.9769774970822045,5.994833786432627,-0.0925718760085188,-2.7755575615628914e-17,-1.9998507125783138,-2.0634342804475825,0.0,0.0008025729330256581,-1.8545868631691744,-1.8534754160506435
109.49268885700076,5.978223835283498,5.994833786432627,-0.09100217757419726,-2.7755575615628914e-17,-1.9999615302729659,-2.0625005225046777,0.0,0.0006666846456937492,-1.8437658218068096,-1.8362254635218247
109.55442739800128,5.979641187710931,5.994833786432627,-0.0894161353600596,-2.7755575615628914e-17,-1.9998574755646978,-2.061662363487498,0.0,0.0005540830898098648,-1.8275342597632627,-1.8189892912978773
109.58681185000023,5.981222534439064,5.994833786432627,-0.08831904498568455,-2.7755575615628914e-17,-1.9999608748763595,-2.0609084008071514,0.0,0.0004500241775531322,-1.8170622842512967,-1.8017648512586548
109.64836866100086,5.981524355684992,5.994833786432627,-0.08818389867333576,-2.7755575615628914e-17,-1.9998583632555171,-2.0601831756637314,0.0,0.0002412202738923952,-1.7968164649281622,-1.7842298905285505
109.71165377200123,5.98251721290447,5.994833786432627,-0.0860724223668014,-2.7755575615628914e-17,-1.9998523244291129,-2.0596263265968564,0.0,0.0001546355488244444,-1.7765706456050279,-1.766998448066816
109.74396436700044,5.983696563806382,5.994833786432627,-0.0849544247577132,-2.7755575615628914e-17,-1.9999608259246227,-2.0590322097043052,0.0,-9.427656186744571e-05,-1.7666222688686604,-1.7497818425478417
109.80602256600105,5.984966789844525,5.994833786432627,-0.08570065619894418,-2.7755575615628914e-17,-1.9998561929156333,-2.0583282173730453,0.0,-0.00014970515621826053,-1.748819910498318,-1.7317082979091694
109.83732351300023,5.9857252702804775,5.994833786432627,-0.08347271646161875,-2.7755575615628914e-17,-1.9999634146529692,-2.057804009901955,0.0,-0.00022600450029131025,-1.7400932642383464,-1.7144841268424793
109.90037162200133,5.986709021705525,5.994833786432627,-0.08274694826971168,-2.7755575615628914e-17,-1.9998530349892663,-2.0573380642319816,0.0,-0.00012474259710870683,-1.7243853009703978,-1.697271860830745
109.9626116899999,5.987876092484679,5.994833786432627,-0.08207672494315268,-2.7755575615628914e-17,-1.9998575904123665,-2.056903502864581,0.0,-0.00038182863499969244,-1.7114698645056396,-1.6800751723925813
109.99344813900098,5.98897030279637,5.994833786432627,-0.08129779038743751,-2.7755575615628914e-17,-1.999963332835035,-2.056436283055151,0.0,-0.00043640832882374525,-1.7055357450488589,-1.6628799508446956
110.05643033399974,5.989575009852757,5.994833786432627,-0.08045465298173154,-2.7755575615628914e-17,-1.9998525657427653,-2.055981060154024,0.0,-0.0006396131939254701,-1.6961109670880896,-1.6456685263199924
110.0883494460013,5.990388644464756,5.994833786432627,-0.0793921633724905,-2.7755575615628914e-17,-1.9999627507894102,-2.0556439721159387,0.0,-0.0006442929152399302,-1.6927948415093004,-1.6284698181074413
110.15120197000033,5.991364167659125,5.994833786432627,-0.07832386247861345,-2.7755575615628914e-17,-1.9998532741741177,-2.055368850636909,0.0,-0.0006788118625991046,-1.6886060513045138,-1.6112865910507137
110.21321300999989,5.992212406219058,5.994833786432627,-0.07721513314163703,-2.7755575615628914e-17,-1.999856388793679,-2.0551159539573165,0.0,-0.0007584926206618547,-1.6873843208281178,-1.594104014288427
110.24428175400135,5.992446615531354,5.994833786432627,-0.07596745917706994,-2.7755575615628914e-17,-1.9999639960575997,-2.054978102241153,0.0,-0.0008537670946680009,-1.6879079196037163,-1.5769040837561605
110.30471229100112,5.992879734090579,5.994833786432627,-0.07421500689833847,-2.7755575615628914e-17,-1.9998647019003049,-2.054861953955846,0.0,-0.000856892904266715,-1.6901768476313088,-1.5597144225670214
110.3359968370005,5.9934785366329555,5.994833786432627,-0.07276489021318201,-2.7755575615628914e-17,-1.999963580612608,-2.0548695676529953,0.0,-0.0009097825968638062,-1.6927948415093004,-1.5425369887929992
110.39816616400094,5.993973874619026,5.994833786432627,-0.07156987486818968,-2.7755575615628914e-17,-1.999856154023215,-2.0549497310685507,0.0,-0.0009822217980399728,-1.6999506914424771,-1.5253580414080612
110.46202120999988,5.993871148827999,5.994833786432627,-0.06990865869290755,-2.7755575615628914e-17,-1.999851687291702,-2.0551285825053722,0.0,-0.0008750770939514041,-1.7093754694032464,-1.5084468521476473
110.49235391900038,5.994009564289207,5.994833786432627,-0.0689636405536311,-2.7755575615628914e-17,-1.999964507821094,-2.0553602032795912,0.0,-0.000968598120380193,-1.7144369242340298,-1.4912570805151055
110.55542969800081,5.9942929610771545,5.994833786432627,-0.06694747410165178,-2.7755575615628914e-17,-1.9998535942958051,-2.0556003366784372,0.0,-0.0010310763027518988,-1.7259560972971923,-1.4743624024056237
110.58544914000049,5.994555892356398,5.994833786432627,-0.06647042552875157,-2.7755575615628914e-17,-1.9999658644675002,-2.0559436955225876,0.0,-0.0010080753127112985,-1.7320647496791728,-1.4571726412631583
110.64893012799985,5.994378480816803,5.994833786432627,-0.06577660280042766,-2.7755575615628914e-17,-1.9998512905398176,-2.0564303334707423,0.0,-0.0010058314073830843,-1.743932988592734,-1.4399495905172175
110.71311132400115,5.9944309528606645,5.994833786432627,-0.06490709352284557,-2.7755575615628914e-17,-1.999849922190163,-2.057010204249913,0.0,-0.0010326389456167817,-1.755626694581096,-1.4227333070176367
110.74403507600073,5.994678698951591,5.994833786432627,-0.0642441741556854,-2.7755575615628914e-17,-1.99996347707943,-2.057674250820334,0.0,-0.0011093458160758018,-1.7612117481874778,-1.4055247007864262
110.8088163930006,5.994954718554604,5.994833786432627,-0.063894714992068,-2.7755575615628914e-17,-1.9998469576047524,-2.058266230376312,0.0,-0.001164404209703207,-1.7711601249238453,-1.38830678589955
110.83958558599988,5.994975548399367,5.994833786432627,-0.06391938058692881,-2.7755575615628914e-17,-1.9999632199725288,-2.058919125686738,0.0,-0.0011068382300436497,-1.7762215797546295,-1.3710541216178627
110.90105503500126,5.995223097907179,5.994833786432627,-0.06386687731731444,-2.7755575615628914e-17,-1.9998602408564872,-2.059607536913321,0.0,-0.0010914558079093695,-1.7854718247901993,-1.3538105867990282
110.9651961060008,5.99566885229805,5.994833786432627,-0.06399982110732849,-2.7755575615628914e-17,-1.9998510449502571,-2.060272742153779,0.0,-0.0010843320051208138,-1.7915804771721793,-1.3365770592232016
110.99595283600138,5.996161779305321,5.994833786432627,-0.06430308151610697,-2.7755575615628914e-17,-1.9999627183020607,-2.06086388694577,0.0,-0.0011313232826068997,-1.79751459662896,-1.3193422418942744
111.0580724090014,5.996440123026421,5.994833786432627,-0.06463459852937453,-2.7755575615628914e-17,-1.9998582165312282,-2.061439333531928,0.0,-0.0010845853248611093,-1.8032741831605412,-1.302090470775322
111.08969205200083,5.996924776900564,5.994833786432627,-0.06484565789798569,-2.7755575615628914e-17,-1.9999623471687387,-2.061984569604093,0.0,-0.0010749767534434795,-1.8072884404401284,-1.2848473270241594
111.15315811999972,5.99758069213588,5.994833786432627,-0.06521461666523543,-2.7755575615628914e-17,-1.9998505838646823,-2.0625782552865606,0.0,-0.0011544950539246202,-1.815666020849701,-1.2676139005044202
111.21815917800086,5.998198247679371,5.994833786432627,-0.06553099268558804,-2.7755575615628914e-17,-1.9998499490024504,-2.063050318452216,0.0,-0.0011722581693902612,-1.8238690683340744,-1.2503760697361717
111.2478037790006,5.998410230982442,5.994833786432627,-0.06569350533783258,-2.7755575615628914e-17,-1.999964289836045,-2.063526589397733,0.0,-0.001055180444382131,-1.8282323914640601,-1.2331118562955041
111.31089276300008,5.9987906508478215,5.994833786432627,-0.06476408024675429,-2.7755575615628914e-17,-1.9998567803538805,-2.0640196557132717,0.0,-0.0011642106110230088,-1.8378317023500292,-1.2161440444731744
111.34213698300118,5.999364430831566,5.994833786432627,-0.06528011560401559,-2.7755575615628914e-17,-1.9999623036887655,-2.0644677623683507,0.0,-0.0010208431631326675,-1.8428931571808127,-1.19889946004001
111.40523173800102,5.999873845396776,5.994833786432627,-0.06542923624511254,-2.7755575615628914e-17,-1.9998544720882443,-2.0649132910265995,0.0,-0.0008159135468304157,-1.8537141985431775,-1.181654995952538
111.43624659000125,5.9999104394382075,5.994833786432627,-0.06559035295081905,-2.7755575615628914e-17,-1.9999638650484934,-2.065312584737444,0.0,-0.000863055232912302,-1.8592992521495593,-1.1643969978044064
111.49978954300059,6.000158013624329,5.994833786432627,-0.06531640043608855,-2.7755575615628914e-17,-1.9998489307278027,-2.0656424600422443,0.0,-0.0009589174878783524,-1.8711674910631209,-1.1471469251585442
111.5636599870013,6.000580651069464,5.994833786432627,-0.065079682564404,-2.7755575615628914e-17,-1.9998487288642135,-2.0658567581936347,0.0,-0.0009610425913706422,-1.8826866641262834,-1.129906455103963
111.5954737330012,6.000952051018328,5.994833786432627,-0.06495102894084981,-2.7755575615628914e-17,-1.9999623818982075,-2.065966039611121,0.0,-0.0009019150747917593,-1.8884462506578643,-1.1126647399922
111.658228702001,6.000880575627617,5.994833786432627,-0.0649927822304468,-2.7755575615628914e-17,-1.9998560401311984,-2.065977870391793,0.0,-0.0009548951056785882,-1.900314489571426,-1.0954035797887396
111.68918561600003,6.001076587781553,5.994833786432627,-0.06550003775916569,-2.7755575615628914e-17,-1.999963974635777,-2.0660128934629856,0.0,-0.0009125515935011208,-1.9062486090282067,-1.0778651411143036
111.7511542960001,6.001453736870563,5.994833786432627,-0.06515065908096884,-2.7755575615628914e-17,-1.9998585743363595,-2.0660549444683376,0.0,-0.0009617653558962047,-1.9182913808669675,-1.0606246328008062
111.78507277500103,6.001752868599715,5.994833786432627,-0.065460707994759,-2.7755575615628914e-17,-1.9999582093714918,-2.0659299028838207,0.0,-0.000836095423437655,-1.9270180271269393,-1.0433876339884853
111.84563567800069,6.0014745681160635,5.994833786432627,-0.06577159694785095,-2.7755575615628914e-17,-1.9998617194284343,-2.065661027516727,0.0,-0.0008526272722519934,-1.9357446733869108,-1.026140060375783
111.90805698400072,6.001535515845717,5.994833786432627,-0.06737203187817897,-2.7755575615628914e-17,-1.9998556281380404,-2.065257557671428,0.0,-0.0008630122756585479,-1.9435986550208857,-1.00804331856943
111.93885747600143,6.001736255873455,5.994833786432627,-0.06545177156765114,-2.7755575615628914e-17,-1.9999646733821839,-2.0648241674006265,0.0,-0.0009266863344237208,-1.948660109851669,-0.9908204457913531
112.00222493000001,6.001923703105213,5.994833786432627,-0.06535527431704602,-2.7755575615628914e-17,-1.9998540035445225,-2.064193339736323,0.0,-0.0009300893871113658,-1.9580848878124384,-0.9736016584854496
112.06372982300127,6.001696394771366,5.994833786432627,-0.0655442557995849,-2.7755575615628914e-17,-1.9998589720086353,-2.0635175601023086,0.0,-0.0008829475264064968,-1.9678587316236065,-0.9563703574278484
112.09517325600063,6.001725584845864,5.994833786432627,-0.06539667451359732,-2.7755575615628914e-17,-1.9999631953192405,-2.0628700102210873,0.0,-0.0008798828348517418,-1.9727456535291907,-0.9391533145671268
112.15628245900007,6.001970038866561,5.994833786432627,-0.06524894563492267,-2.7755575615628914e-17,-1.99986188885078,-2.0621104960959293,0.0,-0.0009141640039160848,-1.982519497340359,-0.9219521268972601
112.18863519099978,6.002249183938705,5.994833786432627,-0.06536985718827648,-2.7755575615628914e-17,-1.999961244827182,-2.061281791660711,0.0,-0.0008688121451996267,-1.9877554850963417,-0.9047572149988788
112.25074566700096,6.002226232538764,5.994833786432627,-0.0656103774119785,-2.7755575615628914e-17,-1.9998563556466802,-2.060530137497021,0.0,-0.0008199777803383768,-1.9984019935335073,-0.8875528648602049
112.31290159700075,6.002429046469736,5.994833786432627,-0.0654067559327558,-2.7755575615628914e-17,-1.9998589410208591,-2.05972151616805,0.0,-0.0008549757767468691,-2.008699436120274,-0.8703647042546648
112.34398498600058,6.0028036569397765,5.994833786432627,-0.06511404934498033,-2.7755575615628914e-17,-1.9999636959781248,-2.058847025075142,0.0,-0.0008418734651058912,-2.013935423876257,-0.8531938506573572
112.40699884900096,6.003135470930187,5.994833786432627,-0.06468535607876724,-2.7755575615628914e-17,-1.9998530380256199,-2.057923566708119,0.0,-0.000839790387544781,-2.0249309981638213,-0.8360295809782625
112.4384821170006,6.003052759077,5.994833786432627,-0.0643211988415483,-2.7755575615628914e-17,-1.999962904805251,-2.057053680672118,0.0,-0.0008676200523041189,-2.030166985919804,-0.8188535564466117
112.5008125029999,6.003159300052802,5.994833786432627,-0.06354883223556351,-2.7755575615628914e-17,-1.999856083755057,-2.056309496917358,0.0,-0.0008471570326946676,-2.0387190992545765,-0.8016932115095842
112.56245856100031,6.003383555732021,5.994833786432627,-0.06201685054477146,-2.7755575615628914e-17,-1.9998590651692458,-2.0555025990745484,0.0,-0.0008934836369007826,-2.0493656076917417,-0.7848348933519573
112.59550051200131,6.003538901929705,5.994833786432627,-0.06158088170697551,-2.7755575615628914e-17,-1.9999597610273798,-2.054669708262872,0.0,-0.0009108163649216294,-2.054601595447725,-0.7676934162443987
112.65803578000123,6.00318826917911,5.994833786432627,-0.05989368464535971,-2.7755575615628914e-17,-1.999857293717929,-2.0539509830561506,0.0,-0.0009071325184777379,-2.0652481038848904,-0.7508138241259402
112.6895368910009,6.003035041279001,5.994833786432627,-0.059129877476639225,-2.7755575615628914e-17,-1.999963785623259,-2.053415106174479,0.0,-0.0009011115180328488,-2.070833157491272,-0.7336639110783938
112.75212870500036,6.003010700443853,5.994833786432627,-0.05788372078559545,-2.7755575615628914e-17,-1.9998522626670605,-2.0529283519941526,0.0,-0.0009582737111486495,-2.0821777976292353,-0.7165284373913465
112.81582363200141,6.002867203711602,5.994833786432627,-0.056666346712319515,-2.7755575615628914e-17,-1.9998511821052054,-2.0524337418566803,0.0,-0.0009021448204293847,-2.0928243060664005,-0.6993874354718259
112.84761670800071,6.002162350272935,5.994833786432627,-0.055460777529970695,-2.7755575615628914e-17,-1.9999617156186398,-2.051964082859794,0.0,-0.000870531948748976,-2.098234826747583,-0.6822056402389579
112.9111287630003,6.00163606072716,5.994833786432627,-0.053767272348059336,-2.7755575615628914e-17,-1.9998555568198462,-2.0516633776917685,0.0,-0.0010110141010954976,-2.109230401035147,-0.6650397367002264
112.94353160900027,6.001253672369158,5.994833786432627,-0.05232569130625753,-2.7755575615628914e-17,-1.9999601323171756,-2.051416745256477,0.0,-0.0009644278907217085,-2.114815454641529,-0.6478886974199668
113.00572602100146,6.000747990278049,5.994833786432627,-0.05121174275116103,-2.7755575615628914e-17,-1.999856167716354,-2.0511570132959163,0.0,-0.0008904979913495481,-2.125287430153495,-0.6307281883064804
113.03545179400135,5.999652396756366,5.994833786432627,-0.05037819125031495,-2.7755575615628914e-17,-1.9999663724431969,-2.051020130873138,0.0,-0.0009104512864723802,-2.1306979508346777,-0.6135149817376652
113.09795270799987,5.998784057125674,5.994833786432627,-0.049234865088284785,-2.7755575615628914e-17,-1.9998554495912428,-2.0510573787773896,0.0,-0.0008900898392312229,-2.1409953934214436,-0.5963180135206178
113.16036278300089,5.998097590556133,5.994833786432627,-0.04817001504502327,-2.7755575615628914e-17,-1.9998576090555538,-2.0511107038436673,0.0,-0.0010861855698749423,-2.1504201713822138,-0.5791365561129933
113.19132744200033,5.997342802376346,5.994833786432627,-0.04738894549142103,-2.7755575615628914e-17,-1.9999633054373382,-2.0510505777250385,0.0,-0.0009968613740056753,-2.155132560362598,-0.5619437492316983
113.25435238600039,5.996086977895796,5.994833786432627,-0.04689122872630458,-2.7755575615628914e-17,-1.9998539270167273,-2.051042392362448,0.0,-0.0010255257366225123,-2.164557338323368,-0.5446916054657566
113.28624355600004,5.995087846653733,5.994833786432627,-0.04620836940227435,-2.7755575615628914e-17,-1.9999634316725468,-2.0512592778435548,0.0,-0.0010126197012141347,-2.1689206614533534,-0.527457647998229
113.34853998900144,5.994299223676916,5.994833786432627,-0.04569080253817348,-2.7755575615628914e-17,-1.9998533764184856,-2.0515505395902824,0.0,-0.0010020008776336908,-2.1759019784613303,-0.5102401909242706
113.41167868500088,5.993476831282878,5.994833786432627,-0.04489359697139017,-2.7755575615628914e-17,-1.9998511579357139,-2.051789794466007,0.0,-0.001069681835360825,-2.1846286247213023,-0.49329011129517925
113.44246625300002,5.992227315745708,5.994833786432627,-0.04553576712263108,-2.7755575615628914e-17,-1.9999647698287961,-2.052087633116085,0.0,-0.0010248691542074084,-2.188991947851288,-0.47597644431097064
113.50643824700091,5.9912576768797665,5.994833786432627,-0.04537452573166756,-2.7755575615628914e-17,-1.9998486718786475,-2.0526723483875533,0.0,-0.0010997416684404016,-2.198242192886858,-0.4586842586209833
113.5380968720001,5.9905291221276755,5.994833786432627,-0.04554428125746002,-2.7755575615628914e-17,-1.999963991176295,-2.053310882076464,0.0,-0.0010505474638193846,-2.2027800489420435,-0.44141077399307127
113.60445688800064,5.989863504733278,5.994833786432627,-0.04610750646127626,-2.7755575615628914e-17,-1.999842699951541,-2.0538890807441192,0.0,-0.0009860433638095856,-2.2125538927532116,-0.42412425967660283
113.63347059999978,5.988943097479753,5.994833786432627,-0.047223322844718196,-2.7755575615628914e-17,-1.9999645061880265,-2.054463973655374,0.0,-0.0009361524134874344,-2.2177898805091942,-0.40677000723390494
113.69663246900018,5.988321096765337,5.994833786432627,-0.048181786570477114,-2.7755575615628914e-17,-1.9998515882045655,-2.0552582217788284,0.0,-0.0009392636129632592,-2.2272146584699644,-0.389438944689338
113.75908999300009,5.987954106347788,5.994833786432627,-0.04925908726466233,-2.7755575615628914e-17,-1.9998553386152416,-2.05590146115553,0.0,-0.0009824169101193547,-2.237163035206332,-0.37212988168653566
113.79050170600021,5.987653770791276,5.994833786432627,-0.05105015038468941,-2.7755575615628914e-17,-1.9999639699044067,-2.0562884447457215,0.0,-0.0009575206786394119,-2.242224490037115,-0.35452470005401265
113.85472500900141,5.987049165689828,5.994833786432627,-0.051918633967793615,-2.7755575615628914e-17,-1.9998482272939686,-2.056692886861321,0.0,-0.0010369614465162158,-2.2516492679978843,-0.3371397141522659
113.88720018100139,5.986741246398687,5.994833786432627,-0.053055412516772704,-2.7755575615628914e-17,-1.9999611722999584,-2.0572691889818837,0.0,-0.001052184496074915,-2.2567107228286685,-0.31978208659339397
113.94845921399974,5.986725328028049,5.994833786432627,-0.055970016409842005,-2.7755575615628914e-17,-1.999856466037008,-2.057636824892111,0.0,-0.0009459471912123263,-2.266833632490235,-0.3015904974863972
114.01110385700122,5.986714214148827,5.994833786432627,-0.05544210245371595,-2.7755575615628914e-17,-1.9998551341117023,-2.057936735481971,0.0,-0.0009979833848774433,-2.2766074763014035,-0.28425051203758794
114.04153576000135,5.986418965809553,5.994833786432627,-0.05671868182435891,-2.7755575615628914e-17,-1.9999652232887155,-2.058174886812539,0.0,-0.0009520455496385694,-2.2811453323565885,-0.26684485866839774
114.1046296020013,5.986398772454673,5.994833786432627,-0.05760518470561948,-2.7755575615628914e-17,-1.9998545746150838,-2.0586484290321168,0.0,-0.0009538510348647833,-2.290919176167757,-0.24946938959064952
114.16633658300088,5.986614449956154,5.994833786432627,-0.05868392183979998,-2.7755575615628914e-17,-1.9998557275173232,-2.0589807614277045,0.0,-0.0009185411618091166,-2.300693019978925,-0.2321216904137861
114.19710072599992,5.98690677643469,5.994833786432627,-0.05986683797036835,-2.7755575615628914e-17,-1.9999643551354973,-2.059094079892327,0.0,-0.0008020050008781254,-2.3029619480065175,-0.2147742894765903
114.26066398700095,5.986998516016187,5.994833786432627,-0.06127992815672778,-2.7755575615628914e-17,-1.9998516702584355,-2.0591329618140004,0.0,-0.0008397757774218917,-2.312735791817686,-0.19737758931972463
114.29137145400091,5.987359607361819,5.994833786432627,-0.06246778230984906,-2.7755575615628914e-17,-1.999963964525562,-2.0593734740794565,0.0,-0.0007922804215922952,-2.317448180798071,-0.18001204075511512
114.35448966100012,5.987940714435281,5.994833786432627,-0.06379214355956098,-2.7755575615628914e-17,-1.9998556595721706,-2.059452048286389,0.0,-0.0006739178206771612,-2.3273965575344384,-0.16267538927713418
114.41692625500036,5.98860625631477,5.994833786432627,-0.06502780759867144,-2.7755575615628914e-17,-1.999852398059557,-2.0593953867806833,0.0,-0.0006508079241029918,-2.337519467196006,-0.14533195343399094
114.44865345800099,5.989117809307794,5.994833786432627,-0.06627371484380434,-2.7755575615628914e-17,-1.9999619693638409,-2.0592313180371447,0.0,-0.0005772445583716035,-2.3420573232511908,-0.12791922711992068
114.51190885200049,5.989843802468996,5.994833786432627,-0.06696315068915026,-2.7755575615628914e-17,-1.9998535536137754,-2.05929554135714,0.0,-0.0005187180358916521,-2.3520056999875583,-0.11054380713007753
114.5420735960015,5.9907516817055955,5.994833786432627,-0.0677823015352442,-2.7755575615628914e-17,-1.9999654607854627,-2.0592148045128162,0.0,-0.0003746605943888426,-2.3570671548183424,-0.09320298904487574
114.60421566900004,5.991723033339561,5.994833786432627,-0.06870247743102487,-2.7755575615628914e-17,-1.9998561961031351,-2.0588492814480293,0.0,-0.00021594978170469403,-2.3664919327791116,-0.07585845947740608
114.66677133700068,5.992523976981086,5.994833786432627,-0.06899097675467207,-2.7755575615628914e-17,-1.9998554195496714,-2.0585363773015493,0.0,-7.517628546338528e-05,-2.37609124366508,-0.05872910549849674
114.69774901900018,5.993489570310372,5.994833786432627,-0.06929651509642833,-2.7755575615628914e-17,-1.9999639470045396,-2.058428459949637,0.0,0.00010976425983244553,-2.3806290997202657,-0.04164259979916528
114.75999995700113,5.994603777810663,5.994833786432627,-0.06988275815198912,-2.7755575615628914e-17,-1.999857012346896,-2.0581436189114712,0.0,0.00022816429554950446,-2.3897048118306357,-0.02430911186143444
114.79188149699985,5.99583301664215,5.994833786432627,-0.06991602413259575,-2.7755575615628914e-17,-1.9999618344048946,-2.0577277521827293,0.0,0.00037046734360046685,-2.3944172008110205,-0.007012900530962793
114.8546488890006,5.996859435901363,5.994833786432627,-0.07003945384141062,-2.7755575615628914e-17,-1.9998554804772002,-2.0569740025896857,0.0,0.0005289997789077461,-2.4034929129213913,0.010312764174452236
114.91586140599975,5.997992022662228,5.994833786432627,-0.06969996324791562,-2.7755575615628914e-17,-1.999861184251957,-2.056521285729242,0.0,0.0007104201940819621,-2.4099506311537704,0.027600849268579374
114.94678207200013,5.999178709993845,5.994833786432627,-0.0691055641152136,-2.7755575615628914e-17,-1.9999638982140122,-2.055784168549117,0.0,0.0008174617541953921,-2.4143139542837564,0.04485368368089128
115.01113483800145,6.000406725874325,5.994833786432627,-0.06806392514076143,-2.7755575615628914e-17,-1.999847795082658,-2.0549428889995762,0.0,0.0008361480431631207,-2.422691534693329,0.06207269920998364
115.04185008000059,6.001638995939869,5.994833786432627,-0.06735952773195228,-2.7755575615628914e-17,-1.9999643832115501,-2.053979575504504,0.0,0.0008984564337879419,-2.4270548578233146,0.07936255221449912
115.10439547700116,6.002894172716367,5.994833786432627,-0.06644769026979777,-2.7755575615628914e-17,-1.9998571865246042,-2.0533660658231594,0.0,0.0010893290163949132,-2.4359560370084856,0.09661215836608651
115.1664182580007,6.004130128014392,5.994833786432627,-0.06511525437950622,-2.7755575615628914e-17,-1.999858189203378,-2.0526213070251225,0.0,0.0013490613782778382,-2.444159084492859,0.11382535024169482
115.19662064099975,6.0053259344223235,5.994833786432627,-0.06343169375254934,-2.7755575615628914e-17,-1.9999654230073252,-2.051683308239473,0.0,0.0013553811004385352,-2.4483478746976455,0.1310031796509793
115.25955907500065,6.006580588099191,5.994833786432627,-0.06158777538320881,-2.7755575615628914e-17,-1.9998545339112186,-2.050665569714682,0.0,0.0013173468178138137,-2.456899988032418,0.14824740296610867
115.29095794400018,6.007772777722115,5.994833786432627,-0.05976821026396828,-2.7755575615628914e-17,-1.9999631365390789,-2.050157084591059,0.0,0.0014034524792805314,-2.4607397123868053,0.165452002718307
115.35242545599976,6.0088641294524425,5.994833786432627,-0.057759328691099954,-2.7755575615628914e-17,-1.9998620283003437,-2.0494390617789704,0.0,0.0015631639398634434,-2.469117292796378,0.18262101575647108
115.4156752100007,6.0098430179207485,5.994833786432627,-0.05528916077568158,-2.7755575615628914e-17,-1.9998504187275221,-2.048653319060719,0.0,0.0017921855906024575,-2.477145807355552,0.19975637171738275
115.44713126700117,6.010912249515405,5.994833786432627,-0.05209406688072027,-2.7755575615628914e-17,-1.9999639193044867,-2.0477437279210604,0.0,0.0017655392875894904,-2.4806364658595403,0.2166833797739319
115.50852563300032,6.011842043338886,5.994833786432627,-0.049910996386485273,-2.7755575615628914e-17,-1.9998613089485207,-2.0473979886377434,0.0,0.0016962308436632156,-2.4867451182415206,0.23385588963186282
115.53912164200119,6.012606493250749,5.994833786432627,-0.04717430531419431,-2.7755575615628914e-17,-1.9999646786846774,-2.046985420705491,0.0,0.001727740396745503,-2.490584842595908,0.25099548959120166
115.60126194100121,6.013197889455008,5.994833786432627,-0.04419783584712078,-2.7755575615628914e-17,-1.9998579486523183,-2.046459979781219,0.0,0.0017413569148629904,-2.498613357155082,0.2681043660730247
115.66367740600072,6.013912833615722,5.994833786432627,-0.041170864014727915,-2.7755575615628914e-17,-1.9998581491618483,-2.0459330861835694,0.0,0.0017715904396027327,-2.506641871714256,0.2853155357464222
115.69467913300105,6.014414166224289,5.994833786432627,-0.03800622287087707,-2.7755575615628914e-17,-1.9999637276607838,-2.045943141499966,0.0,0.0016553534660488367,-2.5103070631434443,0.3024883725496351
115.75703488700128,6.01468995713701,5.994833786432627,-0.03452605233169881,-2.7755575615628914e-17,-1.999856879429282,-2.0458391127532236,0.0,0.0016626454889774323,-2.5179865118522193,0.31962878495620795
115.78931505400033,6.014757165734887,5.994833786432627,-0.03116954029831409,-2.7755575615628914e-17,-1.999961596814335,-2.045661854649921,0.0,0.0014584111049771309,-2.522000769131806,0.33673989275989885
115.85149945600097,6.014968547393951,5.994833786432627,-0.02793750346194057,-2.7755575615628914e-17,-1.9998571864827959,-2.045409013589112,0.0,0.001386240473948419,-2.529331151990182,0.3539615583268108
115.91441718900023,6.014937892847906,5.994833786432627,-0.025385776890566536,-2.7755575615628914e-17,-1.9998562405387061,-2.0457067463005045,0.0,0.0013269776245579123,-2.5364870019233594,0.37142825721915096
115.94475234000129,6.014674995063431,5.994833786432627,-0.021440912597975204,-2.7755575615628914e-17,-1.999964872665663,-2.0458627388381867,0.0,0.0011861852835863829,-2.539977660427348,0.3885804150954229
116.00841774000037,6.014183974294389,5.994833786432627,-0.01801822689341681,-2.7755575615628914e-17,-1.9998550332475196,-2.0458911665157546,0.0,0.0010161349782720208,-2.5466099115849263,0.4057043352814798
116.04169423900021,6.014101681999215,5.994833786432627,-0.016900105240913343,-2.7755575615628914e-17,-1.9999594439302324,-2.0458074139495395,0.0,0.0009477002313360572,-2.551322300565311,0.4238447062092636
116.10072705200037,6.013617210301513,5.994833786432627,-0.012421852759400887,-2.7755575615628914e-17,-1.9998681897199184,-2.046511841501812,0.0,0.0007446880335919559,-2.5542893602937013,0.44103686413854254
116.16324224300115,6.012893011852136,5.994833786432627,-0.009729104212496176,-2.7755575615628914e-17,-1.9998567079445073,-2.046820612182289,0.0,0.0006797481328248978,-2.5595253480496845,0.4582009176289091
116.19445990300119,6.012080964592466,5.994833786432627,-0.006882027369492505,-2.7755575615628914e-17,-1.9999631157442743,-2.0470432521356994,0.0,0.0005162982270121574,-2.5619688090024764,0.4753721775183532
116.25753081200128,6.011424345928686,5.994833786432627,-0.004161774077196867,-2.7755575615628914e-17,-1.999854803211572,-2.047360164444623,0.0,0.000291801115963608,-2.56685573090806,0.4926134977218767
116.28848546200061,6.010527988494998,5.994833786432627,-0.001710759658878569,-2.7755575615628914e-17,-1.9999640470248001,-2.0480783980871844,0.0,0.00017731015395838767,-2.5689501260104537,0.5098229145841603
116.34974430400143,6.0093926335863035,5.994833786432627,0.0006824181637614668,-2.7755575615628914e-17,-1.9998609251239385,-2.0486994827534732,0.0,1.858033829194028e-05,-2.5736625149908385,0.527008359121835
116.412875385,6.008224824246194,5.994833786432627,0.0029584379801154137,-2.7755575615628914e-17,-1.999853380160788,-2.0492403576029137,0.0,-4.77974463137798e-05,-2.5780258381208245,0.5442033051002738
116.4447591900007,6.007350944563701,5.994833786432627,0.004935566138367653,-2.7755575615628914e-17,-1.9999622089628835,-2.0498411280001343,0.0,-0.0002490496262907982,-2.5799457002980177,0.5614667164078793
116.50746930600144,6.006243543771532,5.994833786432627,0.006514350133694835,-2.7755575615628914e-17,-1.9998555287023898,-2.050779813258764,0.0,-0.00035915771150030196,-2.5844835563532036,0.5787019093365412
116.57013426600133,6.004906349096638,5.994833786432627,0.00804558210255013,-2.7755575615628914e-17,-1.9998552569036883,-2.0517123970392652,0.0,-0.0005243796040304005,-2.589195945333588,0.5959175209208041
116.60152899900095,6.003563578398658,5.994833786432627,0.009602543985035794,-2.7755575615628914e-17,-1.9999631455899878,-2.0525638002816113,0.0,-0.0005387130076996982,-2.59163940628638,0.6131491012265344
116.66356071600057,6.002578270705963,5.994833786432627,0.010868367382153243,-2.7755575615628914e-17,-1.9998598869661053,-2.0535122236259173,0.0,-0.0007042226498015225,-2.595653663565967,0.6304600623398645
116.69447238400062,6.001411419538069,5.994833786432627,0.012214714548432037,-2.7755575615628914e-17,-1.999963563774332,-2.0548879909569244,0.0,-0.0007602436817251146,-2.6000169866959526,0.6474606699879135
116.75903247600036,5.999998559378883,5.994833786432627,0.012301381003588241,-2.7755575615628914e-17,-1.9998498128663131,-2.0562068140774707,0.0,-0.0008184839389286935,-2.604205776900739,0.6647297819969811
116.7906917220007,5.998617466890581,5.994833786432627,0.01340831024346345,-2.7755575615628914e-17,-1.9999626274151099,-2.0574405127330992,0.0,-0.0009544695494696498,-2.6071728366291294,0.6817342000133947
116.85398745100065,5.997503796338782,5.994833786432627,0.013033414611767213,-2.7755575615628914e-17,-1.999849699953946,-2.058768930876634,0.0,-0.0009282014798372984,-2.6127578902355113,0.699111445140197
116.91591482400145,5.99621884374033,5.994833786432627,0.012850498620622153,-2.7755575615628914e-17,-1.999856071293417,-2.0604224043022668,0.0,-0.0011096298694610596,-2.6181684109166934,0.7164648759549037
116.94603686700066,5.994773286272815,5.994833786432627,0.012633323046857603,-2.7755575615628914e-17,-1.999966105881819,-2.0618880823598915,0.0,-0.0011612569214776158,-2.6206118718694857,0.7338023413868355
117.0086214969997,5.993395331346868,5.994833786432627,0.01229065112119021,-2.7755575615628914e-17,-1.9998546183413324,-2.063169428165615,0.0,-0.00120205944404006,-2.625149727924671,0.7511616875669039
117.03944486,5.992458392168318,5.994833786432627,0.011655223150158989,-2.7755575615628914e-17,-1.9999642462069354,-2.064499766317061,0.0,-0.0011925379512831569,-2.6277677218026625,0.7686090764326348
117.10255237700039,5.991382063293975,5.994833786432627,0.010553975175929375,-2.7755575615628914e-17,-1.999854233196322,-2.066070294629103,0.0,-0.0013463911600410938,-2.632305577857848,0.7860301499879002
117.16578456800016,5.990177498883584,5.994833786432627,0.009350566308747199,-2.7755575615628914e-17,-1.9998522321293808,-2.067430276082896,0.0,-0.001223133527673781,-2.636494368062634,0.803432673149055
117.1972039150005,5.989107128654656,5.994833786432627,0.008235626677270957,-2.7755575615628914e-17,-1.9999622465594282,-2.0685965223815392,0.0,-0.0013374272966757417,-2.6385887631650276,0.8208473777511732
117.25929275900126,5.988608210649442,5.994833786432627,0.006932727531667071,-2.7755575615628914e-17,-1.9998578547115022,-2.0697114879618317,0.0,-0.0014058667002245784,-2.6427775533698137,0.8383280969907749
117.28961814200011,5.987961057509143,5.994833786432627,0.005204308812975622,-2.7755575615628914e-17,-1.999965835960191,-2.071001691410809,0.0,-0.0013077259063720703,-2.6446974155470078,0.8557820435633151
117.35167242200077,5.987178771938232,5.994833786432627,0.003618357367495051,-2.7755575615628914e-17,-1.9998560579896372,-2.0721673268841885,0.0,-0.0013363496400415897,-2.6490607386769933,0.8732166246312304
117.41283473300064,5.986525644897053,5.994833786432627,0.0021122002956690533,-2.7755575615628914e-17,-1.9998598844063753,-2.073073078621012,0.0,-0.0013984695542603731,-2.6522023313305834,0.8906560320390353
117.44435618200077,5.986439676859029,5.994833786432627,0.0007120077670670355,-2.7755575615628914e-17,-1.9999631546237395,-2.073894704597846,0.0,-0.001405886490829289,-2.6542967264329764,0.9081426910910234
117.50782167800025,5.986181864103261,5.994833786432627,-0.0009950989591135384,-2.7755575615628914e-17,-1.9998517094797084,-2.0748265785390982,0.0,-0.001385985524393618,-2.6583109837125636,0.9256032853077418
117.5388302880001,5.9857922924572815,5.994833786432627,-0.00193960589490616,-2.7755575615628914e-17,-1.9999644560701744,-2.075596248324017,0.0,-0.0014556430978700519,-2.6604053788149566,0.9427564412011815
117.60059595700113,5.985532549159807,5.994833786432627,-0.0038192333288346036,-2.7755575615628914e-17,-1.9998557315064254,-2.0763031510130925,0.0,-0.0013957282062619925,-2.6649432348701416,0.9602018890882285
117.66357861000142,5.985961630157613,5.994833786432627,-0.005073632406783601,-2.7755575615628914e-17,-1.9998553992590051,-2.0769921862876264,0.0,-0.0014203130267560482,-2.669481090925327,0.9776885232975876
117.69456291500137,5.986168127495002,5.994833786432627,-0.00658163942251877,-2.7755575615628914e-17,-1.999962641666889,-2.077765176465079,0.0,-0.0014142709551379085,-2.67157548602772,0.9951498311179411
117.75715476900041,5.986169162943567,5.994833786432627,-0.007799950188252747,-2.7755575615628914e-17,-1.9998574034739773,-2.0784089368105416,0.0,-0.0013782278401777148,-2.6761133420829055,1.0125933864064702
117.78793136500099,5.986270405399022,5.994833786432627,-0.00887265073451704,-2.7755575615628914e-17,-1.9999642509802107,-2.0789268993421937,0.0,-0.0012502518948167562,-2.6785568030356974,1.03003814256176
117.85274999000103,5.986969794188425,5.994833786432627,-0.009911989456532266,-2.7755575615628914e-17,-1.9998463982847137,-2.0794516063527957,0.0,-0.0012845449382439256,-2.6832691920160823,1.0475163569094745
117.88542579600107,5.987421353615036,5.994833786432627,-0.011157015715732133,-2.7755575615628914e-17,-1.999958149410894,-2.079981347056755,0.0,-0.0013326326152309775,-2.68710891637047,1.0649704541526424
117.94654532800087,5.987614727996305,5.994833786432627,-0.0125899538216937,-2.7755575615628914e-17,-1.9998607135353927,-2.08035441920099,0.0,-0.0012576821027323604,-2.690425041949259,1.082696929233627
118.00953457400101,5.987919854667685,5.994833786432627,-0.01236967103993869,-2.7755575615628914e-17,-1.9998542882665435,-2.080658350957984,0.0,-0.0012613901635631919,-2.6944392992288457,1.100136950336335
118.040724202001,5.98887331524549,5.994833786432627,-0.012639769348330554,-2.7755575615628914e-17,-1.999963696065536,-2.0808771412313516,0.0,-0.0012711057206615806,-2.6965336943312392,1.1176139876489755
118.10477409099985,5.989525940775467,5.994833786432627,-0.013172426060618636,-2.7755575615628914e-17,-1.9998512894130693,-2.0811089167542716,0.0,-0.00141726469155401,-2.6995007540596294,1.1350644869885602
118.16528551600095,5.989852833089253,5.994833786432627,-0.01542412283410588,-2.7755575615628914e-17,-1.999859997926939,-2.0811675513209464,0.0,-0.0014337991597130895,-2.703689544264416,1.1533643413166845
118.1962087060001,5.990319489576105,5.994833786432627,-0.013644094653669225,-2.7755575615628914e-17,-1.9999639233585542,-2.081258634438205,0.0,-0.0014979481929913163,-2.705783939366809,1.1707823222859333
118.25867585600099,5.991479854699994,5.994833786432627,-0.01339814485559343,-2.7755575615628914e-17,-1.9998553647513204,-2.0812302746437936,0.0,-0.001430816249921918,-2.710321795421994,1.1881946425867949
118.29118777599979,5.992297874085479,5.994833786432627,-0.01375500086721615,-2.7755575615628914e-17,-1.9999610315455432,-2.081188268539327,0.0,-0.0013638806995004416,-2.712590723449587,1.205587136049191
118.3539452590012,5.992800337954134,5.994833786432627,-0.013895711777641817,-2.7755575615628914e-17,-1.9998535317347912,-2.081184619005514,0.0,-0.0014054992934688926,-2.717477645355171,1.2229668982163
118.41510430500057,5.993358214376937,5.994833786432627,-0.013588799447752598,-2.7755575615628914e-17,-1.999861251189113,-2.081141500859076,0.0,-0.00153092120308429,-2.722364567260755,1.240336448873519
118.44652637800027,5.994589810972098,5.994833786432627,-0.013008815320533107,-2.7755575615628914e-17,-1.9999628587981066,-2.081013144543432,0.0,-0.0014420031802728772,-2.724633495288348,1.257699650591624
118.50891564199992,5.9954221963297805,5.994833786432627,-0.012657594502720193,-2.7755575615628914e-17,-1.9998563399225306,-2.0808515206489666,0.0,-0.0015238345367833972,-2.729520417193932,1.2750472907842165
118.54047192500002,5.995898736572959,5.994833786432627,-0.012171722488124037,-2.7755575615628914e-17,-1.9999630768243046,-2.0806533297152043,0.0,-0.0015320397214964032,-2.732138411071923,1.2923860550707083
118.6037873109999,5.996424998780242,5.994833786432627,-0.011394317379962438,-2.7755575615628914e-17,-1.9998531722822632,-2.080575012899137,0.0,-0.001566525548696518,-2.7370253329775074,1.3097153706110838
118.66689892500108,5.997689804968115,5.994833786432627,-0.01028281285069238,-2.7755575615628914e-17,-1.9998506971717438,-2.0804438810857273,0.0,-0.0017154617235064507,-2.7419122548830916,1.3270323217055862
118.69912260599995,5.998499272108316,5.994833786432627,-0.009569182713541013,-2.7755575615628914e-17,-1.999961356072493,-2.080272459779377,0.0,-0.0015480824513360858,-2.744181182910684,1.3443381675289736
118.76302452600066,5.998899739777948,5.994833786432627,-0.008472440965147598,-2.7755575615628914e-17,-1.9998495746033451,-2.080092675149658,0.0,-0.0015750513412058353,-2.7487190389658696,1.3616390776533547
118.79555130400149,5.9993534763015655,5.994833786432627,-0.006724863677337711,-2.7755575615628914e-17,-1.9999601636950013,-2.0799522678847007,0.0,-0.0016883010976016521,-2.7511624999186615,1.3786408475795753
118.8574380200007,6.000519196468701,5.994833786432627,-0.00620053655859254,-2.7755575615628914e-17,-1.9998615968908862,-2.0798660098842694,0.0,-0.0016575601184740663,-2.7558748888990463,1.395909743298317
118.88775749100023,6.001226785885254,5.994833786432627,-0.004778568799284455,-2.7755575615628914e-17,-1.999965119728107,-2.079730385572742,0.0,-0.001579725998453796,-2.758318349851838,1.4128850943074427
118.94917064200126,6.00147279183822,5.994833786432627,-0.0041895592959194095,-2.7755575615628914e-17,-1.9998595393375391,-2.079615475390098,0.0,-0.00164248317014426,-2.7619835412810265,1.4301497449482277
119.01391053100087,6.001677419708271,5.994833786432627,-0.002609337745384077,-2.7755575615628914e-17,-1.999846957563519,-2.0796229699092046,0.0,-0.001563916215673089,-2.7663468644110125,1.447403401481067
119.04520936300105,6.002485723895915,5.994833786432627,-0.0007745345076184129,-2.7755575615628914e-17,-1.9999627119687258,-2.0796043530584947,0.0,-0.0017255855491384864,-2.7684412595134056,1.4646214891969633
119.10802760499973,6.0027878971454305,5.994833786432627,0.0008244711686516137,-2.7755575615628914e-17,-1.9998545192097807,-2.079441916677464,0.0,-0.0017362054204568267,-2.772630049718192,1.4818430205336006
119.1390845950009,6.002645668763052,5.994833786432627,0.002461468109632242,-2.7755575615628914e-17,-1.9999647884408027,-2.0793698916578975,0.0,-0.0018166424706578255,-2.7748989777457846,1.4990727289026737
119.20197533100145,6.002468233294493,5.994833786432627,0.004247752511522068,-2.7755575615628914e-17,-1.9998516483281719,-2.0795293989140626,0.0,-0.0018778340891003609,-2.7794368338009696,1.5162992395745418
119.26623002500128,6.002941137724526,5.994833786432627,0.006263062320307572,-2.7755575615628914e-17,-1.9998479634015442,-2.0797089163342113,0.0,-0.0019595555495470762,-2.7841492227813545,1.5334973969587171
119.29675247600062,6.002910410419309,5.994833786432627,0.007677846838768404,-2.7755575615628914e-17,-1.999965063287824,-2.079789279458894,0.0,-0.0020131065975874662,-2.786069084958548,1.550705756806314
119.36081692400148,6.002437488908356,5.994833786432627,0.009168863453021179,-2.7755575615628914e-17,-1.999851530511078,-2.080002446236696,0.0,-0.002094212919473648,-2.790781473938933,1.5679279429639394
119.39143452200005,6.0019462199955225,5.994833786432627,0.01069910345709394,-2.7755575615628914e-17,-1.9999636152980664,-2.080359440264153,0.0,-0.002156105823814869,-2.7933994678169247,1.585143939273731
119.45539677000124,6.0021149176676225,5.994833786432627,0.012145481052716164,-2.7755575615628914e-17,-1.9998492735512434,-2.080740820095181,0.0,-0.0023248521611094475,-2.798286389722509,1.6023137837828982
119.51795738700093,6.001807111817194,5.994833786432627,0.012964778899296828,-2.7755575615628914e-17,-1.9998560586783682,-2.08100238434592,0.0,-0.0022553803864866495,-2.8033478445532922,1.619502626893028
119.54878118200031,6.001082258250777,5.994833786432627,0.01394206480705798,-2.7755575615628914e-17,-1.9999641358150544,-2.081360047286492,0.0,-0.0023019106592983007,-2.805791305506084,1.636713243927353
119.6129411790007,6.000382953178508,5.994833786432627,0.01505295515496316,-2.7755575615628914e-17,-1.9998478583255417,-2.0819251609325744,0.0,-0.0024338967632502317,-2.810678227411668,1.6539154670560736
119.64330562400028,6.000480459855725,5.994833786432627,0.016771265248403305,-2.7755575615628914e-17,-1.999965640471195,-2.0825833755596364,0.0,-0.0024608224630355835,-2.813470754214859,1.6707640162076505
119.70617425800083,6.000065502741108,5.994833786432627,0.016480032804013417,-2.7755575615628914e-17,-1.9998557184337342,-2.0830323313291124,0.0,-0.0025472124107182026,-2.8188812748960417,1.6879309729813115
119.73889966800016,5.999249089330267,5.994833786432627,0.016858454520855326,-2.7755575615628914e-17,-1.9999595610655745,-2.0836934823979476,0.0,-0.0026350184343755245,-2.822720999250429,1.7051296122500508
119.80163760600044,5.998398839227541,5.994833786432627,0.017521304059833154,-2.7755575615628914e-17,-1.9998545965204004,-2.084564216145265,0.0,-0.0028332730289548635,-2.8263861906796173,1.722323977406059
119.8649804050001,5.99812377806285,5.994833786432627,0.018692897534616892,-2.7755575615628914e-17,-1.999852079130859,-2.0854768237099734,0.0,-0.0029333257116377354,-2.8309240467348022,1.7394487327331187
119.89672234600039,5.99738959485413,5.994833786432627,0.019338757405591434,-2.7755575615628914e-17,-1.9999617996940717,-2.086061277104128,0.0,-0.003064689924940467,-2.8328439089119963,1.7566129065748834
119.95807327000148,5.996265763517921,5.994833786432627,0.019965752568459005,-2.7755575615628914e-17,-1.9998600219963185,-2.0869406230673087,0.0,-0.003270386252552271,-2.8361600344907854,1.7738180388338398
119.99027302800096,5.995180043691517,5.994833786432627,0.020624739082395926,-2.7755575615628914e-17,-1.999963214919372,-2.0880714769343562,0.0,-0.003378649242222309,-2.8384289625183783,1.79102370131808
120.05231905100118,5.994770179315497,5.994833786432627,0.020671043300567626,-2.7755575615628914e-17,-1.9998540744443376,-2.0892649272028585,0.0,-0.0035990350879728794,-2.8429668185735633,1.8084472949023063
120.11616875800064,5.993976335448283,5.994833786432627,0.021233088783794485,-2.7755575615628914e-17,-1.999849964390896,-2.0902673293572036,0.0,-0.003502787323668599,-2.847679207553948,1.8256288228200745
120.14743652300058,5.992820979913256,5.994833786432627,0.021191648981011335,-2.7755575615628914e-17,-1.9999629510731327,-2.0913702166640338,0.0,-0.0037140159402042627,-2.8501226685067405,1.8428584033872453
120.21144395400006,5.991594241062404,5.994833786432627,0.01931822699765484,-2.7755575615628914e-17,-1.9998491426249068,-2.092778192659553,0.0,-0.003966235555708408,-2.854835057487125,1.8609686336131124
120.24351692500022,5.9912791256108395,5.994833786432627,0.021226597660127466,-2.7755575615628914e-17,-1.999962586396567,-2.0942969184228057,0.0,-0.004199561662971973,-2.857453051365116,1.8781404231404906
120.3068375340008,5.990555923070029,5.994833786432627,0.020574727210242227,-2.7755575615628914e-17,-1.9998532684971344,-2.0954319820379252,0.0,-0.004218892194330692,-2.8626890391210993,1.8953650022200872
120.3702660529998,5.989499710556991,5.994833786432627,0.019782655507179947,-2.7755575615628914e-17,-1.9998533385487538,-2.0968522963862775,0.0,-0.004443862475454807,-2.8679250268770824,1.9126423269473485
120.40039171100034,5.98854974732267,5.994833786432627,0.019239906664275108,-2.7755575615628914e-17,-1.9999624653494616,-2.098488158228167,0.0,-0.004652963951230049,-2.8703684878298743,1.9299223263762533
120.46283835500071,5.988421047817471,5.994833786432627,0.019014978165657004,-2.7755575615628914e-17,-1.9998582579893072,-2.100198900664857,0.0,-0.004722240846604109,-2.8756044755858574,1.9471154922835003
120.49316295500103,5.987875686269447,5.994833786432627,0.018136962053450167,-2.7755575615628914e-17,-1.9999653036938385,-2.1015390217244048,0.0,-0.004821164533495903,-2.878397002389048,1.9643692699267696
120.55617941400124,5.986992854602069,5.994833786432627,0.017276437883420703,-2.7755575615628914e-17,-1.9998511287967444,-2.1031973096110503,0.0,-0.004884719382971525,-2.8836329901450313,1.981682656872141
120.6183289920009,5.986164550235123,5.994833786432627,0.016385479464193886,-2.7755575615628914e-17,-1.9998577000946687,-2.1051565603390188,0.0,-0.004963064566254616,-2.8886944449758145,1.9990028309480257
120.64950914300061,5.985997487991033,5.994833786432627,0.01569894083350365,-2.7755575615628914e-17,-1.9999648300200632,-2.1070733477096653,0.0,-0.005140761844813824,-2.891137905928607,2.016235826929758
120.71119593500043,5.985461066794382,5.994833786432627,0.014474484840662716,-2.7755575615628914e-17,-1.9998539886191133,-2.108536288915625,0.0,-0.005098826717585325,-2.8944540315073963,2.033535358709769
120.74162160500055,5.9846351599461345,5.994833786432627,0.01314709346858478,-2.7755575615628914e-17,-1.999965444080809,-2.1103112593730127,0.0,-0.005256063304841518,-2.896897492460188,2.050899488504827
120.80401947800055,5.983858211278675,5.994833786432627,0.011852940590532546,-2.7755575615628914e-17,-1.9998555770190134,-2.1122836450578673,0.0,-0.005316884256899357,-2.9012608155901742,2.068273422241488
120.83586235800067,5.98366668655278,5.994833786432627,0.010854707495382865,-2.7755575615628914e-17,-1.9999617340522418,-2.1142379191346152,0.0,-0.0053767855279147625,-2.9044024082437643,2.0855618722875384
120.8974799309999,5.98319998182429,5.994833786432627,0.00987764204596886,-2.7755575615628914e-17,-1.9998595102369388,-2.1156967224971224,0.0,-0.005301132798194885,-2.907369467972154,2.1026249989189116
120.96064585900058,5.982494420555708,5.994833786432627,0.00813756466660176,-2.7755575615628914e-17,-1.9998512632198404,-2.117223823057807,0.0,-0.005356080364435911,-2.9108601264761425,2.1197522849569044
120.99227055099982,5.981812521343521,5.994833786432627,0.005991638307942693,-2.7755575615628914e-17,-1.9999629902612324,-2.1189314285099803,0.0,-0.005446378607302904,-2.9124309228029377,2.1371807430584893
121.05480974700004,5.981666266409202,5.994833786432627,0.004720196466445059,-2.7755575615628914e-17,-1.9998532354127885,-2.120632971597496,0.0,-0.005480085499584675,-2.9155725154565277,2.1545155708007013
121.1173859520004,5.981271434285342,5.994833786432627,0.002708915765043285,-2.7755575615628914e-17,-1.9998562092269598,-2.1218170089091952,0.0,-0.005535312928259373,-2.9194122398109146,2.1719205434893176
121.1478485610005,5.980704256058719,5.994833786432627,0.0004266829715771081,-2.7755575615628914e-17,-1.9999646045384578,-2.1231527398088432,0.0,-0.005518265068531036,-2.9213321019881087,2.1893911215822537
121.21097075600119,5.980237146895669,5.994833786432627,-0.0019621244638563518,-2.7755575615628914e-17,-1.9998511845312448,-2.1246397392885044,0.0,-0.005485255736857653,-2.9255208921928952,2.2068682997214717
121.24184416400021,5.98028914373125,5.994833786432627,-0.004394028063980926,-2.7755575615628914e-17,-1.9999645282958192,-2.126081414823024,0.0,-0.005454132799059153,-2.9281388860708866,2.2242507993224923
121.30441125099969,5.980183528232506,5.994833786432627,-0.007437281638928317,-2.7755575615628914e-17,-1.9998541568941617,-2.1268729439582694,0.0,-0.0053315917029976845,-2.933025807976471,2.2417014159713067
121.3663335930014,5.979983593782292,5.994833786432627,-0.01059578357235047,-2.7755575615628914e-17,-1.99985886838756,-2.1278475929618086,0.0,-0.005372146610170603,-2.9366909994056587,2.2592147578209203
121.39759896299984,5.979912252546132,5.994833786432627,-0.013594641379938377,-2.7755575615628914e-17,-1.9999626221713978,-2.1289227272340714,0.0,-0.005357039626687765,-2.9391344603584506,2.276723078911552
121.46038877800129,5.980321947556056,5.994833786432627,-0.01617395128825949,-2.7755575615628914e-17,-1.9998543401443902,-2.129890020092256,0.0,-0.005320745520293713,-2.9434977834884366,2.294111311570861
121.49078087500129,5.980614789917063,5.994833786432627,-0.019317496110742072,-2.7755575615628914e-17,-1.9999647714836635,-2.130207031694031,0.0,-0.005310695618391037,-2.9459412444412294,2.3115674703729154
121.5520501050014,5.980842333983509,5.994833786432627,-0.022469782675957006,-2.7755575615628914e-17,-1.9998599693310632,-2.1306400188443577,0.0,-0.00528883608058095,-2.950304567571215,2.3290851764323675
121.61625274200014,5.981224599310124,5.994833786432627,-0.025468826263657984,-2.7755575615628914e-17,-1.9998491853072164,-2.131293328243268,0.0,-0.005345685873180628,-2.9541442919256022,2.3465950027197993
121.64666725000097,5.982093624064706,5.994833786432627,-0.027926953938653964,-2.7755575615628914e-17,-1.9999642349352966,-2.131747987281061,0.0,-0.00534743582829833,-2.955889621177597,2.3639800168927247
121.70930083200074,5.98284298754981,5.994833786432627,-0.029942077767435515,-2.7755575615628914e-17,-1.9998537436750168,-2.131687914561147,0.0,-0.005376766435801983,-2.9590312138311865,2.381134575487813
121.74136534700119,5.983518490163865,5.994833786432627,-0.03324988200909962,-2.7755575615628914e-17,-1.9999619297945743,-2.1317452545503666,0.0,-0.005390505772083998,-2.9606020101579813,2.398645543549857
121.8029455800006,5.98433774881002,5.994833786432627,-0.03572160503329114,-2.7755575615628914e-17,-1.999859388763689,-2.1319562689473557,0.0,-0.005368164740502834,-2.9633945369611725,2.41614721395084
121.864926577,5.985635602547529,5.994833786432627,-0.03755469118214938,-2.7755575615628914e-17,-1.9998578795817366,-2.1321471624373003,0.0,-0.005258421413600445,-2.9658379979139644,2.433524641671307
121.89438701200015,5.986776835479093,5.994833786432627,-0.03948023816804902,-2.7755575615628914e-17,-1.9999673155918505,-2.131713133817245,0.0,-0.005298530217260122,-2.9663615966895622,2.4509649611280038
121.95804926300116,5.987806176335644,5.994833786432627,-0.041143435807632356,-2.7755575615628914e-17,-1.9998488667003986,-2.1314782845443436,0.0,-0.0052945236675441265,-2.968805057642355,2.4684614758614347
121.99043431300015,5.988897584257264,5.994833786432627,-0.04272340518744011,-2.7755575615628914e-17,-1.9999619511813307,-2.131480118830083,0.0,-0.005335942842066288,-2.970026788118751,2.485942749725967
122.054294906,5.990289431321413,5.994833786432627,-0.0438357109574683,-2.7755575615628914e-17,-1.9998496735224172,-2.1312686145169475,0.0,-0.0053668334148824215,-2.972644781996742,2.503288730647645
122.11702492400036,5.99151427396789,5.994833786432627,-0.04481967071123649,-2.7755575615628914e-17,-1.9998532203181063,-2.1305189876675703,0.0,-0.005479434505105019,-2.9754373087999335,2.5206968264880376
122.14817416500046,5.992608889563198,5.994833786432627,-0.04623604110818724,-2.7755575615628914e-17,-1.999962449542928,-2.1298905294756114,0.0,-0.005402222275733948,-2.9768335722015284,2.5384570521117302
122.2115134730011,5.993716979116383,5.994833786432627,-0.045958699117220614,-2.7755575615628914e-17,-1.9998543146552363,-2.1296347721641973,0.0,-0.005378427915275097,-2.97962609900472,2.5559012632833364
122.24251055000059,5.995087968931752,5.994833786432627,-0.04613111620732857,-2.7755575615628914e-17,-1.9999631344477804,-2.1292236244281075,0.0,-0.0053713214583694935,-2.9813714282567134,2.5731987104339993
122.3058428940003,5.996311038916623,5.994833786432627,-0.048494314962005514,-2.7755575615628914e-17,-1.9998505970615725,-2.1280734698822226,0.0,-0.005318729672580957,-2.9850366196859013,2.5914451496105073
122.36845789900144,5.997372187325506,5.994833786432627,-0.04686967249890528,-2.7755575615628914e-17,-1.9998571014612108,-2.1273027251212246,0.0,-0.005312531255185604,-2.98870181111509,2.608859050858661
122.39980897700116,5.9984026847872896,5.994833786432627,-0.046762634975020645,-2.7755575615628914e-17,-1.9999630889244724,-2.126648628983076,0.0,-0.005217934027314186,-2.990621673292284,2.62625810691855
122.46247454500008,5.999578551582628,5.994833786432627,-0.04603191148622521,-2.7755575615628914e-17,-1.9998547364150188,-2.1260786397024014,0.0,-0.005293167196214199,-2.994461397646671,2.643524987001233
122.49421089300085,6.0005810151433225,5.994833786432627,-0.045680846076399884,-2.7755575615628914e-17,-1.999961924692102,-2.12493915021689,0.0,-0.005229372996836901,-2.9965557927490645,2.6608539288510906
122.55644420400131,6.001448405348905,5.994833786432627,-0.04543255049263817,-2.7755575615628914e-17,-1.99985682947845,-2.1240249752271976,0.0,-0.0052542067132890224,-3.0005700500286516,2.678237301590948
122.61990552000134,6.002266652324433,5.994833786432627,-0.04497205560926798,-2.7755575615628914e-17,-1.9998529543131773,-2.123418864899403,0.0,-0.005163469817489386,-3.0044097743830385,2.6956105171355293
122.65113993900013,6.003154644965516,5.994833786432627,-0.04404559198752456,-2.7755575615628914e-17,-1.9999625920367015,-2.1227510620371723,0.0,-0.005187526810914278,-3.0063296365602326,2.7128638880103835
122.71282502600116,6.003879273127487,5.994833786432627,-0.04320915526767566,-2.7755575615628914e-17,-1.9998608607147281,-2.121587538130719,0.0,-0.005259445868432522,-3.008947630438224,2.7301773634849775
122.74390589900031,6.004488653510244,5.994833786432627,-0.04261970537359294,-2.7755575615628914e-17,-1.99996369734633,-2.120782512210311,0.0,-0.005202338565140963,-3.0108674926154175,2.747543444949671
122.80649894199996,6.005024764750198,5.994833786432627,-0.042067226945946556,-2.7755575615628914e-17,-1.999855684443329,-2.1201235018264537,0.0,-0.005178303923457861,-3.0145326840446063,2.764899664979935
122.86968203700053,6.005537770710478,5.994833786432627,-0.04108382872216276,-2.7755575615628914e-17,-1.999853023491133,-2.119480336108816,0.0,-0.005086224991828203,-3.0180233425485947,2.782141102455277
122.9017229050005,6.0059153306445,5.994833786432627,-0.04014508223848057,-2.7755575615628914e-17,-1.9999613842829074,-2.118221329566893,0.0,-0.005083599593490362,-3.0195941388753895,2.799440062956409
122.96470297100132,6.006191999192577,5.994833786432627,-0.03852760830717572,-2.7755575615628914e-17,-1.9998545736972124,-2.1173452761154388,0.0,-0.005212720949202776,-3.022735731528979,2.8164960792278064
122.99608485700082,6.006404049263717,5.994833786432627,-0.03838627835875508,-2.7755575615628914e-17,-1.9999631444851917,-2.116686459445492,0.0,-0.005125056020915508,-3.0244810607809742,2.8338379030896284
123.05839709400061,6.006569972482755,5.994833786432627,-0.036851120038082,-2.7755575615628914e-17,-1.9998571517037227,-2.1160047266370317,0.0,-0.005109617952257395,-3.0279717192849627,2.850779706550456
123.09038456200142,6.006648080451775,5.994833786432627,-0.036720710557597624,-2.7755575615628914e-17,-1.999962396263252,-2.114937211582639,0.0,-0.0050881351344287395,-3.029717048536956,2.868071772596821
123.15171841200026,6.006660262672191,5.994833786432627,-0.03599883740818677,-2.7755575615628914e-17,-1.9998597377875242,-2.114159027527142,0.0,-0.0051591722294688225,-3.0330331741157455,2.885412631212615
123.21465667899975,6.006611545396894,5.994833786432627,-0.03532548975301064,-2.7755575615628914e-17,-1.999855290902397,-2.1135846239007376,0.0,-0.0051098959520459175,-3.036000233844136,2.902797151383923
123.24531074600054,6.0065527598247215,5.994833786432627,-0.03406755349975038,-2.7755575615628914e-17,-1.99996435539035,-2.113107380803869,0.0,-0.005010281689465046,-3.037396497245731,2.919949111069325
123.30915709100009,6.006407130035413,5.994833786432627,-0.03302131317707213,-2.7755575615628914e-17,-1.999849576704717,-2.1117648376168723,0.0,-0.005091783124953508,-3.040538089899321,2.9371641486955467
123.33995149800103,6.0062076183596345,5.994833786432627,-0.032274925136267785,-2.7755575615628914e-17,-1.9999657245757652,-2.1107209510170772,0.0,-0.005022444762289524,-3.0421088862261167,2.954433946049487
123.40235700999983,6.005959712432748,5.994833786432627,-0.03162904244780068,-2.7755575615628914e-17,-1.9998543237467403,-2.1100037680407837,0.0,-0.0050501748919487,-3.0454250118049058,2.9717533890701153
123.46591938399979,6.005687251342481,5.994833786432627,-0.03050621204666798,-2.7755575615628914e-17,-1.9998523398138728,-2.109576325666822,0.0,-0.005078175570815802,-3.048566604458496,2.9888538357719234
123.49638796300133,6.005335671025968,5.994833786432627,-0.029511917847522218,-2.7755575615628914e-17,-1.9999653445592072,-2.108353561225153,0.0,-0.005067494232207537,-3.0492647361592926,3.0060226826488656
123.55877900900123,6.004936142005576,5.994833786432627,-0.02864798390403353,-2.7755575615628914e-17,-1.999856981263764,-2.1074842329889827,0.0,-0.005117719992995262,-3.052580861738082,3.023251692776993
123.58972979900136,6.0045008592183695,5.994833786432627,-0.02806812458475655,-2.7755575615628914e-17,-1.9999644827511482,-2.107066395598368,0.0,-0.004965378437191248,-3.0543261909900767,3.0405365286353048
123.65243492000081,6.004022010906324,5.994833786432627,-0.02707110179264699,-2.7755575615628914e-17,-1.9998528966046925,-2.1069766718037353,0.0,-0.004928747192025185,-3.0576423165688658,3.057592075256289
123.7152631530007,6.003485355930739,5.994833786432627,-0.02631703017302542,-2.7755575615628914e-17,-1.9998553225720812,-2.1061417576394894,0.0,-0.00487141078338027,-3.0609584421476552,3.0747243039456005
123.74681043700002,6.00291448557862,5.994833786432627,-0.025687976593401524,-2.7755575615628914e-17,-1.9999628099651725,-2.1056525200952816,0.0,-0.004872904624789953,-3.06235470554925,3.091924149566143
123.80929881500015,6.00233017397941,5.994833786432627,-0.024587007219043958,-2.7755575615628914e-17,-1.999855953858422,-2.105609008655019,0.0,-0.004894821438938379,-3.0649726994272424,3.1088942936785653
123.83990026200081,6.001567897228644,5.994833786432627,-0.02446521042271009,-2.7755575615628914e-17,-1.9999651667814131,-2.105874790703945,0.0,-0.0048174550756812096,-3.0663689628288378,3.125948602610208
123.90486302499994,6.00078202550029,5.994833786432627,-0.023828119421827654,-2.7755575615628914e-17,-1.9998432800082409,-2.1055454316685904,0.0,-0.004795808810740709,-3.068812423781629,-3.1400996241557197
123.96543108200058,5.999994664892787,5.994833786432627,-0.0234307932079443,-2.7755575615628914e-17,-1.999864127641283,-2.1056734891277564,0.0,-0.004858894273638725,-3.0707322859588233,-3.1228891760786226
123.99676529800126,5.999214821091545,5.994833786432627,-0.023187634820455272,-2.7755575615628914e-17,-1.9999651930578908,-2.106137540037737,0.0,-0.004675801377743483,-3.0714304176596214,-3.105611250500369
124.05758906400115,5.998157729625094,5.994833786432627,-0.022719304852749825,-2.7755575615628914e-17,-1.9998591190069788,-2.106929563110327,0.0,-0.004736150149255991,-3.0726521481360174,-3.0885246566985343
124.12108177700065,5.997131058137859,5.994833786432627,-0.022476694045917234,-2.7755575615628914e-17,-1.9998525655720445,-2.107035026651708,0.0,-0.004704276565462351,-3.0733502798368146,-3.0713525419417755
124.15188137500081,5.996158292686116,5.994833786432627,-0.022481289533218984,-2.7755575615628914e-17,-1.9999640150272722,-2.1075029253266973,0.0,-0.004498771391808987,-3.073699345687214,-3.054104536362002
124.21423814500122,5.995242365712822,5.994833786432627,-0.023489722154178855,-2.7755575615628914e-17,-1.9998563684179071,-2.108356512273806,0.0,-0.004518848843872547,-3.0745720103132115,-3.036493386026996
124.24481197100067,5.994137352627549,5.994833786432627,-0.023277799379677944,-2.7755575615628914e-17,-1.9999656309016032,-2.1095097248881927,0.0,-0.00442392798140645,-3.0752701420140083,-3.019323256000599
124.30797268300012,5.99313282003013,5.994833786432627,-0.023921350135361508,-2.7755575615628914e-17,-1.9998531382284155,-2.1099643421268977,0.0,-0.004323064815253019,-3.0763173395652053,-3.0020717728288284
124.33963991200108,5.992252982177764,5.994833786432627,-0.025016230352941426,-2.7755575615628914e-17,-1.9999620896004948,-2.110688207689989,0.0,-0.004211735911667347,-3.0766664054156037,-2.9847493164197108
124.4026095879999,5.991486803064052,5.994833786432627,-0.0283080461825288,-2.7755575615628914e-17,-1.9998547902881876,-2.1115584534884215,0.0,-0.004079071339219809,-3.077364537116402,-2.966481338025777
124.46382835199984,5.990682331063824,5.994833786432627,-0.027940523744990786,-2.7755575615628914e-17,-1.9998588401705892,-2.112701212362535,0.0,-0.004047514870762825,-3.077364537116402,-2.949250133087655
124.49459665200084,5.990006572532698,5.994833786432627,-0.029318894079007174,-2.7755575615628914e-17,-1.9999652497968001,-2.113019150888238,0.0,-0.003810819238424301,-3.0771900041912024,-2.9319436485106096
124.55914771300013,5.989475133761173,5.994833786432627,-0.03089396371619446,-2.7755575615628914e-17,-1.9998495060137293,-2.1135525623411398,0.0,-0.003726045601069927,-3.0770154712660034,-2.914571683599952
124.62197756800015,5.989085868856103,5.994833786432627,-0.03269134412817665,-2.7755575615628914e-17,-1.9998516894102352,-2.1143214476777765,0.0,-0.003619301365688443,-3.0770154712660034,-2.897140268640535
124.65241604100083,5.988420657548869,5.994833786432627,-0.034102556630228875,-2.7755575615628914e-17,-1.9999633722812045,-2.115209305874922,0.0,-0.0036861528642475605,-3.076840938340804,-2.8798826618131295
124.71614851200138,5.987911679864448,5.994833786432627,-0.03548309705364572,-2.7755575615628914e-17,-1.9998496065844822,-2.1154352228109863,0.0,-0.003585713217034936,-3.076840938340804,-2.8625505646823513
124.74700636800117,5.987570970787563,5.994833786432627,-0.03712841185861859,-2.7755575615628914e-17,-1.9999642064064618,-2.115843561383304,0.0,-0.003547237254679203,-3.0770154712660034,-2.8451540168154437
124.8082789730015,5.987400275034482,5.994833786432627,-0.03897975909247464,-2.7755575615628914e-17,-1.999860422037513,-2.116496899298279,0.0,-0.0033148142974823713,-3.0770154712660034,-2.827699420353731
124.87240308800028,5.986964912390309,5.994833786432627,-0.04072196041482745,-2.7755575615628914e-17,-1.9998498885400913,-2.1173023060350147,0.0,-0.0032540345564484596,-3.0770154712660034,-2.810378397369512
124.90410856700146,5.9867111230183925,5.994833786432627,-0.04229096186216019,-2.7755575615628914e-17,-1.9999618472684897,-2.1175019944571094,0.0,-0.0032145038712769747,-3.076840938340804,-2.792989955504346
124.96806140100125,5.986646081826877,5.994833786432627,-0.04397223814775697,-2.7755575615628914e-17,-1.9998492916441204,-2.1178233702256226,0.0,-0.003032685024663806,-3.0766664054156037,-2.7755442642324675
124.99879013600003,5.986765353351561,5.994833786432627,-0.04588204100104276,-2.7755575615628914e-17,-1.9999634167323252,-2.1183140754534295,0.0,-0.003068879246711731,-3.0766664054156037,-2.7580469999484247
125.0626916630008,5.9866616476276855,5.994833786432627,-0.046958745882130004,-2.7755575615628914e-17,-1.99984772047721,-2.118991745754457,0.0,-0.0028901335317641497,-3.0763173395652053,-2.740967235603345
125.09470929700001,5.986760479895545,5.994833786432627,-0.04924786400805059,-2.7755575615628914e-17,-1.9999627005814586,-2.119071581509721,0.0,-0.0027926957700401545,-3.076142806640006,-2.7235324879191296
125.15643746299975,5.987036044156484,5.994833786432627,-0.05031597882126004,-2.7755575615628914e-17,-1.999858144193068,-2.1193295720595873,0.0,-0.0027786085847765207,-3.0754446749392077,-2.706342204433547
125.21964477300025,5.987500332137872,5.994833786432627,-0.05263850940134929,-2.7755575615628914e-17,-1.9998510755933419,-2.1196388878609547,0.0,-0.002660484751686454,-3.0742229444628117,-2.688812414643015
125.25367888500114,5.98752787259429,5.994833786432627,-0.05409867158709536,-2.7755575615628914e-17,-1.9999564443987379,-2.1200886797866527,0.0,-0.0025039217434823513,-3.073524812762015,-2.6713879218488246
125.30356942900107,5.9877588049098565,5.994833786432627,-0.05522745732287648,-2.7755575615628914e-17,-1.9999072103068978,-2.11987963494375,0.0,-0.0025144482497125864,-3.0721285493604187,-2.6539135720076596
125.36778564400083,5.988195974443088,5.994833786432627,-0.05660950547761978,-2.7755575615628914e-17,-1.9998483916937706,-2.1197498096221006,0.0,-0.0023685297928750515,-3.0714304176596214,-2.6363983742930297
125.40304560799996,5.988828158665941,5.994833786432627,-0.05820010657446162,-2.7755575615628914e-17,-1.999953061810285,-2.1197091240029584,0.0,-0.002446454484015703,-3.0709068188840227,-2.6188476824929525
125.468949256001,5.988943527221946,5.994833786432627,-0.059577972344742824,-2.7755575615628914e-17,-1.9998390728149136,-2.119659389379703,0.0,-0.0024045445024967194,-3.0702086871832255,-2.601417209619594
125.49381802000062,5.989293025063518,5.994833786432627,-0.06075272833359746,-2.7755575615628914e-17,-1.9999767909515782,-2.119078222073204,0.0,-0.0023461601231247187,-3.070034154258025,-2.583942086301467
125.55271085700042,5.989862576838625,5.994833786432627,-0.06201515775512645,-2.7755575615628914e-17,-1.9998718979602088,-2.1186105157394546,0.0,-0.002339438069611788,-3.069859621332826,-2.566431668354257
125.60290858600092,5.990631704958031,5.994833786432627,-0.0632579803991955,-2.7755575615628914e-17,-1.9999054125149074,-2.118172281569329,0.0,-0.0022762666922062635,-3.0696850884076268,-2.54889109762799
125.66973972800042,5.990930816752051,5.994833786432627,-0.0643545002089485,-2.7755575615628914e-17,-1.9998349911063475,-2.1177678364128387,0.0,-0.0022955352906137705,-3.068812423781629,-2.5314154436824037
125.69451420600126,5.991449419607896,5.994833786432627,-0.06494779693968267,-2.7755575615628914e-17,-1.9999781194031798,-2.1169685285257493,0.0,-0.0021675010211765766,-3.0682888250060314,-2.5139086877396877
125.75307655600045,5.992175593944536,5.994833786432627,-0.06564175022476693,-2.7755575615628914e-17,-1.99987076114304,-2.116136544132308,0.0,-0.002185859251767397,-3.0674161603800343,-2.496378832002104
125.80354078200071,5.993096005224432,5.994833786432627,-0.06651978526301672,-2.7755575615628914e-17,-1.9999045015113412,-2.1153950358027878,0.0,-0.002169638639315963,-3.0663689628288378,-2.47882935313574
125.85203731100046,5.993540932752433,5.994833786432627,-0.0672551132545387,-2.7755575615628914e-17,-1.9999128781398945,-2.1146945475172054,0.0,-0.0020583050791174173,-3.065147232352442,-2.4613719761108386
125.90365162600028,5.994165362026524,5.994833786432627,-0.06684754639339863,-2.7755575615628914e-17,-1.9999010902593104,-2.1135375623261456,0.0,-0.002061964711174369,-3.063925501876046,-2.4441834668333056
125.95392207000077,5.995001745118149,5.994833786432627,-0.06772750464019706,-2.7755575615628914e-17,-1.9999078192493085,-2.112359769699888,0.0,-0.002021320629864931,-3.06270377139965,-2.4266840309709807
126.00844282700018,5.996003006029115,5.994833786432627,-0.06803989261206378,-2.7755575615628914e-17,-1.9998885613238342,-2.1112526284442734,0.0,-0.0020033454056829214,-3.0618311067736523,-2.4091710898007612
126.06983921400024,5.996313871887994,5.994833786432627,-0.06820374323856337,-2.7755575615628914e-17,-1.9998607520089287,-2.1101876060366234,0.0,-0.0019830791279673576,-3.0609584421476552,-2.39175851326061
126.09181472000091,5.996838879576052,5.994833786432627,-0.06801852922767182,-2.7755575615628914e-17,-1.9999818253428103,-2.1088024229466926,0.0,-0.001814349670894444,-3.060783909222456,-2.374323064774395
126.15286863599977,5.9975602968586035,5.994833786432627,-0.06794895681332491,-2.7755575615628914e-17,-1.9998616011190355,-2.107490602215765,0.0,-0.001629504607990384,-3.0609584421476552,-2.356871981285549
126.20329429000049,5.998460672724995,5.994833786432627,-0.06810434660486986,-2.7755575615628914e-17,-1.9999059223681754,-2.1062553426283976,0.0,-0.0017870190786197782,-3.061132975072854,-2.3394081500490476
126.25292102100138,5.998582677257363,5.994833786432627,-0.06809511307055227,-2.7755575615628914e-17,-1.9999089553043257,-2.1051372264580444,0.0,-0.0016812729882076383,-3.0609584421476552,-2.322020927552093
126.30379036500017,5.998950117397421,5.994833786432627,-0.06802577887115069,-2.7755575615628914e-17,-1.9999038736298187,-2.103711896861917,0.0,-0.001677239779382944,-3.0606093762972564,-2.3043223215867257
126.36787883000034,5.999489544520446,5.994833786432627,-0.06689444287583268,-2.7755575615628914e-17,-1.9998477928292095,-2.1023758778879857,0.0,-0.00154987967107445,-3.0599112445964582,-2.2869037085786204
126.39416169700053,6.000208473065616,5.994833786432627,-0.06652037490419183,-2.7755575615628914e-17,-1.9999745276017615,-2.100998721416157,0.0,-0.0015679524512961507,-3.05956217874606,-2.2694763770524182
126.45310041999983,6.0000707640995286,5.994833786432627,-0.06807859210604938,-2.7755575615628914e-17,-1.999872095295341,-2.0995864597338665,0.0,-0.0016432097181677818,-3.059038579970461,-2.251255046971061
126.5047520750013,6.000448385058077,5.994833786432627,-0.06563137986927636,-2.7755575615628914e-17,-1.9999012546799118,-2.097932650237624,0.0,-0.0015547657385468483,-3.0585149811948633,-2.233864981889382
126.5687678860013,6.001012621579633,5.994833786432627,-0.06522652668484596,-2.7755575615628914e-17,-1.9998478939953457,-2.096495542760265,0.0,-0.0014555056113749743,-3.0576423165688658,-2.2164707485889674
126.59313446200031,6.001500388038643,5.994833786432627,-0.06468131497653795,-2.7755575615628914e-17,-1.9999782451867159,-2.095033749577219,0.0,-0.0014769474510103464,-3.057118717793268,-2.1990847473284485
126.65221456000108,6.0014974082634005,5.994833786432627,-0.06411416135379644,-2.7755575615628914e-17,-1.9998697089913038,-2.0936208436549917,0.0,-0.0014481182442978024,-3.055896987316871,-2.1817293634627477
126.703938689001,6.001709477660155,5.994833786432627,-0.0633835006700455,-2.7755575615628914e-17,-1.9999009621135033,-2.092083484858909,0.0,-0.0014235402923077345,-3.055024322690875,-2.1643668079888982
126.75936185300088,6.002099564814646,5.994833786432627,-0.0625919851051926,-2.7755575615628914e-17,-1.9998859951336732,-2.0906870693617337,0.0,-0.0014582084259018302,-3.053453526364079,-2.147003739631019
126.81993799500015,6.002404076769681,5.994833786432627,-0.06172279939252112,-2.7755575615628914e-17,-1.9998646945501226,-2.0892201710032317,0.0,-0.0014873085310682654,-3.0522317958876832,-2.1296497124751097
126.84234237300006,6.002204075534612,5.994833786432627,-0.06091790974288569,-2.7755575615628914e-17,-1.9999818200039823,-2.0878140933763065,0.0,-0.0014032175531610847,-3.0515336641868855,-2.112321562684393
126.90221304700026,6.002222816971212,5.994833786432627,-0.05994837338069803,-2.7755575615628914e-17,-1.9998660709495715,-2.086364830736004,0.0,-0.0013886522501707077,-3.050660999560889,-2.0949897475041634
126.9537975080002,6.002443393147423,5.994833786432627,-0.0593055435404799,-2.7755575615628914e-17,-1.9999018812229232,-2.0849499423740068,0.0,-0.0012506023049354553,-3.0499628678600907,-2.077659950123849
127.00981307700022,6.0026281884780355,5.994833786432627,-0.058779723237949555,-2.7755575615628914e-17,-1.999883573452093,-2.0835607980521136,0.0,-0.001213054871186614,-3.048915670308894,-2.0603425680685374
127.06983598500119,6.002400762840139,5.994833786432627,-0.05824974652673476,-2.7755575615628914e-17,-1.999866942329341,-2.0821707719344045,0.0,-0.0012570393737405539,-3.048217538608096,-2.0430574523714427
127.09258317500098,6.002382568631712,5.994833786432627,-0.057474351657180955,-2.7755575615628914e-17,-1.9999808565684245,-2.0806853222644803,0.0,-0.0012017538538202643,-3.0478684727576977,-2.025770065610556
127.15229090600042,6.002531507324007,5.994833786432627,-0.05612936771122057,-2.7755575615628914e-17,-1.999867641602594,-2.079330531811601,0.0,-0.00118950754404068,-3.0475194069072993,-2.008774356231528
127.21391727800074,6.002643288785167,5.994833786432627,-0.055528309891684,-2.7755575615628914e-17,-1.999859648625943,-2.0780684709232546,0.0,-0.0010674897348508239,-3.0475194069072993,-1.9917828290479638
127.24491805900107,6.002373193801103,5.994833786432627,-0.055479132516275786,-2.7755575615628914e-17,-1.999964137956115,-2.0769570877487515,0.0,-0.0011463328264653683,-3.0473448739821,-1.9745137088959974
127.30913830900136,6.002284555833177,5.994833786432627,-0.054395562008272336,-2.7755575615628914e-17,-1.9998487831178517,-2.0758263672536397,0.0,-0.00115395977627486,-3.046821275206501,-1.9572443111206443
127.3705996330009,6.002352914163262,5.994833786432627,-0.053413783180021546,-2.7755575615628914e-17,-1.9998602260410518,-2.0747733521715563,0.0,-0.001227503060363233,-3.0464722093561023,-1.9399796508726026
127.40128943300078,6.002394062515355,5.994833786432627,-0.052487671686331394,-2.7755575615628914e-17,-1.9999645693467587,-2.0737041074880795,0.0,-0.0012365680886432528,-3.0462976764309033,-1.9227150067747951
127.46315166600107,6.002124527684219,5.994833786432627,-0.05160339563274874,-2.7755575615628914e-17,-1.9998589863058964,-2.0726917192538714,0.0,-0.001137469196692109,-3.0459486105805036,-1.905445912747451
127.49531119400126,6.002020224288565,5.994833786432627,-0.0506757389302116,-2.7755575615628914e-17,-1.9999616253442005,-2.0718273890804952,0.0,-0.0011182873276993632,-3.0459486105805036,-1.8881804596307807
127.5571679170007,6.002052220945606,5.994833786432627,-0.0498129601355507,-2.7755575615628914e-17,-1.9998588491144387,-2.0710152047589014,0.0,-0.0010400452883914113,-3.045774077655304,-1.8709228054807434
127.61974309300058,6.001989766954203,5.994833786432627,-0.04893480812550166,-2.7755575615628914e-17,-1.9998554511764732,-2.0702382257725964,0.0,-0.0010486565297469497,-3.045599544730105,-1.8536646774333023
127.65142247400036,6.001462401452662,5.994833786432627,-0.047955386452145365,-2.7755575615628914e-17,-1.999962212142707,-2.0695097069831228,0.0,-0.0009682210511527956,-3.0454250118049058,-1.836397178739479
127.71553845900053,6.0010871097478615,5.994833786432627,-0.04657988678532854,-2.7755575615628914e-17,-1.9998495042652964,-2.0687960461600556,0.0,-0.0009888906497508287,-3.0450759459545074,-1.8191355232678392
127.74611633099994,6.000846718332056,5.994833786432627,-0.04534085591086112,-2.7755575615628914e-17,-1.999964688397671,-2.068158339020122,0.0,-0.0009776934748515487,-3.044901413029307,-1.8018825054546426
127.80784045700057,6.000508142643679,5.994833786432627,-0.044421090277340924,-2.7755575615628914e-17,-1.9998587083234247,-2.067593534471459,0.0,-0.0008999023120850325,-3.0443778142537092,-1.7846270249790275
127.86971432000064,5.999693916434279,5.994833786432627,-0.04358002854455589,-2.7755575615628914e-17,-1.9998596446847354,-2.067066271560907,0.0,-0.0008731919224373996,-3.0433306167025127,-1.7673544635315819
127.90232813700095,5.9990571979952785,5.994833786432627,-0.042524564479297644,-2.7755575615628914e-17,-1.9999601407032008,-2.066673277546621,0.0,-0.0009080258314497769,-3.0426324850017146,-1.7500882917212308
127.96505460499975,5.998564147638021,5.994833786432627,-0.04087176708109952,-2.7755575615628914e-17,-1.9998550312972283,-2.0662491255758146,0.0,-0.0009370151092298329,-3.0410616886749198,-1.7331188413016907
127.99509566400047,5.998019547737317,5.994833786432627,-0.040623098224732035,-2.7755575615628914e-17,-1.999965927217289,-2.0658197922018964,0.0,-0.0008920541149564087,-3.0407126228245214,-1.7158546429655028
128.0575718050004,5.997083193516228,5.994833786432627,-0.04005649542876499,-2.7755575615628914e-17,-1.9998569727967799,-2.06548373850844,0.0,-0.0008985649328678846,-3.0389672935725267,-1.6985584776822664
128.1205744079998,5.996340045959485,5.994833786432627,-0.03934078311414982,-2.7755575615628914e-17,-1.9998528304470635,-2.0652867867737377,0.0,-0.0010212792549282312,-3.036872898470133,-1.6812712405831336
128.15223184800016,5.995758255826629,5.994833786432627,-0.038718563110964,-2.7755575615628914e-17,-1.999961989141984,-2.065120427307209,0.0,-0.0009940112940967083,-3.0356511679937377,-1.6639958773506542
128.21394237700042,5.995191376998849,5.994833786432627,-0.038245902805813664,-2.7755575615628914e-17,-1.9998590198548372,-2.0649064874488925,0.0,-0.0008329728152602911,-3.0332077070409458,-1.6467121989033389
128.2452553430012,5.994411265880291,5.994833786432627,-0.03809165643752799,-2.7755575615628914e-17,-1.9999635445941717,-2.064782839969455,0.0,-0.0008820564835332334,-3.0321605094897492,-1.6293926139914228
128.30920018800134,5.993810114576345,5.994833786432627,-0.03786845141432177,-2.7755575615628914e-17,-1.9998476474671742,-2.0647928742960926,0.0,-0.0009374322835355997,-3.0298915814621563,-1.6120851312477105
128.36982134200116,5.993364582713293,5.994833786432627,-0.037728631979576335,-2.7755575615628914e-17,-1.9998643808116983,-2.064802449937376,0.0,-0.0008550208294764161,-3.027622653434564,-1.5947924280159578
128.40046610799982,5.992903513380725,5.994833786432627,-0.03830877570321229,-2.7755575615628914e-17,-1.9999647691537406,-2.0646590949167236,0.0,-0.0008955335360951722,-3.026400922958167,-1.577211185265158
128.46404387800067,5.992137440173989,5.994833786432627,-0.03779135236375239,-2.7755575615628914e-17,-1.9998517157690472,-2.064535486939326,0.0,-0.0009176944149658084,-3.024306527855774,-1.5598925604705045
128.49550852600078,5.991551451749468,5.994833786432627,-0.037722436141907366,-2.7755575615628914e-17,-1.999962558315909,-2.064502816905067,0.0,-0.000892269192263484,-3.0234338632297773,-1.5425871021584179
128.55780327700086,5.991118620693875,5.994833786432627,-0.039434983827135194,-2.7755575615628914e-17,-1.9998561376197221,-2.06435944949293,0.0,-0.0009594309376552701,-3.0215140010525836,-1.5244347434717966
128.6197776500012,5.990657291716414,5.994833786432627,-0.03764647215042857,-2.7755575615628914e-17,-1.9998565830214015,-2.064255491139619,0.0,-0.00105254165828228,-3.0195941388753895,-1.507135712165515
128.6511643140002,5.989893915566202,5.994833786432627,-0.037587949321557956,-2.7755575615628914e-17,-1.9999635059439318,-2.064148506035527,0.0,-0.0010152333416044712,-3.0192450730249907,-1.4897935573837497
128.71500825099974,5.989291786543933,5.994833786432627,-0.03724803468760482,-2.7755575615628914e-17,-1.99985031839459,-2.0642035200742312,0.0,-0.001039559836499393,-3.017325210847797,-1.4724671672425327
128.7458332740007,5.98882918650229,5.994833786432627,-0.03695981462754283,-2.7755575615628914e-17,-1.9999640698587386,-2.0643067698029074,0.0,-0.0010286321630701423,-3.0164525462217995,-1.4551562570942451
128.808446250001,5.988382292341132,5.994833786432627,-0.03685708177158045,-2.7755575615628914e-17,-1.9998537803716874,-2.064344302521274,0.0,-0.0010002476628869772,-3.014881749895005,-1.4378422944307625
128.87048763700113,5.987754724983258,5.994833786432627,-0.03698943159181928,-2.7755575615628914e-17,-1.9998563077173774,-2.0644217898911763,0.0,-0.0009883746970444918,-3.012961887717811,-1.4204968042215556
128.90251817399985,5.987272172454176,5.994833786432627,-0.036857564716223146,-2.7755575615628914e-17,-1.99996208834189,-2.064621900597365,0.0,-0.000926327658817172,-3.0119146901666145,-1.4031669067967538
128.96504115300013,5.986913823984579,5.994833786432627,-0.036780972874543294,-2.7755575615628914e-17,-1.9998566874424342,-2.06469091445756,0.0,-0.0009801490232348442,-3.0099948279894204,-1.385852651585132
128.99546361400098,5.986564290771598,5.994833786432627,-0.03682803890069464,-2.7755575615628914e-17,-1.9999645496309912,-2.0647843714388703,0.0,-0.0010044561931863427,-3.009122163363424,-1.3685355201136549
129.05763504400056,5.986035738900922,5.994833786432627,-0.036968266255490934,-2.7755575615628914e-17,-1.9998562034890022,-2.0648805979443923,0.0,-0.0009511192911304533,-3.00720230118623,-1.3511878270236115
129.11995527300132,5.985644167510315,5.994833786432627,-0.03698341505379915,-2.7755575615628914e-17,-1.9998557391435303,-2.0650927799349885,0.0,-0.0008825402474030852,-3.005282439009036,-1.333855226661928
129.15546694499972,5.985363577792427,5.994833786432627,-0.03704074469702634,-2.7755575615628914e-17,-1.9999526729760486,-2.065269706309273,0.0,-0.0008799320203252137,-3.0042352414578395,-1.3165374185659442
129.2106910600014,5.985124343171024,5.994833786432627,-0.036548116179414836,-2.7755575615628914e-17,-1.9998873771557406,-2.065426442211588,0.0,-0.0009233926539309323,-3.002140846355446,-1.2995018130071807
129.2610333620014,5.984819564999289,5.994833786432627,-0.037527262058521194,-2.7755575615628914e-17,-1.999905907690058,-2.065640325953191,0.0,-0.0008224911289289594,-3.000744582953851,-1.2821426279778672
129.3199362330015,5.984630528636074,5.994833786432627,-0.037239597139219316,-2.7755575615628914e-17,-1.9998708968701475,-2.0660409346364093,0.0,-0.0008019407978281379,-2.999522852477455,-1.2650863707397821
129.34402915300052,5.984540933714613,5.994833786432627,-0.03814146240209648,-2.7755575615628914e-17,-1.999978491041805,-2.066363420381814,0.0,-0.0008509939652867615,-2.998824720776657,-1.2477574148793433
129.40422982100063,5.984430677592412,5.994833786432627,-0.03849898219619774,-2.7755575615628914e-17,-1.9998658864424779,-2.066610969458596,0.0,-0.0008018842781893909,-2.9979520561506594,-1.2304152284257361
129.4562225080008,5.984115243662456,5.994833786432627,-0.03904760651955763,-2.7755575615628914e-17,-1.9999007843100873,-2.0669409306694964,0.0,-0.0007651267223991454,-2.996904858599463,-1.2130152968332153
129.5107114399998,5.983926441316887,5.994833786432627,-0.039371380080886365,-2.7755575615628914e-17,-1.9998860002761256,-2.06739464355417,0.0,-0.000800298061221838,-2.995159529347469,-1.1956339899521071
129.53785660500034,5.983843116291351,5.994833786432627,-0.039645130838042,-2.7755575615628914e-17,-1.9999725853191088,-2.0677334601548374,0.0,-0.0009039129363372922,-2.99481046349707,-1.1782710234032683
129.58710282700122,5.983793631504998,5.994833786432627,-0.040022016945441496,-2.7755575615628914e-17,-1.999909569830549,-2.0679301091475053,0.0,-0.0008891827892512083,-2.993239667170275,-1.16089985097919
129.637219698001,5.983665459282206,5.994833786432627,-0.04062557336097461,-2.7755575615628914e-17,-1.999906905128936,-2.068134447625157,0.0,-0.0009636901668272913,-2.99184340376868,-1.1434780483331293
129.71082705300068,5.983645385907684,5.994833786432627,-0.041040034998894415,-2.7755575615628914e-17,-1.9997984421924198,-2.0683862465763574,0.0,-0.0009605604573152959,-2.9885272781898906,-1.126079337010769
129.77111966099983,5.9837081265234815,5.994833786432627,-0.04121930715061761,-2.7755575615628914e-17,-1.9998656962826693,-2.068540465018178,0.0,-0.0007796438876539469,-2.9864328830874975,-1.1087029677574816
129.7938731080012,5.9837778771142025,5.994833786432627,-0.0414264211301969,-2.7755575615628914e-17,-1.9999801670079789,-2.0685511486844717,0.0,-0.0009067367645911872,-2.984862086760702,-1.0913237439989485
129.85472503399978,5.983740012685123,5.994833786432627,-0.04191724753763215,-2.7755575615628914e-17,-1.999861728007503,-2.0685617260699205,0.0,-0.0008306977688334882,-2.9824186258079104,-1.0739021412696523
129.9059544440006,5.983828769093081,5.994833786432627,-0.04255808874794498,-2.7755575615628914e-17,-1.999902725216056,-2.068704236441607,0.0,-0.0008739913464523852,-2.9806732965559157,-1.0565047603644258
129.96196396699997,5.984021552914692,5.994833786432627,-0.04333882557798163,-2.7755575615628914e-17,-1.999883069733739,-2.0687108926160227,0.0,-0.0008582897135056555,-2.978229835603124,-1.0391309433434313
129.98881863000133,5.9842663794071616,5.994833786432627,-0.044051656973798425,-2.7755575615628914e-17,-1.9999735781566446,-2.068592749534831,0.0,-0.0008360450738109648,-2.9775317039023266,-1.0217560705780837
130.0382969070015,5.984474987410516,5.994833786432627,-0.04434174206642694,-2.7755575615628914e-17,-1.9999084706604866,-2.0684449279826755,0.0,-0.0006534683634527028,-2.975786374650332,-1.0046298318494267
130.0943701690012,5.984798721093807,5.994833786432627,-0.04573623566091578,-2.7755575615628914e-17,-1.9998827731319706,-2.0684757458846965,0.0,-0.0005538742989301682,-2.973866512473138,-0.9872415481820093
130.15457473300012,5.985196382495588,5.994833786432627,-0.04631974332865507,-2.7755575615628914e-17,-1.9998661564141416,-2.068315799725411,0.0,-0.0005809892318211496,-2.972121183221144,-0.9698783285365151
130.20523637100086,5.985651004337841,5.994833786432627,-0.046634428724564914,-2.7755575615628914e-17,-1.9999029376993034,-2.0680695907590043,0.0,-0.0005670225364156067,-2.970026788118751,-0.9525116989018765
130.26066051100133,5.986152933042985,5.994833786432627,-0.04704882345770156,-2.7755575615628914e-17,-1.9998855859431415,-2.0678446091231333,0.0,-0.00040288653690367937,-2.9684559917919553,-0.935097351803372
130.3110276790012,5.986715882557793,5.994833786432627,-0.04741218720655371,-2.7755575615628914e-17,-1.9999060313984525,-2.0678418367900346,0.0,-0.00025745105813257396,-2.9679323930163575,-0.9177113763253362
130.3707652410012,5.987328318611453,5.994833786432627,-0.04786361938662709,-2.7755575615628914e-17,-1.9998676639637645,-2.067716040524195,0.0,-5.267512096907012e-05,-2.9677578600911585,-0.9003526540809994
130.39432726800078,5.987969389273151,5.994833786432627,-0.04833156789336834,-2.7755575615628914e-17,-1.999979156447102,-2.067515678656469,0.0,6.270461017265916e-05,-2.968106925941557,-0.8829910230108597
130.45311219900032,5.988617453872298,5.994833786432627,-0.0495481712927639,-2.7755575615628914e-17,-1.999872910042289,-2.067284379599323,0.0,6.988096720306203e-05,-2.968805057642355,-0.8652926157007269
130.50553253399994,5.989313897623465,5.994833786432627,-0.04951227319040419,-2.7755575615628914e-17,-1.999896418251899,-2.067264748007808,0.0,0.0002665701322257519,-2.9698522551935516,-0.8479123305445578
130.56064636300107,5.990038388145454,5.994833786432627,-0.0498585636803861,-2.7755575615628914e-17,-1.9998874283390906,-2.0670535668367553,0.0,0.0002658219891600311,-2.97020132104395,-0.8305618310650164
130.58977807200063,5.990749351919916,5.994833786432627,-0.04988223598411645,-2.7755575615628914e-17,-1.9999686489897952,-2.066679260486044,0.0,0.0002101464051520452,-2.9703758539691494,-0.8132098422967589
130.65337810200072,5.991432752255651,5.994833786432627,-0.05169147656291595,-2.7755575615628914e-17,-1.9998492130754197,-2.0662988104269333,0.0,0.00034362898441031575,-2.9703758539691494,-0.7949456704077431
130.7054624100001,5.992107650085391,5.994833786432627,-0.04983712237598792,-2.7755575615628914e-17,-1.99989929975304,-2.066127924487804,0.0,0.0005457398947328329,-2.970026788118751,-0.7775772546402803
130.76135339100074,5.9927771949194675,5.994833786432627,-0.04943594557766895,-2.7755575615628914e-17,-1.9998837967735261,-2.0657553795157018,0.0,0.0006419670535251498,-2.968805057642355,-0.7602403675970171
130.82050903600066,5.993455408350425,5.994833786432627,-0.04885119261379822,-2.7755575615628914e-17,-1.9998706822248735,-2.065270116635922,0.0,0.0007365826168097556,-2.9677578600911585,-0.7429066079823428
130.84454690300117,5.99417893651575,5.994833786432627,-0.04845342716277612,-2.7755575615628914e-17,-1.999978779623468,-2.0647874343317905,0.0,0.0008418476791121066,-2.9670597283903604,-0.7255320971517801
130.9052324460008,5.994898075282985,5.994833786432627,-0.04814485592614215,-2.7755575615628914e-17,-1.9998652186621393,-2.0644842388395577,0.0,0.0009490629890933633,-2.9660125308391634,-0.7081913401089459
130.972195372,5.995600367671274,5.994833786432627,-0.047865902744520294,-2.7755575615628914e-17,-1.9998339422995361,-2.0640797854691804,0.0,0.0011664496269077063,-2.964790800362768,-0.6908823395993754
130.9946593479999,5.996305384178029,5.994833786432627,-0.04736890639619795,-2.7755575615628914e-17,-1.9999809789234335,-2.0634806544742417,0.0,0.0011811560252681375,-2.9640926686619697,-0.6735795583382446
131.0550624940006,5.997069172773095,5.994833786432627,-0.04662402350923622,-2.7755575615628914e-17,-1.9998632764085034,-2.062930439580782,0.0,0.0012505385093390942,-2.962521872335175,-0.6562434259893163
131.1053778940004,5.9977858806255115,5.994833786432627,-0.045975791648523945,-2.7755575615628914e-17,-1.9999061589836415,-2.062622403138417,0.0,0.0011904011480510235,-2.9614746747839784,-0.6389396861893396
131.1701155310002,5.99842740414992,5.994833786432627,-0.04511683393998145,-2.7755575615628914e-17,-1.9998457454392355,-2.0621200432390214,0.0,0.0013771153753623366,-2.9597293455319837,-0.6216662079244454
131.20102206500087,5.999025676128267,5.994833786432627,-0.04389005493042941,-2.7755575615628914e-17,-1.9999637296846957,-2.061584792890295,0.0,0.0013612488983199,-2.958856680905986,-0.6043987888618642
131.2638458450001,5.999643718963323,5.994833786432627,-0.04277645865642965,-2.7755575615628914e-17,-1.999854104988363,-2.0610460758879015,0.0,0.0014412974705919623,-2.957285884579192,-0.5871011833284447
131.29560303000108,6.000180666829177,5.994833786432627,-0.04112410110377718,-2.7755575615628914e-17,-1.9999626124797192,-2.060693518210731,0.0,0.0015174747677519917,-2.9569368187287934,-0.570119550856288
131.3578437390006,6.000632211081534,5.994833786432627,-0.04064207405699738,-2.7755575615628914e-17,-1.9998566141911507,-2.0602594690489435,0.0,0.0015126873040571809,-2.9562386870279953,-0.5528789920696056
131.42100764499992,6.000990949149688,5.994833786432627,-0.03876299106043768,-2.7755575615628914e-17,-1.9998559323901741,-2.0598662091891695,0.0,0.0015803282149136066,-2.956064154102796,-0.5359474842207365
131.45168925000144,6.001624592399287,5.994833786432627,-0.0379693786212284,-2.7755575615628914e-17,-1.9999631128176973,-2.0594021365895565,0.0,0.0015903657767921686,-2.955889621177597,-0.518724499459873
131.51467354000124,6.002130625771273,5.994833786432627,-0.03665774224465779,-2.7755575615628914e-17,-1.9998550848941328,-2.0591054670463556,0.0,0.0016328053316101432,-2.956064154102796,-0.501522790204813
131.5451559810008,6.0025203447016455,5.994833786432627,-0.03556506657895642,-2.7755575615628914e-17,-1.9999649969611941,-2.058764241162465,0.0,0.0016381273744627833,-2.9564132199531947,-0.48434084530383614
131.60852630200134,6.002792195006939,5.994833786432627,-0.034421104481603515,-2.7755575615628914e-17,-1.999851204281792,-2.0582979191855997,0.0,0.0015651531284675002,-2.957285884579192,-0.4671761182048418
131.67098908700063,6.003397600825895,5.994833786432627,-0.03306059308199094,-2.7755575615628914e-17,-1.999856246915821,-2.0578908954102824,0.0,0.001504511572420597,-2.9581585492051894,-0.4500222030988173
131.70298505900064,6.0038343868153055,5.994833786432627,-0.031856187676269854,-2.7755575615628914e-17,-1.999961824216319,-2.0575894525779708,0.0,0.0013293609954416752,-2.9583330821303884,-0.43288176250991894
131.76552876400092,6.004106729310673,5.994833786432627,-0.030451383692877698,-2.7755575615628914e-17,-1.9998560256672584,-2.0573659031951426,0.0,0.0012918277643620968,-2.958682147980787,-0.41575308500942104
131.79745322300005,6.004231710654453,5.994833786432627,-0.02914989527956202,-2.7755575615628914e-17,-1.9999622082196056,-2.057125154153059,0.0,0.001254540984518826,-2.958856680905986,-0.3986337439004347
131.86060404400087,6.004622674798015,5.994833786432627,-0.027751804818257786,-2.7755575615628914e-17,-1.9998521935137814,-2.0569612479371484,0.0,0.0012249082792550325,-2.958682147980787,-0.3814792769455815
131.92422677600007,6.004835918298592,5.994833786432627,-0.026492212108169544,-2.7755575615628914e-17,-1.9998520781750975,-2.057084465556509,0.0,0.0011856848141178489,-2.95798401627999,-0.3643357294973341
131.95465995700033,6.0048687789627015,5.994833786432627,-0.02507417381373933,-2.7755575615628914e-17,-1.9999648392162606,-2.0572241209928013,0.0,0.0010263411095365882,-2.957285884579192,-0.34720120301801805
132.01788747000137,6.0047369616558655,5.994833786432627,-0.023498963605955492,-2.7755575615628914e-17,-1.999852282558044,-2.057388755198806,0.0,0.0008908778545446694,-2.955889621177597,-0.33007269273698
132.04922184499992,6.004998744353207,5.994833786432627,-0.022088945304723162,-2.7755575615628914e-17,-1.999963554778204,-2.057628283119257,0.0,0.000795444764662534,-2.9550169565515993,-0.3129068419917592
132.11125413500122,6.005069943823736,5.994833786432627,-0.021075386877234648,-2.7755575615628914e-17,-1.9998583603873235,-2.0580889886752223,0.0,0.0007729166536591947,-2.9532716272996047,-0.29574968116530626
132.14376093100145,6.004970042098744,5.994833786432627,-0.01937399917649152,-2.7755575615628914e-17,-1.999961407610818,-2.0585571033756964,0.0,0.0006146429223008454,-2.9517008309728103,-0.27888470207493543
132.2044339010008,6.004679396622171,5.994833786432627,-0.018715783295821464,-2.7755575615628914e-17,-1.999862657575011,-2.058978272232927,0.0,0.0005287842359393835,-2.950304567571215,-0.2617382293958805
132.26797104300022,6.004768581804431,5.994833786432627,-0.017191815392598897,-2.7755575615628914e-17,-1.9998516499757,-2.059450087547755,0.0,0.00034936144948005676,-2.946988441992426,-0.24455645212881438
132.29850137500034,6.004633602021767,5.994833786432627,-0.015838344848430996,-2.7755575615628914e-17,-1.9999647075680802,-2.0601348830696855,0.0,0.0003213240997865796,-2.9464648432168272,-0.22738089505470366
132.36106229300094,6.004288244990239,5.994833786432627,-0.01438720660024373,-2.7755575615628914e-17,-1.9998560873911275,-2.0607276180005942,0.0,0.00011046721192542464,-2.943846849338836,-0.21020998573563507
132.42293934300142,6.003757785038492,5.994833786432627,-0.013006273151769221,-2.7755575615628914e-17,-1.9998578170330787,-2.061328658609242,0.0,6.539199966937304e-05,-2.941752454236443,-0.193041165820398
132.45449243700023,6.003705871615442,5.994833786432627,-0.011678816922325197,-2.7755575615628914e-17,-1.9999637226377183,-2.0618735894356304,0.0,-0.00020582151773851365,-2.940705256685246,-0.17582714414344722
132.51778762700087,6.003435903194172,5.994833786432627,-0.010771325138706045,-2.7755575615628914e-17,-1.9998512044608983,-2.0626860128860804,0.0,-0.00023884448455646634,-2.938959927433251,-0.15861890525999564
132.54893832900052,6.002945497759269,5.994833786432627,-0.010511432656369835,-2.7755575615628914e-17,-1.999964254198078,-2.0635135321601146,0.0,-0.00034639821387827396,-2.9384363286576534,-0.1411274066287893
132.61218942800042,6.002295758307048,5.994833786432627,-0.00902547221005745,-2.7755575615628914e-17,-1.9998525572519013,-2.0642868840665294,0.0,-0.0004847922537010163,-2.9375636640316563,-0.12392357327862139
132.6429370650003,6.002157994754575,5.994833786432627,-0.008155125709002231,-2.7755575615628914e-17,-1.9999649322198194,-2.0649996521487184,0.0,-0.000512210070155561,-2.9372145981812574,-0.10665993466370674
132.7063984360011,6.00173206064763,5.994833786432627,-0.009397305621691193,-2.7755575615628914e-17,-1.999850137116149,-2.0658589992157537,0.0,-0.0007089829305186868,-2.9363419335552603,-0.08854410420554872
132.76899613299975,6.0011679038713,5.994833786432627,-0.006920209159710394,-2.7755575615628914e-17,-1.9998561338784442,-2.0666885841311347,0.0,-0.0005401716916821897,-2.934945670153665,-0.07129418241798859
132.80076905700116,6.000410676716426,5.994833786432627,-0.006035774171561092,-2.7755575615628914e-17,-1.9999620457836975,-2.0673695921417536,0.0,-0.0007217690581455827,-2.934247538452867,-0.05404792976210258
132.86430468599974,6.000022237552812,5.994833786432627,-0.00503401614458214,-2.7755575615628914e-17,-1.9998516796086336,-2.0679758050729693,0.0,-0.0007688425248488784,-2.932502209200872,-0.036755527716500196
132.89690241100107,5.9994290925938225,5.994833786432627,-0.004497042090993712,-2.7755575615628914e-17,-1.9999598199102766,-2.0687830136662884,0.0,-0.0008565444150008261,-2.9314550116496756,-0.019470211693575264
132.95897948600032,5.998646815974916,5.994833786432627,-0.00390765035334638,-2.7755575615628914e-17,-1.9998571253202362,-2.0695144436340964,0.0,-0.0008721949416212738,-2.93005874824808,-0.0021899920373976544
133.02235863399983,5.997699512439268,5.994833786432627,-0.0033428001745218205,-2.7755575615628914e-17,-1.9998522112070631,-2.070136945632647,0.0,-0.000907601322978735,-2.9281388860708866,0.015087306759375464
133.05396806099998,5.997270670804018,5.994833786432627,-0.00273466457732921,-2.7755575615628914e-17,-1.9999633291972216,-2.070700850686083,0.0,-0.0008361622458323836,-2.9270916885196896,0.032400600749501116
133.11554558100033,5.996648396175054,5.994833786432627,-0.0026463409928529358,-2.7755575615628914e-17,-1.9998586676575174,-2.0713919619281476,0.0,-0.0009669231367297471,-2.9258699580432936,0.04970735024435227
133.14724775300056,5.995850435874316,5.994833786432627,-0.0025569937033723678,-2.7755575615628914e-17,-1.9999620802337696,-2.072029771059357,0.0,-0.0009729611920192838,-2.9249972934172965,0.06701006723150679
133.20963036800094,5.994899799479086,5.994833786432627,-0.0024205116443389574,-2.7755575615628914e-17,-1.9998566955366968,-2.072604532318761,0.0,-0.0009431602666154504,-2.923426497090502,0.08431075821697118
133.27303420000135,5.994703143673062,5.994833786432627,-0.0022266228564730983,-2.7755575615628914e-17,-1.9998504404318513,-2.0731629322264413,0.0,-0.0009580240002833307,-2.9218557007637074,0.10163049138182427
133.30438336200132,5.994291662044968,5.994833786432627,-0.0025592990356650414,-2.7755575615628914e-17,-1.9999633605953073,-2.0738180633229675,0.0,-0.0010946993716061115,-2.9209830361377103,0.11894584029056311
133.36796818400035,5.993689084594727,5.994833786432627,-0.002797392069725513,-2.7755575615628914e-17,-1.9998519363531813,-2.074402538873217,0.0,-0.0010773824760690331,-2.9197613056613143,0.13625895916003092
133.3993337259999,5.992949011604241,5.994833786432627,-0.00248411478803634,-2.7755575615628914e-17,-1.999962348205215,-2.0749876908935074,0.0,-0.0011479728855192661,-2.9194122398109146,0.15328381348571843
133.46218398600104,5.993081678801571,5.994833786432627,-0.002598103909205396,-2.7755575615628914e-17,-1.999853728087382,-2.0755788670263056,0.0,-0.001147163799032569,-2.9187141081101178,0.17034708300448415
133.49391797000135,5.992942812587492,5.994833786432627,-0.003785332149370879,-2.7755575615628914e-17,-1.999963055554814,-2.07630847379364,0.0,-0.0010872617131099105,-2.918365042259718,0.18769353855104742
133.55705063300047,5.9925771825993115,5.994833786432627,-0.004093799819471333,-2.7755575615628914e-17,-1.9998545720806051,-2.077077048358639,0.0,-0.0012001171708106995,-2.9180159764093196,0.2050372821602128
133.6180730619999,5.992002616899514,5.994833786432627,-0.004185210137403084,-2.7755575615628914e-17,-1.999859846981726,-2.077756382890021,0.0,-0.00119558977894485,-2.9173178447085215,0.22238029944974239
133.64949377999983,5.992169333676057,5.994833786432627,-0.0038544773701824075,-2.7755575615628914e-17,-1.9999623799059452,-2.0783580657429828,0.0,-0.0011964943259954453,-2.916968778858123,0.2397547731231286
133.7129248300007,5.992052691471786,5.994833786432627,-0.003836353035029383,-2.7755575615628914e-17,-1.9998511014605518,-2.0790793573651327,0.0,-0.0013107621343806386,-2.9164451800825253,0.2571240927102965
133.7443773390005,5.991673371345866,5.994833786432627,-0.0036439100068137442,-2.7755575615628914e-17,-1.9999636036937523,-2.0798322297522454,0.0,-0.0013112688902765512,-2.916270647157325,0.2744914986495882
133.8081204930004,5.99105203360337,5.994833786432627,-0.0031154286292611744,-2.7755575615628914e-17,-1.9998487868978634,-2.0805408550099362,0.0,-0.001344379154033959,-2.915921581306926,0.29185954338716813
133.87030007300018,5.99117494512363,5.994833786432627,-0.0023995040826886305,-2.7755575615628914e-17,-1.9998575342942817,-2.081333428074232,0.0,-0.0013541318476200104,-2.9153979825313283,0.30927183638722994
133.90175097800056,5.990994915541424,5.994833786432627,-0.002120542355311894,-2.7755575615628914e-17,-1.999962310260349,-2.0822378677154156,0.0,-0.0014692964032292366,-2.915223449606128,0.32667917007693104
133.96470396400036,5.99054561540071,5.994833786432627,-0.0017206096139036342,-2.7755575615628914e-17,-1.9998544691035092,-2.0830959530103987,0.0,-0.0014781508361920714,-2.9148743837557296,0.34408484281884716
133.99645709500146,5.989866935795789,5.994833786432627,-0.0014217909732469058,-2.7755575615628914e-17,-1.9999634297116944,-2.083920690271548,0.0,-0.0013992763124406338,-2.91469985083053,0.36149146448491337
134.05737978599973,5.989996794897159,5.994833786432627,-0.00105759399670724,-2.7755575615628914e-17,-1.999860304624973,-2.084802708366848,0.0,-0.0014622589806094766,-2.914525317905331,0.37889720296861135
134.1198864779999,5.989840827052135,5.994833786432627,-0.0013686569551530914,-2.7755575615628914e-17,-1.999854160185643,-2.0856726339409466,0.0,-0.001350377919152379,-2.914350784980132,0.3963033104728006
134.15055293800106,5.989434019734971,5.994833786432627,-0.001609353888677223,-2.7755575615628914e-17,-1.9999644398983643,-2.0864293889470273,0.0,-0.0013618532102555037,-2.914001719129732,0.4137119856596114
134.21302763200038,5.9888405198765495,5.994833786432627,-0.0012170891803199302,-2.7755575615628914e-17,-1.999856960605922,-2.0871368592278956,0.0,-0.001393216080032289,-2.9136526532793336,0.4308339736492944
134.24437564500113,5.98905028774703,5.994833786432627,-0.0019799041420432983,-2.7755575615628914e-17,-1.9999634374485822,-2.0878113508133715,0.0,-0.001382034970447421,-2.9136526532793336,0.4482405707054209
134.30730500699974,5.988989100215632,5.994833786432627,-0.002735259806876611,-2.7755575615628914e-17,-1.9998507229041187,-2.0885544758516623,0.0,-0.0013172916369512677,-2.9133035874289352,0.4656509137614676
134.37034155000038,5.988684363208856,5.994833786432627,-0.0034064275573957303,-2.7755575615628914e-17,-1.9998551000292235,-2.089292980468053,0.0,-0.0012379821855574846,-2.9127799886533365,0.48306742591214447
134.40081999700124,5.988161791682424,5.994833786432627,-0.0037576549125868386,-2.7755575615628914e-17,-1.9999642929592003,-2.090047929257462,0.0,-0.00137761898804456,-2.9124309228029377,0.5004910581188613
134.46361513900047,5.988501524973068,5.994833786432627,-0.003810729832910087,-2.7755575615628914e-17,-1.9998545891125774,-2.0907711189263134,0.0,-0.0014404845423996449,-2.9120818569525393,0.5179042059200337
134.49497829900065,5.9885642200803275,5.994833786432627,-0.004580229602012209,-2.7755575615628914e-17,-1.9999627904813944,-2.0914232918092917,0.0,-0.001377138658426702,-2.9120818569525393,0.5353235082031347
134.5568201490005,5.988391386234233,5.994833786432627,-0.005374164093707168,-2.7755575615628914e-17,-1.9998577277736573,-2.0921038534477816,0.0,-0.0014174769166857004,-2.9120818569525393,0.5527506502837699
134.58945563900124,5.988017858918249,5.994833786432627,-0.006186161324240436,-2.7755575615628914e-17,-1.9999600026878128,-2.092743711665612,0.0,-0.001417872728779912,-2.9124309228029377,0.570186391794436
134.65108750699983,5.988477223754343,5.994833786432627,-0.007333186652819679,-2.7755575615628914e-17,-1.9998599097356629,-2.093359580124311,0.0,-0.001421110238879919,-2.912605455728137,0.5879048588014161
134.7142818049997,5.988690079921802,5.994833786432627,-0.007745973654399219,-2.7755575615628914e-17,-1.9998524755934313,-2.093849739973957,0.0,-0.0015625887317582965,-2.9129545215785355,0.6053377074382623
134.74491061300068,5.988662007209615,5.994833786432627,-0.008562230862369624,-2.7755575615628914e-17,-1.9999646343599797,-2.094254979373032,0.0,-0.0015403229044750333,-2.9129545215785355,0.6227770031260063
134.8087358190005,5.988881271541632,5.994833786432627,-0.010985092991149137,-2.7755575615628914e-17,-1.9998483300011578,-2.09461536237225,0.0,-0.0014886148273944855,-2.9134781203541342,0.64108903810336
134.87128499100072,5.9894345715618496,5.994833786432627,-0.010042286019926738,-2.7755575615628914e-17,-1.999857592490585,-2.094953826599792,0.0,-0.0015098871663212776,-2.914350784980132,0.6585399758885869
134.90152020400092,5.98973663749808,5.994833786432627,-0.011114260265297382,-2.7755575615628914e-17,-1.9999643203607618,-2.0952036357326347,0.0,-0.0014067065203562379,-2.9148743837557296,0.6759929484493135
134.96319424100147,5.989813073338561,5.994833786432627,-0.011983434898791945,-2.7755575615628914e-17,-1.999859966542377,-2.0955014155625213,0.0,-0.0014250377425923944,-2.9160961142321256,0.6934505935781177
135.02651306100051,5.989966669368464,5.994833786432627,-0.012753262816191047,-2.7755575615628914e-17,-1.999851153014281,-2.0957993757966875,0.0,-0.001514700590632856,-2.917666910558921,0.7109110354153335
135.0584786390009,5.990659595538495,5.994833786432627,-0.013484325317621781,-2.7755575615628914e-17,-1.9999617429737844,-2.096107531540643,0.0,-0.0014752686256542802,-2.9185395751849184,0.7283677432480318
135.1220470139997,5.991104167604938,5.994833786432627,-0.014446483228983897,-2.7755575615628914e-17,-1.999850211235539,-2.0963197945324845,0.0,-0.001548872678540647,-2.920284904436912,0.7458262884933853
135.1527377930015,5.991333897300274,5.994833786432627,-0.015430046121662322,-2.7755575615628914e-17,-1.9999646123342023,-2.09653802023723,0.0,-0.0014814685564488173,-2.921506634913308,0.7632891487560926
135.21604799600027,5.99167654886362,5.994833786432627,-0.016253385144636256,-2.7755575615628914e-17,-1.999851690965919,-2.0967852186288356,0.0,-0.0014409840805456042,-2.923426497090502,0.7807503194574744
135.24855967000076,5.992655636388338,5.994833786432627,-0.016826209022643868,-2.7755575615628914e-17,-1.9999617461175587,-2.0968995086238458,0.0,-0.0015106201171875,-2.9242991617164993,0.798197205979278
135.3122316300014,5.993354779889285,5.994833786432627,-0.01772460352531957,-2.7755575615628914e-17,-1.9998474944656075,-2.0969316741707025,0.0,-0.0014469666639342904,-2.9255208921928952,0.8156447699820606
135.34471700300128,5.993799169266242,5.994833786432627,-0.01833866196134415,-2.7755575615628914e-17,-1.9999606504347625,-2.096878407057018,0.0,-0.001474764314480126,-2.9262190238936934,0.8330954506408796
135.40671440200094,5.994291483560572,5.994833786432627,-0.018528246399043935,-2.7755575615628914e-17,-1.999856918947462,-2.096913543475062,0.0,-0.0015513907419517636,-2.926393556818893,0.8505439838185939
135.4693160200004,5.9953375014570955,5.994833786432627,-0.017795246747519533,-2.7755575615628914e-17,-1.9998548225679458,-2.096835171370611,0.0,-0.0015446764882653952,-2.9262190238936934,0.8676871409670617
135.50091404500017,5.996048456844426,5.994833786432627,-0.018483074711160175,-2.7755575615628914e-17,-1.999962863761338,-2.0966110612107096,0.0,-0.0015471737133339047,-2.9256954251180947,0.8851210938331117
135.56246709300103,5.996484897152392,5.994833786432627,-0.017643387799505028,-2.7755575615628914e-17,-1.9998616443534618,-2.0963795688392195,0.0,-0.0015078546712175012,-2.925171826342497,0.9022658311115856
135.6251162110002,5.9969387733823325,5.994833786432627,-0.018037460184351373,-2.7755575615628914e-17,-1.9998563380545538,-2.0962170939710956,0.0,-0.0014919707318767905,-2.9249972934172965,0.9196990363590198
135.65493056200103,5.997919288089379,5.994833786432627,-0.017763131309032842,-2.7755575615628914e-17,-1.9999651921621586,-2.0960869316340434,0.0,-0.0014151013456285,-2.9249972934172965,0.9371172087599638
135.71897744099988,5.998582321909282,5.994833786432627,-0.01766375002759102,-2.7755575615628914e-17,-1.9998489289894128,-2.0957525577995653,0.0,-0.0014524224679917097,-2.925346359267696,0.9545344419719813
135.74957785100014,5.998967852224314,5.994833786432627,-0.017594138199789833,-2.7755575615628914e-17,-1.9999649450612587,-2.095407439582968,0.0,-0.0014468153240159154,-2.9258699580432936,0.9719539109735366
135.81240901900128,5.999387800935727,5.994833786432627,-0.017378262611318362,-2.7755575615628914e-17,-1.999853518284855,-2.095219588273136,0.0,-0.0014463302213698626,-2.92726622144489,0.98936801311485
135.87488422299975,6.000342868501494,5.994833786432627,-0.01687337346097062,-2.7755575615628914e-17,-1.999857425342259,-2.0949359387648108,0.0,-0.001417110557667911,-2.9286624848464853,1.0067604276925388
135.90493274100118,6.000961795250208,5.994833786432627,-0.01664131633648458,-2.7755575615628914e-17,-1.9999658115094097,-2.0945063093287697,0.0,-0.0014691499527543783,-2.929360616547282,1.0241529606167576
135.9675672810008,6.001277513308259,5.994833786432627,-0.01609898970535306,-2.7755575615628914e-17,-1.9998554210236585,-2.0940932998361435,0.0,-0.0012783561833202839,-2.931105945799277,1.0415479329124602
135.99841218800066,6.001588763108866,5.994833786432627,-0.015582616364846258,-2.7755575615628914e-17,-1.9999644643089676,-2.093769682032516,0.0,-0.00145315146073699,-2.931629544574876,1.0589292234743195
136.06316299399987,6.002342713388768,5.994833786432627,-0.014997252534582395,-2.7755575615628914e-17,-1.9998452804781226,-2.093425823901879,0.0,-0.0014765342930331826,-2.9338984726024684,1.0762661019221156
136.12556626100013,6.002767699231191,5.994833786432627,-0.014609008685494529,-2.7755575615628914e-17,-1.9998597776440212,-2.092868113339155,0.0,-0.0014702940825372934,-2.9351202030788643,1.0936084998532887
136.15497606600002,6.00288731658055,5.994833786432627,-0.013929986509723769,-2.7755575615628914e-17,-1.9999657814869771,-2.092396221465373,0.0,-0.0014723918866366148,-2.935643801854462,1.110958560551653
136.21868803899997,6.002966758954162,5.994833786432627,-0.012957198102090062,-2.7755575615628914e-17,-1.9998494231659798,-2.0920218389235137,0.0,-0.0014879623195156455,-2.936865532330858,1.1282936199599052
136.25037502000123,6.003423439534013,5.994833786432627,-0.01199608912464789,-2.7755575615628914e-17,-1.9999629034397786,-2.091631573607009,0.0,-0.0014374954625964165,-2.9375636640316563,1.145573505791802
136.3136270740015,6.003588613528247,5.994833786432627,-0.01090079102293895,-2.7755575615628914e-17,-1.9998545432187875,-2.09107609699641,0.0,-0.0014632937964051962,-2.938610861582853,1.1625761937041708
136.34527073299978,6.003453795008601,5.994833786432627,-0.010947713758236555,-2.7755575615628914e-17,-1.999962411206079,-2.0906287708281828,0.0,-0.0014988711336627603,-2.939308993283651,1.1798832224309923
136.40650653900047,6.003351387723851,5.994833786432627,-0.010119701687057114,-2.7755575615628914e-17,-1.9998598867082602,-2.090329281579082,0.0,-0.0015139844035729766,-2.9396580591340493,1.1971789429871118
136.4683662210009,6.003779713804418,5.994833786432627,-0.009058916404084738,-2.7755575615628914e-17,-1.9998603138611013,-2.090008749378679,0.0,-0.0015597292222082615,-2.9398325920592487,1.2144184005656402
136.49849818500115,6.003867259990893,5.994833786432627,-0.00839839666646136,-2.7755575615628914e-17,-1.9999654948818593,-2.089531135745188,0.0,-0.0015469719655811787,-2.9398325920592487,1.2316752699586466
136.56267364500127,6.00365417348797,5.994833786432627,-0.007578177138282349,-2.7755575615628914e-17,-1.9998494514908094,-2.0891688074301813,0.0,-0.0014825931284576654,-2.9400071249844477,1.2489504563114355
136.59474119700099,6.003477373308723,5.994833786432627,-0.006801461922518848,-2.7755575615628914e-17,-1.9999609605954711,-2.088957583714159,0.0,-0.001554800313897431,-2.940181657909647,1.266216292891108
136.65677411100114,6.00385378236767,5.994833786432627,-0.005899108108422091,-2.7755575615628914e-17,-1.999858123933409,-2.0887928362696204,0.0,-0.001648221630603075,-2.940530723760047,1.2834226196319496
136.719802859001,6.003850144505547,5.994833786432627,-0.005913963291586666,-2.7755575615628914e-17,-1.9998559294858647,-2.0883924332194908,0.0,-0.0016620033420622349,-2.940705256685246,1.3009404236647473
136.75088116200095,6.0035493408546765,5.994833786432627,-0.004462910020034072,-2.7755575615628914e-17,-1.999962767086784,-2.088134687955537,0.0,-0.0018654536688700318,-2.9410543225356447,1.3181906472357552
136.81426424100027,6.003231470801827,5.994833786432627,-0.0033281764276698045,-2.7755575615628914e-17,-1.999854007099142,-2.087961579492221,0.0,-0.0018662146758288145,-2.9415779213112434,1.3354339802159858
136.84588018900104,6.003384211104523,5.994833786432627,-0.0021944904201095516,-2.7755575615628914e-17,-1.9999633660952925,-2.087867499148072,0.0,-0.0018472258234396577,-2.9422760530120406,1.3526199992387937
136.90763970400076,6.003097686437816,5.994833786432627,-0.0033704531461299925,-2.7755575615628914e-17,-1.9998554923313847,-2.087627782112836,0.0,-0.0018580498872324824,-2.9434977834884366,1.3707010608048247
136.97032170200146,6.002587458704887,5.994833786432627,-0.0007345296502498933,-2.7755575615628914e-17,-1.9998551816197754,-2.087548328603447,0.0,-0.00187421846203506,-2.945068579815232,1.3879406728290122
137.0023043550009,6.002018680254517,5.994833786432627,0.00021948839727159442,-2.7755575615628914e-17,-1.9999620682360946,-2.087720871423162,0.0,-0.0019488431280478835,-2.945766711516029,1.4051796394461002
137.06508619000124,6.001800193337025,5.994833786432627,0.0014818527214413013,-2.7755575615628914e-17,-1.9998545897794555,-2.087894302750736,0.0,-0.002036060206592083,-2.9473375078428243,1.4223695121873197
137.09599448500012,6.00126017233193,5.994833786432627,0.0021618666108149664,-2.7755575615628914e-17,-1.999964284004141,-2.0879120948934977,0.0,-0.0019164817640557885,-2.9487337712444197,1.4395898171712582
137.16267124000115,6.0004475783642075,5.994833786432627,0.0028032715554109078,-2.7755575615628914e-17,-1.9998352227835474,-2.0880594954165166,0.0,-0.0018938067369163036,-2.9501300346460146,1.4568408378911115
137.22103126900038,5.999623490041541,5.994833786432627,0.0033715787731596614,-2.7755575615628914e-17,-1.999874805400309,-2.088425636157076,0.0,-0.0019145430997014046,-2.951526298047611,1.4740846331505415
137.25751977500113,5.999190022022003,5.994833786432627,0.004162153284825998,-2.7755575615628914e-17,-1.999950383348628,-2.0888148514280607,0.0,-0.0019068391993641853,-2.9520498968232087,1.4912562209640505
137.32167298400054,5.998467859922641,5.994833786432627,0.004438028551971368,-2.7755575615628914e-17,-1.9998484950126347,-2.088952563986829,0.0,-0.0018499366706237197,-2.9532716272996047,1.5084656468323194
137.34687687600126,5.997508977499349,5.994833786432627,0.004575324503142242,-2.7755575615628914e-17,-1.9999758423819785,-2.0893374366707214,0.0,-0.0019579792860895395,-2.953969759000403,1.52571300587397
137.40628538500096,5.99659556041881,5.994833786432627,0.004700687201450934,-2.7755575615628914e-17,-1.9998695653648089,-2.089922857800996,0.0,-0.0020107279997318983,-2.9548424236264,1.5429615742953549
137.45743687100003,5.996177587827305,5.994833786432627,0.004954005497419877,-2.7755575615628914e-17,-1.9999029025545434,-2.090503882172327,0.0,-0.0021371077746152878,-2.955889621177597,1.5601486467360577
137.5138575150013,5.995493962723956,5.994833786432627,0.004700304419184079,-2.7755575615628914e-17,-1.9998829817653965,-2.0907784762722086,0.0,-0.001998583320528269,-2.9565877528783937,1.577375880440706
137.5729523480004,5.9946272932041476,5.994833786432627,0.004861448519295639,-2.7755575615628914e-17,-1.9998693775993883,-2.0912228989339963,0.0,-0.0019458584720268846,-2.9569368187287934,1.5943518847612543
137.6088531559999,5.993728293333304,5.994833786432627,0.003957537806828476,-2.7755575615628914e-17,-1.9999531245013524,-2.0918621541862685,0.0,-0.0020460658706724644,-2.957285884579192,1.6116151773703915
137.6576458920008,5.993202213246288,5.994833786432627,0.004596004027860742,-2.7755575615628914e-17,-1.999910197485172,-2.09256601349622,0.0,-0.002138302195817232,-2.95798401627999,1.6285135171827765
137.7070510730009,5.992409524571351,5.994833786432627,0.0035912707635090413,-2.7755575615628914e-17,-1.9999089264159198,-2.093011730082663,0.0,-0.002210786333307624,-2.9595548126067843,1.6457490693382815
137.75769106200096,5.9914264219055395,5.994833786432627,0.0031314513029706004,-2.7755575615628914e-17,-1.9999049440415126,-2.093675440573683,0.0,-0.002228258177638054,-2.9607765430831803,1.6630295906904153
137.8070054130003,5.990443459880929,5.994833786432627,0.0027248283429070486,-2.7755575615628914e-17,-1.9999096501365472,-2.094564336389875,0.0,-0.0021427993196994066,-2.9621728064847765,1.6803165222236585
137.86015664600018,5.989753414187901,5.994833786432627,0.0025218749907763294,-2.7755575615628914e-17,-1.9998963237024059,-2.095462352121151,0.0,-0.0023656960111111403,-2.963743602811571,1.6975439353234976
137.90891541900055,5.98886665412077,5.994833786432627,0.0020019377235089286,-2.7755575615628914e-17,-1.9999114173252523,-2.0960825029030645,0.0,-0.0022571049630641937,-2.9653143991383657,1.7148201748285543
137.9567050300011,5.987823572286582,5.994833786432627,0.0014324804335401065,-2.7755575615628914e-17,-1.9999152108144194,-2.0969514928424693,0.0,-0.002285584108904004,-2.966885195465161,1.7321434723660067
138.00795548000133,5.986887714727022,5.994833786432627,0.0008449246558889234,-2.7755575615628914e-17,-1.9999013044167568,-2.098069172070634,0.0,-0.0021751527674496174,-2.9686305247171547,1.7494690432124782
138.05722984600106,5.986471107991898,5.994833786432627,0.0002119171796833852,-2.7755575615628914e-17,-1.9999096220733386,-2.0991294229900377,0.0,-0.002083566738292575,-2.97020132104395,1.766718707840309
138.10775596200074,5.98586874763933,5.994833786432627,-0.0009689469381410909,-2.7755575615628914e-17,-1.9999046909387141,-2.099830195854633,0.0,-0.002202509203925729,-2.9722957161463435,1.7840199800936374
138.15651896100098,5.985126232579819,5.994833786432627,-0.0022082852200634995,-2.7755575615628914e-17,-1.999911541382801,-2.10076494705815,0.0,-0.002387026324868202,-2.973866512473138,1.8013699457766703
138.20837009299976,5.984469828621541,5.994833786432627,-0.0034147193022598388,-2.7755575615628914e-17,-1.9999002355810878,-2.10182680215576,0.0,-0.00237767631188035,-2.975262775874734,1.8187225621669498
138.25781406600072,5.984248574422225,5.994833786432627,-0.00439897799355593,-2.7755575615628914e-17,-1.9999098816254959,-2.1028695525521512,0.0,-0.0024308108258992434,-2.976659039276329,1.8359994741234127
138.32149353900058,5.983852296425802,5.994833786432627,-0.005719380240588157,-2.7755575615628914e-17,-1.999847887526397,-2.103556469282148,0.0,-0.0023921404499560595,-2.978578901453523,1.8533291893784276
138.3473370470001,5.983324495293187,5.994833786432627,-0.0070578969417833815,-2.7755575615628914e-17,-1.9999750950255286,-2.1044586505845637,0.0,-0.0024284860119223595,-2.97962609900472,1.8707088954953663
138.40761290800037,5.982912549885318,5.994833786432627,-0.007683280925368963,-2.7755575615628914e-17,-1.999864553781869,-2.105589498714438,0.0,-0.0023855241015553474,-2.981022362406315,1.8877955495032597
138.45746067599976,5.982924146388598,5.994833786432627,-0.009366477206842583,-2.7755575615628914e-17,-1.9999074513131487,-2.1067285402414986,0.0,-0.002286317525431514,-2.9824186258079104,1.9050891676859854
138.5076735170005,5.98277074906581,5.994833786432627,-0.010855594733478635,-2.7755575615628914e-17,-1.9999060047073864,-2.107508114864403,0.0,-0.0022785982582718134,-2.9836403562843063,1.922439073755085
138.5577266190012,5.982497950474505,5.994833786432627,-0.012397378284609517,-2.7755575615628914e-17,-1.9999069097634465,-2.1085205212524802,0.0,-0.0024231153074651957,-2.984163955059905,1.9398417205087157
138.62215402900074,5.982287665958996,5.994833786432627,-0.013825558054953113,-2.7755575615628914e-17,-1.9998459669501836,-2.10967510516294,0.0,-0.002449191641062498,-2.984862086760702,1.9572441307667021
138.65768802100138,5.9824203475130036,5.994833786432627,-0.014958526866969635,-2.7755575615628914e-17,-1.9999528244285572,-2.1107921587656713,0.0,-0.0024300343357026577,-2.985385685536301,1.9745576999415095
138.7140559770014,5.982409773060078,5.994833786432627,-0.016415629301149703,-2.7755575615628914e-17,-1.9998818426210556,-2.1114659535157276,0.0,-0.0023826053366065025,-2.9869564818630954,1.9919295175952478
138.7411472570002,5.982302898332833,5.994833786432627,-0.01796157997358372,-2.7755575615628914e-17,-1.9999722083586546,-2.1123825240613905,0.0,-0.0024261910002678633,-2.987480080638694,2.0093548773244425
138.79139808800028,5.9822612642019,5.994833786432627,-0.020120932731667818,-2.7755575615628914e-17,-1.9999059981846938,-2.1133908790561833,0.0,-0.002453089226037264,-2.9888763440402895,2.0270732657162656
138.84078107599998,5.982570203030403,5.994833786432627,-0.020769647247391942,-2.7755575615628914e-17,-1.999910136229918,-2.1144393078912174,0.0,-0.0024049982894212008,-2.9902726074418844,2.0444029620319193
138.8925074960007,5.982749423884064,5.994833786432627,-0.022238105328972524,-2.7755575615628914e-17,-1.9999001533475627,-2.114869883187891,0.0,-0.002395403338596225,-2.99184340376868,2.0617904333979316
138.97510786600105,5.9828022680878785,5.994833786432627,-0.025448807277457686,-2.7755575615628914e-17,-1.999748368866579,-2.115414853810586,0.0,-0.002454172121360898,-2.993239667170275,2.080114403704131
139.00777858600122,5.982967901648878,5.994833786432627,-0.024799024086767707,-2.7755575615628914e-17,-1.9999586827773532,-2.116264663653001,0.0,-0.0024889586493372917,-2.993937798871073,2.097550693111256
139.05757802300104,5.98348840429492,5.994833786432627,-0.025614439323218607,-2.7755575615628914e-17,-1.9999084254804353,-2.1168553434254394,0.0,-0.0024886862374842167,-2.995508595197868,2.114887869110159
139.1086555210004,5.983889422187491,5.994833786432627,-0.02696697935121739,-2.7755575615628914e-17,-1.9999024849991607,-2.1170771536184296,0.0,-0.0024653892032802105,-2.996904858599463,2.1322824115291263
139.172746911001,5.984213580029725,5.994833786432627,-0.02857624630468758,-2.7755575615628914e-17,-1.9998478810102367,-2.11745840172267,0.0,-0.002472707536071539,-2.9989992537018564,2.1497290299072436
139.20437245700123,5.984612210000946,5.994833786432627,-0.03008368596482136,-2.7755575615628914e-17,-1.9999623013948356,-2.1180771624712755,0.0,-0.002380542689934373,-3.000046451253053,2.167172219564242
139.26784266899995,5.985305017600478,5.994833786432627,-0.031344489193781855,-2.7755575615628914e-17,-1.9998518607534403,-2.11866577692725,0.0,-0.002376385498791933,-3.0026644451310447,2.184518513374281
139.2997703910005,5.985905289963219,5.994833786432627,-0.032921191425154706,-2.7755575615628914e-17,-1.9999612320139255,-2.118825202874244,0.0,-0.002270521828904748,-3.0042352414578395,2.201921478121167
139.36221178800042,5.98644636010522,5.994833786432627,-0.03456011960519079,-2.7755575615628914e-17,-1.9998560709297457,-2.119076210256763,0.0,-0.0023453575558960438,-3.0068532353358304,2.2193753068786415
139.42338159000064,5.987040346417369,5.994833786432627,-0.03607071098768211,-2.7755575615628914e-17,-1.9998603007684235,-2.119543857411033,0.0,-0.0023589113261550665,-3.009296696288623,2.236823265303977
139.45430997200128,5.9878391142695895,5.994833786432627,-0.0372202614993955,-2.7755575615628914e-17,-1.9999646559691073,-2.119858719975531,0.0,-0.0023582521826028824,-3.009820295064221,2.25417055539829
139.51789003900012,5.988554956448838,5.994833786432627,-0.03841331272986093,-2.7755575615628914e-17,-1.9998502235829672,-2.119740881762234,0.0,-0.002474218374118209,-3.0119146901666145,2.271573060847874
139.54895777100137,5.989228243137932,5.994833786432627,-0.03980517002795536,-2.7755575615628914e-17,-1.999963244988073,-2.1197986868434184,0.0,-0.002354720374569297,-3.0131364206430105,2.2890243328858304
139.6101607140008,5.989898848574764,5.994833786432627,-0.04113051248481603,-2.7755575615628914e-17,-1.9998616034862227,-2.119927849035042,0.0,-0.0022943648509681225,-3.015056282820204,2.306472307012932
139.67391436599974,5.990609814358814,5.994833786432627,-0.041352214356237926,-2.7755575615628914e-17,-1.9998499010502822,-2.119994612005825,0.0,-0.0023075933568179607,-3.016801612072199,2.3235376167956114
139.70617358600066,5.991264409655261,5.994833786432627,-0.04221606316505211,-2.7755575615628914e-17,-1.9999611270927116,-2.119586923878919,0.0,-0.002407470252364874,-3.017499743772996,2.3406540626759433
139.766780295,5.991894263918223,5.994833786432627,-0.043569314795205205,-2.7755575615628914e-17,-1.9998626041253376,-2.11938811921118,0.0,-0.002356917830184102,-3.0188960071745923,2.3581112220568032
139.7984173720015,5.992580735996284,5.994833786432627,-0.04446101556777382,-2.7755575615628914e-17,-1.9999643542544072,-2.1194038160856503,0.0,-0.0023074913769960403,-3.0197686718005885,2.3755602163323024
139.86255376400004,5.993425747596591,5.994833786432627,-0.045344108183935194,-2.7755575615628914e-17,-1.9998481903237293,-2.1192572974715578,0.0,-0.002316027181223035,-3.0215140010525836,2.3929118444130104
139.9228019889997,5.994234456460821,5.994833786432627,-0.0463400228248847,-2.7755575615628914e-17,-1.999863456150724,-2.118607015964053,0.0,-0.002303700428456068,-3.0234338632297773,2.4103105304831423
139.95381012800135,5.99501910622965,5.994833786432627,-0.04721109006179525,-2.7755575615628914e-17,-1.9999633131345766,-2.1180724410938323,0.0,-0.0023901783861219883,-3.024306527855774,2.4277499190363607
140.01736682800038,5.995827844306852,5.994833786432627,-0.04781987080658889,-2.7755575615628914e-17,-1.99985086671899,-2.1177087301260205,0.0,-0.0023380510974675417,-3.0262263900329676,2.445166091505611
140.04768200200124,5.996717957731135,5.994833786432627,-0.04826999177034397,-2.7755575615628914e-17,-1.9999652647801711,-2.117258527047403,0.0,-0.0023306061048060656,-3.0274481205093635,2.4624517512698096
140.10989898700063,5.997559962716903,5.994833786432627,-0.048790309040536606,-2.7755575615628914e-17,-1.999857976729816,-2.116222653999114,0.0,-0.002333730924874544,-3.029018916836159,2.4797874574823693
140.1736766670001,5.998368493260338,5.994833786432627,-0.04919656166088149,-2.7755575615628914e-17,-1.9998482384270109,-2.115432352655308,0.0,-0.002207021228969097,-3.0312878448637517,2.4971664833501825
140.20596675300112,5.9991543404325505,5.994833786432627,-0.04932631024057055,-2.7755575615628914e-17,-1.9999617468541808,-2.1147672239093,0.0,-0.002261537592858076,-3.0323350424149482,2.5145314811615678
140.26764999999978,5.9999291788280775,5.994833786432627,-0.048938278432298365,-2.7755575615628914e-17,-1.9998589338530046,-2.1141193387606094,0.0,-0.0022370144724845886,-3.0346039704425407,2.5317879926131646
140.29961705200003,6.0006545353603,5.994833786432627,-0.048787365669752614,-2.7755575615628914e-17,-1.9999620323937821,-2.113084045285936,0.0,-0.0022405339404940605,-3.036000233844136,2.549093952975926
140.36238481600049,6.001346921981909,5.994833786432627,-0.04876135974637297,-2.7755575615628914e-17,-1.999854840608825,-2.112212458236744,0.0,-0.002268372569233179,-3.0386182277221283,2.566442718443642
140.42667004400028,6.001992666503946,5.994833786432627,-0.04855312766717379,-2.7755575615628914e-17,-1.9998479740177668,-2.1115809886649197,0.0,-0.0021972605027258396,-3.041236221600119,2.583775139011814
140.45827848699992,6.002537260837049,5.994833786432627,-0.04731971584301742,-2.7755575615628914e-17,-1.999962484273288,-2.1109300044825723,0.0,-0.0021734863985329866,-3.0426324850017146,2.6007007507468405
140.5216704049999,6.003045628689476,5.994833786432627,-0.04727417109824095,-2.7755575615628914e-17,-1.999854551285092,-2.1098794627092365,0.0,-0.0021734838373959064,-3.0454250118049058,2.617970862628048
140.5515043510004,6.0035339834001755,5.994833786432627,-0.0469126698545107,-2.7755575615628914e-17,-1.999965304206589,-2.109078499154533,0.0,-0.0021909892093390226,-3.0469958081317,2.635285186912756
140.61452505700072,6.003984175944278,5.994833786432627,-0.04657697150960993,-2.7755575615628914e-17,-1.9998530792389513,-2.108490986343448,0.0,-0.002131348941475153,-3.0499628678600907,2.65259312715112
140.67869592500028,6.004353196932502,5.994833786432627,-0.0460305753453536,-2.7755575615628914e-17,-1.999849683291502,-2.107940227434709,0.0,-0.002148926490917802,-3.0527553946632824,2.669811426389916
140.70974909800134,6.0046946923182,5.994833786432627,-0.0454766198149682,-2.7755575615628914e-17,-1.9999637191695263,-2.106978843829981,0.0,-0.002020507352426648,-3.0541516580648773,2.6870776599793915
140.77122807200067,6.005027800049676,5.994833786432627,-0.04496897055284754,-2.7755575615628914e-17,-1.999860528513155,-2.106243123456458,0.0,-0.0020504221320152283,-3.0567696519428686,2.7043857196791734
140.80379379199985,6.0053228642057705,5.994833786432627,-0.0446753555829551,-2.7755575615628914e-17,-1.999959883965156,-2.1057584488039938,0.0,-0.0020919484086334705,-3.058165915344465,2.7216866268244964
140.8669217610004,6.005496829507834,5.994833786432627,-0.044198145363249286,-2.7755575615628914e-17,-1.9998561998729776,-2.1052527431137116,0.0,-0.00207128725014627,-3.060783909222456,2.7388981837226587
140.8977224930004,6.005674621179421,5.994833786432627,-0.044345517797659495,-2.7755575615628914e-17,-1.9999643531946891,-2.1043366483014183,0.0,-0.002013624645769596,-3.0620056396988518,2.756449019238981
140.9582314039999,6.005847392994793,5.994833786432627,-0.043191144032481255,-2.7755575615628914e-17,-1.999862783073783,-2.1036639467519826,0.0,-0.0020926871802657843,-3.063925501876046,2.7737474626345717
141.02264534400092,6.006018623506267,5.994833786432627,-0.04270486896134751,-2.7755575615628914e-17,-1.9998487962126046,-2.1031916052499486,0.0,-0.002051209332421422,-3.06584536405324,2.7910811057043303
141.05343772000015,6.005985408894476,5.994833786432627,-0.04344999319597265,-2.7755575615628914e-17,-1.9999646227191352,-2.1027636849533415,0.0,-0.002007485833019018,-3.066718028679236,2.809066465848198
141.11637462,6.005920841724838,5.994833786432627,-0.040516159168596966,-2.7755575615628914e-17,-1.999852152454332,-2.101676020160622,0.0,-0.0019405395723879337,-3.068463357931231,2.826233285438948
141.14891279900075,6.00585581475088,5.994833786432627,-0.039631302930890344,-2.7755575615628914e-17,-1.9999608557883275,-2.1008327846257466,0.0,-0.0019368146313354373,-3.0693360225572284,2.843448770666838
141.20746152700121,6.0057909828589,5.994833786432627,-0.03889145211546896,-2.7755575615628914e-17,-1.9998732842435671,-2.1002100495869485,0.0,-0.0020393154118210077,-3.0710813518092217,2.8607078137032738
141.25899244100037,6.0055642089610695,5.994833786432627,-0.0377969097299391,-2.7755575615628914e-17,-1.9999023624856043,-2.0998516556625177,0.0,-0.0020543760620057583,-3.0723030822856177,2.8777767348210572
141.32327174900092,6.005316109675334,5.994833786432627,-0.03667797435687514,-2.7755575615628914e-17,-1.9998489402569029,-2.0987942213398734,0.0,-0.0020183129236102104,-3.0740484115376128,2.894906118764003
141.34949390400106,6.005058240121586,5.994833786432627,-0.03559819351566751,-2.7755575615628914e-17,-1.9999738910139346,-2.0980948365997283,0.0,-0.0019301279680803418,-3.07492107616361,2.912088427721119
141.40884313900096,6.004792682181408,5.994833786432627,-0.03465219886836629,-2.7755575615628914e-17,-1.9998704472917792,-2.097717569576917,0.0,-0.002025662688538432,-3.0766664054156037,2.9293187570040655
141.46478223000122,6.004324051485635,5.994833786432627,-0.03352628298577498,-2.7755575615628914e-17,-1.999883399107539,-2.0976652115690113,0.0,-0.0020747329108417034,-3.079284399293596,2.946387087104177
141.5251216859997,6.003846030695848,5.994833786432627,-0.03244765930481858,-2.7755575615628914e-17,-1.9998651361447857,-2.097078838512584,0.0,-0.002062822924926877,-3.0819023931715868,2.9635184133897052
141.54782427300051,6.003372318157683,5.994833786432627,-0.03150119829900766,-2.7755575615628914e-17,-1.9999807635806803,-2.0968232241592863,0.0,-0.0020738355815410614,-3.0834731894983824,2.9807051991728164
141.60871217400017,6.00290922876627,5.994833786432627,-0.030788888809653303,-2.7755575615628914e-17,-1.9998634444482792,-2.096836941993131,0.0,-0.00200861319899559,-3.085742117525975,2.9979425828383857
141.65907113700086,6.002198533292924,5.994833786432627,-0.029956195934829066,-2.7755575615628914e-17,-1.9999055186504548,-2.097152286187464,0.0,-0.0020060548558831215,-3.089058243104764,3.015019284592079
141.7150785770009,6.001515619293926,5.994833786432627,-0.02857425431318167,-2.7755575615628914e-17,-1.9998843557763197,-2.09692492835197,0.0,-0.0019715107046067715,-3.090978105281958,3.0318706466538665
141.775312234,6.000858665736705,5.994833786432627,-0.02861144126400922,-2.7755575615628914e-17,-1.9998654257751884,-2.0969266256924186,0.0,-0.001996451523154974,-3.0928979674591512,3.049071015447537
141.79794075500104,6.000245284493056,5.994833786432627,-0.02763334204311879,-2.7755575615628914e-17,-1.9999818499427604,-2.097256824714979,0.0,-0.0020621195435523987,-3.0941196979355468,3.0660335774789904
141.85902888800047,5.9992703819509945,5.994833786432627,-0.02773743737398203,-2.7755575615628914e-17,-1.9998607642687412,-2.0978721733215693,0.0,-0.0021044097375124693,-3.096737691813539,3.083148823283109
141.90940433300057,5.99836120963266,5.994833786432627,-0.02734548138204214,-2.7755575615628914e-17,-1.9999049730132872,-2.098012980992169,0.0,-0.0021323435939848423,-3.0988320869159325,3.1003304274209382
141.959395459,5.99752949382636,5.994833786432627,-0.027206996588159324,-2.7755575615628914e-17,-1.9999074648451534,-2.0983830470430465,0.0,-0.0022043983917683363,-3.1005774161679263,3.117570266517619
142.00921811100125,5.996779324913772,5.994833786432627,-0.027368510209143687,-2.7755575615628914e-17,-1.9999082705000892,-2.099006609280579,0.0,-0.002235187217593193,-3.1021482124947215,3.1348632378904213
142.05912951900063,5.99555588215271,5.994833786432627,-0.027361919172766366,-2.7755575615628914e-17,-1.9999070692139231,-2.099804778286721,0.0,-0.002197172725573182,-3.103544475896317,-3.131184736615616
142.11489565600095,5.994453218949793,5.994833786432627,-0.027361230723262416,-2.7755575615628914e-17,-1.999884389152291,-2.099979947582019,0.0,-0.0021646260283887386,-3.1054643380735105,-3.113979074636766
142.14262087099996,5.99347497440288,5.994833786432627,-0.027598379746130303,-2.7755575615628914e-17,-1.9999714985148564,-2.100369244350454,0.0,-0.002267424250021577,-3.1065115356247075,-3.096713373410261
142.19381411300128,5.992623280154144,5.994833786432627,-0.02811869220656192,-2.7755575615628914e-17,-1.9999043167836839,-2.1010531119889224,0.0,-0.0022865612991154194,-3.108082331951502,-3.0793926240060765
142.25714758300091,5.9915007918066205,5.994833786432627,-0.028662700391309387,-2.7755575615628914e-17,-1.9998526957617064,-2.101973104585187,0.0,-0.002338164020329714,-3.109478595353098,-3.0621863788533394
142.31534567600102,5.990529052326225,5.994833786432627,-0.029262490088218546,-2.7755575615628914e-17,-1.999871154573216,-2.1023229063037987,0.0,-0.0023092427290976048,-3.111223924605092,-3.0449166553308324
142.37484866900013,5.989710789140516,5.994833786432627,-0.030060457319990685,-2.7755575615628914e-17,-1.9998686086718018,-2.1028266922913086,0.0,-0.0023218190763145685,-3.1119220563058896,-3.0275914129102226
142.39836145000118,5.9890483486414325,5.994833786432627,-0.031109269013104873,-2.7755575615628914e-17,-1.999979255841696,-2.10356868049866,0.0,-0.002305101603269577,-3.1124456550814874,-3.0102158120302347
142.4588949780009,5.9881800959812646,5.994833786432627,-0.03224652011850532,-2.7755575615628914e-17,-1.999864517526799,-2.1044405232670473,0.0,-0.0023746478836983442,-3.1134928526326844,-2.9929594032305853
142.5090548290009,5.987493397331493,5.994833786432627,-0.0335655257604075,-2.7755575615628914e-17,-1.999905673420863,-2.1049013786181563,0.0,-0.0022681206464767456,-3.1147145831090803,-2.975641975683347
142.55921272700107,5.986992030683492,5.994833786432627,-0.03449650033988305,-2.7755575615628914e-17,-1.9999062128625258,-2.1055439940612826,0.0,-0.002256197389215231,-3.115238181884679,-2.9585648238061117
142.60882184000002,5.986670386079106,5.994833786432627,-0.03685568873693934,-2.7755575615628914e-17,-1.9999087636055877,-2.106269868490697,0.0,-0.002207190031185746,-3.115412714809878,-2.9411475236218987
142.66117046100044,5.985982926363868,5.994833786432627,-0.03844558159644751,-2.7755575615628914e-17,-1.9998981008944983,-2.107109292469288,0.0,-0.0022831568494439125,-3.115761780660277,-2.9238388634107846
142.71542325100017,5.98550376421167,5.994833786432627,-0.039921726261256174,-2.7755575615628914e-17,-1.9998903429290236,-2.107514141593156,0.0,-0.002299424260854721,-3.116110846510676,-2.906473907756379
142.74386448400037,5.985225961768586,5.994833786432627,-0.04149681709265152,-2.7755575615628914e-17,-1.9999703593206941,-2.1080033267272613,0.0,-0.0023484763223677874,-3.116634445286274,-2.8890610705408597
142.7929699840006,5.98514522964931,5.994833786432627,-0.04322355958274071,-2.7755575615628914e-17,-1.999909761540778,-2.108615191305039,0.0,-0.002375081181526184,-3.116983511136673,-2.871605407785267
142.84160564700142,5.984751151441587,5.994833786432627,-0.04484757126231331,-2.7755575615628914e-17,-1.9999116401061894,-2.1093313809414296,0.0,-0.002269330434501171,-3.11785617576267,-2.854278062532817
142.89359100000001,5.984560634631092,5.994833786432627,-0.046208940322763126,-2.7755575615628914e-17,-1.9999001994880432,-2.10952592039548,0.0,-0.002246560761705041,-3.118379774538269,-2.8368968875279723
142.9415744730013,5.984572273872994,5.994833786432627,-0.04820065684943009,-2.7755575615628914e-17,-1.9999135962900434,-2.109751394257142,0.0,-0.002341984072700143,-3.1187288403886675,-2.819176954305773
142.9937879320005,5.984754605066552,5.994833786432627,-0.04901868975169654,-2.7755575615628914e-17,-1.9999000680367995,-2.1100924158061876,0.0,-0.0023587741889059544,-3.119077906239066,-2.8017110976875843
143.04194841699973,5.984565941676199,5.994833786432627,-0.05020694534149739,-2.7755575615628914e-17,-1.9999124831105914,-2.1105046350896353,0.0,-0.0023712064139544964,-3.119252439164266,-2.784370991296515
143.09358007800074,5.984570022524039,5.994833786432627,-0.05115322335852668,-2.7755575615628914e-17,-1.9999009141072355,-2.1103343917048214,0.0,-0.0023242321331053972,-3.1194269720894656,-2.76698110104843
143.17335324600026,5.984668595010367,5.994833786432627,-0.053911562207137886,-2.7755575615628914e-17,-1.9997650882952214,-2.110186157051633,0.0,-0.0022432811092585325,-3.1196015050146646,-2.7487120537847103
143.20434289900004,5.984879617566654,5.994833786432627,-0.05318698529326693,-2.7755575615628914e-17,-1.9999638638657287,-2.1100918693453043,0.0,-0.0021189674735069275,-3.119776037939864,-2.7312661851100883
143.2672437780002,5.984755769690533,5.994833786432627,-0.05420455530055179,-2.7755575615628914e-17,-1.9998514927642494,-2.110082388056911,0.0,-0.0021996507421135902,-3.120299636715462,-2.7138689153611226
143.29950975700012,5.984867062983624,5.994833786432627,-0.05532318846541984,-2.7755575615628914e-17,-1.9999611398578958,-2.109850132367159,0.0,-0.002092953072860837,-3.1208232354910606,-2.6964306787730887
143.3617637870011,5.985210362388808,5.994833786432627,-0.05675429873759463,-2.7755575615628914e-17,-1.9998558476325614,-2.1098196710461874,0.0,-0.0019871413242071867,-3.1213468342666584,-2.678959371520414
143.39330274700114,5.985607316108403,5.994833786432627,-0.05841217533953302,-2.7755575615628914e-17,-1.9999630684723626,-2.1097642099348253,0.0,-0.0020702334586530924,-3.1218704330422575,-2.661481510902622
143.45642512999984,5.985754150892369,5.994833786432627,-0.05995108837984098,-2.7755575615628914e-17,-1.9998545898644216,-2.1096277734145485,0.0,-0.0020096590742468834,-3.1220449659674565,-2.6440390864393315
143.51864606799973,5.986149400073372,5.994833786432627,-0.061317390498900726,-2.7755575615628914e-17,-1.9998557277278686,-2.109259478789467,0.0,-0.0018446057802066207,-3.1220449659674565,-2.626566210256543
143.54971891700006,5.986774309801811,5.994833786432627,-0.0626490607793434,-2.7755575615628914e-17,-1.9999627820696786,-2.1089098395378914,0.0,-0.0018830354092642665,-3.1218704330422575,-2.609070863534204
143.61328552899977,5.987399986249593,5.994833786432627,-0.06395997059944025,-2.7755575615628914e-17,-1.9998521298957737,-2.1084919020436783,0.0,-0.0018539534648880363,-3.121695900117058,-2.591577598707269
143.67511408500104,5.98765854597322,5.994833786432627,-0.06528616354352546,-2.7755575615628914e-17,-1.9998559809635799,-2.1080168544379756,0.0,-0.0017910359892994165,-3.121695900117058,-2.574125356887286
143.7058204090008,5.9881707751956,5.994833786432627,-0.06628375780822204,-2.7755575615628914e-17,-1.9999648872656688,-2.1073499299435285,0.0,-0.0018647958058863878,-3.121695900117058,-2.5566504324687127
143.76750695600094,5.988923594618546,5.994833786432627,-0.06729281635026474,-2.7755575615628914e-17,-1.9998584408293893,-2.1065890703731567,0.0,-0.0018481302540749311,-3.122219498892656,-2.539160366566711
143.79850104900106,5.9897115015316835,5.994833786432627,-0.06787700747851744,-2.7755575615628914e-17,-1.9999639387233172,-2.1059022596268835,0.0,-0.0017845777329057455,-3.1227430976682546,-2.5219646978632544
143.86111363800046,5.9902890445628145,5.994833786432627,-0.06958588092424034,-2.7755575615628914e-17,-1.9998548508605813,-2.1051568784833403,0.0,-0.0017660846933722496,-3.123790295219451,-2.5045060843685234
143.92342499500046,5.991076803738713,5.994833786432627,-0.06983885790611033,-2.7755575615628914e-17,-1.9998567824573823,-2.1042708058673467,0.0,-0.0017285299254581332,-3.124837492770648,-2.4873257637000057
143.95632883800135,5.9920972145287195,5.994833786432627,-0.0711119499902837,-2.7755575615628914e-17,-1.9999600489243368,-2.103368811660096,0.0,-0.0017147887265309691,-3.125361091546246,-2.4698456884984843
144.01839784100048,5.99312027018459,5.994833786432627,-0.07173226179468828,-2.7755575615628914e-17,-1.999856545310516,-2.1023799643084193,0.0,-0.0016553320456296206,-3.126582822022642,-2.4523675722346128
144.04864392499985,5.993827508550272,5.994833786432627,-0.07241673919631719,-2.7755575615628914e-17,-1.9999662952002284,-2.1013169534455622,0.0,-0.0015362885314971209,-3.126931887873041,-2.4349050634597926
144.10949544100004,5.9947505660276335,5.994833786432627,-0.07283869026193224,-2.7755575615628914e-17,-1.9998615015742878,-2.100216055248649,0.0,-0.0015721027739346027,-3.1283281512746366,-2.417438670380057
144.17308525800036,5.995858188814277,5.994833786432627,-0.07306436099384683,-2.7755575615628914e-17,-1.9998508571750917,-2.0990170912112274,0.0,-0.0015650630230084062,-3.1297244146762315,-2.3999741892757562
144.20464111,5.996942105235325,5.994833786432627,-0.07308246978398425,-2.7755575615628914e-17,-1.9999631422323871,-2.0978205872382594,0.0,-0.001535043935291469,-3.1302480134518302,-2.3825219327256586
144.26822270100092,5.99768515360743,5.994833786432627,-0.07278305557589593,-2.7755575615628914e-17,-1.9998490023584032,-2.0965247393256847,0.0,-0.0013891321141272783,-3.131120678077827,-2.3651001324856327
144.29960583899992,5.998605829221191,5.994833786432627,-0.0723235305287917,-2.7755575615628914e-17,-1.9999636530135303,-2.0950415599581245,0.0,-0.001427744049578905,-3.131818809778625,-2.34767958832306
144.36210905500047,5.999676229407541,5.994833786432627,-0.07191614302079175,-2.7755575615628914e-17,-1.9998548752008483,-2.0936585724027443,0.0,-0.0014689218951389194,-3.132691474404622,-2.3302647599346775
144.42436518900104,6.000652430156209,5.994833786432627,-0.0713270466241529,-2.7755575615628914e-17,-1.9998575300307677,-2.0922506675969617,0.0,-0.0013061107601970434,-3.1333896061054194,-2.312862277450275
144.45573815900025,6.001139884175764,5.994833786432627,-0.07052517597817376,-2.7755575615628914e-17,-1.999962968061658,-2.0908639205839488,0.0,-0.0012982739135622978,-3.1335641390306197,-2.2954840958080296
144.51765311300005,6.0017800793865055,5.994833786432627,-0.06915114720741489,-2.7755575615628914e-17,-1.9998588305398992,-2.0893348003674697,0.0,-0.0013328386703506112,-3.1340877378062175,-2.278109513533696
144.54945307100024,6.002559617821828,5.994833786432627,-0.06797071990932435,-2.7755575615628914e-17,-1.999962303233771,-2.0878752122067765,0.0,-0.0012219931231811643,-3.134436803656616,-2.260742126769461
144.61023661200124,6.003261492156206,5.994833786432627,-0.06697854819248394,-2.7755575615628914e-17,-1.9998626798499881,-2.0865277147076045,0.0,-0.001118368934839964,-3.1349604024322146,-2.243382299861926
144.6735722930007,6.003515126740436,5.994833786432627,-0.06529881333866117,-2.7755575615628914e-17,-1.999853256409212,-2.085148438897569,0.0,-0.001127753988839686,-3.1354840012078125,-2.226321012684211
144.70429327400052,6.003938170402768,5.994833786432627,-0.06448320912246586,-2.7755575615628914e-17,-1.9999645888458304,-2.0838169392572357,0.0,-0.0010313474340364337,-3.1356585341330128,-2.208976507419803
144.76763656100047,6.004481966857996,5.994833786432627,-0.06299738648029218,-2.7755575615628914e-17,-1.9998516075260997,-2.082525344456799,0.0,-0.001005097758024931,-3.1361821329086106,-2.1916417057047113
144.79964118099997,6.004927723738003,5.994833786432627,-0.06175832475235277,-2.7755575615628914e-17,-1.9999624211153895,-2.081269773758221,0.0,-0.0010075030149891973,-3.1367057316842097,-2.1743168369045875
144.862630687001,6.004905932701229,5.994833786432627,-0.060624831798480106,-2.7755575615628914e-17,-1.9998538546276265,-2.08010624575843,0.0,-0.0009685031254775822,-3.137578396310206,-2.1570048157714705
144.92504978500074,6.005038193805933,5.994833786432627,-0.05914076662667167,-2.7755575615628914e-17,-1.9998561069946084,-2.078908296647806,0.0,-0.001024841796606779,-3.138451060936203,-2.139698877165907
144.95752494600129,6.005295525666435,5.994833786432627,-0.057747964359540216,-2.7755575615628914e-17,-1.999960532334856,-2.077661589052679,0.0,-0.0009839588310569525,-3.138800126786602,-2.122403093384489
145.01931540900114,6.005501391528799,5.994833786432627,-0.056342765761521085,-2.7755575615628914e-17,-1.999858030182275,-2.0763939749450233,0.0,-0.001015899470075965,-3.1398473243377985,-2.10511484323385
145.05054216400094,6.005399608793197,5.994833786432627,-0.05582089082280928,-2.7755575615628914e-17,-1.999964468537538,-2.075146333414643,0.0,-0.0009951407555490732,-3.140370923113397,-2.087543523461765
145.1133793959998,6.005428149328917,5.994833786432627,-0.0540841792796406,-2.7755575615628914e-17,-1.9998544735359172,-2.0740036430512534,0.0,-0.000959851429797709,3.1414181206645937,-2.070268290804244
145.17645871700006,6.005580342606819,5.994833786432627,-0.05297907486308917,-2.7755575615628914e-17,-1.9998533184537057,-2.072872711595723,0.0,-0.0009111465769819915,3.1401963901881977,-2.0530047735087162
145.2077553830004,6.005706658384361,5.994833786432627,-0.05377429003998557,-2.7755575615628914e-17,-1.9999641118426719,-2.071613212336451,0.0,-0.0008559993584640324,3.1396727914125986,-2.0348854369569906
145.27041352800006,6.005431882660971,5.994833786432627,-0.0508800157828011,-2.7755575615628914e-17,-1.9998550661496948,-2.0703801755033386,0.0,-0.0008376362384296954,3.1384510609362035,-2.0176257034863583
145.3016688380012,6.005296837412977,5.994833786432627,-0.04970538543667713,-2.7755575615628914e-17,-1.9999625503724345,-2.069230344598938,0.0,-0.0008762887446209788,3.1379274621606053,-2.000376727653125
145.3651658609997,6.005272251568852,5.994833786432627,-0.04857928517038024,-2.7755575615628914e-17,-1.9998511239383772,-2.068161435178746,0.0,-0.0009451275691390038,3.1368802646094087,-1.983140956247724
145.42825518300015,6.0051371736415975,5.994833786432627,-0.047385816092593847,-2.7755575615628914e-17,-1.9998543408372063,-2.067089744608653,0.0,-0.000910649192519486,3.1360075999834116,-1.9659123590269976
145.45909839200067,6.00453886809475,5.994833786432627,-0.04605602060310543,-2.7755575615628914e-17,-1.9999644972545452,-2.0661337503254003,0.0,-0.000888639478944242,3.135833067058212,-1.9486833978993061
145.52111387600053,6.004067848137915,5.994833786432627,-0.044400502490006155,-2.7755575615628914e-17,-1.999856772818805,-2.0653220162956143,0.0,-0.0008479967364110053,3.1354840012078125,-1.9314624756967058
145.55357132300014,6.003709297159787,5.994833786432627,-0.04298286921680328,-2.7755575615628914e-17,-1.999961466879457,-2.0645588519145277,0.0,-0.0008432999602518976,3.134960402432215,-1.9142512937959062
145.61563132999981,6.003246059603513,5.994833786432627,-0.04180061106151234,-2.7755575615628914e-17,-1.9998566011790357,-2.0638280019112276,0.0,-0.0008380009094253182,3.1342622707314165,-1.8970402501319636
145.67797472700113,6.002327185318566,5.994833786432627,-0.040799158893867093,-2.7755575615628914e-17,-1.9998573926614245,-2.0632090962650964,0.0,-0.0007992536411620677,3.1335641390306197,-1.879815226834851
145.70871427100064,6.001562999286658,5.994833786432627,-0.03959134233348838,-2.7755575615628914e-17,-1.9999646913042417,-2.0626722862653697,0.0,-0.0008528298931196332,3.13321507318022,-1.8625972973336444
145.77308948600148,6.000927374156099,5.994833786432627,-0.03837924355592026,-2.7755575615628914e-17,-1.999849238297346,-2.0622074991900763,0.0,-0.0007978352950885892,3.132516941479423,-1.8453882149620073
145.80453493200002,6.000227012046974,5.994833786432627,-0.03742248755467614,-2.7755575615628914e-17,-1.9999633351055712,-2.0617768151878826,0.0,-0.0008188701467588544,3.1318188097786246,-1.828173809730296
145.86678233800012,5.999143790730711,5.994833786432627,-0.03617357176958008,-2.7755575615628914e-17,-1.9998536568667586,-2.061409494896122,0.0,-0.0007747775525785983,3.130771612227428,-1.8112203356908758
145.9305240190006,5.998242301833781,5.994833786432627,-0.03605272957123101,-2.7755575615628914e-17,-1.9998524736349543,-2.0611380275962823,0.0,-0.0008023433038033545,3.129549881751032,-1.7939884479352808
145.96283255900016,5.99749784613335,5.994833786432627,-0.034884092422374946,-2.7755575615628914e-17,-1.999962288580418,-2.0608883551665462,0.0,-0.0008109310874715447,3.1292008159006333,-1.777052371510031
146.02521167099985,5.996763736209101,5.994833786432627,-0.03511690645453852,-2.7755575615628914e-17,-1.999853362785806,-2.060647726351401,0.0,-0.0008268099627457559,3.127979085424238,-1.7598225700972416
146.05511224800102,5.995817056205579,5.994833786432627,-0.03504384480892514,-2.7755575615628914e-17,-1.999965613575796,-2.0605021706207647,0.0,-0.0008700621547177434,3.1272809537234396,-1.7425606522900332
146.11953318900123,5.995052364164454,5.994833786432627,-0.03498115632136972,-2.7755575615628914e-17,-1.9998461463667527,-2.0604301165013026,0.0,-0.0006827082252129912,3.125710157396645,-1.7253089977277671
146.15114815000015,5.994449999132679,5.994833786432627,-0.03505449781309444,-2.7755575615628914e-17,-1.9999627963116253,-2.060373977103419,0.0,-0.0007425589137710631,3.125012025695847,-1.708069285882494
146.2135226240007,5.993829480093473,5.994833786432627,-0.03523357221584808,-2.7755575615628914e-17,-1.9998568666854557,-2.06026022262598,0.0,-0.0008243347401730716,3.123790295219451,-1.6908297088730249
146.27780025600077,5.992903275493209,5.994833786432627,-0.03549285371678135,-2.7755575615628914e-17,-1.999847412262838,-2.0601731766127105,0.0,-0.0008904044516384602,3.1230921635186526,-1.6735739101531575
146.30940724300126,5.992148619367978,5.994833786432627,-0.0354017880369297,-2.7755575615628914e-17,-1.9999620543905263,-2.060147090248869,0.0,-0.0009759895037859678,3.1227430976682546,-1.656326609805964
146.37231653799972,5.991536198710674,5.994833786432627,-0.035197499793308495,-2.7755575615628914e-17,-1.9998542451305168,-2.0601474263257846,0.0,-0.0009926240891218185,3.122044965967456,-1.6390892875265257
146.40334606600118,5.990887320733936,5.994833786432627,-0.03512016947430442,-2.7755575615628914e-17,-1.9999633221832325,-2.060182739150212,0.0,-0.0008987729088403285,3.1215213671918587,-1.6218425902183902
146.4650113839998,5.989910275731695,5.994833786432627,-0.03521626242897412,-2.7755575615628914e-17,-1.9998590755922268,-2.0602507769401632,0.0,-0.0008973153308033943,3.1209977684162595,-1.6045573733103513
146.52774328800115,5.9891121280751065,5.994833786432627,-0.03507760858691024,-2.7755575615628914e-17,-1.9998551549902315,-2.060605868889966,0.0,-0.0008976104436442256,3.1201251037902624,-1.587280760668171
146.55924550000054,5.988466663754147,5.994833786432627,-0.035005593160158624,-2.7755575615628914e-17,-1.9999621654406834,-2.060890391952137,0.0,-0.0008168519125320017,3.1197760379398645,-1.5700142407886422
146.6203883220005,5.987832718645688,5.994833786432627,-0.035067100305706145,-2.7755575615628914e-17,-1.999861269907419,-2.0612062741294412,0.0,-0.0008724083891138434,3.119077906239066,-1.5527339695564393
146.65153086900136,5.986992261476925,5.994833786432627,-0.035427151522660655,-2.7755575615628914e-17,-1.999964175761134,-2.0615787736880127,0.0,-0.0008732277201488614,3.1185543074634676,-1.5354041852549345
146.71410044799995,5.986336562666892,5.994833786432627,-0.035160322164431074,-2.7755575615628914e-17,-1.9998558391339862,-2.0621475432747416,0.0,-0.00091138033894822,3.117507109912271,-1.5183732928498048
146.77796538800067,5.985844973869522,5.994833786432627,-0.036174501758358193,-2.7755575615628914e-17,-1.9998501516723475,-2.0625993113952137,0.0,-0.0008795998874120414,3.116634445286274,-1.5010680243217114
146.80862708800123,5.985378785814151,5.994833786432627,-0.03672779688807945,-2.7755575615628914e-17,-1.9999642216049225,-2.0630187847292287,0.0,-0.0008295661536976695,3.116285379435876,-1.483753189320823
146.87099304600088,5.984728915192893,5.994833786432627,-0.037469399366430955,-2.7755575615628914e-17,-1.9998539724355775,-2.063448367891945,0.0,-0.0009212177828885615,3.1152381818846795,-1.4663955602250436
146.90153904,5.984272600715662,5.994833786432627,-0.038222260048855844,-2.7755575615628914e-17,-1.9999646896922294,-2.0640988270676073,0.0,-0.0010397883597761393,3.1147145831090803,-1.4490503291374643
146.96463526300067,5.983982172414754,5.994833786432627,-0.039007170800960556,-2.7755575615628914e-17,-1.9998531004202271,-2.0646535884944917,0.0,-0.0008946577436290681,3.113667385557884,-1.4317183943312466
147.02757335100068,5.983756225263692,5.994833786432627,-0.039886262824498586,-2.7755575615628914e-17,-1.9998525774854383,-2.0651686941370917,0.0,-0.0009400167036801577,3.112969253857086,-1.4143745757007604
147.05881282100017,5.983432735852984,5.994833786432627,-0.04082472114597091,-2.7755575615628914e-17,-1.9999629830692383,-2.0655898570888436,0.0,-0.0008769986452534795,3.1126201880066873,-1.396980307200759
147.12184934200013,5.983283740446038,5.994833786432627,-0.04167274267102822,-2.7755575615628914e-17,-1.999854712057712,-2.06626490457696,0.0,-0.0008409282309003174,3.112096589231089,-1.379602363216753
147.14866380000058,5.983299941561245,5.994833786432627,-0.04324026879550319,-2.7755575615628914e-17,-1.9999729124004892,-2.0667802112954785,0.0,-0.0007910741842351854,3.1113984575302904,-1.3619541060232745
147.21147418100009,5.9834208529672654,5.994833786432627,-0.04372497403190423,-2.7755575615628914e-17,-1.999854544399689,-2.0671777704822474,0.0,-0.0008185323677025735,3.1107003258294936,-1.3445875968418612
147.26749154000026,5.983590026244952,5.994833786432627,-0.044863139756204096,-2.7755575615628914e-17,-1.9998811150013416,-2.067548143381887,0.0,-0.0008829333237372339,3.1101767270538954,-1.327181012771962
147.3267536559997,5.983903618953586,5.994833786432627,-0.04752005994774833,-2.7755575615628914e-17,-1.9998682041952704,-2.0678896398479076,0.0,-0.0009659331990405917,3.1101767270538954,-1.3089309549893497
147.3511644600003,5.984289768272508,5.994833786432627,-0.04637970325593377,-2.7755575615628914e-17,-1.9999776432665026,-2.0681835281248993,0.0,-0.0008996664546430111,3.1101767270538954,-1.2915647830993018
147.4093790780007,5.9847557812541625,5.994833786432627,-0.047042348706122006,-2.7755575615628914e-17,-1.9998744585880601,-2.068334119797977,0.0,-0.0008576553664170206,3.110002194128695,-1.27419091216063
147.46095631699973,5.985279696953691,5.994833786432627,-0.047906720721974216,-2.7755575615628914e-17,-1.999900672567385,-2.0684711688113775,0.0,-0.0008491519256494939,3.1094785953530977,-1.256765565224824
147.51727604200096,5.985868664222172,5.994833786432627,-0.04843432586161234,-2.7755575615628914e-17,-1.999881896818913,-2.0687545069477187,0.0,-0.0008326168172061443,3.1093040624278974,-1.2393656006594993
147.57742331300142,5.986500095717521,5.994833786432627,-0.04860570250777463,-2.7755575615628914e-17,-1.999865624858481,-2.0689259945801983,0.0,-0.000822379719465971,3.109129529502699,-1.2219898684520356
147.60064938200048,5.987153464440827,5.994833786432627,-0.0486735485174119,-2.7755575615628914e-17,-1.9999799328570778,-2.0689395737389926,0.0,-0.0007616034708917141,3.1087804636523,-1.204607655124113
147.6593825130003,5.987815497990477,5.994833786432627,-0.048784878383936525,-2.7755575615628914e-17,-1.9998716691764475,-2.069023039481099,0.0,-0.0006691813468933105,3.108256864876701,-1.187170176215334
147.71131599,5.988511531054366,5.994833786432627,-0.0488849890234615,-2.7755575615628914e-17,-1.9998994487524389,-2.069300016859733,0.0,-0.0007025595987215638,3.1072096673255043,-1.1697616837931315
147.7604890390012,5.989214351068263,5.994833786432627,-0.04879215366431622,-2.7755575615628914e-17,-1.9999104302714816,-2.069386463766244,0.0,-0.0007289965287782252,3.1061624697743087,-1.152380189376794
147.8106921130002,5.9899096428160385,5.994833786432627,-0.04837996732077132,-2.7755575615628914e-17,-1.9999058678112915,-2.0694183812707507,0.0,-0.0007597446092404425,3.10546433807351,-1.1349995171808005
147.86195515800136,5.99059387619034,5.994833786432627,-0.048060118652704986,-2.7755575615628914e-17,-1.999903083614961,-2.0693793964866343,0.0,-0.0006815344095230103,3.1047662063727124,-1.1175796190056353
147.92615775600098,5.9912741928848385,5.994833786432627,-0.047651504205228234,-2.7755575615628914e-17,-1.9998466277926534,-2.0694654608282126,0.0,-0.0007135256892070174,3.1035444758963164,-1.1001886076027954
147.9607864130012,5.9919339994811756,5.994833786432627,-0.046647209191210126,-2.7755575615628914e-17,-1.9999553304059288,-2.069389832272911,0.0,-0.0007837438606657088,3.102846344195518,-1.0831129543424172
148.0100396020007,5.992590686666623,5.994833786432627,-0.04685009496471293,-2.7755575615628914e-17,-1.999910143981375,-2.069177183067762,0.0,-0.0008115165983326733,3.101624613719123,-1.0657439401069548
148.0607802400009,5.993237447392858,5.994833786432627,-0.046065937412988145,-2.7755575615628914e-17,-1.9999041730895546,-2.0690999250581026,0.0,-0.0007544341497123241,3.1002283503175274,-1.0486044378515926
148.12602771100137,5.9938866686597985,5.994833786432627,-0.04643903271034544,-2.7755575615628914e-17,-1.999842612470989,-2.0692236319740305,0.0,-0.0006558680906891823,3.098483021065533,-1.031208595530889
148.1516407880008,5.994515050188597,5.994833786432627,-0.046025063371146646,-2.7755575615628914e-17,-1.9999753896150865,-2.0691702813116084,0.0,-0.0006913604447618127,3.097610356439536,-1.0138419158208465
148.2107908220005,5.995111018914313,5.994833786432627,-0.04555769295110379,-2.7755575615628914e-17,-1.9998712089579047,-2.068994848651581,0.0,-0.0004982363898307085,3.09638862596314,-0.9964725593199719
148.26137303399992,5.995665509485026,5.994833786432627,-0.045313186152863394,-2.7755575615628914e-17,-1.9999044360330445,-2.0688214978179933,0.0,-0.0003902225289493799,3.0948178296363444,-0.9790503395173465
148.31082035600048,5.996201543251295,5.994833786432627,-0.044879973718689126,-2.7755575615628914e-17,-1.9999103071004682,-2.068727938080407,0.0,-0.00028744296287186444,3.0941196979355468,-0.9616620186323009
148.36239813900102,5.996702535722437,5.994833786432627,-0.04412781735827298,-2.7755575615628914e-17,-1.9999031311009752,-2.068455916666146,0.0,-0.00020284792117308825,3.093770632085148,-0.9443051712022563
148.4177072250004,5.997193890097416,5.994833786432627,-0.04342024889796625,-2.7755575615628914e-17,-1.9998837326099377,-2.0680207183639165,0.0,-0.00015456050459761173,3.0935960991599494,-0.9269473456441596
148.44462385900079,5.997720607175103,5.994833786432627,-0.04297400804180607,-2.7755575615628914e-17,-1.999973145003846,-2.0675322163610237,0.0,-1.5406301827169955e-05,3.0935960991599494,-0.9095372915271931
148.4957003260006,5.998221005006725,5.994833786432627,-0.04250503882210921,-2.7755575615628914e-17,-1.9999028014770182,-2.067202532894087,0.0,3.531742549967021e-05,3.093421566234749,-0.8921638932733689
148.55091462400014,5.9986842713337545,5.994833786432627,-0.04204501124830051,-2.7755575615628914e-17,-1.9998876405611998,-2.0667126171212926,0.0,0.000198914494831115,3.0932470333095505,-0.8748251047041709
148.60252771399973,5.999111223588759,5.994833786432627,-0.041359392467239964,-2.7755575615628914e-17,-1.9999015622153615,-2.0659984278592294,0.0,0.000263049965724349,3.093421566234749,-0.8574826177454438
148.66146886800016,5.9995332817445695,5.994833786432627,-0.04057499767501693,-2.7755575615628914e-17,-1.99987148589541,-2.065301458790792,0.0,0.00031064730137586594,3.093770632085148,-0.8400758537944838
148.7123230570014,5.999901064163369,5.994833786432627,-0.0396291680186549,-2.7755575615628914e-17,-1.9999035885136414,-2.064765042659939,0.0,0.00045846684952266514,3.0939451650103473,-0.8227103186619213
148.760393646,6.00020958229777,5.994833786432627,-0.03867079081172764,-2.7755575615628914e-17,-1.9999144399503204,-2.0641430898014796,0.0,0.0005326599348336458,3.0939451650103473,-0.8053824146904217
148.81188345400005,6.000510274699924,5.994833786432627,-0.03723361878630249,-2.7755575615628914e-17,-1.9999016908239913,-2.0634288762441226,0.0,0.0006488483631983399,3.0935960991599494,-0.7883434199272136
148.86128376899978,6.000893422726107,5.994833786432627,-0.03730221691131863,-2.7755575615628914e-17,-1.9999095614587732,-2.062700818622715,0.0,0.000641742954030633,3.092897967459151,-0.770965752029375
148.92599864300064,6.001220150707699,5.994833786432627,-0.03673495620962286,-2.7755575615628914e-17,-1.9998450114151458,-2.0622713294392248,0.0,0.0008115847012959421,3.092199835758354,-0.753628197722331
148.9623413650006,6.001482087682894,5.994833786432627,-0.03602547064628592,-2.7755575615628914e-17,-1.9999523915720852,-2.061711212949857,0.0,0.001028354512527585,3.0915017040575563,-0.7363275550476358
149.01089990400033,6.001756281661881,5.994833786432627,-0.035336686535270445,-2.7755575615628914e-17,-1.9999112275543485,-2.0609682617546157,0.0,0.0011206154013052583,3.0902799735811595,-0.7190290768211238
149.0614928060004,6.002183290477886,5.994833786432627,-0.03488931413545382,-2.7755575615628914e-17,-1.999905208642521,-2.0602928934516282,0.0,0.0011264686472713947,3.0894073089551624,-0.7016784089195879
149.09560394500113,6.002531402472469,5.994833786432627,-0.0344445309974345,-2.7755575615628914e-17,-1.999956549545138,-2.0598102361681896,0.0,0.001287715625949204,3.0887091772543656,-0.6843681698055701
149.15977144700082,6.002787872338305,5.994833786432627,-0.03376289951976297,-2.7755575615628914e-17,-1.9998495270326075,-2.059223481811769,0.0,0.001258711563423276,3.0881855784787664,-0.6670948375468221
149.22266670000135,6.0030292352101124,5.994833786432627,-0.033481040454613864,-2.7755575615628914e-17,-1.9998536144606198,-2.058532130657894,0.0,0.0013784172479063272,3.0881855784787664,-0.6495388610552537
149.2539878860007,6.003404842797811,5.994833786432627,-0.03176958390837881,-2.7755575615628914e-17,-1.9999639676447345,-2.0577716565246558,0.0,0.001305034733377397,3.088360111403966,-0.6322196138886391
149.31707522000033,6.003643527040333,5.994833786432627,-0.030501625010879052,-2.7755575615628914e-17,-1.9998514765534157,-2.0572793598510866,0.0,0.0014013393083587289,3.0894073089551624,-0.6149403072601376
149.34911783400094,6.003747983621622,5.994833786432627,-0.02923458349580832,-2.7755575615628914e-17,-1.9999626418555816,-2.056665079992454,0.0,0.0015346667496487498,3.0902799735811595,-0.597697386266696
149.41144924299988,6.003781264822006,5.994833786432627,-0.02961604813100971,-2.7755575615628914e-17,-1.9998545447181824,-2.055851427623989,0.0,0.0014879496302455664,3.091676236982755,-0.5796014733460805
149.47459987399998,6.003941239327764,5.994833786432627,-0.026385363940038986,-2.7755575615628914e-17,-1.9998538088511275,-2.0551029164705574,0.0,0.0015541750472038984,3.0932470333095505,-0.5623112004554793
149.506933011,6.003936345028887,5.994833786432627,-0.024858628535495697,-2.7755575615628914e-17,-1.9999605714407962,-2.0546180097915556,0.0,0.0015151925617828965,3.0949923625615448,-0.5450592269030787
149.5686097680009,6.003768104285436,5.994833786432627,-0.02314493161268838,-2.7755575615628914e-17,-1.9998612076128588,-2.0541231238458195,0.0,0.0015497751301154494,3.096737691813539,-0.527840915048785
149.6320485970009,6.003560167828524,5.994833786432627,-0.021553357366936754,-2.7755575615628914e-17,-1.9998514976957702,-2.053614524356561,0.0,0.0016202458646148443,3.0986575539907335,-0.5106236720171646
149.66283780900085,6.003515515793849,5.994833786432627,-0.020091492930696897,-2.7755575615628914e-17,-1.9999641199265663,-2.0532061448622816,0.0,0.0016090215649455786,3.0993556856915294,-0.49335950560252206
149.7259820670006,6.003303881294764,5.994833786432627,-0.01874923772792214,-2.7755575615628914e-17,-1.9998528605790726,-2.0530508912993013,0.0,0.0016453913412988186,3.100402883242727,-0.4761288313381369
149.75690447800116,6.002937167544907,5.994833786432627,-0.017535381061421496,-2.7755575615628914e-17,-1.9999643079880967,-2.052870671008942,0.0,0.001704106805846095,3.1007519490931266,-0.4589276303637497
149.81948118800028,6.002529189689141,5.994833786432627,-0.01633576787777613,-2.7755575615628914e-17,-1.999854673571086,-2.052552459800224,0.0,0.0016313043888658285,3.1007519490931266,-0.441731201366005
149.85141595900132,6.002267649435621,5.994833786432627,-0.015170464136674222,-2.7755575615628914e-17,-1.9999626887261819,-2.052342722232286,0.0,0.0017127214232459664,3.1007519490931266,-0.42450258293998716
149.9143241970014,6.001839338655672,5.994833786432627,-0.014042689596223124,-2.7755575615628914e-17,-1.9998527733756952,-2.052332064215264,0.0,0.0016641652910038829,3.1005774161679263,-0.40730093077326385
149.9772012980011,6.0012452828313725,5.994833786432627,-0.01287162387079277,-2.7755575615628914e-17,-1.9998546787331877,-2.0522965541820737,0.0,0.0015823543071746826,3.1005774161679263,-0.39012239931159287
150.0097474510003,6.00062556494561,5.994833786432627,-0.011557225439891461,-2.7755575615628914e-17,-1.9999611909312953,-2.052209759386308,0.0,0.0015268252464011312,3.1005774161679263,-0.3729383584327019
150.0727122950011,6.000243614222469,5.994833786432627,-0.00980739836744593,-2.7755575615628914e-17,-1.999854242504409,-2.0522502853004827,0.0,0.0016008906532078981,3.1005774161679263,-0.35599099798493195
150.104284559,5.999626583337059,5.994833786432627,-0.010711065803202247,-2.7755575615628914e-17,-1.999961867195464,-2.05254416678731,0.0,0.0014875754714012146,3.1005774161679263,-0.33821251619005166
150.16583076100142,5.998959337632693,5.994833786432627,-0.006851204966803803,-2.7755575615628914e-17,-1.9998600372536333,-2.0528427713420285,0.0,0.0012721760431304574,3.100402883242727,-0.321878728556252
150.22972029500124,5.998081361019593,5.994833786432627,-0.0078009278067762144,-2.7755575615628914e-17,-1.9998497302469713,-2.053137859162599,0.0,0.0012096011778339744,3.100402883242727,-0.304704758987553
150.26032681300057,5.997767205330954,5.994833786432627,-0.006921529640756541,-2.7755575615628914e-17,-1.9999643910743383,-2.05337728232934,0.0,0.0009860816644504666,3.1005774161679263,-0.28751643818618916
150.32364888499978,5.997265781883013,5.994833786432627,-0.006501803130545714,-2.7755575615628914e-17,-1.9998547496160317,-2.053718902521102,0.0,0.0007836545701138675,3.1005774161679263,-0.2703428991974912
150.3548337049997,5.996593304827449,5.994833786432627,-0.006113485758528825,-2.7755575615628914e-17,-1.999962448695292,-2.0540791751243006,0.0,0.0006714334595017135,3.1005774161679263,-0.2531806260140406
150.415608927,5.995765144075871,5.994833786432627,-0.005624825667462197,-2.7755575615628914e-17,-1.9998628437576769,-2.0544615364218513,0.0,0.0005539680714718997,3.1007519490931266,-0.23602600348717886
150.47693230300138,5.9955831697683095,5.994833786432627,-0.005027209957345069,-2.7755575615628914e-17,-1.9998615568424079,-2.054904181914375,0.0,0.00042284734081476927,3.100926482018325,-0.21886012397766355
150.50801120600045,5.995182650225738,5.994833786432627,-0.00477402771070029,-2.7755575615628914e-17,-1.9999636693658513,-2.055546195471641,0.0,0.0003391307545825839,3.101275547868724,-0.20170081501102818
150.57046000500122,5.994585313796376,5.994833786432627,-0.0045026625796459885,-2.7755575615628914e-17,-1.999856573046573,-2.0561654235726867,0.0,0.00029863332747481763,3.101799146644323,-0.18454525795567825
150.6016110720011,5.993810533135691,5.994833786432627,-0.004194035109341132,-2.7755575615628914e-17,-1.9999634367928405,-2.0568665753709534,0.0,0.00012913584941998124,3.1019736795695216,-0.16739023961219696
150.66333973600013,5.993696816102568,5.994833786432627,-0.0036240918781401676,-2.7755575615628914e-17,-1.9998596318004496,-2.0575654780877084,0.0,2.986518765624169e-08,3.1023227454199205,-0.15022085711447253
150.6953907370007,5.993338685244589,5.994833786432627,-0.003488471331200449,-2.7755575615628914e-17,-1.9999630079925708,-2.058438346578992,0.0,5.2106493967585266e-05,3.102846344195518,-0.13305217082266552
150.7572899980005,5.992757013210206,5.994833786432627,-0.0031349070851252325,-2.7755575615628914e-17,-1.9998539669903461,-2.059324248233439,0.0,-0.00016454247816000134,3.1035444758963164,-0.11588203222656793
150.8197598580009,5.991970071061268,5.994833786432627,-0.002667022947850456,-2.7755575615628914e-17,-1.9998565925951353,-2.0602376152846347,0.0,-0.00026682871975935996,3.104591673447513,-0.09870751178971007
150.85126864300037,5.991757508667172,5.994833786432627,-0.0013413734603373861,-2.7755575615628914e-17,-1.9999632561182195,-2.061205198022525,0.0,-0.0005090724444016814,3.105115272223112,-0.08179110583397381
150.91355628200108,5.991267709977667,5.994833786432627,-0.0015642670887111854,-2.7755575615628914e-17,-1.9998586220368535,-2.0623163905505844,0.0,-0.0005245080683380365,3.106337002699508,-0.06458537079283437
150.97620010600076,5.990550128537692,5.994833786432627,-0.0011580135867108599,-2.7755575615628914e-17,-1.9998508126028223,-2.063486667043667,0.0,-0.0006234371103346348,3.1072096673255043,-0.047374284634722374
151.00752725300117,5.989624342366628,5.994833786432627,-0.0005419478682265541,-2.7755575615628914e-17,-1.9999629571617434,-2.064693356320001,0.0,-0.0007009419496171176,3.1077332661011035,-0.030155059796620688
151.07123988400053,5.989303111725937,5.994833786432627,0.00019098871163837627,-2.7755575615628914e-17,-1.9998523665459988,-2.065973901600049,0.0,-0.0007436477462761104,3.1080823319515023,-0.012899501303389327
151.1037544890005,5.9887464117008875,5.994833786432627,0.00021662178404670447,-2.7755575615628914e-17,-1.999961487071427,-2.0675142966949136,0.0,-0.0008619243162684143,3.1080823319515023,0.004362578500173749
151.16548318400055,5.987988177798558,5.994833786432627,0.00016388080258651627,-2.7755575615628914e-17,-1.9998549804377859,-2.0690976463865915,0.0,-0.0009669448481872678,3.1077332661011035,0.02163327394297624
151.2286419459997,5.987061355253637,5.994833786432627,-3.227499283536828e-05,-2.7755575615628914e-17,-1.9998514218613448,-2.0706326595864217,0.0,-0.0009869347559288144,3.1073842002507046,0.03891459695016197
151.2522612820012,5.986798488794985,5.994833786432627,-0.0002248348013339646,-2.7755575615628914e-17,-1.9999795738565562,-2.0721649340906128,0.0,-0.0010730595095083117,3.1072096673255043,0.056220100145216195
151.31216053800017,5.986307582704104,5.994833786432627,-0.001580799835830704,-2.7755575615628914e-17,-1.999865734116263,-2.0737172413613703,0.0,-0.00097704550717026,3.107035134400305,0.07382224411964115
151.36358004400063,5.98567735162056,5.994833786432627,-0.0019149526863685706,-2.7755575615628914e-17,-1.9999016167347958,-2.075254933407846,0.0,-0.0010710529750213027,3.1065115356247066,0.09114532263829364
151.41142588700131,5.98489976435152,5.994833786432627,-0.0027270257874846826,-2.7755575615628914e-17,-1.9999144381338683,-2.0766961518925235,0.0,-0.0011246789945289493,3.106686068549907,0.10847848730325071
151.4638425510002,5.984967785502888,5.994833786432627,-0.00512977811255666,-2.7755575615628914e-17,-1.9998976975279985,-2.0779758020643255,0.0,-0.0011591226793825626,3.1068606014751055,0.12667845892218846
151.51302200700047,5.984897634964133,5.994833786432627,-0.004673301302365651,-2.7755575615628914e-17,-1.9999095873510024,-2.0792607805254253,0.0,-0.0011823446257039905,3.1072096673255043,0.14401859793839691
151.5612739900007,5.984637135370985,5.994833786432627,-0.005861495620893442,-2.7755575615628914e-17,-1.9999132036862013,-2.0804014885970448,0.0,-0.001150696538388729,3.107558733175904,0.16136715709796043
151.61224451700036,5.9842105119242905,5.994833786432627,-0.006904865067947241,-2.7755575615628914e-17,-1.9999034654172925,-2.081453655258948,0.0,-0.0012191587593406439,3.107907799026302,0.1787251116949309
151.6627513680014,5.984670976343111,5.994833786432627,-0.007614029343529616,-2.7755575615628914e-17,-1.999906082337912,-2.082492536458331,0.0,-0.0012074155965819955,3.1080823319515023,0.19607378990650404
151.712819888,5.9848898618886395,5.994833786432627,-0.008883664499009125,-2.7755575615628914e-17,-1.9999054614418146,-2.0835526305501313,0.0,-0.001308716251514852,3.108256864876701,0.21343199454863387
151.7616342729998,5.9848940946572045,5.994833786432627,-0.009978198546128525,-2.7755575615628914e-17,-1.9999111981914082,-2.0846527834566935,0.0,-0.0013429065002128482,3.108256864876701,0.23080083200969334
151.81296836,5.984709894773943,5.994833786432627,-0.010825700768178681,-2.7755575615628914e-17,-1.999901853355351,-2.085669172007051,0.0,-0.0013239475665614009,3.108256864876701,0.24818100512770644
151.8622975979997,5.985452112759745,5.994833786432627,-0.01134388406598541,-2.7755575615628914e-17,-1.9999100414260886,-2.086698587154201,0.0,-0.001450123032554984,3.108256864876701,0.26554996055017127
151.91314216000137,5.985923958127416,5.994833786432627,-0.012425187698110629,-2.7755575615628914e-17,-1.9999038978320078,-2.0876361772199004,0.0,-0.0014281439362093806,3.1080823319515023,0.2829287175269992
151.96189039100136,5.986158674423385,5.994833786432627,-0.013315628027112614,-2.7755575615628914e-17,-1.9999115829862728,-2.088593167572076,0.0,-0.0014499715762212873,3.1080823319515023,0.3003184605538697
152.0130839450012,5.986183569124396,5.994833786432627,-0.014038623340700163,-2.7755575615628914e-17,-1.9999023324716845,-2.0895367542528223,0.0,-0.0014907438308000565,3.1080823319515023,0.31771957638217574
152.07703331599987,5.987150276214021,5.994833786432627,-0.014410570466860895,-2.7755575615628914e-17,-1.9998485428547688,-2.0904213325008483,0.0,-0.0014416499761864543,3.1080823319515023,0.33512716027448364
152.10342821000086,5.987848131168145,5.994833786432627,-0.014798214662243847,-2.7755575615628914e-17,-1.9999735469917133,-2.0912550371799115,0.0,-0.0014320982154458761,3.108256864876701,0.35225040432857535
152.1619895140011,5.988276989466099,5.994833786432627,-0.01622156127010177,-2.7755575615628914e-17,-1.9998730358063563,-2.0920267559277983,0.0,-0.0013871976407244802,3.108431397801901,0.3696723635003114
152.21270899200135,5.988506394165514,5.994833786432627,-0.01638611739782314,-2.7755575615628914e-17,-1.9999037620582325,-2.0928377239032603,0.0,-0.0012375102378427982,3.1089549965774985,0.3868124607016773
152.2628262240014,5.989724457743225,5.994833786432627,-0.01732355034087918,-2.7755575615628914e-17,-1.9999071805150197,-2.0936641844202564,0.0,-0.0013541914522647858,3.1098276612034965,0.40424257458822704
152.31276137500026,5.990624514586192,5.994833786432627,-0.018013194306381597,-2.7755575615628914e-17,-1.9999075259620567,-2.094399860328499,0.0,-0.0012821496929973364,3.110874858754693,0.4216771437376074
152.3618408270013,5.9912436770296695,5.994833786432627,-0.01852796361455744,-2.7755575615628914e-17,-1.999911475313971,-2.095021092839866,0.0,-0.0012971727410331368,3.112096589231089,0.43911745849424827
152.41304629200022,5.991615140972911,5.994833786432627,-0.018907004783622283,-2.7755575615628914e-17,-1.9999029359980447,-2.095638247054441,0.0,-0.0012617192696779966,3.1131437867822855,0.4565643551877797
152.47786719100077,5.992826173531662,5.994833786432627,-0.01885861879743178,-2.7755575615628914e-17,-1.9998436473198604,-2.0962055829019177,0.0,-0.001284852740354836,3.114540050183881,0.47398085601518103
152.51318330100003,5.993706516360554,5.994833786432627,-0.01921198655241363,-2.7755575615628914e-17,-1.9999537085955117,-2.0965393875340874,0.0,-0.0013808774529024959,3.115063648959479,0.4914031339507767
152.5774228850005,5.994297687861337,5.994833786432627,-0.019366101666881574,-2.7755575615628914e-17,-1.999845908794348,-2.096871185583452,0.0,-0.0013248758623376489,3.1159363135854754,0.5088324705903569
152.60238068299986,5.99464099329617,5.994833786432627,-0.01953342043340678,-2.7755575615628914e-17,-1.9999767898055882,-2.097238644053663,0.0,-0.0013387082144618034,3.116285379435876,0.5262699658427551
152.66237526700024,5.9958626181120955,5.994833786432627,-0.01935716278689037,-2.7755575615628914e-17,-1.9998661250532768,-2.097669157814052,0.0,-0.0013969093561172485,3.1168089782114734,0.543672939963223
152.71370824100086,5.996750647873589,5.994833786432627,-0.01967430103459089,-2.7755575615628914e-17,-1.9999029601432434,-2.097879174479212,0.0,-0.0014162712031975389,3.1171580440618722,0.5610836012173409
152.7617337210013,5.997329589349157,5.994833786432627,-0.019638192957035283,-2.7755575615628914e-17,-1.9999135813288766,-2.0980983050665962,0.0,-0.0013839349849149585,3.1180307086878694,0.5785024243201816
152.8141328290003,5.9976314299448985,5.994833786432627,-0.019265241243570097,-2.7755575615628914e-17,-1.999899761529055,-2.0982351397757713,0.0,-0.0014270336832851171,3.119077906239066,0.5959292936856996
152.8621901280003,5.998758411032833,5.994833786432627,-0.018538590324272852,-2.7755575615628914e-17,-1.9999130648310124,-2.098337988430076,0.0,-0.0013939967611804605,3.120299636715462,0.613328859950981
152.91346344200065,5.999535971651118,5.994833786432627,-0.01838879850352848,-2.7755575615628914e-17,-1.9999039388037276,-2.0982571765273437,0.0,-0.0013897232711315155,3.1209977684162595,0.6307342876122943
152.96267899600025,6.000019547312259,5.994833786432627,-0.017477633260765568,-2.7755575615628914e-17,-1.9999093331139952,-2.098210507875855,0.0,-0.001307709258981049,3.1215213671918587,0.6478555535075096
153.01414767500137,6.000211522798055,5.994833786432627,-0.01765680159677374,-2.7755575615628914e-17,-1.999902306964217,-2.0981783034203043,0.0,-0.0013367370702326298,3.1218704330422575,0.6652757816548828
153.07874692100086,6.001281652265921,5.994833786432627,-0.01681479642665562,-2.7755575615628914e-17,-1.9998443302405025,-2.098209819324831,0.0,-0.0014168658526614308,3.1218704330422575,0.6826402170733116
153.10345832700114,6.001991109154138,5.994833786432627,-0.016568165069664964,-2.7755575615628914e-17,-1.9999774327230742,-2.0979770665228323,0.0,-0.001448881346732378,3.1218704330422575,0.7000133996535165
153.16299101799996,6.002382485809197,5.994833786432627,-0.01610160136071137,-2.7755575615628914e-17,-1.9998700926606958,-2.0977146196008123,0.0,-0.0015382556011900306,3.1215213671918587,0.7173956957718275
153.22607587200037,6.002499763628008,5.994833786432627,-0.01572283338369762,-2.7755575615628914e-17,-1.999851775419853,-2.0974960981813005,0.0,-0.0014955089427530766,3.121172301341459,0.7347878138942401
153.2571816870004,6.003482654121623,5.994833786432627,-0.01495720995335259,-2.7755575615628914e-17,-1.9999647930338142,-2.0974612632988814,0.0,-0.0015152188716456294,3.121172301341459,0.7521325754388523
153.31948859600016,6.004096722305019,5.994833786432627,-0.01451504001607451,-2.7755575615628914e-17,-1.999856154542534,-2.0971358712739883,0.0,-0.0014761711936444044,3.1215213671918587,0.7694872428757347
153.35152232700057,6.004683938540079,5.994833786432627,-0.014604958836858417,-2.7755575615628914e-17,-1.9999626953038754,-2.09686817521398,0.0,-0.0014224626356735826,3.121695900117058,0.7871241632815721
153.41383860400128,6.0048985193346605,5.994833786432627,-0.013528460381629026,-2.7755575615628914e-17,-1.9998560637751102,-2.0967080552584463,0.0,-0.0014079471584409475,3.122568564743055,0.8044908137626788
153.47675427100148,6.005595435748418,5.994833786432627,-0.012520565156589836,-2.7755575615628914e-17,-1.999852671690592,-2.0965982440374233,0.0,-0.0014087475137785077,3.124139361069849,0.8218265255452049
153.50740153900006,6.0059294664153,5.994833786432627,-0.011784557267001894,-2.7755575615628914e-17,-1.9999650449079818,-2.096259798133987,0.0,-0.0014353725127875805,3.125012025695847,0.8391721981541393
153.57015704600053,6.005866793355169,5.994833786432627,-0.012582412415301336,-2.7755575615628914e-17,-1.9998554431619866,-2.0959125836895423,0.0,-0.0013464541407302022,3.1264082890974425,0.857400550305911
153.63351718400008,6.0058516483161375,5.994833786432627,-0.00962662636855316,-2.7755575615628914e-17,-1.9998514689308162,-2.0956660064856467,0.0,-0.0012648965930566192,3.127979085424238,0.8747538619151425
153.66503951900086,6.006296293018567,5.994833786432627,-0.008603407319451417,-2.7755575615628914e-17,-1.999963574595727,-2.0955196839773125,0.0,-0.00125125574413687,3.1288517500502344,0.8920764019122076
153.72652069600008,6.006400932502172,5.994833786432627,-0.007951930385034167,-2.7755575615628914e-17,-1.9998591040243605,-2.0951666601335317,0.0,-0.0013095206813886762,3.1300734805266295,0.9094103652290647
153.75868439900114,6.006211908658007,5.994833786432627,-0.007410129222001904,-2.7755575615628914e-17,-1.999961333509768,-2.094924917182964,0.0,-0.001353577827103436,3.13042254637703,0.9267581401263418
153.82120869400023,6.006044257592858,5.994833786432627,-0.006900492260962676,-2.7755575615628914e-17,-1.9998557411625395,-2.094885669574567,0.0,-0.0013419826282188296,3.1309461451526275,0.9440979558536168
153.85254690500005,6.006384995236635,5.994833786432627,-0.006153405292506742,-2.7755575615628914e-17,-1.9999650171612273,-2.0947477493916686,0.0,-0.001338969450443983,3.1309461451526275,0.9613888418642565
153.91565246900063,6.0063923557815695,5.994833786432627,-0.005816562570890249,-2.7755575615628914e-17,-1.9998518154416605,-2.094330604946065,0.0,-0.0013749388745054603,3.1312952110030263,0.9786949413842222
153.97922349000146,6.00609743436683,5.994833786432627,-0.005354586887521773,-2.7755575615628914e-17,-1.9998503700718762,-2.0940043260694856,0.0,-0.0014628490898758173,3.131644276853425,0.9960171166881389
154.01184039000145,6.005786276376153,5.994833786432627,-0.004462160626062528,-2.7755575615628914e-17,-1.9999617690417577,-2.093771332469284,0.0,-0.0014231593813747168,3.131993342703824,1.01333127675659
154.0740220860007,6.005921315679661,5.994833786432627,-0.003207954005494118,-2.7755575615628914e-17,-1.9998547541927028,-2.09344142869654,0.0,-0.0013995765475556254,3.132516941479423,1.0305945607098137
154.10485594300008,6.005714188481727,5.994833786432627,-0.002449721508947955,-2.7755575615628914e-17,-1.9999654987207256,-2.0929392767860127,0.0,-0.0014636877458542585,3.132516941479423,1.047876561976964
154.16879778700059,6.005206869784975,5.994833786432627,-0.0017624607792414704,-2.7755575615628914e-17,-1.9998494737896189,-2.0926711268334897,0.0,-0.001485173124819994,3.1326914744046217,1.065178756763329
154.23088877400005,6.004673273205936,5.994833786432627,-0.00041432592902312937,-2.7755575615628914e-17,-1.999854919085419,-2.0925813604046555,0.0,-0.0014663264155387878,3.132866007329822,1.0821873227926058
154.2636567460013,6.004422114684781,5.994833786432627,-0.00020731574004284603,-2.7755575615628914e-17,-1.999961175829414,-2.092493074489372,0.0,-0.0015072212554514408,3.1330405402550205,1.0994402873376066
154.32788659900143,6.0039067572827545,5.994833786432627,0.0008888600355883014,-2.7755575615628914e-17,-1.99984885290351,-2.092230768697637,0.0,-0.0015379273099824786,3.1333896061054194,1.1164269194239447
154.3578180229997,6.003114071380473,5.994833786432627,0.000604253074003025,-2.7755575615628914e-17,-1.999965123844704,-2.0921610402555397,0.0,-0.001508314278908074,3.1333896061054194,1.133728025547939
154.42993364200083,6.002346692205508,5.994833786432627,0.000961048597495906,-2.7755575615628914e-17,-1.9998140881962974,-2.0922817151329043,0.0,-0.0015683099627494812,3.1333896061054194,1.1510273642658766
154.45544792700093,6.002031758852872,5.994833786432627,0.0013925693894309976,-2.7755575615628914e-17,-1.9999754998151227,-2.0924119221122726,0.0,-0.0016038562171161175,3.1333896061054194,1.168277550263014
154.51843694200033,6.001449087260732,5.994833786432627,0.0013418768079538346,-2.7755575615628914e-17,-1.9998486099523654,-2.092256218215015,0.0,-0.0016122828237712383,3.1337386719558182,1.1855538192819548
154.5506335350001,6.00064385668245,5.994833786432627,0.0012297240848794244,-2.7755575615628914e-17,-1.9999615445746932,-2.0922274174881212,0.0,-0.0015602853382006288,3.134087737806217,1.202855818683741
154.61220534099994,5.999874295925607,5.994833786432627,0.0011517949077713974,-2.7755575615628914e-17,-1.9998587460108608,-2.0923225213823473,0.0,-0.0017015687189996243,3.1351349353574136,1.2201522079020406
154.67500196500077,5.999550791657851,5.994833786432627,0.0013601044511240001,-2.7755575615628914e-17,-1.9998591543465842,-2.0924169425094954,0.0,-0.0016953537706285715,3.1363566658338105,1.237387239420841
154.7060205480011,5.99896263867928,5.994833786432627,0.001243190405496919,-2.7755575615628914e-17,-1.9999622049819523,-2.0922210696098995,0.0,-0.0017094797221943736,3.1372293304598067,1.2546521000865247
154.77044264100005,5.998149897204211,5.994833786432627,0.0011235690615990501,-2.7755575615628914e-17,-1.9998492341201415,-2.0923017412858345,0.0,-0.0018068988574668765,3.138974659711802,1.2719470469514245
154.801967970001,5.997392925109104,5.994833786432627,0.0010432972191505296,-2.7755575615628914e-17,-1.9999621887302903,-2.0925928705958112,0.0,-0.0018709070282056928,3.1396727914125986,1.2892416282546406
154.86483542800124,5.997123587206359,5.994833786432627,0.0010927804789361284,-2.7755575615628914e-17,-1.999853301600164,-2.092907210000272,0.0,-0.0018887114711105824,3.140719988963795,1.3064807636553124
154.92752669500078,5.996596299862692,5.994833786432627,0.0006872657166934748,-2.7755575615628914e-17,-1.9998556246785724,-2.0930278316136888,0.0,-0.001994603779166937,3.1414181206645937,1.3237535265845
154.9586586810001,5.995845734858158,5.994833786432627,0.0004227913005149242,-2.7755575615628914e-17,-1.9999627015857617,-2.0933396206659944,0.0,-0.0019774821121245623,-3.141592653589793,1.3410588506187233
155.02152988300077,5.99512808410454,5.994833786432627,0.000338207913782973,-2.7755575615628914e-17,-1.999854987725657,-2.0937479448446283,0.0,-0.002055100165307522,-3.1414181206645937,1.3583575920049298
155.0542469000011,5.9948715067536495,5.994833786432627,0.000986577305979841,-2.7755575615628914e-17,-1.9999605384631296,-2.0941578858733094,0.0,-0.0020971137564629316,3.1414181206645937,1.375290378534571
155.11548362100075,5.994332557533232,5.994833786432627,2.119442398501592e-05,-2.7755575615628914e-17,-1.9998583369202179,-2.094237175067858,0.0,-0.0020486186258494854,3.1405454560385966,1.3925527292113866
155.17803288200048,5.993582740444313,5.994833786432627,-0.00037157758731543034,-2.7755575615628914e-17,-1.9998569349303343,-2.094560231312755,0.0,-0.0021459285635501146,3.1396727914125986,1.409852809545078
155.20927709600073,5.9928791973778255,5.994833786432627,-0.0005143490389165062,-2.7755575615628914e-17,-1.9999628640786795,-2.095139489972423,0.0,-0.0020615870598703623,3.1393237255622006,1.427145614793909
155.2725295529999,5.9926271258058295,5.994833786432627,-0.00028977206999958316,-2.7755575615628914e-17,-1.9998528103928703,-2.0956941054058364,0.0,-0.0021458251867443323,3.138276528011003,1.4443523179133682
155.30342126899995,5.9921113443865215,5.994833786432627,-0.0004484844900443097,-2.7755575615628914e-17,-1.9999643141939376,-2.095917819171918,0.0,-0.002169608836993575,3.137752929235405,1.461604354918123
155.364593065,5.991375061475276,5.994833786432627,-0.00063534127683601,-2.7755575615628914e-17,-1.9998603975893976,-2.09635316394195,0.0,-0.002081832382827997,3.1368802646094087,1.4789000362175064
155.39718934600023,5.99066382423571,5.994833786432627,-0.0007816352618258138,-2.7755575615628914e-17,-1.9999602421169569,-2.097101229342675,0.0,-0.002020937157794833,3.1363566658338105,1.4961980871575826
155.4587964880011,5.990318697791114,5.994833786432627,-0.0013659429412039847,-2.7755575615628914e-17,-1.9998596101534436,-2.09778858739965,0.0,-0.002004047157242894,3.13618213290861,1.513717568787168
155.5217074760003,5.989757060915672,5.994833786432627,-0.0010688655082254916,-2.7755575615628914e-17,-1.9998537596101122,-2.098183052112445,0.0,-0.002126383827999234,3.1367057316842093,1.5309935089361906
155.55365992299994,5.9889891763184195,5.994833786432627,-0.001283621960426487,-2.7755575615628914e-17,-1.999961909065223,-2.0988327053596945,0.0,-0.0020280457101762295,3.1372293304598067,1.5483155916532703
155.61843216099987,5.988125449217581,5.994833786432627,-0.0033356100916547803,-2.7755575615628914e-17,-1.9998466041399743,-2.0996651107468733,0.0,-0.001988481730222702,3.1384510609362035,1.566511846476704
155.68115698099973,5.987629854393962,5.994833786432627,-0.0015762237401416926,-2.7755575615628914e-17,-1.9998522967215022,-2.1006100586220917,0.0,-0.0020053721964359283,3.139847324337799,1.5837464589664692
155.71248483100135,5.986935949192821,5.994833786432627,-0.002062150809974704,-2.7755575615628914e-17,-1.9999623941434561,-2.101056356828031,0.0,-0.002050726907327771,3.1405454560385966,1.601034731110734
155.7764256850005,5.986091221694168,5.994833786432627,-0.0027559005859533886,-2.7755575615628914e-17,-1.9998499997341899,-2.1017491768795638,0.0,-0.00207474990747869,-3.1414181206645937,1.6183745219974872
155.8074316150014,5.985295586561888,5.994833786432627,-0.003583837730063405,-2.7755575615628914e-17,-1.999963087559933,-2.102793406064605,0.0,-0.0021443942096084356,-3.1410690548141953,1.6357173972746735
155.87062912800138,5.98483408586621,5.994833786432627,-0.00446685316555781,-2.7755575615628914e-17,-1.9998516931235182,-2.1038469145190772,0.0,-0.002240607049316168,-3.140370923113397,1.6529805404718867
155.9331693940003,5.984236684368954,5.994833786432627,-0.005811470051800077,-2.7755575615628914e-17,-1.9998588058964173,-2.10451729418762,0.0,-0.002316205995157361,-3.1398473243377985,1.6703009964370754
155.963194199001,5.983545674273596,5.994833786432627,-0.007330639573439324,-2.7755575615628914e-17,-1.999963989097393,-2.105383543347053,0.0,-0.0023128879256546497,-3.1394982584874,1.6876748514557107
156.02620823000143,5.982967821203408,5.994833786432627,-0.008852336799599791,-2.7755575615628914e-17,-1.9998549113809432,-2.1064835702082148,0.0,-0.0022643539123237133,-3.139149192637001,1.7050530137646756
156.05682036300095,5.9828144751769265,5.994833786432627,-0.010360370015924825,-2.7755575615628914e-17,-1.9999641667977448,-2.1075841807187703,0.0,-0.0022540795616805553,-3.139149192637001,1.7223518063971912
156.1180470119998,5.982555101603931,5.994833786432627,-0.012313115762780213,-2.7755575615628914e-17,-1.9998612207308768,-2.108267317055608,0.0,-0.002246456453576684,-3.139149192637001,1.73970749746356
156.17902551800034,5.982230122987698,5.994833786432627,-0.014397371132372716,-2.7755575615628914e-17,-1.999860250174434,-2.1091099097567994,0.0,-0.002228909870609641,-3.139149192637001,1.7571155379399253
156.21104041200124,5.982012152547694,5.994833786432627,-0.01631932702659944,-2.7755575615628914e-17,-1.999961763979753,-2.1100695771902402,0.0,-0.00229778909124434,-3.139149192637001,1.7745216988467032
156.2744874020009,5.982164707770267,5.994833786432627,-0.01780782329280889,-2.7755575615628914e-17,-1.9998512902311119,-2.111018551682226,0.0,-0.002311182441189885,-3.1389746597118022,1.7918341411352605
156.3055287469997,5.98222388655983,5.994833786432627,-0.018965783678962567,-2.7755575615628914e-17,-1.9999633619281838,-2.111491205906286,0.0,-0.002290452364832163,-3.1389746597118022,1.8089100450936046
156.36756087400136,5.98220787696411,5.994833786432627,-0.02076228677790548,-2.7755575615628914e-17,-1.9998574699333316,-2.112120281154253,0.0,-0.0022712077479809523,-3.138800126786602,1.8260385478033732
156.42977931600035,5.982300801654542,5.994833786432627,-0.02301834834417782,-2.7755575615628914e-17,-1.999855872866086,-2.113012689973422,0.0,-0.002287372248247266,-3.1386255938614025,1.8434667273718757
156.4623292410015,5.982810509060484,5.994833786432627,-0.024438527425218903,-2.7755575615628914e-17,-1.999961604541875,-2.1138676437479824,0.0,-0.0023367980029433966,-3.138276528011004,1.8608176901642564
156.52599317600107,5.983200986408506,5.994833786432627,-0.025967148432634923,-2.7755575615628914e-17,-1.9998469959797278,-2.1142969514314367,0.0,-0.0023382422514259815,-3.1377529292354054,1.8782217520608926
156.5579696679997,5.983514971539785,5.994833786432627,-0.027663981909677893,-2.7755575615628914e-17,-1.9999617579599887,-2.1147958460072815,0.0,-0.002314290264621377,-3.1377529292354054,1.8956737340945902
156.62096968400147,5.983904017569508,5.994833786432627,-0.029245553334067753,-2.7755575615628914e-17,-1.9998525247659584,-2.115400957971455,0.0,-0.0022735355887562037,-3.1372293304598076,1.9131183783692856
156.65273679500024,5.984586445907085,5.994833786432627,-0.03036073718701504,-2.7755575615628914e-17,-1.999963651554176,-2.116000010241437,0.0,-0.002293249825015664,-3.137054797534608,1.9304629961560456
156.71754891700039,5.985144426887372,5.994833786432627,-0.03160440436514522,-2.7755575615628914e-17,-1.9998418968726093,-2.1161240181247063,0.0,-0.0022648905869573355,-3.13635666583381,1.947861038584568
156.7493734239997,5.985606207371725,5.994833786432627,-0.03269778093089093,-2.7755575615628914e-17,-1.9999621833622334,-2.1164293324128196,0.0,-0.002265187678858638,-3.1356585341330128,1.965307881105442
156.81093590199998,5.986117192531773,5.994833786432627,-0.03351858926777429,-2.7755575615628914e-17,-1.9998580404943713,-2.116903186848159,0.0,-0.0023541089612990618,-3.1346113365818162,1.9827448190251302
156.87286042600135,5.986894631607355,5.994833786432627,-0.033893389187783396,-2.7755575615628914e-17,-1.9998580040608065,-2.1172651664525817,0.0,-0.0025160035584121943,-3.1328660073298216,2.000072994401114
156.90387909899982,5.987522709268115,5.994833786432627,-0.034389368037972434,-2.7755575615628914e-17,-1.999963713317516,-2.1171533378063545,0.0,-0.002404172904789448,-3.1321678756290234,2.0174559584306264
156.965769370001,5.988039809155945,5.994833786432627,-0.034857378634781555,-2.7755575615628914e-17,-1.9998610535426735,-2.117252065821946,0.0,-0.0023704837076365948,-3.130771612227428,2.0348884133224345
157.02762174000054,5.988531824199755,5.994833786432627,-0.0354503784555924,-2.7755575615628914e-17,-1.9998550346903587,-2.117567968636766,0.0,-0.0023794539738446474,-3.1295498817510325,2.052317426257253
157.05883604700102,5.989088171859871,5.994833786432627,-0.03587946976931955,-2.7755575615628914e-17,-1.9999638246158544,-2.117777621943964,0.0,-0.0023234831169247627,-3.1290262829754334,2.0696550314959494
157.1208010170012,5.989556853956729,5.994833786432627,-0.03577457846500609,-2.7755575615628914e-17,-1.9998579786146256,-2.117615247180699,0.0,-0.002214520936831832,-3.1283281512746366,2.0867521754230407
157.15195656500146,5.989978791991529,5.994833786432627,-0.03723546138074729,-2.7755575615628914e-17,-1.9999634446149854,-2.117687213769363,0.0,-0.002237183041870594,-3.1283281512746366,2.104192965640423
157.2153357590014,5.9904197743825724,5.994833786432627,-0.03819369603038092,-2.7755575615628914e-17,-1.9998511577102032,-2.117930178530975,0.0,-0.0023104101419448853,-3.1283281512746366,2.1216273891463193
157.24654900300084,5.99095987519092,5.994833786432627,-0.03884327537237864,-2.7755575615628914e-17,-1.99996327411927,-2.1181449215766257,0.0,-0.00230619590729475,-3.1285026841998356,2.138964287091144
157.30875590600044,5.991447981698712,5.994833786432627,-0.039669904899034436,-2.7755575615628914e-17,-1.9998569970776392,-2.1179538830996387,0.0,-0.0022523768711835146,-3.1285026841998356,2.1563551964911647
157.37066942100137,5.9919053093508206,5.994833786432627,-0.04047960505390946,-2.7755575615628914e-17,-1.9998574428586984,-2.117936995858426,0.0,-0.002235713880509138,-3.1283281512746366,2.1737935569718916
157.4017663880004,5.992400073524946,5.994833786432627,-0.041124862674257745,-2.7755575615628914e-17,-1.9999638971495675,-2.117973872851744,0.0,-0.0022542683873325586,-3.128153618349437,2.191225299988128
157.46426277300088,5.993034879105907,5.994833786432627,-0.04156129566415334,-2.7755575615628914e-17,-1.999855825173207,-2.1179048319022997,0.0,-0.002261948771774769,-3.1276300195738385,2.208561101618147
157.52557808700112,5.9936336611324945,5.994833786432627,-0.04239765137975349,-2.7755575615628914e-17,-1.9998603256934553,-2.117434371012389,0.0,-0.0021862578578293324,-3.1272809537234396,2.225947048027043
157.55602447100136,5.994221274263726,5.994833786432627,-0.04396204982367924,-2.7755575615628914e-17,-1.9999652572156872,-2.1170681938162446,0.0,-0.00210561347194016,-3.1271064207982406,2.243670848335582
157.6173263110013,5.994814768011652,5.994833786432627,-0.044128241157048054,-2.7755575615628914e-17,-1.9998609186417744,-2.1168905301080385,0.0,-0.002113408874720335,-3.126931887873041,2.2610908094742577
157.6800146020014,5.995444973803457,5.994833786432627,-0.04487496525420043,-2.7755575615628914e-17,-1.9998578283570843,-2.1166026750677402,0.0,-0.0021111145615577698,-3.126931887873041,2.2784125672861224
157.71048057200096,5.996084774471667,5.994833786432627,-0.0475752970036778,-2.7755575615628914e-17,-1.9999634941297064,-2.115767338152717,0.0,-0.0020595313981175423,-3.126757354947841,2.2966632485391276
157.773136273001,5.9967047524245025,5.994833786432627,-0.0464910029942891,-2.7755575615628914e-17,-1.9998550820299554,-2.115220450068989,0.0,-0.002016488229855895,-3.126931887873041,2.3140734834066143
157.8043172180005,5.997363232105007,5.994833786432627,-0.047249802388861895,-2.7755575615628914e-17,-1.9999644086442951,-2.114816296977313,0.0,-0.002145457547158003,-3.126931887873041,2.3314648423956466
157.86636558400096,5.998072322683143,5.994833786432627,-0.047694402915620326,-2.7755575615628914e-17,-1.9998559707405066,-2.1142245775311874,0.0,-0.00205612787976861,-3.1271064207982406,2.3487370344035603
157.93016624499978,5.998754318695998,5.994833786432627,-0.04805774627424153,-2.7755575615628914e-17,-1.9998507505831322,-2.113191846775921,0.0,-0.002159673487767577,-3.126757354947841,2.3660574306190427
157.96043049699983,5.999415042186259,5.994833786432627,-0.04826783467945739,-2.7755575615628914e-17,-1.9999655086146002,-2.1123157385521782,0.0,-0.002134268870577216,-3.1264082890974425,2.3834198412491587
158.0222690110004,6.000049139804824,5.994833786432627,-0.04820370933501095,-2.7755575615628914e-17,-1.9998586192936971,-2.1117189206677294,0.0,-0.0021397648379206657,-3.1257101573966444,2.4007703554301476
158.08526375600013,6.000636155938718,5.994833786432627,-0.04803778932812852,-2.7755575615628914e-17,-1.999853488691252,-2.111122494427544,0.0,-0.002048523398116231,-3.125361091546246,2.4180196837017833
158.11628148599993,6.001193437349887,5.994833786432627,-0.04787959089684568,-2.7755575615628914e-17,-1.999964330198123,-2.110093424694557,0.0,-0.0019424516940489411,-3.125012025695847,2.4353165628015923
158.17945885100016,6.00174111386141,5.994833786432627,-0.04770860817115041,-2.7755575615628914e-17,-1.999854463738151,-2.1093156684253707,0.0,-0.001947167911566794,-3.1244884269202484,2.452655413193829
158.20999520199985,6.002276326393568,5.994833786432627,-0.04767385148261227,-2.7755575615628914e-17,-1.9999640225618531,-2.1087785549543105,0.0,-0.002027201233431697,-3.1244884269202484,2.4699786877563423
158.2732975609997,6.002753469101484,5.994833786432627,-0.04744181033719275,-2.7755575615628914e-17,-1.9998531817625746,-2.1081238950068637,0.0,-0.0020355090964585543,-3.124313893995049,2.487192129890588
158.30433880500095,6.003207945838422,5.994833786432627,-0.047090390676393534,-2.7755575615628914e-17,-1.9999647932172893,-2.1071006956812726,0.0,-0.002085878746584058,-3.124313893995049,2.504454391024651
158.36710751700048,6.003635704453073,5.994833786432627,-0.04605839407818646,-2.7755575615628914e-17,-1.9998525178461024,-2.1063509350621517,0.0,-0.0020930971950292587,-3.1239648281446506,2.521467244438946
158.4293939979998,6.004040458870745,5.994833786432627,-0.04606789775424236,-2.7755575615628914e-17,-1.999858824419665,-2.1058329470820816,0.0,-0.002016080543398857,-3.123441229369052,2.5387619511708044
158.46010757000113,6.00436512099991,5.994833786432627,-0.04451149292469181,-2.7755575615628914e-17,-1.9999634866704414,-2.1052962413627103,0.0,-0.0020600196439772844,-3.123092163518653,2.555665562923932
158.52336388200092,6.004653591375377,5.994833786432627,-0.04415408797807019,-2.7755575615628914e-17,-1.9998527204611263,-2.1043781191043927,0.0,-0.001984370406717062,-3.1223940318178554,2.5729095659401735
158.55380126900127,6.004922698086818,5.994833786432627,-0.04342378261793245,-2.7755575615628914e-17,-1.9999664430233324,-2.1037048619457384,0.0,-0.001970811979845166,-3.1220449659674565,2.5901957716270605
158.61523850200138,6.0050981249041175,5.994833786432627,-0.04276068245022002,-2.7755575615628914e-17,-1.9998580694147592,-2.1032292271569646,0.0,-0.0019713533110916615,-3.121695900117058,2.607469205036252
158.677547315001,6.005034099365211,5.994833786432627,-0.04182626241825238,-2.7755575615628914e-17,-1.9998586353543182,-2.1027654884073548,0.0,-0.0020047184079885483,-3.1211723013414594,2.624639839265503
158.70844092400148,6.004953915137402,5.994833786432627,-0.04075423577540915,-2.7755575615628914e-17,-1.999964045814409,-2.1019045982679625,0.0,-0.0019485218217596412,-3.12099776841626,2.641861296554417
158.77184958100042,6.0048727861979785,5.994833786432627,-0.03972147321483854,-2.7755575615628914e-17,-1.9998541594899502,-2.101357741540766,0.0,-0.0018369023455306888,-3.120474169640662,2.659127528064016
158.80220680800085,6.004748511446465,5.994833786432627,-0.03895886280757532,-2.7755575615628914e-17,-1.9999649116632687,-2.101015056487194,0.0,-0.0019263854483142495,-3.120474169640662,2.6763879660618075
158.86390175100132,6.0044824951675295,5.994833786432627,-0.03811231334827325,-2.7755575615628914e-17,-1.9998580318645889,-2.1006629833365276,0.0,-0.0019764748867601156,-3.120299636715462,2.6935600143285376
158.92679959500128,6.004234015798151,5.994833786432627,-0.03747549592298427,-2.7755575615628914e-17,-1.9998573512179327,-2.0999561214275437,0.0,-0.0019409311935305595,-3.1201251037902624,2.7107814135270973
158.9580884420011,6.004011301902437,5.994833786432627,-0.036960615293482046,-2.7755575615628914e-17,-1.999962110986323,-2.099438314753225,0.0,-0.001971188932657242,-3.1199505708650634,2.7280459214175106
159.02060759900087,6.00374381831269,5.994833786432627,-0.03647972707411795,-2.7755575615628914e-17,-1.9998554967874027,-2.0991172832842784,0.0,-0.0019277940737083554,-3.1196015050146646,2.745311796573523
159.05267705500046,6.003298437953948,5.994833786432627,-0.036047164063033765,-2.7755575615628914e-17,-1.9999629535201164,-2.098844941458245,0.0,-0.0019233444472774863,-3.1196015050146646,2.762511032325268
159.1142181610012,6.002899941906751,5.994833786432627,-0.03561094062679637,-2.7755575615628914e-17,-1.9998578917734262,-2.098257671208975,0.0,-0.001969544216990471,-3.1196015050146646,2.7797557480659907
159.17803405500126,6.002554537566946,5.994833786432627,-0.035359647497057,-2.7755575615628914e-17,-1.9998521568032213,-2.0979357730550032,0.0,-0.0019704110454767942,-3.1194269720894656,2.7970401193237797
159.20928716300114,6.002169241196839,5.994833786432627,-0.034479721862324175,-2.7755575615628914e-17,-1.9999625437758557,-2.0977551745399388,0.0,-0.00197479035705328,-3.1194269720894656,2.814028375344258
159.27158498100107,6.001576304926075,5.994833786432627,-0.03473700033032767,-2.7755575615628914e-17,-1.9998572706933768,-2.097580007899695,0.0,-0.0018709513824433088,-3.119252439164266,2.831229356619528
159.3027643330006,6.001057023945474,5.994833786432627,-0.03451352302219246,-2.7755575615628914e-17,-1.9999641413300762,-2.0971428964950154,0.0,-0.0018733538454398513,-3.1194269720894656,2.8484760160335805
159.36440651500016,6.000613019505603,5.994833786432627,-0.03445515810973798,-2.7755575615628914e-17,-1.9998580536380033,-2.096923615403484,0.0,-0.0019396333955228329,-3.1194269720894656,2.8657625340323705
159.42773762700017,6.000105467152918,5.994833786432627,-0.03443794357710395,-2.7755575615628914e-17,-1.9998524996790812,-2.096882993795176,0.0,-0.00199616770260036,-3.1194269720894656,2.8830434031334353
159.45962690300075,5.999281895248068,5.994833786432627,-0.03421596150292883,-2.7755575615628914e-17,-1.9999620028959022,-2.09683215612346,0.0,-0.002009701682254672,-3.1194269720894656,2.9002436647149183
159.52301552100107,5.998563031565763,5.994833786432627,-0.0339469489534443,-2.7755575615628914e-17,-1.999853080058833,-2.0964406759595455,0.0,-0.001994010526686907,-3.119252439164266,2.9174908979192047
159.55423538800096,5.997954266189815,5.994833786432627,-0.033967171070132696,-2.7755575615628914e-17,-1.9999631916210345,-2.096259830850532,0.0,-0.0018725960981100798,-3.119252439164266,2.9347791757888437
159.61567561300035,5.997303650632429,5.994833786432627,-0.03478366198615507,-2.7755575615628914e-17,-1.9998585356383776,-2.0962791547034256,0.0,-0.0018870905041694641,-3.119252439164266,2.952356178304704
159.67729032399984,5.996343429112354,5.994833786432627,-0.034403293530742896,-2.7755575615628914e-17,-1.999861682583563,-2.0963397482511192,0.0,-0.0019140767399221659,-3.118903373313867,2.9695695432320695
159.7087342499999,5.995532198423263,5.994833786432627,-0.03456244859698626,-2.7755575615628914e-17,-1.9999620480040186,-2.0960077614358323,0.0,-0.0019016958540305495,-3.1187288403886675,2.9868288752769607
159.77176637200137,5.9948740336939945,5.994833786432627,-0.034944972940066044,-2.7755575615628914e-17,-1.9998542273127584,-2.095816342511643,0.0,-0.0018904160242527723,-3.118379774538269,3.0041280702908493
159.8350035149997,5.994364410024175,5.994833786432627,-0.03747363691966646,-2.7755575615628914e-17,-1.9998520332362906,-2.095766722322484,0.0,-0.0018725269474089146,-3.1180307086878694,3.022337186710035
159.86489132099996,5.993551584197474,5.994833786432627,-0.036089507138847954,-2.7755575615628914e-17,-1.9999661246916303,-2.0960055378453197,0.0,-0.0017436114139854908,-3.11785617576267,3.0394619395737186
159.89723069200045,5.992892839273214,5.994833786432627,-0.03652213559130174,-2.7755575615628914e-17,-1.9999608455706275,-2.0954186665812875,0.0,-0.001772250165231526,-3.11785617576267,3.056644584570874
159.95785716499995,5.992390630494395,5.994833786432627,-0.03721099398365074,-2.7755575615628914e-17,-1.9998648556777197,-2.0951510005062484,0.0,-0.0017290894174948335,-3.11785617576267,3.0738773682157197
160.0207136070003,5.992031871665253,5.994833786432627,-0.038077911349287216,-2.7755575615628914e-17,-1.9998529984314752,-2.0950959139594394,0.0,-0.0017712661065161228,-3.1180307086878694,3.091154882699011
160.08346384300057,5.991261894132713,5.994833786432627,-0.03845352733618561,-2.7755575615628914e-17,-1.9998534692908994,-2.0952538034312354,0.0,-0.001774414791725576,-3.1175071099122715,3.108254104872082
160.11517233199993,5.99063812474246,5.994833786432627,-0.03855729184552165,-2.7755575615628914e-17,-1.9999624698660843,-2.094781040240455,0.0,-0.0017889599548652768,-3.117332576987072,3.1254162207009157
160.17941551900003,5.990159894741611,5.994833786432627,-0.03882655635986486,-2.7755575615628914e-17,-1.999849082733497,-2.0946839500764436,0.0,-0.0017639287980273366,-3.117332576987072,-3.140551896177554
160.21075434700106,5.989823448805001,5.994833786432627,-0.03937542164138184,-2.7755575615628914e-17,-1.999962153635509,-2.0949077813551913,0.0,-0.0017393688904121518,-3.1175071099122715,-3.123284338030648
160.2737007880005,5.98911406132672,5.994833786432627,-0.0397826695803916,-2.7755575615628914e-17,-1.9998537617685506,-2.0954339517322955,0.0,-0.0016379206208512187,-3.11785617576267,-3.1061354325617856
160.3051648210003,5.98857339801057,5.994833786432627,-0.04021214868970058,-2.7755575615628914e-17,-1.9999625770439247,-2.095583648205396,0.0,-0.001692240941338241,-3.11785617576267,-3.08892471920217
160.3674412090004,5.988194474390931,5.994833786432627,-0.04080016484224894,-2.7755575615628914e-17,-1.9998557245564594,-2.0960056485025986,0.0,-0.0018376066582277417,-3.11785617576267,-3.071659740330179
160.43050626200056,5.987969137392203,5.994833786432627,-0.041537843709072236,-2.7755575615628914e-17,-1.999854778417337,-2.0966905113991876,0.0,-0.0018346128053963184,-3.117332576987072,-3.0543456698868425
160.46129610500066,5.987493401207344,5.994833786432627,-0.041445341803904245,-2.7755575615628914e-17,-1.9999637336144864,-2.0975135345273097,0.0,-0.0018443228909745812,-3.1168089782114734,-3.0374428618946716
160.52361631700114,5.987177107214662,5.994833786432627,-0.04245945884306973,-2.7755575615628914e-17,-1.9998554742861951,-2.0978040436748806,0.0,-0.0017974508227780461,-3.115936313585476,-3.0201893908262827
160.555381442,5.98701392886899,5.994833786432627,-0.042577560903792194,-2.7755575615628914e-17,-1.9999623868105312,-2.098380974190451,0.0,-0.0017903718398883939,-3.1155872477350774,-3.00317602229301
160.6187839360009,5.987010573616006,5.994833786432627,-0.04410732719527838,-2.7755575615628914e-17,-1.9998509375898732,-2.0991328962516715,0.0,-0.001724402653053403,-3.1147145831090803,-2.985824338949756
160.68282028400063,5.986655433146592,5.994833786432627,-0.0450056375973652,-2.7755575615628914e-17,-1.9998522460812016,-2.1000398329706003,0.0,-0.0017384286038577557,-3.1136673855578834,-2.9685869460477092
160.71313353500045,5.986469970282067,5.994833786432627,-0.0456468417554568,-2.7755575615628914e-17,-1.9999631934802813,-2.100447946653013,0.0,-0.0018102057510986924,-3.1131437867822855,-2.951293874371586
160.77617375200134,5.986449497784583,5.994833786432627,-0.04645815790088681,-2.7755575615628914e-17,-1.999853310439338,-2.100939447570797,0.0,-0.0018067589262500405,-3.1124456550814874,-2.9339530580647857
160.8059131509999,5.98659033559214,5.994833786432627,-0.04750000030037693,-2.7755575615628914e-17,-1.9999665860998304,-2.1016224718523597,0.0,-0.0018200469203293324,-3.1122711221562884,-2.9165690188493403
160.86829668100108,5.986203016842568,5.994833786432627,-0.04841809911970085,-2.7755575615628914e-17,-1.9998549397217944,-2.1024706921139633,0.0,-0.0017260070890188217,-3.1119220563058896,-2.8992679222638316
160.93178084600004,5.986025779975776,5.994833786432627,-0.04925283280833087,-2.7755575615628914e-17,-1.9998526650178081,-2.1029011573942897,0.0,-0.0017984336009249091,-3.111398457530291,-2.8819166625810904
160.963013726001,5.986041849682221,5.994833786432627,-0.05014512182645148,-2.7755575615628914e-17,-1.999962789128177,-2.1034592786415462,0.0,-0.0018067759228870273,-3.111223924605092,-2.864522420362312
161.02605959300126,5.986247069661435,5.994833786432627,-0.051144495918820865,-2.7755575615628914e-17,-1.9998529804823575,-2.1040840520153212,0.0,-0.0017027424182742834,-3.110874858754693,-2.847090851292782
161.05602115700094,5.985966939713638,5.994833786432627,-0.05239872909842158,-2.7755575615628914e-17,-1.999965936384613,-2.104699093961919,0.0,-0.0017298068851232529,-3.110700325829494,-2.8297198790175093
161.12058105400138,5.985928965126077,5.994833786432627,-0.053476625845322756,-2.7755575615628914e-17,-1.9998448317383013,-2.1049584887238044,0.0,-0.001794270472601056,-3.1105257929042947,-2.8123083504022888
161.15202026100087,5.986122737504897,5.994833786432627,-0.05474312525253844,-2.7755575615628914e-17,-1.999962858945687,-2.105244858173959,0.0,-0.0017919214442372322,-3.1105257929042947,-2.7948633379568713
161.21498225100004,5.986535424368106,5.994833786432627,-0.05618240909206662,-2.7755575615628914e-17,-1.999853227111874,-2.105589388382653,0.0,-0.0017097187228500843,-3.110176727053895,-2.777389223519991
161.27575973600142,5.986447491479981,5.994833786432627,-0.0576038994456588,-2.7755575615628914e-17,-1.9998623956725832,-2.1059601942429556,0.0,-0.0016973500605672598,-3.109304062427898,-2.760005376069546
161.3068281300002,5.986587017431065,5.994833786432627,-0.05795609626850762,-2.7755575615628914e-17,-1.9999641163064052,-2.1059160621509645,0.0,-0.0016706512542441487,-3.1087804636523,-2.7428781156133675
161.3707656030001,5.9869730157429135,5.994833786432627,-0.05956419135756574,-2.7755575615628914e-17,-1.999850603287384,-2.1058230222296075,0.0,-0.0016109069110825658,-3.1077332661011035,-2.725428798678657
161.4029221210003,5.987578488281465,5.994833786432627,-0.060826390960005194,-2.7755575615628914e-17,-1.9999603578523493,-2.1057965183003087,0.0,-0.0016079734778031707,-3.1072096673255043,-2.7079543236890933
161.46261652199973,5.987613064699699,5.994833786432627,-0.06203481065292493,-2.7755575615628914e-17,-1.9998671431101842,-2.1058730494654694,0.0,-0.0015550394309684634,-3.106860601475106,-2.690561412703241
161.52548179299993,5.987903730851063,5.994833786432627,-0.06288783237596085,-2.7755575615628914e-17,-1.999853848420291,-2.105559456020202,0.0,-0.00149612408131361,-3.1059879368491083,-2.673136326076864
161.55605107100018,5.988421170512994,5.994833786432627,-0.06372612083575635,-2.7755575615628914e-17,-1.999964731320565,-2.105316322824847,0.0,-0.0014329288387671113,-3.10563887099871,-2.6556858483188615
161.61926294800105,5.989151798396317,5.994833786432627,-0.06462133568438277,-2.7755575615628914e-17,-1.9998527914423925,-2.105097128853981,0.0,-0.0013967304257676005,-3.104940739297912,-2.6382148461936397
161.68148785000085,5.989411938752265,5.994833786432627,-0.06566156257116562,-2.7755575615628914e-17,-1.9998563134625096,-2.1048135547440365,0.0,-0.0013458160683512688,-3.1045916734475134,-2.6207946982968577
161.7134791590015,5.9899430461033685,5.994833786432627,-0.06699006940266616,-2.7755575615628914e-17,-1.9999623170992924,-2.104347925368301,0.0,-0.0012335381470620632,-3.104417140522314,-2.603058573559155
161.7760218149997,5.990678471525294,5.994833786432627,-0.06721234318933389,-2.7755575615628914e-17,-1.9998536565449452,-2.1038807107042397,0.0,-0.0011453696060925722,-3.104417140522314,-2.5855984576463302
161.80780406400117,5.991633331708858,5.994833786432627,-0.06826219784388876,-2.7755575615628914e-17,-1.99996227863881,-2.103376225669109,0.0,-0.001006295788101852,-3.1045916734475134,-2.5681252704119424
161.87144606500078,5.9916799332955435,5.994833786432627,-0.07107913853752057,-2.7755575615628914e-17,-1.9998521064643464,-2.1028183194650527,0.0,-0.0009095368441194296,-3.1047662063727124,-2.5498779362475763
161.933928198001,5.99226539815794,5.994833786432627,-0.06963579269432618,-2.7755575615628914e-17,-1.9998555054282385,-2.10190101757388,0.0,-0.0007475047605112195,-3.104940739297912,-2.53245111822537
161.9642528910008,5.993065300753313,5.994833786432627,-0.07006265814714685,-2.7755575615628914e-17,-1.9999643543543888,-2.1011519726969627,0.0,-0.0006759654497727752,-3.104940739297912,-2.515012240703971
162.02872702900095,5.993832235518672,5.994833786432627,-0.07035741597819023,-2.7755575615628914e-17,-1.999847193371824,-2.100342556477494,0.0,-0.0004990245215594769,-3.1047662063727124,-2.497577558163865
162.06046411100033,5.994165138556117,5.994833786432627,-0.07087435420906663,-2.7755575615628914e-17,-1.9999621536318162,-2.099492023164532,0.0,-0.00033238340984098613,-3.1047662063727124,-2.480170768819656
162.1231175740013,5.9947487738771335,5.994833786432627,-0.07112065459248806,-2.7755575615628914e-17,-1.9998534912355157,-2.09860020239486,0.0,-0.00024297978961840272,-3.1045916734475134,-2.462751596497628
162.18706024700077,5.995554371541511,5.994833786432627,-0.07127683744677138,-2.7755575615628914e-17,-1.9998518259738434,-2.097653679464274,0.0,-0.0001449680858058855,-3.1038935417467153,-2.4453261627777065
162.2178669320001,5.996337288155767,5.994833786432627,-0.0714484831533474,-2.7755575615628914e-17,-1.9999632950665676,-2.096711284034007,0.0,-3.7303721910575405e-05,-3.1033699429711175,-2.427912136899124
162.25083677000111,5.996709024065767,5.994833786432627,-0.07151531928742116,-2.7755575615628914e-17,-1.9999595548726987,-2.0956178835167063,0.0,0.0001544371625641361,-3.1028463441955187,-2.410537064923445
162.312275581,5.997333682314355,5.994833786432627,-0.07156094086339349,-2.7755575615628914e-17,-1.9998612862495284,-2.094414078371129,0.0,0.00019745194003917277,-3.102322745419921,-2.3931536753635783
162.37420419000046,5.998177161359323,5.994833786432627,-0.07178831227226268,-2.7755575615628914e-17,-1.9998569496701295,-2.093281835243642,0.0,0.00033843808341771364,-3.101799146644323,-2.3757677704399423
162.40589735100002,5.999011126604892,5.994833786432627,-0.07173219987311308,-2.7755575615628914e-17,-1.9999626800891375,-2.0920630564309506,0.0,0.0004374647105578333,-3.101275547868724,-2.35839261570471
162.46780676300114,5.999486166850904,5.994833786432627,-0.07140873114964386,-2.7755575615628914e-17,-1.999858878927985,-2.09072944851294,0.0,0.0004896040190942585,-3.100402883242727,-2.341048520867851
162.52943546900133,6.000166472683631,5.994833786432627,-0.0709278384060481,-2.7755575615628914e-17,-1.9998587083681316,-2.089328057904543,0.0,0.000701659475453198,-3.0995302186167293,-2.323701141133762
162.56143926200093,6.000987603238981,5.994833786432627,-0.06976659626179171,-2.7755575615628914e-17,-1.9999622159119046,-2.0880914714321643,0.0,0.0007374438573606312,-3.099181152766331,-2.306644874746547
162.62450306200117,6.001792995369856,5.994833786432627,-0.06910787817546016,-2.7755575615628914e-17,-1.99985390259943,-2.0868251198115924,0.0,0.0008429886074736714,-3.0984830210655327,-2.2895855635242914
162.65554890299973,6.0023250320895265,5.994833786432627,-0.0691973931696338,-2.7755575615628914e-17,-1.9999634625040001,-2.0856352642561746,0.0,0.0008815817418508232,-3.0984830210655327,-2.272225608028658
162.71776700100054,6.003017452685047,5.994833786432627,-0.06836382695021015,-2.7755575615628914e-17,-1.999857259983674,-2.084611229632055,0.0,0.0008887559524737298,-3.0981339552151343,-2.2548707767023326
162.7807029930009,6.003839050336475,5.994833786432627,-0.0673658419042964,-2.7755575615628914e-17,-1.999854619908634,-2.0835144760128204,0.0,0.0010299806017428637,-3.0977848893647355,-2.2375249595858695
162.81256428800043,6.004596138592582,5.994833786432627,-0.0663158950277748,-2.7755575615628914e-17,-1.9999619470922099,-2.082362233856157,0.0,0.0010793203255161643,-3.097435823514337,-2.220177596635402
162.8763430650015,6.004989680980116,5.994833786432627,-0.06519167346100163,-2.7755575615628914e-17,-1.9998492190361428,-2.081231637901235,0.0,0.001146363327279687,-3.0970867576639374,-2.2028106206309888
162.90676592100135,6.005523040776874,5.994833786432627,-0.06390099139878935,-2.7755575615628914e-17,-1.999965537568067,-2.080182520012884,0.0,0.0011845360277220607,-3.0970867576639374,-2.1854568538336636
162.96850122700016,6.006164869958232,5.994833786432627,-0.06268186905161,-2.7755575615628914e-17,-1.9998594706984538,-2.0791507854060005,0.0,0.0012590080732479692,-3.0969122247387384,-2.168118881883165
163.0319309510014,6.00669227742179,5.994833786432627,-0.06132983534467251,-2.7755575615628914e-17,-1.999851594385211,-2.0780087679894894,0.0,0.0012734747724607587,-3.0963886259631406,-2.1507881332413525
163.06356571300057,6.006747107851262,5.994833786432627,-0.05989174983908652,-2.7755575615628914e-17,-1.9999630898103058,-2.076921428410259,0.0,0.0013078993652015924,-3.0963886259631406,-2.1334515789174278
163.12484926400066,6.0069226959711015,5.994833786432627,-0.05804587746244927,-2.7755575615628914e-17,-1.9998625669422958,-2.075820037846335,0.0,0.0012754814233630896,-3.095865027187542,-2.116130215652608
163.1503970320009,6.007201153783588,5.994833786432627,-0.05634027403302322,-2.7755575615628914e-17,-1.9999754051421637,-2.0747131276161537,0.0,0.0013402209151536226,-3.0956904942623424,-2.098825499671874
163.20145483000124,6.007399684159381,5.994833786432627,-0.054854146601933884,-2.7755575615628914e-17,-1.999902720567224,-2.073631081578418,0.0,0.0013410188257694244,-3.095515961337143,-2.0815253837261083
163.2565413880002,6.007223626637784,5.994833786432627,-0.053500287356078036,-2.7755575615628914e-17,-1.9998891506708267,-2.072550547559326,0.0,0.0014320804039016366,-3.0951668954867437,-2.0642119955846554
163.316505883,6.007154380670853,5.994833786432627,-0.05175966401088483,-2.7755575615628914e-17,-1.9998666246326746,-2.0715510523713525,0.0,0.0014775226591154933,-3.0944687637859465,-2.046915275840241
163.36748244900082,6.007151300872129,5.994833786432627,-0.04925011351426234,-2.7755575615628914e-17,-1.9999049632956094,-2.070532672893135,0.0,0.0014758296310901642,-3.09342156623475,-2.029924290072248
163.4162383060011,6.0070457863924505,5.994833786432627,-0.048000292043372195,-2.7755575615628914e-17,-1.9999107536748661,-2.0693910198104106,0.0,0.0014981247950345278,-3.0928979674591512,-2.0126535519508697
163.46614672299984,6.006521971764755,5.994833786432627,-0.0463442628130859,-2.7755575615628914e-17,-1.9999080967816696,-2.068271258802013,0.0,0.0015492725651711226,-3.0925489016087524,-1.995372163480962
163.51633332200072,6.006106005002783,5.994833786432627,-0.04452423152350504,-2.7755575615628914e-17,-1.9999069162596665,-2.0673908192478185,0.0,0.0015735490014776587,-3.0925489016087524,-1.9781062471114836
163.56684389700058,6.005778970996711,5.994833786432627,-0.042821745412553014,-2.7755575615628914e-17,-1.9999057852077518,-2.0665328537384413,0.0,0.001775637036189437,-3.092723434533952,-1.960857016477448
163.61609999600114,6.005318072014344,5.994833786432627,-0.041362523950249086,-2.7755575615628914e-17,-1.9999103288325877,-2.0656423620247386,0.0,0.0018605375662446022,-3.0932470333095505,-1.9436103259741753
163.66703971400057,6.004358091365077,5.994833786432627,-0.04017360240308454,-2.7755575615628914e-17,-1.999903636874411,-2.0648273858719604,0.0,0.0018459957791492343,-3.0941196979355468,-1.9263437907630576
163.73119717600093,6.003547588263899,5.994833786432627,-0.03876443653634687,-2.7755575615628914e-17,-1.9998488898488556,-2.06415328738613,0.0,0.0017065523425117135,-3.0951668954867437,-1.9090909657288104
163.76685813600125,6.002864024760594,5.994833786432627,-0.037493083830076546,-2.7755575615628914e-17,-1.9999528640176802,-2.0635263169602727,0.0,0.0016556238988414407,-3.095865027187542,-1.8918527404823036
163.8306058500002,6.002133061604503,5.994833786432627,-0.03711283692543865,-2.7755575615628914e-17,-1.999851522126469,-2.06289202245401,0.0,0.0017025127308443189,-3.0970867576639374,-1.87432623335076
163.85619452600076,6.001076411897905,5.994833786432627,-0.035941165617822346,-2.7755575615628914e-17,-1.9999748489326732,-2.0623366309806723,0.0,0.0017799551133066416,-3.0976103564395365,-1.85705814943122
163.9171472570015,6.00019724665406,5.994833786432627,-0.035330607645517875,-2.7755575615628914e-17,-1.9998630022666466,-2.0618655944929642,0.0,0.0018721388187259436,-3.0984830210655327,-1.8398048042886075
163.9675162780004,5.999476934901551,5.994833786432627,-0.03675519146129974,-2.7755575615628914e-17,-1.9999058850274853,-2.0612972057003973,0.0,0.001678790315054357,-3.098657553990733,-1.8217092736427154
164.01617043400074,5.998713586124105,5.994833786432627,-0.034912303765302466,-2.7755575615628914e-17,-1.9999116702798394,-2.0606464431041664,0.0,0.0017240700544789433,-3.0981339552151343,-1.8044765412778023
164.06661897100093,5.997562317396563,5.994833786432627,-0.034999919117127354,-2.7755575615628914e-17,-1.9999056331227991,-2.0599828950611836,0.0,0.001811530441045761,-3.0970867576639374,-1.787228777994407
164.13191069200002,5.996609958254456,5.994833786432627,-0.034767782763713784,-2.7755575615628914e-17,-1.9998433685660875,-2.059429617204051,0.0,0.0016255181981250644,-3.095341428411944,-1.7699945516230315
164.16676739000104,5.995824696958738,5.994833786432627,-0.03455423818327347,-2.7755575615628914e-17,-1.9999545043728681,-2.0588540612647535,0.0,0.0015004067681729794,-3.094294230860747,-1.7527755869044206
164.2173552690001,5.995027532252378,5.994833786432627,-0.034387963001596744,-2.7755575615628914e-17,-1.9999050206796283,-2.0582959116878414,0.0,0.001770220696926117,-3.0925489016087524,-1.7355501323006923
164.2666610819997,5.99394321756589,5.994833786432627,-0.034418477777566736,-2.7755575615628914e-17,-1.9999095780885114,-2.057819371606525,0.0,0.0016399282030761242,-3.0913271711323564,-1.7182846472651627
164.31784811299985,5.993043640279063,5.994833786432627,-0.03420301488865435,-2.7755575615628914e-17,-1.9999025054404196,-2.057596064450327,0.0,0.001515574986115098,-3.09027997358116,-1.701034011059605
164.36656143800064,5.99229883020815,5.994833786432627,-0.03399659493889837,-2.7755575615628914e-17,-1.9999120338649106,-2.0573998900891315,0.0,0.0014649118529632688,-3.0894073089551624,-1.6837993792408588
164.41663826200056,5.991559506194244,5.994833786432627,-0.033921023724761246,-2.7755575615628914e-17,-1.9999071025357675,-2.0571363480517126,0.0,0.0015125575009733438,-3.0888837101795645,-1.6665568769277306
164.47333751500082,5.990583246344283,5.994833786432627,-0.0340267531742017,-2.7755575615628914e-17,-1.9998799260045603,-2.056978750538757,0.0,0.001493025221861899,-3.0885346443291652,-1.6492697614040912
164.53298548600105,5.989780355783977,5.994833786432627,-0.03393264534240531,-2.7755575615628914e-17,-1.9998685248965753,-2.057015870797415,0.0,0.0015228316187858582,-3.0885346443291652,-1.6319990074935247
164.55683539200072,5.9891241914195525,5.994833786432627,-0.033894114121087796,-2.7755575615628914e-17,-1.9999787841271328,-2.057089060894903,0.0,0.0015448641497641802,-3.0887091772543656,-1.6147448133739668
164.6165361350013,5.988455498647977,5.994833786432627,-0.033398725772295766,-2.7755575615628914e-17,-1.9998679142848315,-2.0570908827425933,0.0,0.0014883264666423202,-3.089058243104764,-1.5977640323470819
164.66756841300048,5.987518598636494,5.994833786432627,-0.03432349816691901,-2.7755575615628914e-17,-1.9999026387681744,-2.0571651461250355,0.0,0.0014650749508291483,-3.0899309077307615,-1.5804376686068993
164.71679938600028,5.986766252045591,5.994833786432627,-0.033895608561300763,-2.7755575615628914e-17,-1.9999097005259685,-2.0574722006184554,0.0,0.001512611866928637,-3.0899309077307615,-1.563417233797469
164.76640166400102,5.986169772146834,5.994833786432627,-0.034699413663078923,-2.7755575615628914e-17,-1.9999084044796318,-2.057643839212204,0.0,0.0014726336812600493,-3.089756374805561,-1.5461298995175272
164.81709809800122,5.9855953522580325,5.994833786432627,-0.03504531281309888,-2.7755575615628914e-17,-1.999904419733401,-2.0577613139621724,0.0,0.001553572015836835,-3.0894073089551624,-1.5288335168965814
164.8661634910004,5.984831463163924,5.994833786432627,-0.03560106039489029,-2.7755575615628914e-17,-1.9999102538300035,-2.057872479332163,0.0,0.0016317639965564013,-3.089058243104764,-1.5114831163292994
164.91832067200085,5.984239919371737,5.994833786432627,-0.0359001887075944,-2.7755575615628914e-17,-1.999898398786476,-2.0582045695211604,0.0,0.0015420963754877448,-3.088360111403966,-1.49415449597362
164.9668427409997,5.983797160161697,5.994833786432627,-0.03625604539151847,-2.7755575615628914e-17,-1.9999130535713623,-2.058441206859631,0.0,0.001515778829343617,-3.0880110455535674,-1.4768465915157953
165.01784768900143,5.983369906541703,5.994833786432627,-0.03671585289390056,-2.7755575615628914e-17,-1.9999027334558808,-2.058574708083659,0.0,0.0013946007238700986,-3.087661979703169,-1.459528064047447
165.08260155500102,5.982756353345287,5.994833786432627,-0.03735831729490052,-2.7755575615628914e-17,-1.9998454368203344,-2.0587743960146483,0.0,0.0014459656085819006,-3.08713838092757,-1.4421475278381215
165.1179054180011,5.98231206646611,5.994833786432627,-0.037833853542833584,-2.7755575615628914e-17,-1.9999527311597693,-2.059172342473359,0.0,0.001490701688453555,-3.086963848002371,-1.4247915381387843
165.1818698900006,5.982012232185569,5.994833786432627,-0.03827405755548957,-2.7755575615628914e-17,-1.9998479390243145,-2.0594672661830797,0.0,0.0014606863260269165,-3.0867893150771715,-1.407458226665549
165.2136126460009,5.98175665804968,5.994833786432627,-0.03887780293993276,-2.7755575615628914e-17,-1.9999624232035773,-2.059747328704522,0.0,0.0015801925910636783,-3.0867893150771715,-1.3901187083417352
165.27525014800085,5.981383242359972,5.994833786432627,-0.03972038633593089,-2.7755575615628914e-17,-1.9998582115229848,-2.060022683484581,0.0,0.0015134296845644712,-3.086614782151972,-1.3727265715975565
165.30598587200075,5.9811765087795,5.994833786432627,-0.0404881948701194,-2.7755575615628914e-17,-1.9999650218226974,-2.0605533860400596,0.0,0.0015129317762330174,-3.086614782151972,-1.3553591345549654
165.36803185600002,5.981112505855728,5.994833786432627,-0.04129183723270624,-2.7755575615628914e-17,-1.9998558840799294,-2.060837897084627,0.0,0.001518025528639555,-3.0860911833763733,-1.3380156887237242
165.43199604500114,5.981135623300721,5.994833786432627,-0.04211413742907094,-2.7755575615628914e-17,-1.999847526409307,-2.0610251471351484,0.0,0.0014844395918771625,-3.085043985825177,-1.320667417177588
165.4637156890003,5.981163415128959,5.994833786432627,-0.042390556706003224,-2.7755575615628914e-17,-1.99996277004327,-2.0612065980435275,0.0,0.0014413031749427319,-3.0841713211991792,-1.303556177232342
165.52758182599973,5.981320397904683,5.994833786432627,-0.04369230014878711,-2.7755575615628914e-17,-1.9998502914145504,-2.061579268905289,0.0,0.001383307040669024,-3.0824259919471855,-1.2861843687830508
165.55901075700058,5.981588583750638,5.994833786432627,-0.04447620141261188,-2.7755575615628914e-17,-1.9999641406168678,-2.061908016240523,0.0,0.0012465931940823793,-3.081727860246388,-1.2688365834600857
165.6205837489997,5.981931479764472,5.994833786432627,-0.04533080041128201,-2.7755575615628914e-17,-1.9998551302857996,-2.0621696304826767,0.0,0.0012972034746780992,-3.079982530994394,-1.2514860814007505
165.681636876001,5.9823064946961235,5.994833786432627,-0.0461124687108283,-2.7755575615628914e-17,-1.9998606032250914,-2.062436630154298,0.0,0.001193786389194429,-3.0780626688172,-1.2340904173797647
165.7127688820001,5.982758566224178,5.994833786432627,-0.0466692424909152,-2.7755575615628914e-17,-1.9999634558426944,-2.062838798140829,0.0,0.0010726848850026727,-3.077364537116402,-1.2167215719397542
165.7762915960011,5.9832714880656095,5.994833786432627,-0.04703370602614643,-2.7755575615628914e-17,-1.9998517135022873,-2.063076402996625,0.0,0.0010165477870032191,-3.0757937407896074,-1.1993776895671688
165.80763997600116,5.98380304558376,5.994833786432627,-0.0474750355941026,-2.7755575615628914e-17,-1.9999624875583204,-2.0631951729092814,0.0,0.0010130261071026325,-3.0752701420140083,-1.1820315855181538
165.87089707400082,5.984293038662979,5.994833786432627,-0.04853740993922895,-2.7755575615628914e-17,-1.9998527373794686,-2.063308535297776,0.0,0.0009793086210265756,-3.074397477388011,-1.1643525362525473
165.93364488000043,5.98482572188148,5.994833786432627,-0.048092839275175936,-2.7755575615628914e-17,-1.9998531535168098,-2.063667416333707,0.0,0.0007246888126246631,-3.073699345687214,-1.1469881338686188
165.96501791599985,5.985387300936801,5.994833786432627,-0.0480464618827493,-2.7755575615628914e-17,-1.999962845243767,-2.063798538939658,0.0,0.0006935336859896779,-3.0733502798368146,-1.1296492357674672
166.02692134400058,5.9859392599368695,5.994833786432627,-0.04791980333800794,-2.7755575615628914e-17,-1.9998575436889157,-2.063820629816314,0.0,0.0005147055489942431,-3.073175746911615,-1.112304009572358
166.05891335700107,5.986468157500455,5.994833786432627,-0.04983869808430208,-2.7755575615628914e-17,-1.9999630959843158,-2.0637465827966386,0.0,0.00037308805622160435,-3.0733502798368146,-1.0940393142889564
166.12227689300016,5.987013598122321,5.994833786432627,-0.048199041265339804,-2.7755575615628914e-17,-1.9998500764128224,-2.0639279899243146,0.0,0.00033180610626004636,-3.073524812762015,-1.076666299144695
166.18495196300137,5.987587897121566,5.994833786432627,-0.0482035962053603,-2.7755575615628914e-17,-1.9998524039459247,-2.0640390038684666,0.0,0.00030374046764336526,-3.073699345687214,-1.059321311134897
166.2153797030005,5.988133531921092,5.994833786432627,-0.048116971700253086,-2.7755575615628914e-17,-1.999965353217577,-2.063955761390623,0.0,0.00013523446978069842,-3.073699345687214,-1.0419664631064376
166.27786426700004,5.988582460781539,5.994833786432627,-0.04807495130304207,-2.7755575615628914e-17,-1.9998561002951019,-2.063940599645621,0.0,8.114315278362483e-05,-3.073699345687214,-1.0245400229103592
166.30972354200094,5.989087060192951,5.994833786432627,-0.04809601399001251,-2.7755575615628914e-17,-1.9999618833615438,-2.064263191114928,0.0,9.589567343937233e-05,-3.073699345687214,-1.0071469882096964
166.3722762030011,5.9896288151456005,5.994833786432627,-0.04821192380909489,-2.7755575615628914e-17,-1.9998547336942434,-2.064336161328438,0.0,-6.347573798848316e-05,-3.073699345687214,-0.9897850388085241
166.43427728400093,5.990209503751307,5.994833786432627,-0.048225113154588106,-2.7755575615628914e-17,-1.9998571715458937,-2.0643402706646405,0.0,-2.914014294219669e-05,-3.073175746911615,-0.9724188773659793
166.46553844000118,5.990841552011836,5.994833786432627,-0.04836126461091328,-2.7755575615628914e-17,-1.9999635599638441,-2.064240497906921,0.0,-0.000228382385103032,-3.072826681061217,-0.9549933440294849
166.5297194040013,5.991499039294237,5.994833786432627,-0.0483430714917108,-2.7755575615628914e-17,-1.9998472249922776,-2.064339686171219,0.0,-0.00017523586575407535,-3.0721285493604187,-0.9376043645592516
166.56144221500108,5.99217753778108,5.994833786432627,-0.04845297899862566,-2.7755575615628914e-17,-1.9999630241504303,-2.064247094462087,0.0,-0.0002441969409119338,-3.0719540164352193,-0.920249558314782
166.62353014700057,5.992924966012998,5.994833786432627,-0.04855031580598124,-2.7755575615628914e-17,-1.999854944409329,-2.0639454847100276,0.0,-0.00027932951343245804,-3.071255884734422,-0.9028997858255183
166.68593442100064,5.993838418104061,5.994833786432627,-0.04870555299385293,-2.7755575615628914e-17,-1.999857318575083,-2.0636389775279143,0.0,-0.00031736743403598666,-3.070557753033624,-0.8855102030459201
166.71772011800022,5.994712542253593,5.994833786432627,-0.04810614033323446,-2.7755575615628914e-17,-1.9999622287608925,-2.0634329434916023,0.0,-0.000350228016031906,-3.070034154258025,-0.8684447577101836
166.78000785600125,5.995557908219165,5.994833786432627,-0.0483467082650213,-2.7755575615628914e-17,-1.999856048072226,-2.0630532068924317,0.0,-0.0003368506149854511,-3.0693360225572284,-0.8511266689573301
166.81122596200112,5.996358259813968,5.994833786432627,-0.04744868143368475,-2.7755575615628914e-17,-1.9999639394403677,-2.062653581376412,0.0,-0.00040129513945430517,-3.069161489632029,-0.8341258876214777
166.87346772100136,5.997506439728151,5.994833786432627,-0.0477026719216187,-2.7755575615628914e-17,-1.9998552781237446,-2.062088329561262,0.0,-0.00046000591828487813,-3.068812423781629,-0.8168396373461347
166.93647205600064,5.9985553393374955,5.994833786432627,-0.04721318302514832,-2.7755575615628914e-17,-1.9998550001842963,-2.061770661956455,0.0,-0.00046522883349098265,-3.068463357931231,-0.7995806467512901
166.9671067320014,5.999491540494136,5.994833786432627,-0.04641594767228718,-2.7755575615628914e-17,-1.9999644305973254,-2.061343515052146,0.0,-0.0004679120611399412,-3.0682888250060314,-0.7823473674315888
167.02933507700072,6.000313917311882,5.994833786432627,-0.045246108487485115,-2.7755575615628914e-17,-1.999856003555562,-2.0608296852710772,0.0,-0.0004430492117535323,-3.0681142920808324,-0.7651363858934607
167.0603680180011,6.001450257370708,5.994833786432627,-0.04415697273838748,-2.7755575615628914e-17,-1.9999645719733723,-2.060324266796328,0.0,-0.0005120428977534175,-3.0681142920808324,-0.7478930780159365
167.12287711800127,6.002431739184594,5.994833786432627,-0.043201872042524014,-2.7755575615628914e-17,-1.9998553461333817,-2.060053256123471,0.0,-0.000566760718356818,-3.0681142920808324,-0.7306737678394136
167.18676199600122,6.003249610788176,5.994833786432627,-0.04185025474764714,-2.7755575615628914e-17,-1.9998505033975906,-2.059802088718893,0.0,-0.0004661376297008246,-3.0681142920808324,-0.7134762221878252
167.21771594700112,6.003893521668291,5.994833786432627,-0.04013473098020515,-2.7755575615628914e-17,-1.999964212831742,-2.0594693940066398,0.0,-0.000491737388074398,-3.067939759155632,-0.6962969390776138
167.28061034100028,6.004642099389069,5.994833786432627,-0.03810420416532845,-2.7755575615628914e-17,-2.0998316218222652,-2.059242875038422,0.0,-0.0005063333665020764,-3.067939759155632,-0.6790810722492575
167.3105993670015,6.005215662368583,5.994833786432627,-0.03634965046337246,-2.7755575615628914e-17,-2.0999603967589295,-2.0593333591514553,0.0,-0.0005633489927276969,-3.067939759155632,-0.6618834491470915
167.3723384320001,6.005618707537339,5.994833786432627,-0.034661228789624854,-2.7755575615628914e-17,-2.0998392425778554,-2.059336980582464,0.0,-0.00048424501437693834,-3.0681142920808324,-0.6447021385360313
167.43672820100073,6.005864989374439,5.994833786432627,-0.03295080571124398,-2.7755575615628914e-17,-2.09982446956043,-2.0594546184416025,0.0,-0.00048263673670589924,-3.0682888250060314,-0.6275293128093353
167.4679455130008,6.0063502085916305,5.994833786432627,-0.03142429887952325,-2.7755575615628914e-17,-2.099957422722824,-2.060595843004636,0.0,-0.0004634495417121798,-3.0681142920808324,-0.6102677465675722
167.5305261630001,6.006674180161855,5.994833786432627,-0.030135126098682075,-2.7755575615628914e-17,-2.099831295481285,-2.0633432039217054,0.0,-0.0006418557604774833,-3.067939759155632,-0.5930015014308438
167.56249165300142,6.006869150045427,5.994833786432627,-0.028668329052324415,-2.7755575615628914e-17,-2.099955621439753,-2.0669979604863373,0.0,-0.0005890210741199553,-3.067939759155632,-0.5760090155900964
167.62448949100144,6.006940806448022,5.994833786432627,-0.028631751013612927,-2.7755575615628914e-17,-2.099836405205993,-2.071027174692679,0.0,-0.0006670844159089029,-3.0677652262304327,-0.5587099054418824
167.65668071300024,6.007327947065661,5.994833786432627,-0.028219567809548263,-2.7755575615628914e-17,-2.099955883359795,-2.0754313579841517,0.0,-0.0006601558998227119,-3.0675906933052333,-0.5413093116105145
167.71895775400117,6.007594394066448,5.994833786432627,-0.02816761248179589,-2.7755575615628914e-17,-2.099831863770791,-2.0802194567417,0.0,-0.0006040158332325518,-3.067241627454835,-0.5238924239770978
167.7818286239999,6.007746964180188,5.994833786432627,-0.02812849711020704,-2.7755575615628914e-17,-2.1998064157433634,-2.0848827774093275,0.0,-0.00066802476067096,-3.0663689628288378,-0.5064576595589388
167.81286328500028,6.007797138526477,5.994833786432627,-0.027984568389344155,-2.7755575615628914e-17,-2.199952531734564,-2.0892610950586326,0.0,-0.0005661764880642295,-3.0656708311280396,-0.48900395574487965
167.87589110000044,6.008153759629216,5.994833786432627,-0.02791011114207287,-2.7755575615628914e-17,-2.299778764461126,-2.093342004713721,0.0,-0.0004877331666648388,-3.064798166502043,-0.4714524100848862
167.90830595900115,6.008419342496045,5.994833786432627,-0.028363552268379277,-2.7755575615628914e-17,-2.2999418267280984,-2.097592279329309,0.0,-0.0004586694703903049,-3.0644491006516437,-0.4538873513114181
167.97084070100027,6.0085974009214596,5.994833786432627,-0.029618983459221426,-2.7755575615628914e-17,-2.2997761366257983,-2.1024728052536803,0.0,-0.00048825255362316966,-3.0637509689508464,-0.4360054447573465
168.03258662900043,6.008725747282095,5.994833786432627,-0.029803162358053137,-2.7755575615628914e-17,-2.2997883192929174,-2.108525288453677,0.0,-0.0004988131113350391,-3.0630528372500483,-0.41837560564563
168.06368827400001,6.009396858188498,5.994833786432627,-0.03087478940759969,-2.7755575615628914e-17,-2.299945865082841,-2.116173816979291,0.0,-0.0005726018571294844,-3.0625292384744505,-0.4006117499620008
168.12717415299994,6.009984949355202,5.994833786432627,-0.03432811526006663,-2.7755575615628914e-17,-2.3997465226130186,-2.125698300692279,0.0,-0.0006625248934142292,-3.061482040923254,-0.3819008327461693
168.15761335200114,6.010543676084376,5.994833786432627,-0.03448695849913119,-2.7755575615628914e-17,-2.3999393475716064,-2.136765833187874,0.0,-0.0007003131904639304,-3.0609584421476552,-0.36400637452348306
168.21973483300098,6.011074830849105,5.994833786432627,-0.03659309810662059,-2.7755575615628914e-17,-2.3997504173460347,-2.147639394563169,0.0,-0.0006327853770926595,-3.0600857775216577,-0.3460389120094122
168.2834370950004,6.012178165265913,5.994833786432627,-0.03881641451520168,-2.7755575615628914e-17,-2.3997435633515245,-2.15879992730449,0.0,-0.0006199713097885251,-3.0586895141200627,-0.3279346216909456
168.3142477270012,6.013222873544816,5.994833786432627,-0.04134082207178036,-2.7755575615628914e-17,-2.399938772790849,-2.1710333860854196,0.0,-0.0006075496203266084,-3.0579913824192646,-0.30974907471788604
168.3764701150012,6.0142315940313695,5.994833786432627,-0.043839792731945715,-2.7755575615628914e-17,-2.399756706529471,-2.184035800147079,0.0,-0.0007279429701156914,-3.0565951190176692,-0.291474443181818
168.4089050929997,6.015241347550509,5.994833786432627,-0.04670216357564694,-2.7755575615628914e-17,-2.3999315388891955,-2.1973932326324808,0.0,-0.000570647360291332,-3.0553733885412733,-0.27310663096811494
168.47010646200033,6.01684785944949,5.994833786432627,-0.04972452518197934,-2.7755575615628914e-17,-2.3997613373073547,-2.2106139920627426,0.0,-0.0006020765868015587,-3.0539771251396783,-0.25458340447725464
168.5329324180002,6.018418567836985,5.994833786432627,-0.05293365848348752,-2.7755575615628914e-17,-2.399752337513674,-2.2238066605240476,0.0,-0.0006039245636202395,-3.0517081971120854,-0.23597772354236707
168.56472582700007,6.019955112826031,5.994833786432627,-0.05586450640001456,-2.7755575615628914e-17,-2.399934390803612,-2.2364357673672397,0.0,-0.0005322758224792778,-3.0504864666356886,-0.21729147967486048
168.6277140050006,6.021474482710022,5.994833786432627,-0.05852645078300006,-2.7755575615628914e-17,-2.39975194559328,-2.2484509006156257,0.0,-0.0003997051389887929,-3.048217538608096,-0.198527025860576
168.6592257379998,6.02362816750458,5.994833786432627,-0.061260318150040294,-2.7755575615628914e-17,-2.3999347383420284,-2.2597774366931302,0.0,-0.0003294370835646987,-3.0469958081317,-0.17964543026036883
168.72135747700122,6.025711534455175,5.994833786432627,-0.06408965591123966,-2.7755575615628914e-17,-2.4997253629115654,-2.2705038102312023,0.0,-0.0002715444134082645,-3.044552347178908,-0.16070146307039923
168.78378544000043,6.027717672543296,5.994833786432627,-0.06645705639971533,-2.7755575615628914e-17,-2.499721475997456,-2.280532223213631,0.0,-0.00024800674873404205,-3.0419343533009173,-0.14169795665426593
168.81537605999983,6.02961664957515,5.994833786432627,-0.06743127101866864,-2.7755575615628914e-17,-2.499928820187685,-2.2898863993882617,0.0,-0.00032505003036931157,-3.040538089899321,-0.12295479206537907
168.8774988310015,6.03205255073602,5.994833786432627,-0.06876537003014838,-2.7755575615628914e-17,-2.499724776378943,-2.2987420099483007,0.0,-0.00028280788683332503,-3.0375710301709313,-0.10407216408109617
168.90755749799973,6.034403013798141,5.994833786432627,-0.07139056244512271,-2.7755575615628914e-17,-2.4999328826931033,-2.3086343464208867,0.0,-0.00045692548155784607,-3.0361747667693355,-0.08481407433178703
168.9702481410004,6.036652116468619,5.994833786432627,-0.07314544705112164,-2.7755575615628914e-17,-2.4997211447823484,-2.3193167819466134,0.0,-0.0006103758350946009,-3.0339058387417426,-0.06549029984524422
169.03442613300103,6.038811057256781,5.994833786432627,-0.07457790263912516,-2.7755575615628914e-17,-2.3997464029408975,-2.3303283532203514,0.0,-0.0006555875297635794,-3.030764246088153,-0.046096428981604605
169.06587559000036,6.0415188383529275,5.994833786432627,-0.07585854583636842,-2.7755575615628914e-17,-2.3999338245325617,-2.3412859477080534,0.0,-0.0007378844311460853,-3.0281462522101616,-0.026544129670271175
169.12858074900032,6.04409392072873,5.994833786432627,-0.07713294866905072,-2.7755575615628914e-17,-2.399760264570198,-2.352423949083662,0.0,-0.000722399796359241,-3.0253537254069705,-0.006933280723190817
169.15387964100046,6.046562264548728,5.994833786432627,-0.07862896376217644,-2.7755575615628914e-17,-2.399957013241148,-2.3631570491446463,0.0,-0.0007270611240528524,-3.0236083961549767,0.012734331619675469
169.21920629000124,6.048921860060238,5.994833786432627,-0.07990409584016876,-2.7755575615628914e-17,-2.399732597778063,-2.3726266855834233,0.0,-0.0006127133965492249,-3.0201177376509882,0.032448120821118025
169.28420099100003,6.051879326946483,5.994833786432627,-0.08064981688252817,-2.7755575615628914e-17,-2.399732874409686,-2.3802560129214965,0.0,-0.0006291399477049708,-3.016103480371401,0.0522563260799614
169.3188691310006,6.0546097952617135,5.994833786432627,-0.08084845241489184,-2.7755575615628914e-17,-2.399923888398939,-2.3864950887506593,0.0,-0.0006886038463562727,-3.0140090852690076,0.07207932786257218
169.3751183350014,6.057111645491944,5.994833786432627,-0.08005279184398859,-2.7755575615628914e-17,-2.3998042056331483,-2.391551755064542,0.0,-0.000604512810241431,-3.009645762139022,0.09191336984871824
169.40364554000007,6.059408656985024,5.994833786432627,-0.0792046164031025,-2.7755575615628914e-17,-2.3999479662615295,-2.3957716735681265,0.0,-0.0006210394203662872,-3.0075513670366285,0.11175669609415309
169.48589526599972,6.062424488270843,5.994833786432627,-0.07815262378510596,-2.7755575615628914e-17,-2.399578587382089,-2.399389830387847,0.0,-0.0007004024810157716,-3.002489912205845,0.13166283877846502
169.51922826300142,6.06512824867088,5.994833786432627,-0.0771209942445577,-2.7755575615628914e-17,-2.3999290556233848,-2.4028454104517274,0.0,-0.0009113983833231032,-3.000395517103452,0.15156577693497086
169.57521251400067,6.067499877165977,5.994833786432627,-0.07516275210086082,-2.7755575615628914e-17,-2.3998036668648095,-2.4059442288645765,0.0,-0.0010384581983089447,-2.9960321939734667,0.17146825391937687
169.60096002200044,6.069535684121987,5.994833786432627,-0.07172992499970521,-2.7755575615628914e-17,-2.39995890139109,-2.409003057682888,0.0,-0.00111946533434093,-2.99481046349707,0.19104316687429446
169.65233725000144,6.072317592527231,5.994833786432627,-0.06989273387512618,-2.7755575615628914e-17,-2.499813544388084,-2.4119370605021846,0.0,-0.0011509789619594812,-2.991145272067882,0.21099969600010654
169.70209289000013,6.074683315029239,5.994833786432627,-0.06742947158122053,-2.7755575615628914e-17,-2.499825135095654,-2.4151798140125686,0.0,-0.0011603173334151506,-2.986258350162298,0.23095572411644275
169.75329926999984,6.076622072376651,5.994833786432627,-0.06421767167380898,-2.7755575615628914e-17,-2.4998165921773987,-2.418400974848019,0.0,-0.0012334914645180106,-2.982244092882711,0.25091767671287873
169.81660986000134,6.078153328442461,5.994833786432627,-0.0603455065098597,-2.7755575615628914e-17,-2.49971528870562,-2.422201374472158,0.0,-0.0013838425511494279,-2.978404368528323,0.2708982130575804
169.86843561800015,6.080416329874425,5.994833786432627,-0.056458399267607096,-2.7755575615628914e-17,-2.499810586308009,-2.427324602675151,0.0,-0.0015000422718003392,-2.973866512473138,0.29091093770017307
169.919491517001,6.082219823376914,5.994833786432627,-0.05344407312796029,-2.7755575615628914e-17,-2.4998160092683217,-2.4335602907540106,0.0,-0.0014929181197658181,-2.970899452744748,0.31096048463275705
169.97580360100073,6.0836306369311455,5.994833786432627,-0.0509198303078392,-2.7755575615628914e-17,-2.4997795830819287,-2.440506331833867,0.0,-0.001412248588167131,-2.9679323930163575,0.3310559528591565
170.03512511500048,6.084711538898725,5.994833786432627,-0.049012391950799095,-2.7755575615628914e-17,-2.499750009311403,-2.447922984430286,0.0,-0.0013581272214651108,-2.9665361296147625,0.3512030121706904
170.06967165900096,6.086801968485251,5.994833786432627,-0.048287922994786014,-2.7755575615628914e-17,-2.4999166071667283,-2.4555875907755693,0.0,-0.001400947105139494,-2.9658379979139644,0.37174605788704734
170.11885017900022,6.088517144226874,5.994833786432627,-0.04703047230240953,-2.7755575615628914e-17,-2.4998297102416096,-2.463418812995402,0.0,-0.0013342263409867883,-2.964965333287967,0.3920016953906504
170.169423577001,6.089920074262088,5.994833786432627,-0.04705403968847599,-2.7755575615628914e-17,-2.4998205564423817,-2.470976184974347,0.0,-0.0013412799453362823,-2.9646162674375685,0.4123087443795301
170.22448700400128,6.091625101761626,5.994833786432627,-0.049651136515358685,-2.7755575615628914e-17,-2.4997921350176338,-2.4784069330233383,0.0,-0.0013288101181387901,-2.9640926686619697,0.43367586477478737
170.28545881600076,6.093554372343505,5.994833786432627,-0.04694381858071128,-2.7755575615628914e-17,-2.4997364700524978,-2.485957558707653,0.0,-0.0011837221682071686,-2.963220004035972,0.4540518221119037
170.30921183700048,6.0951244938759785,5.994833786432627,-0.04692384138976857,-2.7755575615628914e-17,-2.4999594174550435,-2.4927263160459536,0.0,-0.0010610372992232442,-2.9619982735595762,0.47447689225946943
170.36005761200067,6.096366653963914,5.994833786432627,-0.04675796888804462,-2.7755575615628914e-17,-2.499818494872184,-2.499225925383047,0.0,-0.0010215968359261751,-2.9602529443075825,0.4949518482098754
170.4191302830004,6.0976315686792795,5.994833786432627,-0.046507597306309156,-2.7755575615628914e-17,-2.3997864958079957,-2.5055979606889314,0.0,-0.0010595567291602492,-2.9578094833547905,0.5154693939141126
170.4705196750001,6.099438599260526,5.994833786432627,-0.04585534399620195,-2.7755575615628914e-17,-2.399835288844392,-2.511818859300624,0.0,-0.001202358165755868,-2.9530970943744053,0.53601101053217
170.51828195800044,6.100851841705015,5.994833786432627,-0.045180741006532354,-2.7755575615628914e-17,-2.3998593926927754,-2.5176081532286876,0.0,-0.0012151348637416959,-2.950304567571215,0.5565973050444313
170.57057516900022,6.1019081250779665,5.994833786432627,-0.04441637839005619,-2.7755575615628914e-17,-2.3998291216174876,-2.522948650581327,0.0,-0.0011102918069809675,-2.9440213822640353,0.5772234970720151
170.62049531400044,6.102966746151808,5.994833786432627,-0.04343568263299069,-2.7755575615628914e-17,-2.299865187352916,-2.5269351461219545,0.0,-0.0011085454607382417,-2.9391344603584506,0.597871095950189
170.67029501400066,6.104583537751942,5.994833786432627,-0.042187025442960824,-2.7755575615628914e-17,-2.2998644958840657,-2.5294730704376533,0.0,-0.001082668430171907,-2.9335494067520687,0.6185133488550121
170.7187189160013,6.1057885821957925,5.994833786432627,-0.041160621059044944,-2.7755575615628914e-17,-2.299872395407943,-2.5308177501043336,0.0,-0.0010470990091562271,-2.928487951921286,0.6391639134924115
170.77187523800058,6.106610685696511,5.994833786432627,-0.039909795997809194,-2.7755575615628914e-17,-2.2998463521731534,-2.531261098734323,0.0,-0.0010580122470855713,-2.923601030015701,0.6598153412226245
170.8364743279999,6.107382735758723,5.994833786432627,-0.03806353973672727,-2.7755575615628914e-17,-2.199802936588054,-2.530120716317173,0.0,-0.0010330395307391882,-2.9173178447085215,0.6804361878703842
170.86020686099982,6.108639065350813,5.994833786432627,-0.034684913744903456,-2.7755575615628914e-17,-2.199972694403305,-2.5274381269237027,0.0,-0.001057433895766735,-2.91469985083053,0.7006377090150183
170.91917294300038,6.10939998571354,5.994833786432627,-0.03308589249525817,-2.7755575615628914e-17,-2.199834533266943,-2.523685893777874,0.0,-0.0011887882137671113,-2.9105110606257436,0.721159817300419
170.97052991300006,6.109391794313923,5.994833786432627,-0.029475965693483985,-2.7755575615628914e-17,-2.1998768829166546,-2.5194053257060025,0.0,-0.0012399002443999052,-2.905449605794961,0.7413347815149616
171.02058879900142,6.10931341261409,5.994833786432627,-0.026671615821586725,-2.7755575615628914e-17,-2.09989443198281,-2.514439076513782,0.0,-0.0013686788734048605,-2.901609881440573,0.7617906414583507
171.06944198100064,6.109879995203407,5.994833786432627,-0.022012309946970232,-2.7755575615628914e-17,-2.09990130838693,-2.508002825737692,0.0,-0.0015640638303011656,-2.897770157086185,0.782123138231645
171.12028705500052,6.109891910781384,5.994833786432627,-0.01784917550197651,-2.7755575615628914e-17,-2.099893036473046,-2.5004045746862436,0.0,-0.0015826942399144173,-2.894104965656997,0.8024082902676106
171.18441421200077,6.1094049128912395,5.994833786432627,-0.013712167278887355,-2.7755575615628914e-17,-2.0998296267787824,-2.4922969963527866,0.0,-0.001533063710667193,-2.8897416425270115,0.8226403443317991
171.2151975830002,6.108452996752713,5.994833786432627,-0.009470908525836208,-2.7755575615628914e-17,-2.0999608165290753,-2.483041583836423,0.0,-0.001560328295454383,-2.887821780349818,0.8428099632445564
171.279282341,6.108299147632096,5.994833786432627,-0.0047073436201054975,-2.7755575615628914e-17,-2.0998346851349043,-2.4727950088429145,0.0,-0.00168914336245507,-2.884331121845829,0.8628264201313588
171.30998328799978,6.107599872857297,5.994833786432627,-0.0007541096704508643,-2.7755575615628914e-17,-2.0999591121239054,-2.461758207335563,0.0,-0.0016598445363342762,-2.8827603255190337,0.8827745126201341
171.37370213299982,6.1064139319921775,5.994833786432627,0.0031546323810274224,-2.7755575615628914e-17,-1.9998539276758918,-2.4506743528602306,0.0,-0.0015921421581879258,-2.8796187328654446,0.9026548616918124
171.4360187350012,6.1047877456989434,5.994833786432627,0.006963317162676175,-2.7755575615628914e-17,-1.9998618038042844,-2.4397907970441204,0.0,-0.0016290380153805017,-2.8761280743614557,0.9224701580600567
171.4675236359999,6.103829449273491,5.994833786432627,0.01103969893199297,-2.7755575615628914e-17,-1.999964920583225,-2.429385022486972,0.0,-0.0017031944589689374,-2.874208212184262,0.9421570322211342
171.529610339001,6.102385095656923,5.994833786432627,0.014193319441627494,-2.7755575615628914e-17,-1.9998606492311557,-2.4190597768639326,0.0,-0.001631259685382247,-2.8714156853810713,0.9617824718672264
171.55902714600052,6.100496508014686,5.994833786432627,0.017432886175205553,-2.7755575615628914e-17,-1.999968721297662,-2.4083135601716084,0.0,-0.0016003773780539632,-2.869844889054276,0.9813419977639413
171.62251652099985,6.098195899126607,5.994833786432627,0.02096144564229685,-2.7755575615628914e-17,-1.9998555429206253,-2.397026910965473,0.0,-0.0016529392451047897,-2.866179697625088,1.000831103319977
171.68580942900007,6.096618035432935,5.994833786432627,0.024819267092954567,-2.7755575615628914e-17,-1.9998579329456718,-2.3854808487996593,0.0,-0.0017064958810806274,-2.8623399732707004,1.0201595230313498
171.7162555490013,6.094629046756044,5.994833786432627,0.02866708742723434,-2.7755575615628914e-17,-1.9999667099393985,-2.3735289729021947,0.0,-0.0016388153890147805,-2.8604201110935064,1.0390971794160142
171.77865787200062,6.0921586173145235,5.994833786432627,0.030791069079063038,-2.7755575615628914e-17,-1.9998602473368232,-2.36210732010155,0.0,-0.0016124206595122814,-2.856580386739119,1.0582941264297185
171.8094901350014,6.089310131090481,5.994833786432627,0.033739079941402905,-2.7755575615628914e-17,-1.9999649560064878,-2.3510230228813285,0.0,-0.0015886536566540599,-2.854835057487125,1.077429744816348
171.87150408300113,6.087265592315207,5.994833786432627,0.03688400228935451,-2.7755575615628914e-17,-1.999861360809318,-2.3405372047950705,0.0,-0.00163405726198107,-2.8518679977587347,1.0964387217772713
171.93638412700057,6.084785419780759,5.994833786432627,0.0390658915347023,-2.7755575615628914e-17,-1.9998493854678232,-2.3303569061827965,0.0,-0.0015587462112307549,-2.849075470955544,1.115395020784994
171.96688882700073,6.081932538723612,5.994833786432627,0.04114811666276608,-2.7755575615628914e-17,-1.9999665477523467,-2.320746821336255,0.0,-0.0014925539726391435,-2.8478537404791475,1.1343033009559735
172.0298732780011,6.078750695511551,5.994833786432627,0.04289113440141523,-2.7755575615628914e-17,-1.999858478307048,-2.311856238152924,0.0,-0.001478742342442274,-2.8462829441523527,1.1531685818023625
172.06012882300092,6.076406182936095,5.994833786432627,0.04508005193785258,-2.7755575615628914e-17,-1.9999668188531308,-2.303658610430134,0.0,-0.0015334216877818108,-2.8457593453767545,1.171891165356905
172.1229904640004,6.073967828892166,5.994833786432627,0.045923522882085455,-2.7755575615628914e-17,-1.9998554816740277,-2.2955152044282174,0.0,-0.0015373487258329988,-2.8454102795263556,1.1908620496137017
172.18285755000034,6.070801250772011,5.994833786432627,0.04760018275936939,-2.7755575615628914e-17,-1.999870113965111,-2.287737822923125,0.0,-0.001464467030018568,-2.8454102795263556,1.2095314885628987
172.21486767399983,6.067628044562585,5.994833786432627,0.04885604671885657,-2.7755575615628914e-17,-1.9999635958830475,-2.280791010460267,0.0,-0.0015077460557222366,-2.8454102795263556,1.2281528970596072
172.27856927500034,6.064950248690651,5.994833786432627,0.05012310039595447,-2.7755575615628914e-17,-1.999852883440363,-2.2742373988184776,0.0,-0.0015637397300451994,-2.8457593453767545,1.2466876783291463
172.30928479000067,6.061659673612317,5.994833786432627,0.04907838326361791,-2.7755575615628914e-17,-1.9999664296558701,-2.2679376850498243,0.0,-0.0015877753030508757,-2.8462829441523527,1.2661362876506999
172.37185637900075,6.0582796545320825,5.994833786432627,0.05249765220515212,-2.7755575615628914e-17,-1.9998546916503097,-2.261709688694767,0.0,-0.001536551397293806,-2.84715560877835,1.284636793522923
172.434986313001,6.054869243113538,5.994833786432627,0.05336638919682135,-2.7755575615628914e-17,-1.9998558182052013,-2.256361037264984,0.0,-0.0017532469937577844,-2.8482028063295464,1.3030989233703625
172.4669071190001,6.051875337538458,5.994833786432627,0.05411841771875986,-2.7755575615628914e-17,-1.999963040242806,-2.25117400660193,0.0,-0.0016987650888040662,-2.848900938030344,1.3214764816132842
172.5305214880009,6.048583003452353,5.994833786432627,0.054102535122028395,-2.7755575615628914e-17,-1.9998554934004051,-2.246022831887853,0.0,-0.001621148781850934,-2.850820800207538,1.3398492008002691
172.56233964400053,6.0450232564999675,5.994833786432627,0.054308760903746256,-2.7755575615628914e-17,-1.999963636226472,-2.2413259415105546,0.0,-0.0016973172314465046,-2.852391596534333,1.3582197862626761
172.62416805400062,6.041435734461492,5.994833786432627,0.05475698884073649,-2.7755575615628914e-17,-1.9998566260683357,-2.237014033649378,0.0,-0.0017709765816107392,-2.856580386739119,1.376556807435798
172.68707855700086,6.0381928177141635,5.994833786432627,0.055099579447077496,-2.7755575615628914e-17,-1.999855966766894,-2.2329198050432035,0.0,-0.0017633178504183888,-2.863038104971498,1.3948043485192643
172.71974046000105,6.034703555241506,5.994833786432627,0.0549335133330357,-2.7755575615628914e-17,-1.9999614942599035,-2.2286436786138877,0.0,-0.0018312091706320643,-2.8672268951762847,1.413058858858725
172.7810515930014,6.031014202645516,5.994833786432627,0.05442708163169696,-2.7755575615628914e-17,-1.9998605239868585,-2.224745713237419,0.0,-0.0018022230360656977,-2.877524337763051,1.4313214764021776
172.8114796300015,6.0273657123603375,5.994833786432627,0.05419392190265465,-2.7755575615628914e-17,-1.9999654323884348,-2.2211781063923466,0.0,-0.0018434575758874416,-2.884331121845829,1.4495536908279016
172.8756473930007,6.024154400028762,5.994833786432627,0.05425051838227399,-2.7755575615628914e-17,-1.9998486273151725,-2.2177582465761962,0.0,-0.0017883791588246822,-2.900562683889376,1.4676879001688563
172.93817721699997,6.020720096266957,5.994833786432627,0.0535777003153646,-2.7755575615628914e-17,-1.9998569454622637,-2.21413005718456,0.0,-0.0017458016518503428,-2.914001719129732,1.485839340500993
172.96928601500076,6.017192779245807,5.994833786432627,0.053439079295377556,-2.7755575615628914e-17,-1.99996430700211,-2.2107343451433805,0.0,-0.0017788279801607132,-2.9246482275668977,1.5037014742994648
173.03429594200134,6.013627331967564,5.994833786432627,0.05170112564876861,-2.7755575615628914e-17,-1.9998477897583382,-2.2077248659294284,0.0,-0.001815363415516913,-2.946639376142026,1.521853796140534
173.06546839000112,6.010468256907421,5.994833786432627,0.05170746269687988,-2.7755575615628914e-17,-1.9999622703056414,-2.204850411714822,0.0,-0.0018370352918282151,-2.958856680905986,1.5396294479188581
173.12933060100113,6.00704581452289,5.994833786432627,0.050352675005389876,-2.7755575615628914e-17,-1.9998496692076595,-2.201864248900689,0.0,-0.0018351298058405519,-2.9845130209103035,1.5577314300566818
173.1595725799998,6.003481401542917,5.994833786432627,0.04939753708608812,-2.7755575615628914e-17,-1.9999661114678795,-2.1991068971312426,0.0,-0.001861422322690487,-2.9967303256742635,1.5758539899566948
173.22274416300024,5.999979432762721,5.994833786432627,0.048571246432819806,-2.7755575615628914e-17,-1.9998555507700086,-2.1965643258672887,0.0,-0.0019184350967407227,-3.0236083961549767,1.5939610737875205
173.28518861500015,5.996859107465028,5.994833786432627,0.047894676070068046,-2.7755575615628914e-17,-1.9998534320734525,-2.1940609992766977,0.0,-0.0020205462351441383,-3.0497883349348918,1.611990152719027
173.3162610470008,5.993570354185951,5.994833786432627,0.04700663430770155,-2.7755575615628914e-17,-1.9999631562438553,-2.191331100121204,0.0,-0.0021513085812330246,-3.061482040923254,1.6300444830339642
173.37757708800018,5.990146838766717,5.994833786432627,0.04595149358944334,-2.7755575615628914e-17,-1.9998610713262492,-2.188990835070982,0.0,-0.0022009811364114285,-3.0862657163015728,1.6481237102882653
173.40882466600124,5.986816123656751,5.994833786432627,0.04538863339556498,-2.7755575615628914e-17,-1.9999635281503967,-2.187056242379952,0.0,-0.002253680257126689,-3.0981339552151343,1.6661887974551535
173.47126492000098,5.983973171688446,5.994833786432627,0.04531922390933846,-2.7755575615628914e-17,-1.999855858098445,-2.185307546052862,0.0,-0.002285030670464039,-3.1199505708650634,1.684169204921893
173.53488128200115,5.980928552793625,5.994833786432627,0.04455695538863247,-2.7755575615628914e-17,-1.9998494820102728,-2.1834745336765566,0.0,-0.002337842946872115,-3.1412435877393947,1.7021843035030446
173.56615470900033,5.977730329231251,5.994833786432627,0.04379722672360847,-2.7755575615628914e-17,-1.9999628513968308,-2.1820433666245904,0.0,-0.0023808248806744814,3.131993342703824,1.7202337302406256
173.63056016600058,5.9746089612854485,5.994833786432627,0.04281681931341663,-2.7755575615628914e-17,-1.9998473815925657,-2.1810270761436015,0.0,-0.0023982394486665726,3.113318319707485,1.7382723969881515
173.66080094300014,5.971897085288777,5.994833786432627,0.04218669324730934,-2.7755575615628914e-17,-1.9999645201827254,-2.1802292357071402,0.0,-0.002503847237676382,3.1038935417467153,1.7562203427998586
173.72309800900075,5.969009913927974,5.994833786432627,0.041213986489509136,-2.7755575615628914e-17,-1.9998565942396782,-2.179305179484555,0.0,-0.0023577893152832985,3.0852185187503753,1.7742151609980803
173.78606351500093,5.966014371304297,5.994833786432627,0.03968334071819635,-2.7755575615628914e-17,-1.9998513777573919,-2.1787287063076795,0.0,-0.0024645247031003237,3.0719540164352193,1.792254561109602
173.81749699000102,5.963224967322699,5.994833786432627,0.03857587876718538,-2.7755575615628914e-17,-1.9999622977513285,-2.1784541571597016,0.0,-0.002423973986878991,3.0625292384744505,1.8099862564610185
173.88047658300093,5.960891240063139,5.994833786432627,0.036001564077872916,-2.7755575615628914e-17,-1.9998549916398207,-2.1782611710712314,0.0,-0.002442598110064864,3.044552347178908,1.8279342820824387
173.91106546100127,5.958434296734421,5.994833786432627,0.03365457733847055,-2.7755575615628914e-17,-1.9999637594234903,-2.1778615453429464,0.0,-0.0023919763043522835,3.0342549045921423,1.8459354984471006
173.9721170290013,5.95591477855297,5.994833786432627,0.0311770850725952,-2.7755575615628914e-17,-1.999858950747895,-2.1778072747158856,0.0,-0.0025081492494791746,3.01348548649341,1.863987414228265
174.0346868050001,5.953580179314877,5.994833786432627,0.028218512127792472,-2.7755575615628914e-17,-1.9998516160444744,-2.1780747422622837,0.0,-0.0024427908938378096,2.992716068394677,1.8820392811713564
174.0661366430013,5.951786618065906,5.994833786432627,0.0251797270494456,-2.7755575615628914e-17,-1.9999630191777358,-2.178297008278204,0.0,-0.00241820327937603,2.9811968953315144,1.9000028695074787
174.127838806,5.949950712646746,5.994833786432627,0.0213501459964045,-2.7755575615628914e-17,-1.9998572506648515,-2.1781085742054564,0.0,-0.0024837886448949575,2.9579840162799904,1.9180219996648884
174.158831277,5.948115478210268,5.994833786432627,0.017417998163907877,-2.7755575615628914e-17,-1.9999632564165983,-2.178129466884604,0.0,-0.0024402751587331295,2.9462903102916282,1.9360922918570824
174.22111367700018,5.946422287292209,5.994833786432627,0.012912203333314665,-2.7755575615628914e-17,-1.9998550487959073,-2.178362638904062,0.0,-0.002489921636879444,2.9227283653897036,1.954468302451379
174.283689504,5.945225406244834,5.994833786432627,0.009680292691005565,-2.7755575615628914e-17,-1.9998518847399667,-2.1784988558158878,0.0,-0.0023999963887035847,2.898991887562582,1.9724526278216312
174.3146243580013,5.944037293132989,5.994833786432627,0.005463961347237811,-2.7755575615628914e-17,-1.999963479877168,-2.1780997769672625,0.0,-0.002415076131001115,2.893581366881399,1.9904892274424026
174.3781960060005,5.942816384400386,5.994833786432627,-0.0009953017760382377,-2.7755575615628914e-17,-1.99984911842259,-2.177659487758997,0.0,-0.0024410835467278957,2.8705430207550737,2.0094872141596785
174.44183820699982,5.941898559087077,5.994833786432627,-0.003662491790315414,-2.7755575615628914e-17,-1.9998487684200346,-2.1773561519855367,0.0,-0.002310501178726554,2.847853740479147,2.027560179699538
174.47189679199982,5.94139466109394,5.994833786432627,-0.007781627055134965,-2.7755575615628914e-17,-1.9999643956000572,-2.1767962960323155,0.0,-0.002345676301047206,2.8375562978923803,2.0455304231615044
174.5346032540001,5.940933115964524,5.994833786432627,-0.012192262458456282,-2.7755575615628914e-17,-1.999854397848844,-2.1757298336699264,0.0,-0.0023327069357037544,2.8152160834668543,2.063548171451197
174.56528394400084,5.940550015805453,5.994833786432627,-0.016648976634867863,-2.7755575615628914e-17,-1.9999642302017682,-2.1747297536660106,0.0,-0.002325421664863825,2.8042205091792898,2.0816067372581606
174.62678770599996,5.940355826982863,5.994833786432627,-0.02092877416175698,-2.7755575615628914e-17,-1.9998542448818792,-2.17379307241501,0.0,-0.0024250082205981016,2.7834510910805568,2.0996425799833123
174.68998605700108,5.940498332166402,5.994833786432627,-0.024749998883959123,-2.7755575615628914e-17,-1.999850516679875,-2.172649019123521,0.0,-0.00239247502759099,2.7626816729818247,2.1175490276702873
174.72105968000142,5.940672991792829,5.994833786432627,-0.028491523357774162,-2.7755575615628914e-17,-1.9999637483427026,-2.170802007515581,0.0,-0.002339428523555398,2.7525587633202573,2.135499759591484
174.7832949900003,5.940905459565746,5.994833786432627,-0.03202609189905803,-2.7755575615628914e-17,-1.999851935375317,-2.1690588996121107,0.0,-0.0022428773809224367,2.7335346744735194,2.1534876955331694
174.81459623000046,5.941321026760281,5.994833786432627,-0.03542902694267358,-2.7755575615628914e-17,-1.999962975249146,-2.167421535236511,0.0,-0.002245228970423341,2.72376083066235,2.1714532148000947
174.87660092900114,5.942089541283705,5.994833786432627,-0.038322594352601436,-2.7755575615628914e-17,-1.999854910098505,-2.1655710950463405,0.0,-0.0021649757400155067,2.7045622088904127,2.189296919711082
174.93884089899984,5.942853814806444,5.994833786432627,-0.04113441064940626,-2.7755575615628914e-17,-1.9998533994000385,-2.163129370205202,0.0,-0.00200102711096406,2.6907741077996583,2.207177876320082
174.9713317200003,5.943621073735578,5.994833786432627,-0.04362559366780938,-2.7755575615628914e-17,-1.9999611192353506,-2.16074257039266,0.0,-0.0019350121729075909,2.6813493298388877,2.2250891803636614
175.0332119900013,5.944433371251489,5.994833786432627,-0.04553487428315406,-2.7755575615628914e-17,-1.9998561930371122,-2.158571099826788,0.0,-0.002013597171753645,2.663197905618147,2.2429699423418397
175.06477589800124,5.945331078030889,5.994833786432627,-0.04639780975018182,-2.7755575615628914e-17,-1.999962655985853,-2.156312867237896,0.0,-0.00202396628446877,2.6530749959565796,2.2604168692406787
175.12608201200055,5.946188666483788,5.994833786432627,-0.047674399875853535,-2.7755575615628914e-17,-1.999855690896305,-2.1535914901017565,0.0,-0.0020367607939988375,2.6335273083342434,2.2779017310941763
175.15847129400026,5.9470231618003115,5.994833786432627,-0.04929545195031526,-2.7755575615628914e-17,-1.9999604092254721,-2.1511237003765173,0.0,-0.0020765834487974644,2.6174702792158957,2.2957193888038896
175.2209279130002,5.947860091950285,5.994833786432627,-0.04977927330422327,-2.7755575615628914e-17,-1.9998528304770995,-2.148800779573486,0.0,-0.0020981309935450554,2.6019368488731462,2.313507846112197
175.28290608499992,5.9487421770835,5.994833786432627,-0.0496037636851161,-2.7755575615628914e-17,-1.9998559442228883,-2.146481105456225,0.0,-0.0021132801193743944,2.5808183649240153,2.3311691825032006
175.3140664040002,5.949520565969579,5.994833786432627,-0.04912958730041095,-2.7755575615628914e-17,-1.999963226020387,-2.1436479979823035,0.0,-0.002055968390777707,2.5710445211128468,2.348865864236347
175.37728138800048,5.950212804916297,5.994833786432627,-0.048431137693646154,-2.7755575615628914e-17,-1.999849643647297,-2.1410538470259945,0.0,-0.0020309381652623415,2.549926037163716,2.3665920394491757
175.40941765200114,5.950875618657235,5.994833786432627,-0.04776536854290914,-2.7755575615628914e-17,-1.9999613802279266,-2.1387784684861595,0.0,-0.001997942104935646,2.534218073895766,2.3842867180576035
175.47188758300035,5.951558015665645,5.994833786432627,-0.046595906679428145,-2.7755575615628914e-17,-1.9998537796094242,-2.136542951181913,0.0,-0.002084373962134123,2.518510110627817,2.4018467623105018
175.533138666,5.952113811978106,5.994833786432627,-0.04542755672314658,-2.7755575615628914e-17,-1.9998581486838125,-2.133936800585951,0.0,-0.002142624231055379,2.497217093753486,2.419446687320641
175.5644054760014,5.952552442773052,5.994833786432627,-0.044091348958191556,-2.7755575615628914e-17,-1.999963195800099,-2.131667531384754,0.0,-0.002201765775680542,2.4867451182415206,2.437080925481135
175.62764109800082,5.952913632002986,5.994833786432627,-0.042525004816111656,-2.7755575615628914e-17,-1.9998503566924457,-2.129790433329772,0.0,-0.0022125751711428165,2.4713862208239714,2.4546877825554865
175.65972676800084,5.953233136593497,5.994833786432627,-0.04086901700200363,-2.7755575615628914e-17,-1.9999619718123232,-2.1281337612304934,0.0,-0.0022284372244030237,2.4607397123868058,2.47216206475308
175.7223645619997,5.953425139148926,5.994833786432627,-0.039324092951635636,-2.7755575615628914e-17,-1.9998492576498068,-2.1261584004394645,0.0,-0.002203833544626832,2.4403193601384707,2.489685246026463
175.78741571800128,5.953512672318536,5.994833786432627,-0.03790748801419985,-2.7755575615628914e-17,-1.9998428788127356,-2.1246840495067714,0.0,-0.0022811617236584425,2.4190263432641412,2.5072525334224394
175.8178963570008,5.953472707448204,5.994833786432627,-0.03642816657876746,-2.7755575615628914e-17,-1.9999642199384275,-2.1236733604043314,0.0,-0.0023297525476664305,2.408205301901776,2.52481051007678
175.88079071100037,5.953253692485364,5.994833786432627,-0.0341611406994603,-2.7755575615628914e-17,-1.999850726084162,-2.1228320722196616,0.0,-0.002413808135315776,2.387261350877843,2.5419731600671462
175.91258118000042,5.9529723249590045,5.994833786432627,-0.033608190363927815,-2.7755575615628914e-17,-1.999962464152877,-2.1217714912903305,0.0,-0.0023971819318830967,2.375742177814681,2.559487858970761
175.97534608200112,5.952659539225175,5.994833786432627,-0.03281145196325963,-2.7755575615628914e-17,-1.9998538658217313,-2.1212559977143335,0.0,-0.002346585039049387,2.352878364613556,2.57705300496293
176.03788132699992,5.952288279716105,5.994833786432627,-0.03240204175303374,-2.7755575615628914e-17,-1.9998514676778787,-2.121197744515931,0.0,-0.002436573151499033,2.3310617489636263,2.59462091931083
176.0683814820004,5.951774018309089,5.994833786432627,-0.03213749239092878,-2.7755575615628914e-17,-1.9999643249602952,-2.1212711026047826,0.0,-0.002443032804876566,2.319368042975264,2.612111343777299
176.1307734359998,5.951307231566112,5.994833786432627,-0.032372562272227845,-2.7755575615628914e-17,-1.999855181821717,-2.1210892667991197,0.0,-0.002404178725555539,2.2963296968489395,2.6296589605235714
176.16209554099987,5.950926504719288,5.994833786432627,-0.03326644118607047,-2.7755575615628914e-17,-1.999962654132588,-2.1212612482347764,0.0,-0.0023978266399353743,2.2851595896361756,2.6472584671517336
176.2233188200007,5.950604827651118,5.994833786432627,-0.03464535476737762,-2.7755575615628914e-17,-1.9998594966109535,-2.121716259167923,0.0,-0.002416610484942794,2.262993908135848,2.664861996278637
176.2865836960009,5.9502541594717835,5.994833786432627,-0.036347340250001525,-2.7755575615628914e-17,-1.999849272388563,-2.122195298400241,0.0,-0.0024532617535442114,2.2410027595607183,2.682390535869388
176.31792203999976,5.950057353667238,5.994833786432627,-0.039025542311915684,-2.7755575615628914e-17,-1.9999621892596477,-2.1223395876023066,0.0,-0.0023972876369953156,2.2303562511235535,2.7002713906107143
176.3794640060005,5.950035387883098,5.994833786432627,-0.040933526932641184,-2.7755575615628914e-17,-1.9998582747726994,-2.122618755318863,0.0,-0.002443293109536171,2.2146482878556046,2.717903108781774
176.4105985290007,5.950129649923146,5.994833786432627,-0.04375376037250478,-2.7755575615628914e-17,-1.9999653061707867,-2.1229775759197853,0.0,-0.002447855193167925,2.2041763123436393,2.735528500037209
176.4709657600015,5.950223315598472,5.994833786432627,-0.04854463855836377,-2.7755575615628914e-17,-1.9998590283634081,-2.123240449949539,0.0,-0.002504310803487897,2.184105025945704,2.7539492911805015
176.5333488790002,5.950508491238463,5.994833786432627,-0.049876092649424275,-2.7755575615628914e-17,-1.999852811590344,-2.1230484995085863,0.0,-0.002480230526998639,2.16385920662257,2.7715302660088135
176.56483042900072,5.951013892836908,5.994833786432627,-0.05302281820487964,-2.7755575615628914e-17,-1.9999626620044026,-2.1228626627019,0.0,-0.002484254539012909,2.153736296961002,2.7891553230419515
176.62833207900076,5.951622271056771,5.994833786432627,-0.056236095554895615,-2.7755575615628914e-17,-1.9998487833561847,-2.122759577176861,0.0,-0.002503681695088744,2.134363142263866,2.8067744367930993
176.690602486,5.952113845228823,5.994833786432627,-0.059385798773268994,-2.7755575615628914e-17,-1.9998546076717276,-2.1225357130423936,0.0,-0.0024334965273737907,2.1141173229407313,2.8243070987704106
176.72173567600112,5.95284925400077,5.994833786432627,-0.06244577395160622,-2.7755575615628914e-17,-1.9999630267699688,-2.1218415847234624,0.0,-0.002368141897022724,2.103994413279164,2.8418849564244804
176.7833037520013,5.953832226600983,5.994833786432627,-0.0654525979092544,-2.7755575615628914e-17,-1.9998579528913514,-2.1212249991706784,0.0,-0.0022226194851100445,2.0839231268812286,2.8595003940622243
176.8138841279997,5.954947408453164,5.994833786432627,-0.06875413130806862,-2.7755575615628914e-17,-1.9999644901680558,-2.120739725176244,0.0,-0.002203078009188175,2.073276618444064,2.8771027848250017
176.87700009699984,5.955951795489887,5.994833786432627,-0.07188604975973162,-2.7755575615628914e-17,-1.9998501463266836,-2.120118901975928,0.0,-0.0021938199643045664,2.0516345357193346,2.894610059015395
176.94029566000063,5.957212774534506,5.994833786432627,-0.07471329925398412,-2.7755575615628914e-17,-1.9998502955489923,-2.118963612426435,0.0,-0.0021445159800350666,2.035926572451385,2.912156784089751
176.97193685000093,5.95870711546552,5.994833786432627,-0.07741834338575726,-2.7755575615628914e-17,-1.999962327560758,-2.1179243831690253,0.0,-0.002102514263242483,2.02510553108902,2.9297343498958055
177.03382919100113,5.960251944386841,5.994833786432627,-0.07976276163996654,-2.7755575615628914e-17,-1.9998571419119981,-2.1167906235341127,0.0,-0.0020458740182220936,2.0043361129902877,2.947290584079163
177.0651185020015,5.961540031094969,5.994833786432627,-0.08188842798866508,-2.7755575615628914e-17,-1.9999629117777844,-2.1155550337007485,0.0,-0.00197990913875401,1.9933405387027232,2.9647449985885945
177.1278889740006,5.96302631597002,5.994833786432627,-0.08323833653517315,-2.7755575615628914e-17,-1.9998515467191018,-2.113956586452732,0.0,-0.0019219557289034128,1.9710003242771963,2.9819383553390417
177.18760153200128,5.964766461801709,5.994833786432627,-0.08547354184887873,-2.7755575615628914e-17,-1.99986678414109,-2.1123498567269716,0.0,-0.0017301351763308048,1.9491837086272676,2.9994533507520456
177.2118111230011,5.9666498218065565,5.994833786432627,-0.08633105471265817,-2.7755575615628914e-17,-1.9999779408376308,-2.1108762649783106,0.0,-0.0017196182161569595,1.9381881343397032,3.016693820039187
177.27144682700055,5.968111129713641,5.994833786432627,-0.08759393380379146,-2.7755575615628914e-17,-1.9998666942337062,-2.1094275969028216,0.0,-0.001745049492456019,1.9217820393709566,3.034015542400348
177.32221072200082,5.969759717116149,5.994833786432627,-0.0880702329356266,-2.7755575615628914e-17,-1.9999033680434128,-2.1071872191103,0.0,-0.0015301037346944213,1.8997908907958276,3.051375362734219
177.38653396600057,5.97154933105036,5.994833786432627,-0.08838216540026983,-2.7755575615628914e-17,-1.9998470204691634,-2.105173477615264,0.0,-0.0015699833165854216,1.8844319933782776,3.068764472272102
177.41277187700143,5.973451506989038,5.994833786432627,-0.08796235671146871,-2.7755575615628914e-17,-1.9999741686387422,-2.103222411439559,0.0,-0.001505308668129146,1.8739600178663114,3.0861758673361335
177.47178394600087,5.974847626753194,5.994833786432627,-0.0872500978241452,-2.7755575615628914e-17,-1.99986946255262,-2.1014448755929185,0.0,-0.0014544135192409158,1.8591247192243596,3.1034062311323596
177.52258505100144,5.976366951614776,5.994833786432627,-0.08626353865120087,-2.7755575615628914e-17,-1.9999040589866024,-2.0990965173783853,0.0,-0.0013347957283258438,1.8387043669760263,3.120674875086933
177.58664054400106,5.977972063661671,5.994833786432627,-0.08522105277869184,-2.7755575615628914e-17,-1.9998454362068787,-2.0970613812190053,0.0,-0.0013072071596980095,1.8195057452040881,3.137974278559084
177.6136194210012,5.979636091092658,5.994833786432627,-0.08363088789392623,-2.7755575615628914e-17,-1.9999733113588851,-2.0952391523958998,0.0,-0.0013062236830592155,1.809557368467721,-3.127887005584525
177.6730250239998,5.980570603585396,5.994833786432627,-0.08187420970021389,-2.7755575615628914e-17,-1.9998687258164725,-2.0937016637428547,0.0,-0.0013442689087241888,1.7947220698257684,-3.1106890761896793
177.722631386001,5.981611555112751,5.994833786432627,-0.07984469446201972,-2.7755575615628914e-17,-1.9999071359055258,-2.091824475682277,0.0,-0.0013671579072251916,1.7739526517270363,-3.0934544222805562
177.77150841500043,5.982720413077007,5.994833786432627,-0.07782067976834062,-2.7755575615628914e-17,-1.9999110921723071,-2.0902516287675654,0.0,-0.0013564316323027015,1.7589428201598851,-3.0761895122463883
177.82331663200057,5.983871923134144,5.994833786432627,-0.07538778873660877,-2.7755575615628914e-17,-1.9998999366036652,-2.088949237787869,0.0,-0.0014027776196599007,1.7434093898171357,-3.0588994118117445
177.8873776950004,5.9842850686998865,5.994833786432627,-0.07292141325438675,-2.7755575615628914e-17,-1.9998493942784175,-2.087858951850335,0.0,-0.001313468674197793,1.7219418400176059,-3.0417269136581906
177.9239584750012,5.984790182345131,5.994833786432627,-0.07023811473400365,-2.7755575615628914e-17,-1.999950779540296,-2.0864466359378477,0.0,-0.0012835495872423053,1.7109462657300405,-3.0245174399826724
177.97209061100148,5.985346089707024,5.994833786432627,-0.06715385782868022,-2.7755575615628914e-17,-1.9999145549111133,-2.0853275418492583,0.0,-0.001201223349198699,1.6940165719856966,-3.0075666733519935
178.02107142400018,5.985998074644379,5.994833786432627,-0.06556166931034169,-2.7755575615628914e-17,-1.999907906095437,-2.0845172353897623,0.0,-0.0014413561439141631,1.6770868782413508,-2.990298063685556
178.07732551899971,5.985913161554699,5.994833786432627,-0.06348910181019568,-2.7755575615628914e-17,-1.9998826093034971,-2.084019711256171,0.0,-0.0014034018386155367,1.6591099869458095,-2.9731264771247186
178.10658447600144,5.985946090435267,5.994833786432627,-0.061112528901170804,-2.7755575615628914e-17,-1.999968308155385,-2.0833372436390705,0.0,-0.0014910466270521283,1.6416566944258664,-2.955915242888651
178.16174143100034,5.986081557246158,5.994833786432627,-0.05898988223244961,-2.7755575615628914e-17,-1.999886334858661,-2.08301757682961,0.0,-0.001439620740711689,1.6226326055791285,-2.938669011788374
178.22144584300077,5.986314211726178,5.994833786432627,-0.057206215491702794,-2.7755575615628914e-17,-1.999866873353118,-2.083022297789275,0.0,-0.0013769171200692654,1.6044811813583868,-2.9213918753201535
178.27302219500052,5.985920180685445,5.994833786432627,-0.0555754450744963,-2.7755575615628914e-17,-1.999901055346091,-2.083188569549765,0.0,-0.0014622212620452046,1.5819664340076596,-2.904177356457286
178.32154498300042,5.985666546210192,5.994833786432627,-0.0536967430080138,-2.7755575615628914e-17,-1.9999127657863451,-2.0832774981747093,0.0,-0.0015130230458453298,1.5646876744129168,-2.8869236220585006
178.37287976400148,5.985564777087104,5.994833786432627,-0.05285552585130465,-2.7755575615628914e-17,-1.9999023847245645,-2.0836082832745664,0.0,-0.0015922925667837262,1.5479325135937714,-2.8693446534173033
178.4213845860013,5.985593153058433,5.994833786432627,-0.051355303620529424,-2.7755575615628914e-17,-1.9999126560655411,-2.084247200176621,0.0,-0.0016219370299950242,1.5317009515502242,-2.852024337194354
178.47246086500127,5.985243989738943,5.994833786432627,-0.05087069026099911,-2.7755575615628914e-17,-1.9999022761526113,-2.0849903071150284,0.0,-0.0015982715412974358,1.5156439224318756,-2.8347723881392044
178.52038323899978,5.985076331730167,5.994833786432627,-0.05049838445039656,-2.7755575615628914e-17,-1.9999143428990396,-2.085549949685026,0.0,-0.0015767633449286222,1.4990632945379296,-2.817481615563953
178.57316371200068,5.9849713493266234,5.994833786432627,-0.05234473316161159,-2.7755575615628914e-17,-1.9998964516942994,-2.0862258512114993,0.0,-0.0016162183601409197,1.478468409364396,-2.7993082280940085
178.62212264400114,5.985038892832394,5.994833786432627,-0.05098375175779868,-2.7755575615628914e-17,-1.9999103774662397,-2.0870577300535063,0.0,-0.001530175912193954,1.462760446096448,-2.7819526650847224
178.67251241000122,5.984845252596485,5.994833786432627,-0.051763327901307776,-2.7755575615628914e-17,-1.9999054357302355,-2.0879828631727255,0.0,-0.0015508356736972928,1.4465288840529,-2.7645803852791095
178.72160878700015,5.984880749738758,5.994833786432627,-0.05257021416358354,-2.7755575615628914e-17,-1.9999110266919435,-2.088952522218031,0.0,-0.0015815143706277013,1.4309954537101506,-2.747180927454786
178.77299362300073,5.985135231473978,5.994833786432627,-0.05360693786020243,-2.7755575615628914e-17,-1.999901690061628,-2.089935568147625,0.0,-0.001488634035922587,1.4158110892178,-2.7297583988293965
178.8217110229998,5.985466994449734,5.994833786432627,-0.05490219260058382,-2.7755575615628914e-17,-1.999911249948797,-2.0908775063634204,0.0,-0.0014290271792560816,1.40045219180025,-2.7123214066783325
178.87390500000038,5.985633789945895,5.994833786432627,-0.056445600650248506,-2.7755575615628914e-17,-1.9998987634438266,-2.091585434637023,0.0,-0.001613193890079856,1.379333707851119,-2.6948793059790543
178.9219320100001,5.9860478736240434,5.994833786432627,-0.057869024734079955,-2.7755575615628914e-17,-1.999914020223851,-2.0921772462496686,0.0,-0.0014902533730491996,1.3638002775083695,-2.6774218322014383
178.9733254010007,5.98669495998746,5.994833786432627,-0.0594684908449159,-2.7755575615628914e-17,-1.9999022393164256,-2.0926530082322135,0.0,-0.0014604409225285053,1.34826684716562,-2.6599530992783365
179.03802616900066,5.9873503848957315,5.994833786432627,-0.06116204687258442,-2.7755575615628914e-17,-1.999844723546122,-2.0929873021735235,0.0,-0.001313521875999868,1.3269738302912888,-2.6424850169669907
179.06309843200142,5.987645295914825,5.994833786432627,-0.06270505143419525,-2.7755575615628914e-17,-1.9999762520763542,-2.0931387811261994,0.0,-0.0010660275584086776,1.3163273218541232,-2.6250311699790037
179.12273286399977,5.988206054893938,5.994833786432627,-0.06398131170666232,-2.7755575615628914e-17,-1.9998675805003585,-2.093102067962281,0.0,-0.0009756641229614615,1.3006193585861743,-2.6075687005060213
179.18639521300065,5.989013270448424,5.994833786432627,-0.06541927267647252,-2.7755575615628914e-17,-1.9998524227439192,-2.0929302288550486,0.0,-0.0008337574545294046,1.2805480721882398,-2.5901022590582543
179.21607679000044,5.989856156604947,5.994833786432627,-0.06625194292834802,-2.7755575615628914e-17,-1.9999656753762964,-2.0925508483531754,0.0,-0.0006538939196616411,1.2699015637510742,-2.5729240969437184
179.27846558800047,5.990498538244243,5.994833786432627,-0.06811122607678943,-2.7755575615628914e-17,-1.9998566851525719,-2.0920192579657817,0.0,-0.0005524191656149924,1.2501793432035377,-2.5554477667902673
179.31134421000024,5.991366223332656,5.994833786432627,-0.0686668215996582,-2.7755575615628914e-17,-1.9999607264700894,-2.0914512784019714,0.0,-0.0003886700142174959,1.2400564335419713,-2.5382660121743097
179.37249131700082,5.99247799042151,5.994833786432627,-0.07033875457994865,-2.7755575615628914e-17,-1.999857864697763,-2.090684641283344,0.0,-0.0003191150026395917,1.2245230031992218,-2.5208009435258663
179.43601149000096,5.993635727031165,5.994833786432627,-0.07126030261908456,-2.7755575615628914e-17,-1.9998551665357434,-2.0897304882443364,0.0,5.807759953313507e-05,1.2053243814272836,-2.503338942132279
179.46658813000067,5.9945720444452055,5.994833786432627,-0.07194262519324568,-2.7755575615628914e-17,-1.9999631388618357,-2.0885110653415886,0.0,0.00010293134982930496,1.1953760046909165,-2.485866203597084
179.52929719700114,5.995695805723678,5.994833786432627,-0.07210006247183398,-2.7755575615628914e-17,-1.9998547610697648,-2.087361667973813,0.0,0.00028112775180488825,1.1749556524425824,-2.468409470656673
179.56194370400044,5.996982911766302,5.994833786432627,-0.07229056915848953,-2.7755575615628914e-17,-1.9999614221311117,-2.0860387752675984,0.0,0.0004458989715203643,1.1651818086314147,-2.4509718314777786
179.62507120300143,5.998265629500199,5.994833786432627,-0.07231191396706216,-2.7755575615628914e-17,-1.999849678905158,-2.0844363957558665,0.0,0.0005726132658310235,1.1435397259066846,-2.4335373398511497
179.6879947610014,5.999301385132306,5.994833786432627,-0.07203828949853586,-2.7755575615628914e-17,-1.9998560634986173,-2.082830204616813,0.0,0.0006713681505061686,1.1215485773315566,-2.416074690916026
179.7189705870005,6.000446062687923,5.994833786432627,-0.07107320350306001,-2.7755575615628914e-17,-1.9999630305042124,-2.081159501786323,0.0,0.0007605985156260431,1.1112511347447898,-2.398641461548979
179.78118697300124,6.001669259418244,5.994833786432627,-0.06972340099647911,-2.7755575615628914e-17,-1.9998594039264632,-2.0794116144805983,0.0,0.000891435076482594,1.088561854468863,-2.3812379571459577
179.81275962400105,6.00285088774524,5.994833786432627,-0.0683927072979047,-2.7755575615628914e-17,-1.9999626992797614,-2.0774928990086323,0.0,0.0010083478409796953,1.0768681484805018,-2.3638450783682106
179.87431426400144,6.003802475311522,5.994833786432627,-0.06691679108862392,-2.7755575615628914e-17,-1.9998591991686436,-2.0755523305153667,0.0,0.0011268816888332367,1.054527934054974,-2.3464276818471066
179.9373389700013,6.004783452295855,5.994833786432627,-0.06480261110474306,-2.7755575615628914e-17,-1.9998561442977831,-2.0738050309571228,0.0,0.0013050728011876345,1.0314895879286485,-2.3290458934757527
179.9676962900012,6.005750167167684,5.994833786432627,-0.0622454360677831,-2.7755575615628914e-17,-1.9999640749452674,-2.071923648984682,0.0,0.0012576389126479626,1.0201449477906852,-2.3116987881431
180.0300445920002,6.00654680916366,5.994833786432627,-0.059298416470283666,-2.7755575615628914e-17,-1.999857898437285,-2.069995248221616,0.0,0.0013435139553621411,1.003913385747138,-2.2943707084425182
180.0620793170001,6.006942838917576,5.994833786432627,-0.055768023764716124,-2.7755575615628914e-17,-1.9999621752446002,-2.0681576137281596,0.0,0.0014142534928396344,0.9923942126839762,-2.2773193359193864
180.12322303800102,6.007324484480106,5.994833786432627,-0.053092551034322755,-2.7755575615628914e-17,-1.9998603967737651,-2.0665094054231528,0.0,0.0013992092572152615,0.9714502616600438,-2.260013528259575
180.18608249600038,6.007644835260534,5.994833786432627,-0.04947576115366337,-2.7755575615628914e-17,-1.999854888212437,-2.0649305566461766,0.0,0.001447221147827804,0.9498081789353146,-2.2427377152934427
180.21691596600067,6.007827114936997,5.994833786432627,-0.04573296441749786,-2.7755575615628914e-17,-1.999964449453749,-2.0634399138078066,0.0,0.0014671441167593002,0.9388126046477501,-2.2254671218892916
180.27911365600085,6.007794847768384,5.994833786432627,-0.04200753019744796,-2.7755575615628914e-17,-1.9998572572143796,-2.0621924075041926,0.0,0.0014633031096309423,0.9183922523994159,-2.2081601789815
180.31028671000058,6.007685514596473,5.994833786432627,-0.03841229219682951,-2.7755575615628914e-17,-1.9999639476848943,-2.061380617554692,0.0,0.0016041647177189589,0.9073966781118523,-2.190881540367854
180.37115743200047,6.007485412043455,5.994833786432627,-0.03480691761933641,-2.7755575615628914e-17,-1.9998631072574649,-2.0606617121543565,0.0,0.00159849738702178,0.8859291283123216,-2.1736281688559447
180.43471623700134,6.007115446397839,5.994833786432627,-0.031256419451092476,-2.7755575615628914e-17,-1.999852337958617,-2.0600221940001617,0.0,0.0016425030771642923,0.8653342431387889,-2.156378346141399
180.46453120300066,6.006468527126279,5.994833786432627,-0.02845484099793294,-2.7755575615628914e-17,-1.9999667575098168,-2.05952488636699,0.0,0.0015297021018341184,0.8548622676268227,-2.138810698139547
180.52830336599982,6.00575257874945,5.994833786432627,-0.024430738985451228,-2.7755575615628914e-17,-1.9998509707600578,-2.0594576246811003,0.0,0.001453795121051371,0.8335692507524919,-2.1215491301495986
180.58837578600105,6.004967824686042,5.994833786432627,-0.021394178845534184,-2.7755575615628914e-17,-1.9998661484828624,-2.059494762516378,0.0,0.0015181725611910224,0.818035820409742,-2.1043048653834773
180.6200759050007,6.004106207505843,5.994833786432627,-0.020481068622314913,-2.7755575615628914e-17,-1.9999630046740182,-2.059555981646955,0.0,0.001544897211715579,0.8073893119725768,-2.086192869622714
180.68435054700058,6.0033594748270565,5.994833786432627,-0.016479157710753145,-2.7755575615628914e-17,-1.9998512140171032,-2.05985300342841,0.0,0.0014623628230765462,0.7859217621730465,-2.068883251997647
180.71430975300063,6.002565081427505,5.994833786432627,-0.014911471055183312,-2.7755575615628914e-17,-1.9999638779749516,-2.0605612906493627,0.0,0.0015140678733587265,0.775973385436679,-2.051591439502665
180.7771482120006,6.001738110143385,5.994833786432627,-0.013667057734947363,-2.7755575615628914e-17,-1.9998550451346893,-2.0612670827244925,0.0,0.001450665877200663,0.7539822368615505,-2.0343143895851514
180.83940554400033,6.000923050732334,5.994833786432627,-0.01279620330616471,-2.7755575615628914e-17,-1.9998549253017586,-2.062014486111535,0.0,0.0014579306589439511,0.7318165553612221,-2.017025962575174
180.87169692800126,6.000221719416733,5.994833786432627,-0.012224884856562812,-2.7755575615628914e-17,-1.999961894289311,-2.0627754573783337,0.0,0.0014570318162441254,0.7216936456996552,-1.9996860029022887
180.9354353079998,5.9994980098297805,5.994833786432627,-0.011972703806900298,-2.7755575615628914e-17,-1.9998493190752888,-2.0637613767684697,0.0,0.001336112734861672,0.6995279641993273,-1.9823625426549525
180.9664325140002,5.998763852739237,5.994833786432627,-0.011926799209847627,-2.7755575615628914e-17,-1.9999642773408595,-2.064758982288053,0.0,0.0013648332096636295,0.6883578569865634,-1.9650519702851077
181.0294404690012,5.99802691536322,5.994833786432627,-0.012042648155190294,-2.7755575615628914e-17,-1.999853404706767,-2.065732895457865,0.0,0.001276878989301622,0.6667157742618341,-1.9477320307542931
181.09392901000137,5.99733501994973,5.994833786432627,-0.012465875426421302,-2.7755575615628914e-17,-1.9998464620220349,-2.066754633424845,0.0,0.0012529416708275676,0.6443755598363063,-1.9303676526766844
181.12486879900098,5.996658226096297,5.994833786432627,-0.013064740910990635,-2.7755575615628914e-17,-1.9999636705809416,-2.0678678445343666,0.0,0.001098413486033678,0.6333799855487423,-1.9130168727172725
181.1904268800008,5.99600881724676,5.994833786432627,-0.013804351650555935,-2.7755575615628914e-17,-1.9998431039793483,-2.068894585459046,0.0,0.0010253797518089414,0.6122615015996109,-1.8956776929684902
181.22331247400143,5.995434538407294,5.994833786432627,-0.01482499173745988,-2.7755575615628914e-17,-1.9999588581053984,-2.0698308836226547,0.0,0.0009315037750639021,0.601091394386847,-1.878322865777998
181.28084343400042,5.995040958882662,5.994833786432627,-0.01610168335763873,-2.7755575615628914e-17,-1.9998804592762272,-2.0707083960585253,0.0,0.0008299329783767462,0.5792747787369179,-1.8609105578788463
181.3316938600001,5.994708538386109,5.994833786432627,-0.01710456173714303,-2.7755575615628914e-17,-1.99990112438659,-2.0716965671382743,0.0,0.0007032759604044259,0.563566815468969,-1.8438037047525355
181.35981628300033,5.99442475758063,5.994833786432627,-0.01875069469621471,-2.7755575615628914e-17,-1.999970686365046,-2.072538583088041,0.0,0.0006357895326800644,0.5530948399570033,-1.8267130434965686
181.40754015600032,5.994277275532842,5.994833786432627,-0.020909752693706873,-2.7755575615628914e-17,-1.9999156110510454,-2.073198397928144,0.0,0.0006371608469635248,0.5365142120630568,-1.8093280744440154
181.45758615900013,5.994484369986715,5.994833786432627,-0.022605333020956186,-2.7755575615628914e-17,-1.9999070403345878,-2.0736625740884884,0.0,0.0004429761611390859,0.5209807817203074,-1.79190365468044
181.50670313500086,5.994682789921573,5.994833786432627,-0.024232761141601167,-2.7755575615628914e-17,-1.9999100441839943,-2.0741250253808325,0.0,0.0003918863949365914,0.5056218843027573,-1.7745031131710631
181.55799293200107,5.994864128118414,5.994833786432627,-0.025424854549294496,-2.7755575615628914e-17,-1.999902571180189,-2.0741935530249402,0.0,0.00035633036168292165,0.49061205273560615,-1.7571262146044944
181.60742457800006,5.995069969615765,5.994833786432627,-0.02620845659269888,-2.7755575615628914e-17,-1.9999091943524765,-2.0740488884294335,0.0,0.0002409594162600115,0.4749040894676573,-1.7397472662605087
181.6578700170012,5.99541953058926,5.994833786432627,-0.02673493533825344,-2.7755575615628914e-17,-1.9999069939416092,-2.073756909139875,0.0,0.00010306836338713765,0.46006879082570507,-1.7223274177198338
181.70774434800114,5.995698053640198,5.994833786432627,-0.02705774661220922,-2.7755575615628914e-17,-1.9999064948266583,-2.073476850678527,0.0,-1.8867503968067467e-05,0.44017203735297006,-1.7049376905248022
181.75815365000017,5.995902284604751,5.994833786432627,-0.026999964621117117,-2.7755575615628914e-17,-1.999905632274905,-2.0729950644143065,0.0,-3.933460538974032e-05,0.4239404753094229,-1.6875765327795302
181.80766286900143,5.996139549600442,5.994833786432627,-0.026712470452951914,-2.7755575615628914e-17,-1.9999090146493528,-2.0723207808838313,0.0,-2.5170098524540663e-05,0.40840704496667346,-1.6702214270156988
181.8576664230004,5.996634291943946,5.994833786432627,-0.02623519783908393,-2.7755575615628914e-17,-1.9999077612358478,-2.0715478380653973,0.0,-0.0001184287466458045,0.39287361462392356,-1.6528392880260976
181.90785027200036,5.996994991868426,5.994833786432627,-0.025876162023060784,-2.7755575615628914e-17,-1.9999061207916133,-2.070830842856799,0.0,-0.0001621348492335528,0.3771656513559747,-1.635489946050091
181.9600112980006,5.997224369539611,5.994833786432627,-0.025230840666754198,-2.7755575615628914e-17,-1.9999036105543617,-2.069979103937948,0.0,-0.000142815537401475,0.3612831551628264,-1.6181709371868132
182.00418857099976,5.997463206163488,5.994833786432627,-0.02434516044091138,-2.7755575615628914e-17,-1.9999244405274126,-2.0690508348440684,0.0,-0.0001596792571945116,0.34452799434368053,-1.600866395681616
182.05753182599983,5.997979161626733,5.994833786432627,-0.02326317787415745,-2.7755575615628914e-17,-1.9998945002886204,-2.0680721111572913,0.0,-0.00025429349625483155,0.3282964323001334,-1.5835562888023025
182.10731585900066,5.998302807558446,5.994833786432627,-0.021606696115576998,-2.7755575615628914e-17,-1.9999072769082435,-2.067150600791837,0.0,-0.00038742704782634974,0.307177948351002,-1.5665627745822024
182.1718809410013,5.998416351400835,5.994833786432627,-0.020822546673566863,-2.7755575615628914e-17,-1.999846397614072,-2.0661296809483867,0.0,-0.00039907792233861983,0.29007372168145773,-1.5493092642805844
182.23003918500035,5.998466685485452,5.994833786432627,-0.019101730387550343,-2.7755575615628914e-17,-1.9998745618720424,-2.0651488990290634,0.0,-0.0004590314347296953,0.2626720524251467,-1.5320668764649397
182.2569381459998,5.99872063988172,5.994833786432627,-0.017125525149293164,-2.7755575615628914e-17,-1.9999731863610712,-2.0641587673580806,0.0,-0.0004941759980283678,0.257610597594363,-1.5148157261670951
182.31314247800037,5.998726789525223,5.994833786432627,-0.015321495368461613,-2.7755575615628914e-17,-1.9998827061016828,-2.0634036709834267,0.0,-0.0004793311236426234,0.23509585024363622,-1.497587682916698
182.3740218870007,5.998507656855939,5.994833786432627,-0.013566795893802552,-2.7755575615628914e-17,-1.9998636575777249,-2.062807115632913,0.0,-0.0004563021648209542,0.21851522234968979,-1.4803793088163586
182.42302885699974,5.998294261437308,5.994833786432627,-0.011544794817218318,-2.7755575615628914e-17,-1.9999104896979203,-2.0622623831903564,0.0,-0.0005847570137120783,0.20280725908174135,-1.4631765065572715
182.47984485100096,5.998517361245593,5.994833786432627,-0.009272562855795502,-2.7755575615628914e-17,-1.999880568245666,-2.0617882838088786,0.0,-0.000582366541493684,0.18099064343181226,-1.4459648460136136
182.5401499970012,5.9984254251839975,5.994833786432627,-0.007368231667341574,-2.7755575615628914e-17,-1.9998656563618133,-2.0615006669640104,0.0,-0.0006386936875060201,0.16458454846306525,-1.4287703673481926
182.5630789480001,5.998019050535246,5.994833786432627,-0.005969262630220851,-2.7755575615628914e-17,-1.9999802588001705,-2.061341227114915,0.0,-0.0006385698216035962,0.15358897417550077,-1.4113027333204289
182.6228730390012,5.997540314705846,5.994833786432627,-0.003225623397444477,-2.7755575615628914e-17,-1.999867617030811,-2.061399302761296,0.0,-0.0007845688960514963,0.1371828792067542,-1.394128384987367
182.67449064700122,5.997293149813211,5.994833786432627,-0.0011021006441393477,-2.7755575615628914e-17,-1.999901103350654,-2.061734867318258,0.0,-0.0007773823454044759,0.11484266478122684,-1.376961661189659
182.73942727900067,5.996629958497662,5.994833786432627,-0.0009582506908995536,-2.7755575615628914e-17,-1.9998434979123765,-2.062085807659528,0.0,-0.000979895587079227,0.09407324668249428,-1.3589380901268295
182.77474336200066,5.995766014137053,5.994833786432627,0.003043878447138215,-2.7755575615628914e-17,-1.999953674115413,-2.0627053337113512,0.0,-0.0010697260731831193,0.08360127117052851,-1.3417730116460733
182.82383472900074,5.99485001040261,5.994833786432627,0.005123602478227296,-2.7755575615628914e-17,-1.9999109588456663,-2.0634778982275677,0.0,-0.001115515478886664,0.06824237375297804,-1.3246039349824243
182.87966114400115,5.994292196842128,5.994833786432627,0.007110815829870609,-2.7755575615628914e-17,-1.999884380965128,-2.0645359823245544,0.0,-0.0012244397075846791,0.04747295565424592,-1.3074350980838854
182.94020076700144,5.993425153659496,5.994833786432627,0.008487975989999286,-2.7755575615628914e-17,-1.9998643718142814,-2.0657368360833033,0.0,-0.0013087587431073189,0.032114058236695886,-1.2902563086159533
182.9632352970002,5.992291915809402,5.994833786432627,0.009753964774440127,-2.7755575615628914e-17,-1.999980570567281,-2.067131127421664,0.0,-0.0014465658459812403,0.021642082724729672,-1.2730651987018298
183.0229605880013,5.991160582136213,5.994833786432627,0.010890832825960373,-2.7755575615628914e-17,-1.9998670438907757,-2.0687336620567045,0.0,-0.0014331338461488485,0.006108652381980217,-1.2558619236412716
183.09093207000114,5.990474710632657,5.994833786432627,0.011674399738709651,-2.7755575615628914e-17,-1.999827050798686,-2.070507797274768,0.0,-0.0016347402706742287,-0.02059488517353314,-1.2386579300780975
183.11418507800045,5.989539689694289,5.994833786432627,0.011635095006247487,-2.7755575615628914e-17,-1.9999804308020988,-2.0722616237044944,0.0,-0.0016056402819231153,-0.031241393610698776,-1.221435294217293
183.17397977900146,5.988413021847729,5.994833786432627,0.011184476029294177,-2.7755575615628914e-17,-1.9998680472176684,-2.0740769709537834,0.0,-0.0015565609792247415,-0.04677482395344823,-1.2041930555436198
183.23673655099992,5.987339131869183,5.994833786432627,0.010451559536743926,-2.7755575615628914e-17,-1.9998545127413125,-2.076052250001805,0.0,-0.001589760184288025,-0.06789330790257964,-1.186940735102423
183.26753336900038,5.986710921993631,5.994833786432627,0.009480530147859545,-2.7755575615628914e-17,-1.9999629330452482,-2.0780120331805785,0.0,-0.0017026201821863651,-0.07731808586334887,-1.1697040564592638
183.33200763100103,5.985909451600913,5.994833786432627,0.007841683928134557,-2.7755575615628914e-17,-1.9998481647411384,-2.079825703706678,0.0,-0.0015546644572168589,-0.09738937226128375,-1.1524411618295571
183.36381975600125,5.985012052724099,5.994833786432627,0.0066625335317828105,-2.7755575615628914e-17,-1.9999610169707236,-2.081794125154499,0.0,-0.001642066752538085,-0.10751228192285067,-1.1354428819621831
183.4267308360013,5.984193141696018,5.994833786432627,0.004286065438864117,-2.7755575615628914e-17,-1.9998525720560463,-2.083683873205193,0.0,-0.001710744807496667,-0.12740903539558612,-1.1181408376452908
183.49104534900107,5.983915639960132,5.994833786432627,0.002950269308040876,-2.7755575615628914e-17,-1.999849328854882,-2.085753408798247,0.0,-0.0016620703972876072,-0.14782938764391984,-1.1011433335286542
183.52219507800146,5.983467669633061,5.994833786432627,-1.1276791650360884e-05,-2.7755575615628914e-17,-1.9999631014200157,-2.0875003594563837,0.0,-0.0016630699392408133,-0.1583013631558856,-1.0838269372039753
183.58536480099974,5.982928701134868,5.994833786432627,-0.0024683340874044335,-2.7755575615628914e-17,-1.9998523429262116,-2.0892724273922503,0.0,-0.0016464923974126577,-0.17907078125461817,-1.0664844907320419
183.6156628179997,5.9825555788212545,5.994833786432627,-0.0050915573889218635,-2.7755575615628914e-17,-1.9999653649136975,-2.0910189793470106,0.0,-0.001634260406717658,-0.18500490071139897,-1.049137455138359
183.67819411799974,5.9827459524836355,5.994833786432627,-0.007727092103257838,-2.7755575615628914e-17,-1.9998535941949838,-2.092598929281657,0.0,-0.0016413431148976088,-0.20664698343612864,-1.0318305575267177
183.7413561860012,5.982826749221163,5.994833786432627,-0.01080463140621113,-2.7755575615628914e-17,-1.9998520073994464,-2.093896209663363,0.0,-0.0016442413907498121,-0.22933626371205484,-1.0144943054767352
183.77342983200106,5.982835050953683,5.994833786432627,-0.013872991476850616,-2.7755575615628914e-17,-1.9999615426446264,-2.095057100837429,0.0,-0.0017927829176187515,-0.241029969700417,-0.9971326514530598
183.83510537199982,5.982992786256409,5.994833786432627,-0.01676697944198624,-2.7755575615628914e-17,-1.9998567465506283,-2.0961752144722485,0.0,-0.0017463567201048136,-0.2637192499763432,-0.9797667889532629
183.8661147670009,5.983659906135395,5.994833786432627,-0.01957777628824342,-2.7755575615628914e-17,-1.9999643359942512,-2.097215623417574,0.0,-0.0017465169075876474,-0.2757620218151038,-0.9624399372165064
183.92844034300106,5.984220817739823,5.994833786432627,-0.022624576839987642,-2.7755575615628914e-17,-1.9998550727705682,-2.097826782891619,0.0,-0.0016632312908768654,-0.2998475654926258,-0.945087454784321
183.9604726409998,5.9847000583956005,5.994833786432627,-0.025414230239524382,-2.7755575615628914e-17,-1.9999618633775391,-2.0983870348929425,0.0,-0.001615740591660142,-0.3171263250873695,-0.9277132940931453
184.02254061500025,5.9852275306240506,5.994833786432627,-0.027721719159450542,-2.7755575615628914e-17,-1.9998573055997313,-2.0988921593851373,0.0,-0.0016907553654164076,-0.33405601883171476,-0.91033521476482
184.08485254400148,5.986020140853165,5.994833786432627,-0.029556954179139394,-2.7755575615628914e-17,-1.9998552337463507,-2.0992692416726633,0.0,-0.001618341077119112,-0.3560471674068433,-0.8929897703390879
184.11662389400044,5.986683715215451,5.994833786432627,-0.031204040310866432,-2.7755575615628914e-17,-1.9999624420298066,-2.0991846412836117,0.0,-0.0015486818738281727,-0.36564647829281194,-0.8756247949103225
184.17914936300076,5.9872413649687815,5.994833786432627,-0.032493562463783876,-2.7755575615628914e-17,-1.999855756667378,-2.099089024806977,0.0,-0.0015270094154402614,-0.3855432317655474,-0.8582441416273504
184.24305256700063,5.987873697651068,5.994833786432627,-0.03309270846106949,-2.7755575615628914e-17,-1.9998499421416613,-2.0989771040769947,0.0,-0.0015501611633226275,-0.40543998523828284,-0.8411643630794295
184.27330587000142,5.988847157251569,5.994833786432627,-0.03462511305494709,-2.7755575615628914e-17,-1.9999646993827715,-2.0986455616509017,0.0,-0.0015545652713626623,-0.41451569734865323,-0.8238503736825834
184.33679166399997,5.98967032448762,5.994833786432627,-0.0355324641203314,-2.7755575615628914e-17,-1.9998507515627648,-2.097995265720852,0.0,-0.0015298168873414397,-0.4344124508213887,-0.8065183385649637
184.36766175900084,5.99037220608129,5.994833786432627,-0.036415896446545304,-2.7755575615628914e-17,-1.9999638412583944,-2.0974608754472754,0.0,-0.001518875709734857,-0.44488442633335445,-0.789171706177906
184.43204974900073,5.991066834093441,5.994833786432627,-0.037030601331461854,-2.7755575615628914e-17,-1.9998474609071497,-2.096976092471963,0.0,-0.0014813330490142107,-0.46425758103049164,-0.7718377995577516
184.46292421300132,5.991936390197584,5.994833786432627,-0.037095312471457254,-2.7755575615628914e-17,-1.999964496988751,-2.0964773430618857,0.0,-0.0014041694812476635,-0.47019170048727243,-0.754568750993837
184.5249151220014,5.9926246776487675,5.994833786432627,-0.036972245424682804,-2.7755575615628914e-17,-1.9998564445088103,-2.0956075240579892,0.0,-0.0014013511827215552,-0.4900884539600079,-0.7372795261659023
184.58846343300138,5.993140640450333,5.994833786432627,-0.036489347174879505,-2.7755575615628914e-17,-1.9998504339349332,-2.0948897456063187,0.0,-0.0014439773513004184,-0.5112069379091393,-0.7199737571204144
184.62038842100083,5.9936300689514646,5.994833786432627,-0.03613510831622224,-2.7755575615628914e-17,-1.9999625337142448,-2.094290615183634,0.0,-0.0014433091273531318,-0.5222025121967033,-0.7023887804483903
184.68152705800094,5.99434239877811,5.994833786432627,-0.03416098243432297,-2.7755575615628914e-17,-1.9998601873832067,-2.09372954790785,0.0,-0.0015570828691124916,-0.5436700619962336,-0.6851619726764925
184.71291537199977,5.994833101414118,5.994833786432627,-0.03305686995377233,-2.7755575615628914e-17,-1.9999636809152215,-2.0929138898845507,0.0,-0.0014884802512824535,-0.5553637679845957,-0.6679120551750092
184.77645621900047,5.99512229625046,5.994833786432627,-0.03193821811966868,-2.7755575615628914e-17,-1.9998497255618861,-2.0921953779881086,0.0,-0.001562416786327958,-0.5785766470361202,-0.6506426684168436
184.83985066200148,5.99532151860024,5.994833786432627,-0.032406334845042406,-2.7755575615628914e-17,-1.999853661994593,-2.091664061392482,0.0,-0.0015450840583071113,-0.6021385919380435,-0.6325108855354089
184.87053959900004,5.995651363646936,5.994833786432627,-0.028672213624203136,-2.7755575615628914e-17,-1.9999640276984145,-2.091296105258848,0.0,-0.0016431574476882815,-0.6127851003752092,-0.6153160940890748
184.93326857800093,5.995738599949447,5.994833786432627,-0.02687057292818751,-2.7755575615628914e-17,-1.9998535854393624,-2.0907954913282016,0.0,-0.0016738121630623937,-0.6359979794267336,-0.5980915863961626
184.96427199299978,5.99560828536463,5.994833786432627,-0.02514932116048918,-2.7755575615628914e-17,-1.999964542688589,-2.090648033373193,0.0,-0.00168950529769063,-0.6475171524898959,-0.5808398734860287
185.02574636700047,5.995375070902602,5.994833786432627,-0.02336768950695911,-2.7755575615628914e-17,-1.9998604630177548,-2.0907585739210544,0.0,-0.001820176257751882,-0.6695083010650249,-0.5635914343879757
185.08688217800045,5.995203486660369,5.994833786432627,-0.021380032603339427,-2.7755575615628914e-17,-1.9998600564050533,-2.0909774311991343,0.0,-0.0018420092528685927,-0.6864379948093702,-0.5464042832407089
185.11874829500084,5.994812290277791,5.994833786432627,-0.019618746053307934,-2.7755575615628914e-17,-1.9999624276028467,-2.091131825590204,0.0,-0.0018775080097839236,-0.7021459580773186,-0.5291788236194106
185.1804006220009,5.99423708256014,5.994833786432627,-0.018084511454377172,-2.7755575615628914e-17,-1.9998593835979703,-2.091581465032922,0.0,-0.001974367769435048,-0.7176793884200685,-0.5119178472412962
185.24352735499997,5.993536785562139,5.994833786432627,-0.016868909326596127,-2.7755575615628914e-17,-1.9998543758574714,-2.092380226250475,0.0,-0.002043185755610466,-0.7389724052943993,-0.49465143427211006
185.2748562380002,5.992765239154499,5.994833786432627,-0.015793185295388312,-2.7755575615628914e-17,-1.9999622623665982,-2.0933394068420066,0.0,-0.0020712779369205236,-0.7483971832551686,-0.4774378683753533
185.33856327500143,5.991889326643493,5.994833786432627,-0.015186683754202956,-2.7755575615628914e-17,-1.999852331005457,-2.093999938863031,0.0,-0.002039434388279915,-0.7691666013539011,-0.46017823545243336
185.37037005000093,5.9909505921386135,5.994833786432627,-0.01513765846878401,-2.7755575615628914e-17,-1.9999608625205627,-2.095024021743773,0.0,-0.00205412320792675,-0.7798131097910668,-0.44287588198260447
185.4319282209999,5.990028678874183,5.994833786432627,-0.015549719229580705,-2.7755575615628914e-17,-1.9998590513910375,-2.096285116429343,0.0,-0.0020151843782514334,-0.7998843961890012,-0.4255688268023453
185.46372658200016,5.989217269942151,5.994833786432627,-0.015712789883232103,-2.7755575615628914e-17,-1.9999628301008328,-2.097589698525945,0.0,-0.0021037973929196596,-0.8108799704765657,-0.40861818486231066
185.525433230001,5.988396864191871,5.994833786432627,-0.01758568740021249,-2.7755575615628914e-17,-1.9998575451073872,-2.098563263251379,0.0,-0.001998577732592821,-0.8318239215004972,-0.391323626964923
185.58746699100084,5.987629111002236,5.994833786432627,-0.018803342101839204,-2.7755575615628914e-17,-1.9998572715268736,-2.0997681540972493,0.0,-0.0021782892290502787,-0.8534660042252273,-0.37427438434071775
185.6185445330011,5.986919754085651,5.994833786432627,-0.021544811394718755,-2.7755575615628914e-17,-1.9999637873580185,-2.101034760797693,0.0,-0.002178786788135767,-0.8641125126623925,-0.35688889109696054
185.68116135200034,5.986483351312879,5.994833786432627,-0.0236332145419883,-2.7755575615628914e-17,-1.9998559453432512,-2.102329408046916,0.0,-0.0022199733648449183,-0.8857545953871222,-0.33964877590240355
185.71125253300124,5.986120490041486,5.994833786432627,-0.026324700243524735,-2.7755575615628914e-17,-1.9999656350416914,-2.102949668867438,0.0,-0.0021384928841143847,-0.8958775050486896,-0.3223529809806087
185.77305481999974,5.985852773875294,5.994833786432627,-0.02925243650962761,-2.7755575615628914e-17,-1.999858389838966,-2.1037173760184134,0.0,-0.0021494021639227867,-0.912632665867835,-0.30500893742102536
185.83483960400008,5.985703742995796,5.994833786432627,-0.032455411889141916,-2.7755575615628914e-17,-1.9998578280250405,-2.104615421369738,0.0,-0.0020139131229370832,-0.9334020839665671,-0.2876196825948124
185.86644709699976,5.9857147923484515,5.994833786432627,-0.03526283661185359,-2.7755575615628914e-17,-1.9999629397483696,-2.1055506967128355,0.0,-0.002013919409364462,-0.9440485924037327,-0.2703678521745733
185.92995924000024,5.985830528430154,5.994833786432627,-0.038178760162893344,-2.7755575615628914e-17,-1.9998505669772157,-2.10578443529138,0.0,-0.0020042581018060446,-0.965516142203263,-0.2530614581095089
185.95989352700053,5.9860625054673005,5.994833786432627,-0.041276841497359384,-2.7755575615628914e-17,-1.9999658363946282,-2.106156475787157,0.0,-0.001978563144803047,-0.9813986383964113,-0.23570838913577105
186.02367108600083,5.986421558498574,5.994833786432627,-0.04438788004788141,-2.7755575615628914e-17,-1.9998501694063748,-2.106618315180944,0.0,-0.002077497774735093,-0.9972811345895596,-0.21831319762589455
186.08630919400093,5.986906862815535,5.994833786432627,-0.04699748851338742,-2.7755575615628914e-17,-1.9998539999864668,-2.107076850314657,0.0,-0.002018603030592203,-1.0189232173142893,-0.20107738082810703
186.1183186800008,5.987483003558146,5.994833786432627,-0.04952437811139149,-2.7755575615628914e-17,-1.9999617838108041,-2.106895814706449,0.0,-0.0020096783991903067,-1.0285225282002584,-0.18378781693005278
186.1819573290013,5.988152601816908,5.994833786432627,-0.051882473326908485,-2.7755575615628914e-17,-1.9998492950761433,-2.106672086141726,0.0,-0.0020389347337186337,-1.049291946298991,-0.16645388732659375
186.21340004500053,5.988935857783539,5.994833786432627,-0.05433838294525889,-2.7755575615628914e-17,-1.9999636233100062,-2.1065945855452264,0.0,-0.0019697316456586123,-1.0597639218109567,-0.14907963133922467
186.2765991819997,5.989777839344602,5.994833786432627,-0.05648382307460997,-2.7755575615628914e-17,-1.999850127534262,-2.10661817616284,0.0,-0.0020205453038215637,-1.0796606752836926,-0.13183526805009244
186.33917729899986,5.990680075798379,5.994833786432627,-0.05774677843092407,-2.7755575615628914e-17,-1.9998561565927786,-2.1059945094946793,0.0,-0.002060527913272381,-1.100953692158023,-0.11483614646835115
186.3692133350014,5.991665579660137,5.994833786432627,-0.05995712602079595,-2.7755575615628914e-17,-1.999965605538646,-2.1054500324650083,0.0,-0.0020453580655157566,-1.111774733520388,-0.09750545795434835
186.4326516710007,5.992725555452066,5.994833786432627,-0.061372787349296326,-2.7755575615628914e-17,-1.9998511664508942,-2.1049951058708705,0.0,-0.001919131143949926,-1.1323696186939207,-0.08014059381573396
186.4637940950015,5.993682332626269,5.994833786432627,-0.06257522069841406,-2.7755575615628914e-17,-1.9999650988197857,-2.104606125720808,0.0,-0.0018942062743008137,-1.1386528040011008,-0.06289204909708113
186.5260148030011,5.994698905522774,5.994833786432627,-0.06358462795791212,-2.7755575615628914e-17,-1.9998540416972113,-2.103753560928324,0.0,-0.0018677717307582498,-1.1595967550250326,-0.04560247818045878
186.58944909000093,5.995759456253335,5.994833786432627,-0.06419259024983887,-2.7755575615628914e-17,-1.9998506528072182,-2.1029174943902644,0.0,-0.0019239498069509864,-1.18193696945056,-0.02828051093860078
186.6208884890002,5.996856358688094,5.994833786432627,-0.06462410660823378,-2.7755575615628914e-17,-1.9999630530840582,-2.102131002450854,0.0,-0.0017798267072066665,-1.1932816095885233,-0.010930723477436776
186.68515880000086,5.997640267242447,5.994833786432627,-0.06438349849629901,-2.7755575615628914e-17,-1.9998500750192132,-2.10134113473464,0.0,-0.0017346285749226809,-1.2152727581636515,0.006295870364736275
186.71547704300065,5.99849359256803,5.994833786432627,-0.06466343045573293,-2.7755575615628914e-17,-1.9999644816182498,-2.10002399447724,0.0,-0.0016666216542944312,-1.226966464152014,0.02385060334556875
186.77846278200013,5.99935099842616,5.994833786432627,-0.06374743154480764,-2.7755575615628914e-17,-1.9998534594862731,-2.0989173406175037,0.0,-0.0015517144929617643,-1.2503538761287374,0.0411425347798712
186.8419065369999,6.000231505871356,5.994833786432627,-0.06316846760759137,-2.7755575615628914e-17,-1.9998523567225683,-2.0978095067766334,0.0,-0.0015061622252687812,-1.272694090554265,0.05845904127866687
186.87437377800052,6.0008303558460305,5.994833786432627,-0.0639275995734528,-2.7755575615628914e-17,-1.9999614468151354,-2.0967295161832764,0.0,-0.001506088417954743,-1.284038730692228,0.07651566587380358
186.93734756400045,6.001373929368246,5.994833786432627,-0.060530431822154035,-2.7755575615628914e-17,-1.999853288057278,-2.0952256038267794,0.0,-0.001405848190188408,-1.3065534780429553,0.0937340198993793
186.96754541300106,6.001922559766617,5.994833786432627,-0.059168746851686355,-2.7755575615628914e-17,-1.9999648663445366,-2.0939259948312787,0.0,-0.001310798921622336,-1.3177235852557188,0.11098107511475218
187.03061544900083,6.002475289870999,5.994833786432627,-0.05791739800258122,-2.7755575615628914e-17,-1.9998542433154334,-2.0928234638028083,0.0,-0.0013236948288977146,-1.3390166021300496,0.1282536813914542
187.0949578230011,6.002600720079503,5.994833786432627,-0.05629945772507197,-2.7755575615628914e-17,-1.9998486887593923,-2.0919030082660854,0.0,-0.0013845375506207347,-1.3604841519295796,0.14544223324238292
187.12590393100072,6.002732823721881,5.994833786432627,-0.05438061064106775,-2.7755575615628914e-17,-1.9999633233434417,-2.0907344129974823,0.0,-0.0013573287287726998,-1.370956127441546,0.1626634915194209
187.18810767800096,6.002850521253234,5.994833786432627,-0.052245469429759384,-2.7755575615628914e-17,-1.9998569583943018,-2.0898422640378014,0.0,-0.00140184978954494,-1.3910274138394805,0.17991212759517913
187.21928672100148,6.0029678136878575,5.994833786432627,-0.050314049830776086,-2.7755575615628914e-17,-1.99996353870701,-2.0892150952490587,0.0,-0.0014109184266999364,-1.401499389351447,0.19718663275793039
187.28229662500053,6.0027202171109915,5.994833786432627,-0.048413888590984944,-2.7755575615628914e-17,-1.999853354276735,-2.088832914181433,0.0,-0.0014811017317697406,-1.4224433403753787,0.21438416728869505
187.34463295000023,6.00248546217296,5.994833786432627,-0.04634449141012348,-2.7755575615628914e-17,-1.999858171487812,-2.088303140834231,0.0,-0.0015351033071056008,-1.43745317194253,0.23161568257566262
187.37511004000044,6.002245714493667,5.994833786432627,-0.04443086831864124,-2.7755575615628914e-17,-1.9999654356332328,-2.0880056987346105,0.0,-0.001588425482623279,-1.4477506145292962,0.2488761996954294
187.43820742800017,6.00200847908167,5.994833786432627,-0.04254209504474826,-2.7755575615628914e-17,-1.9998554936706938,-2.0878981288939955,0.0,-0.0016110041178762913,-1.467821900927231,0.26616414911234404
187.46848347300147,6.001384632815775,5.994833786432627,-0.040802917216362644,-2.7755575615628914e-17,-1.9999640388509072,-2.088089715692329,0.0,-0.0016156886704266071,-1.4784684093643967,0.2833693294203586
187.53010829900086,6.000804168393556,5.994833786432627,-0.03866414794072004,-2.7755575615628914e-17,-1.9998598614022036,-2.0881505202428743,0.0,-0.0015982437180355191,-1.500110492089126,0.3003233351953965
187.5926584030003,6.000266822172845,5.994833786432627,-0.03802813277688755,-2.7755575615628914e-17,-1.9998549362731857,-2.0884139950108715,0.0,-0.0015241167275235057,-1.5215780418886566,0.317601399155712
187.6244861590003,5.9997843966220445,5.994833786432627,-0.036507931328684684,-2.7755575615628914e-17,-1.99996229344583,-2.088949446154674,0.0,-0.0015885662287473679,-1.532573616176221,0.33462142718928123
187.6875381610007,5.998944143974796,5.994833786432627,-0.03641008954747793,-2.7755575615628914e-17,-1.999855384037428,-2.0896343840419465,0.0,-0.0016699308762326837,-1.554739297676549,0.3518705759373009
187.71826424699975,5.998210440996124,5.994833786432627,-0.03587350860226646,-2.7755575615628914e-17,-1.999963480030485,-2.090274733122757,0.0,-0.0015564567875117064,-1.5652112731885148,0.3691599583015237
187.7807942239997,5.997580503529466,5.994833786432627,-0.03580481726686846,-2.7755575615628914e-17,-1.9998566284473585,-2.0909898899602957,0.0,-0.0015828715404495597,-1.5879005534644408,0.3864843501259577
187.81225477299995,5.997073374394355,5.994833786432627,-0.036111104096754776,-2.7755575615628914e-17,-1.9999626457542568,-2.0918465118822684,0.0,-0.0017059852834790945,-1.5990706606772047,0.403840830309554
187.87401541100007,5.996387416836517,5.994833786432627,-0.036763024421214596,-2.7755575615628914e-17,-1.9998606385202722,-2.0927445801087563,0.0,-0.001686758711002767,-1.6203636775515355,0.42117657484064425
187.9349392760014,5.995862280782086,5.994833786432627,-0.03762535205697837,-2.7755575615628914e-17,-1.9998614871578972,-2.0935601913428474,0.0,-0.0016738661797717214,-1.6369443054454815,0.43854507112240354
187.96576123100022,5.995485687424986,5.994833786432627,-0.03869649132284103,-2.7755575615628914e-17,-1.999964130694316,-2.0943742296044885,0.0,-0.0016448721289634705,-1.6467181492566498,0.4559415251043937
188.02811201300028,5.995269870838485,5.994833786432627,-0.04000545036394265,-2.7755575615628914e-17,-1.999856512368927,-2.0951667474012106,0.0,-0.001647454802878201,-1.6678366332057815,0.473362721139761
188.09127501200055,5.994846226764175,5.994833786432627,-0.04156044826205274,-2.7755575615628914e-17,-1.9998513333406311,-2.095956607981069,0.0,-0.001451309653930366,-1.6889551171549129,0.49075397573091856
188.12250937800127,5.9946113028331505,5.994833786432627,-0.043022058628231385,-2.7755575615628914e-17,-1.9999641388172695,-2.0965264536001116,0.0,-0.0015873044030740857,-1.6987289609660812,0.508171336618742
188.18484629399973,5.994556560320267,5.994833786432627,-0.04465423162656945,-2.7755575615628914e-17,-1.9998567742172986,-2.097007982883002,0.0,-0.0014271603431552649,-1.7201965107656112,0.525609854245212
188.2156279740011,5.994694940875023,5.994833786432627,-0.0465678134944304,-2.7755575615628914e-17,-1.999964066699356,-2.0974627817498974,0.0,-0.001262984937056899,-1.7311920850531755,0.5430660516688078
188.278174983001,5.994654868943249,5.994833786432627,-0.04874994203270755,-2.7755575615628914e-17,-1.9998546582163468,-2.0977818071421357,0.0,-0.0013025180669501424,-1.7521360360771072,0.560524069341397
188.34190262800075,5.9948385378964595,5.994833786432627,-0.050790853057178564,-2.7755575615628914e-17,-1.999851072470615,-2.0979919795167845,0.0,-0.001199220074340701,-1.7736035858766377,0.5779956763583817
188.37416573700102,5.995201498868456,5.994833786432627,-0.05225232544138414,-2.7755575615628914e-17,-1.999961272456161,-2.0979627814627317,0.0,-0.001224414212629199,-1.784599160164202,0.5951844272456641
188.43567876100133,5.995769831315293,5.994833786432627,-0.05474131565329232,-2.7755575615628914e-17,-1.9998589890809106,-2.0977916204923392,0.0,-0.0011340017663314939,-1.805194045337735,0.612670016085149
188.46613059500123,5.996047698984308,5.994833786432627,-0.0568040184286438,-2.7755575615628914e-17,-1.999965148950361,-2.0974902091094574,0.0,-0.0011274819262325764,-1.8163641525504985,0.630154086193443
188.53015285100082,5.996542994472201,5.994833786432627,-0.058498224272865884,-2.7755575615628914e-17,-1.999848989686155,-2.0970329378540296,0.0,-0.001029909122735262,-1.8378317023500292,0.6476404016665425
188.59254953900017,5.997220898949117,5.994833786432627,-0.060057512317487016,-2.7755575615628914e-17,-1.9998564706396786,-2.09645960421134,0.0,-0.0010843423660844564,-1.8531905997675793,0.6651251513027799
188.62467272600043,5.998062654678335,5.994833786432627,-0.06138122804138302,-2.7755575615628914e-17,-1.9999615844249972,-2.0956301886573727,0.0,-0.0009323293925262988,-1.864011641129944,0.6826049364550545
188.68870301700008,5.998684891482583,5.994833786432627,-0.062481755885239854,-2.7755575615628914e-17,-1.9998490993959115,-2.094682453276713,0.0,-0.0008472165209241211,-1.8900170469846593,0.7000753283449799
188.71905856000012,5.999480143017811,5.994833786432627,-0.06336483163772666,-2.7755575615628914e-17,-1.9999654106333706,-2.0936408691869905,0.0,-0.000819063454400748,-1.8950785018154432,0.7175380486642652
188.78125694700066,6.00040861143264,5.994833786432627,-0.0641375561849935,-2.7755575615628914e-17,-1.9998565351781308,-2.092292594240751,0.0,-0.0007017086027190089,-1.9167205845401727,0.7349893083354325
188.81222307200005,6.001471631028777,5.994833786432627,-0.06511210294641101,-2.7755575615628914e-17,-1.9999646625561527,-2.0908233466357107,0.0,-0.0006357423262670636,-1.9275416259025375,0.7527171653864326
188.876176699001,6.002285300941264,5.994833786432627,-0.06466756360355741,-2.7755575615628914e-17,-1.9998481551381369,-2.0891680889108506,0.0,-0.0006279859808273613,-1.9484855769264693,0.7701753236273454
188.94114083400018,6.0031872664873,5.994833786432627,-0.06420332233270543,-2.7755575615628914e-17,-1.999846512538988,-2.087548061753009,0.0,-0.0004969991859979928,-1.9704767255015982,0.7876129014229094
188.97165202900032,6.004108076930719,5.994833786432627,-0.0650718605202305,-2.7755575615628914e-17,-1.9999637769664766,-2.085621598794447,0.0,-0.0004453618312254548,-1.981297766863963,0.8059092197943817
189.0333726429999,6.00498812941569,5.994833786432627,-0.061674193364691154,-2.7755575615628914e-17,-1.999860660654931,-2.0837303438812538,0.0,-0.0002934642543550581,-2.0022417178878946,0.8233058750043647
189.0962315350007,6.005618135173798,5.994833786432627,-0.060236047361088785,-2.7755575615628914e-17,-1.999853854448366,-2.081788974097921,0.0,-0.0001863068318925798,-2.024058333537824,0.8406955306606854
189.12747260200013,6.006267530499583,5.994833786432627,-0.058461424841621534,-2.7755575615628914e-17,-1.9999635212697964,-2.0798442354254068,0.0,-0.00013666946324519813,-2.035053907825388,0.8580619192916603
189.1910411099998,6.006897742536254,5.994833786432627,-0.05631338518378859,-2.7755575615628914e-17,-1.999852211558847,-2.077905859246607,0.0,1.3189702258387115e-05,-2.0561723917745196,0.8754057599616447
189.22148123100123,6.007435034988232,5.994833786432627,-0.054178424765750854,-2.7755575615628914e-17,-1.9999648561037073,-2.076035729345528,0.0,0.00017324239888694137,-2.067167966062084,0.8927380647348893
189.28378749900003,6.007727787324343,5.994833786432627,-0.05192245457930533,-2.7755575615628914e-17,-1.9998567808895331,-2.0741904637501296,0.0,0.0003648403217084706,-2.089159114637212,0.9100794011162207
189.31763644200146,6.007991965243422,5.994833786432627,-0.04928237389434631,-2.7755575615628914e-17,-1.999958517457369,-2.072577430057385,0.0,0.0005297152674756944,-2.105041610830361,0.9273974905024223
189.3779558770002,6.008188246992041,5.994833786432627,-0.04640832679051976,-2.7755575615628914e-17,-1.9998646449469877,-2.0709936644795013,0.0,0.0006712310714647174,-2.1205750411731104,0.9446940591975683
189.410567627001,6.0082677255571495,5.994833786432627,-0.04338564024151936,-2.7755575615628914e-17,-1.9999602514606996,-2.0694820989936424,0.0,0.0007414096035063267,-2.1359339385906604,0.9619824518433256
189.47355303400036,6.008138682706852,5.994833786432627,-0.0401421212532832,-2.7755575615628914e-17,-1.9998550096226049,-2.0680119768831613,0.0,0.0007691468927077949,-2.1512928360082104,0.9792880713131282
189.53761826000118,6.007915797165511,5.994833786432627,-0.03669913894004262,-2.7755575615628914e-17,-1.9998498691259918,-2.0668386763689828,0.0,0.0006902897148393095,-2.1656045358745644,0.9965717390353324
189.5691104890011,6.007568749513501,5.994833786432627,-0.033055655159127895,-2.7755575615628914e-17,-1.9999625945327353,-2.0657542699108133,0.0,0.0006894660764373839,-2.175203846760533,1.0138366168767388
189.6342820810005,6.007072905567824,5.994833786432627,-0.0288027335889125,-2.7755575615628914e-17,-1.9998465387485054,-2.0647955828352877,0.0,0.000833911239169538,-2.1935298039064737,1.0308081818466686
189.66748595799982,6.0063461900292925,5.994833786432627,-0.026062327546002795,-2.7755575615628914e-17,-1.999957559091189,-2.0640378418361403,0.0,0.0009415801614522934,-2.2129029586036104,1.0480813000322515
189.72753591000037,6.005541872783603,5.994833786432627,-0.022151134622693358,-2.7755575615628914e-17,-1.9998665056129306,-2.0636669965131365,0.0,0.0008755367016419768,-2.223374934115576,1.0650548970162816
189.7904214099999,6.004628772936762,5.994833786432627,-0.01976913345063802,-2.7755575615628914e-17,-1.9998535573570095,-2.063479394764558,0.0,0.000973947870079428,-2.2446679509899075,1.082305151683568
189.82178393600043,6.003646995167212,5.994833786432627,-0.017043091871990934,-2.7755575615628914e-17,-1.9999634238108581,-2.0633680418350746,0.0,0.0010062120854854584,-2.2553144594270726,1.0995690850679973
189.88467656100147,6.002635963330588,5.994833786432627,-0.014876239806389746,-2.7755575615628914e-17,-1.9998572981347333,-2.0634535930547204,0.0,0.0011420922819525003,-2.2766074763014035,1.1168884299094306
189.91501507199973,6.001580881918372,5.994833786432627,-0.013107389340880737,-2.7755575615628914e-17,-1.9999637249107087,-2.0639793730894014,0.0,0.0011463125701993704,-2.287952116439367,1.1341956550439003
189.97782594400087,6.000487054981139,5.994833786432627,-0.01178105668794105,-2.7755575615628914e-17,-1.9998544514202412,-2.064581949390004,0.0,0.0010707712499424815,-2.3113395284160907,1.1514946706205178
190.04289668900128,5.999354882429252,5.994833786432627,-0.010875918040150645,-2.7755575615628914e-17,-1.9998463255617638,-2.065184861692974,0.0,0.0011594248935580254,-2.334028808692017,1.1688096994768846
190.07381712700044,5.998171032616772,5.994833786432627,-0.010384320492221377,-2.7755575615628914e-17,-1.9999631396175372,-2.065914916555527,0.0,0.0011840531369671226,-2.3458970476055785,1.1861825516637794
190.13588766500106,5.997015898202297,5.994833786432627,-0.01020593253781965,-2.7755575615628914e-17,-1.9998572560814165,-2.0669375349285932,0.0,0.0011920217657461762,-2.3698080583579006,1.2035441701887848
190.1682899030002,5.995896140771843,5.994833786432627,-0.010401439815042268,-2.7755575615628914e-17,-1.9999606933636978,-2.0679544601908715,0.0,0.001174415461719036,-2.3818508301966617,1.2208984937826022
190.23050193600102,5.994877849693212,5.994833786432627,-0.010952981706382148,-2.7755575615628914e-17,-1.9998575835499974,-2.0689390175201576,0.0,0.0011547808535397053,-2.4048891763229867,1.2382650704662468
190.292918991001,5.994062892745686,5.994833786432627,-0.01200306633003978,-2.7755575615628914e-17,-1.999855670756686,-2.069903965319166,0.0,0.001343755517154932,-2.4282765882997106,1.2556777759427753
190.3246846410002,5.993310715582518,5.994833786432627,-0.013358650501801295,-2.7755575615628914e-17,-1.9999618883685875,-2.0708966484893256,0.0,0.0013163997791707516,-2.439621228437674,1.2730772468091367
190.38722475500072,5.9926237396123785,5.994833786432627,-0.014929445212742531,-2.7755575615628914e-17,-1.9998555461218435,-2.0717884151255737,0.0,0.0013324249302968383,-2.4612633111624036,1.2904664614715644
190.4175307860005,5.992082571999328,5.994833786432627,-0.016675334788268437,-2.7755575615628914e-17,-1.999966208097933,-2.072560094337733,0.0,0.0013880216283723712,-2.4671974306191844,1.3078631334488537
190.47913789700033,5.991825247363219,5.994833786432627,-0.018046800305662414,-2.7755575615628914e-17,-1.9998572937888859,-2.073336050910063,0.0,0.0013243238208815455,-2.4881413816431164,1.3250082250906163
190.5422081730012,5.991612773251621,5.994833786432627,-0.020694043151078645,-2.7755575615628914e-17,-1.9998530014848275,-2.074085487048315,0.0,0.0014219769509509206,-2.509434398517447,1.3424261415207697
190.5737838670011,5.991450302690461,5.994833786432627,-0.02267184966724528,-2.7755575615628914e-17,-1.999962414834308,-2.0747351922003823,0.0,0.001529874512925744,-2.5195573081790146,1.3598311430698324
190.6353188230005,5.991386545940672,5.994833786432627,-0.02453484698289482,-2.7755575615628914e-17,-1.999861523365006,-2.075188689630508,0.0,0.0015714936889708042,-2.539977660427348,1.377237472371231
190.66547357200034,5.991503514985567,5.994833786432627,-0.026413551425243098,-2.7755575615628914e-17,-1.9999653821423453,-2.075544548370704,0.0,0.0015598736936226487,-2.550275103014114,1.3946712648121111
190.72852272800083,5.991657202432669,5.994833786432627,-0.028261603182913708,-2.7755575615628914e-17,-1.9998522965325312,-2.0759315410584604,0.0,0.0014922592090442777,-2.571568119888445,1.412087073471817
190.79310750400145,5.991836177358528,5.994833786432627,-0.02984048933866945,-2.7755575615628914e-17,-1.9998473837124726,-2.076089975457557,0.0,0.0016084201633930206,-2.5919884721367787,1.4294870314422574
190.82380818300044,5.992072181226931,5.994833786432627,-0.031150299592905994,-2.7755575615628914e-17,-1.9999639557667082,-2.0760811884175046,0.0,0.001631181687116623,-2.602111381798346,1.4468901212881313
190.88708254000085,5.992441168598979,5.994833786432627,-0.03285626222913296,-2.7755575615628914e-17,-1.9998531291166906,-2.075900171932423,0.0,0.0016119363717734814,-2.6232298657474775,1.4646187388752163
190.9178498729998,5.992820525848948,5.994833786432627,-0.03339561907355115,-2.7755575615628914e-17,-1.9999645101060286,-2.075765994127755,0.0,0.0016505394596606493,-2.6330037095586456,1.4820344049282994
190.98211284799982,5.993196757813626,5.994833786432627,-0.03439888506855704,-2.7755575615628914e-17,-1.9998475286151622,-2.0754570268802404,0.0,0.0016448326641693711,-2.654122193507777,1.4994287312624082
191.01297484800125,5.993636672595298,5.994833786432627,-0.035107515560490965,-2.7755575615628914e-17,-1.9999644784607886,-2.0749194146476397,0.0,0.0017180312424898148,-2.669481090925327,1.5168167319442927
191.07526015700023,5.994262602485176,5.994833786432627,-0.037356785442173926,-2.7755575615628914e-17,-1.9998543675839169,-2.0741533623811383,0.0,0.0017029755981639028,-2.6855381200436748,1.535089806582882
191.13866233299996,5.994826939481283,5.994833786432627,-0.03579419057890872,-2.7755575615628914e-17,-1.9998544305770478,-2.0733892364307254,0.0,0.00169523770455271,-2.700547951610826,1.5524692430106966
191.1638679509997,5.995311242943282,5.994833786432627,-0.03558513121316349,-2.7755575615628914e-17,-1.9999752638852257,-2.072498678168594,0.0,0.0017430022126063704,-2.710321795421994,1.5698223372200322
191.21632106200013,5.9957864057627885,5.994833786432627,-0.03497601208044051,-2.7755575615628914e-17,-1.9998983910009487,-2.0714012888427416,0.0,0.001685325987637043,-2.7293458842687324,1.5871649137190702
191.26640479300113,5.996397021636413,5.994833786432627,-0.0343489580514528,-2.7755575615628914e-17,-1.9999062597104647,-2.070258428769344,0.0,0.0016263759462162852,-2.744181182910684,1.604524234098597
191.32584307700017,5.996874495269256,5.994833786432627,-0.03351679110132651,-2.7755575615628914e-17,-1.9998692828756461,-2.0692139024621783,0.0,0.0015506664058193564,-2.7595400803282346,1.6218529676825477
191.3776831920004,5.997202621571638,5.994833786432627,-0.032093246082842974,-2.7755575615628914e-17,-1.9998996626508037,-2.0679917532049252,0.0,0.0014953083591535687,-2.7792623008757706,1.6391540967378695
191.42564776400104,5.997553609299588,5.994833786432627,-0.030253537045016154,-2.7755575615628914e-17,-1.9999148611449544,-2.066704251663968,0.0,0.0013523673405870795,-2.7946211982933207,1.6564416128568704
191.47740197700114,5.998250001676624,5.994833786432627,-0.028382538229352577,-2.7755575615628914e-17,-1.9999008440854957,-2.0654519215275586,0.0,0.001285502570681274,-2.8115508920376655,1.673737061121804
191.53351274300076,5.998721245151341,5.994833786432627,-0.02674402537710685,-2.7755575615628914e-17,-1.999884509939153,-2.0643558727034486,0.0,0.0012658603955060244,-2.8333675076875946,1.691003478480807
191.5938928989999,5.9989707540324755,5.994833786432627,-0.024850742255501823,-2.7755575615628914e-17,-1.9998634320717745,-2.063306577864638,0.0,0.001101132482290268,-2.8506462672823387,1.7082454790172705
191.62794605999989,5.999183559583332,5.994833786432627,-0.022665339966587372,-2.7755575615628914e-17,-1.9999571284085846,-2.062302551138252,0.0,0.0010090519208461046,-2.8625145061959,1.7254775490265317
191.67718217900074,5.9996911471383125,5.994833786432627,-0.020337684770694753,-2.7755575615628914e-17,-1.9999100767381057,-2.0614187604759966,0.0,0.0008995067328214645,-2.8867745827986213,1.742721001747251
191.7334362420006,5.999926403281462,5.994833786432627,-0.0175553918084021,-2.7755575615628914e-17,-1.999884342321431,-2.0607877705748607,0.0,0.0007360775489360094,-2.9044024082437643,1.7596556220984112
191.79303307200098,5.999831966496217,5.994833786432627,-0.017012441849699023,-2.7755575615628914e-17,-1.9998668952067038,-2.06031463122336,0.0,0.0005940411356277764,-2.9229028983149044,1.7774312692559622
191.8172458150002,5.999764711111196,5.994833786432627,-0.011163136425677067,-2.7755575615628914e-17,-1.9999786350098279,-2.060012618197478,0.0,0.0003260113880969584,-2.9347711372284646,1.7937720213482609
191.87711425199996,5.999955899446442,5.994833786432627,-0.010080178641634852,-2.7755575615628914e-17,-1.999868080475841,-2.0598672405604286,0.0,9.71028784988448e-05,-2.9574604175043913,1.810981957090206
191.9270486960013,5.999790638287221,5.994833786432627,-0.007276848506246436,-2.7755575615628914e-17,-1.9999061917878829,-2.059943590455319,0.0,6.560346810147166e-05,-2.975262775874734,1.8281781814490885
191.97666541500075,5.999287015985693,5.994833786432627,-0.00426296175890406,-2.7755575615628914e-17,-1.9999090547900442,-2.0601671156072214,0.0,-8.859161607688293e-05,-2.9913198049930814,1.8453661707272508
192.02651429700018,5.998629648267315,5.994833786432627,-0.0010509874017096132,-2.7755575615628914e-17,-1.9999075627172607,-2.060552167395333,0.0,-0.00036872070631943643,-3.0068532353358304,1.8625573291805924
192.07670751300066,5.9981398131101376,5.994833786432627,0.0020585976122724503,-2.7755575615628914e-17,-1.999907101565283,-2.061179769033719,0.0,-0.0005109876510687172,-3.0274481205093635,1.8797654018068846
192.12725330800095,5.997305862829986,5.994833786432627,0.004848503202997234,-2.7755575615628914e-17,-1.9999048589704962,-2.062047462698863,0.0,-0.0005501859122887254,-3.0422834191513157,1.8969716727112758
192.1770559960005,5.996169550857464,5.994833786432627,0.0074335894412194126,-2.7755575615628914e-17,-1.999908268759957,-2.0631513519780555,0.0,-0.0007551818853244185,-3.057118717793268,1.914181497327985
192.22794188599983,5.994931539832554,5.994833786432627,0.009785178874806455,-2.7755575615628914e-17,-1.9999038270277882,-2.0644557677913005,0.0,-0.0008165856706909835,-3.0719540164352193,1.9314012779941054
192.2917067770013,5.993926578709256,5.994833786432627,0.011737984808355528,-2.7755575615628914e-17,-1.9998512461254565,-2.0659068561625307,0.0,-0.0010477799223735929,-3.0923743686835534,1.9486363109069549
192.3175360990008,5.992663329069969,5.994833786432627,0.012986261179028458,-2.7755575615628914e-17,-1.9999743560895091,-2.067481157680011,0.0,-0.0011171716032549739,-3.1028463441955187,1.9658805217471305
192.37679743300032,5.991196433182239,5.994833786432627,0.013750104830948628,-2.7755575615628914e-17,-1.9998697945099377,-2.0692244331636975,0.0,-0.0012160352198407054,-3.1182052416130697,1.9831377892592283
192.42822533599974,5.989768309086148,5.994833786432627,0.014048488641936308,-2.7755575615628914e-17,-1.9999033480412303,-2.071056000263612,0.0,-0.001272734021767974,-3.133913204881018,2.0004079237720798
192.47776172500016,5.988774854471915,5.994833786432627,0.013773346367138228,-2.7755575615628914e-17,-1.9999070276938224,-2.0729351681613064,0.0,-0.0013061882928013802,3.1281536183494367,2.017685083581085
192.52838758000144,5.987667385222686,5.994833786432627,0.013137589493146473,-2.7755575615628914e-17,-1.9999047990437895,-2.0747202775874545,0.0,-0.0013404239434748888,3.1126201880066873,2.0346883228179036
192.57711806299994,5.986411967755462,5.994833786432627,0.010976381954288073,-2.7755575615628914e-17,-1.999911414366115,-2.0765047862790182,0.0,-0.0013262806460261345,3.0972612905891364,2.0519972291207202
192.6276083240009,5.9852549719023616,5.994833786432627,0.009241426266071051,-2.7755575615628914e-17,-1.9999049659951407,-2.078309474340926,0.0,-0.0014332925202324986,3.081378794395989,2.069315700157317
192.67574836300082,5.984523119650691,5.994833786432627,0.00732048113486683,-2.7755575615628914e-17,-1.9999135269626516,-2.0801370001922033,0.0,-0.0013803538167849183,3.065670831128039,2.086627116494679
192.7276088360013,5.9836979755992195,5.994833786432627,0.004936689028652186,-2.7755575615628914e-17,-1.9999005591236123,-2.0817800929354506,0.0,-0.0015616568271070719,3.0487411373836952,2.103957348806508
192.79221940699972,5.982820486943206,5.994833786432627,0.0023473057444624024,-2.7755575615628914e-17,-1.9998457975623163,-2.0833531127653475,0.0,-0.001539100892841816,3.0267499888085663,2.1213066654481443
192.8284997110004,5.982089230564725,5.994833786432627,-0.0003118606603702556,-2.7755575615628914e-17,-1.9999500061278845,-2.0848477917330657,0.0,-0.001510573667474091,3.015754414521002,2.1386635983376485
192.8781793570015,5.981824370199284,5.994833786432627,-0.00301218279644877,-2.7755575615628914e-17,-1.9999082913778,-2.086302462757704,0.0,-0.001588628627359867,2.992716068394677,2.15600606837628
192.92649066600097,5.981501719807705,5.994833786432627,-0.006095158806823098,-2.7755575615628914e-17,-1.999912554051954,-2.087592647440979,0.0,-0.0014752941206097603,2.9754373087999326,2.1733676285403036
192.97880054900088,5.981139656771367,5.994833786432627,-0.009869820218171177,-2.7755575615628914e-17,-1.9998982577114,-2.088752857071781,0.0,-0.0015740867238491774,2.958507615055588,2.1910381391517832
193.03392937900026,5.980964559581167,5.994833786432627,-0.012473024251501319,-2.7755575615628914e-17,-1.999887637800162,-2.0898383430190695,0.0,-0.0015821220586076379,2.9421015200868412,2.2084166834995367
193.06081472500045,5.981248931605665,5.994833786432627,-0.015509200793383693,-2.7755575615628914e-17,-1.9999726948307568,-2.090648553401805,0.0,-0.0016301244031637907,2.9309314128740773,2.2257587133087613
193.13428866100003,5.981441481218529,5.994833786432627,-0.020474481534894062,-2.7755575615628914e-17,-1.999801117162091,-2.091100399678886,0.0,-0.0015974286943674088,2.903878809468165,2.243991279140475
193.19211473200085,5.981643570870977,5.994833786432627,-0.021792927995805345,-2.7755575615628914e-17,-1.9998732381217763,-2.091509576321043,0.0,-0.0016523547237738967,2.8883453791254166,2.2613647831031196
193.22380237200014,5.9819923575149945,5.994833786432627,-0.0242707710530643,-2.7755575615628914e-17,-1.9999626583911099,-2.0917118413366254,0.0,-0.0016159230144694448,2.878222469463849,2.278730876365048
193.28683120800088,5.982811254379284,5.994833786432627,-0.026364670044976668,-2.7755575615628914e-17,-1.999854162295072,-2.0918447292551563,0.0,-0.0016325856558978558,2.8583257159911124,2.2960503556028433
193.3166877470012,5.983530114717979,5.994833786432627,-0.028787740115674865,-2.7755575615628914e-17,-1.9999659404123649,-2.091696670959263,0.0,-0.0016877392772585154,2.8485518721799448,2.3133845223923744
193.37834429600116,5.984167069796951,5.994833786432627,-0.030876142599242096,-2.7755575615628914e-17,-1.9998583407268251,-2.0914844059735094,0.0,-0.0016154031036421657,2.8300513821088042,2.3307316962110964
193.44145587500134,5.984888739727194,5.994833786432627,-0.03259371758355889,-2.7755575615628914e-17,-1.9998564759819855,-2.091302439899684,0.0,-0.001627759775146842,2.81591421516765,2.348065154118741
193.47084821600038,5.9859580741934515,5.994833786432627,-0.03369476883115596,-2.7755575615628914e-17,-1.9999657062423968,-2.090911237090384,0.0,-0.0016031318809837103,2.806314904281683,2.365337097677272
193.5334802890011,5.986865174787115,5.994833786432627,-0.03461875702112116,-2.7755575615628914e-17,-1.9998559931860256,-2.09028680011018,0.0,-0.0015234570018947124,2.786767216659346,2.382624398196378
193.5655633990009,5.987631711062356,5.994833786432627,-0.03539120029375242,-2.7755575615628914e-17,-1.9999607632343364,-2.0896872829778936,0.0,-0.001479276572354138,2.771931918017394,2.3999254219711603
193.62623480799994,5.988397444010202,5.994833786432627,-0.03562013351587079,-2.7755575615628914e-17,-1.9998628176136617,-2.0891736714760474,0.0,-0.001627505524083972,2.7567475535250434,2.4172125086871072
193.68833598899982,5.98940435843829,5.994833786432627,-0.03529093697665742,-2.7755575615628914e-17,-1.999857455277142,-2.088674494522605,0.0,-0.0016409237869083881,2.7356290695759125,2.434436397857865
193.71879297000123,5.99018420668734,5.994833786432627,-0.034777543512912734,-2.7755575615628914e-17,-1.999964978390259,-2.087908421422011,0.0,-0.0016226896550506353,2.724982561138747,2.451678637458259
193.780782111,5.990766225811008,5.994833786432627,-0.03330578673848095,-2.7755575615628914e-17,-1.999858754917121,-2.087269785013387,0.0,-0.0015013134106993675,2.7040386101148144,2.46864730914596
193.84247742400112,5.991341390318874,5.994833786432627,-0.033005144217556626,-2.7755575615628914e-17,-1.9998578400416518,-2.0867604439113934,0.0,-0.0014753249706700444,2.6823965273900843,2.4858920534860487
193.87301345200103,5.992216989446982,5.994833786432627,-0.03111473928252151,-2.7755575615628914e-17,-1.9999652345474837,-2.0862688002134657,0.0,-0.001412479905411601,2.6762878750081045,2.502777065385471
193.93627718600146,5.992821674316906,5.994833786432627,-0.030479557378739974,-2.7755575615628914e-17,-1.999851579082929,-2.0855884410583756,0.0,-0.001424578484147787,2.6534240618069784,2.5199757158045166
193.96861509100017,5.993199514321497,5.994833786432627,-0.02926812422033276,-2.7755575615628914e-17,-1.9999621757988866,-2.085172422628442,0.0,-0.001442503766156733,2.6427775533698146,2.5371964958177573
194.03165034800077,5.993355180811361,5.994833786432627,-0.0278980627280373,-2.7755575615628914e-17,-1.9998522781919503,-2.0849698868999034,0.0,-0.0014839613577350974,2.6190410755426914,2.554439435008214
194.09489098800077,5.994026229701643,5.994833786432627,-0.02577636257826854,-2.7755575615628914e-17,-1.9998516169630163,-2.084993484796943,0.0,-0.0015340137761086226,2.5949555318651694,2.571492029045786
194.126457493001,5.9943740630605875,5.994833786432627,-0.023905118196532404,-2.7755575615628914e-17,-1.9999620628698072,-2.084416375508482,0.0,-0.0015249258140102029,2.5837854246524055,2.588585823872388
194.1904914759998,5.994442656606473,5.994833786432627,-0.02192210160193442,-2.7755575615628914e-17,-1.9998494857470215,-2.0842191616008714,0.0,-0.0015429251361638308,2.5596998809748843,2.605718422777974
194.22209248500076,5.994261350579472,5.994833786432627,-0.02011348879544428,-2.7755575615628914e-17,-1.99996215201678,-2.0843926212768826,0.0,-0.0016111317090690136,2.5476571091361233,2.6228895749196783
194.2864189740012,5.9944236444243835,5.994833786432627,-0.017833164535390966,-2.7755575615628914e-17,-1.9998475369969002,-2.0849939123162233,0.0,-0.0016313011292368174,2.524618763009798,2.6398978611316317
194.3183716200001,5.994281994651368,5.994833786432627,-0.0159323697450805,-2.7755575615628914e-17,-1.9999618994864665,-2.0852664982945424,0.0,-0.0017036542994901538,2.5129250570214356,2.656963999739166
194.37973856999997,5.993881561594305,5.994833786432627,-0.014177938930465928,-2.7755575615628914e-17,-1.999860004504771,-2.0859946924206465,0.0,-0.0017554061487317085,2.490235776745509,2.674084649412557
194.44316558799983,5.993255993221518,5.994833786432627,-0.012608356220895844,-2.7755575615628914e-17,-1.9998503077383918,-2.08714287047088,0.0,-0.00180171022657305,2.469117292796378,2.6912590490451875
194.47540475999995,5.992849462613584,5.994833786432627,-0.01086519375677375,-2.7755575615628914e-17,-1.9999611595442504,-2.0887078798434096,0.0,-0.0018996981671079993,2.4584707843592124,2.7083167440505593
194.53833891700015,5.992218892375859,5.994833786432627,-0.00975571835025224,-2.7755575615628914e-17,-1.9998551005483713,-2.0898919506664133,0.0,-0.0019246531883254647,2.437526833335281,2.7254405324448108
194.56951478200062,5.991425644837274,5.994833786432627,-0.009149314975299028,-2.7755575615628914e-17,-1.9999630480077204,-2.0914061685576666,0.0,-0.0020425484981387854,2.4270548578233146,2.742626580475834
194.63232896500085,5.9905309089431915,5.994833786432627,-0.008397721108234557,-2.7755575615628914e-17,-1.9998534805733166,-2.0933300436093356,0.0,-0.0019476866582408547,2.407332637275779,2.7595813933300466
194.66433171500103,5.9898945702901685,5.994833786432627,-0.008999418450023278,-2.7755575615628914e-17,-1.9999617668290892,-2.0954507550571564,0.0,-0.002011609962210059,2.3924973386338264,2.7767401984132647
194.72659568100062,5.989155184798186,5.994833786432627,-0.009710850873883903,-2.7755575615628914e-17,-1.9998567352251109,-2.097248194904546,0.0,-0.0020179615821689367,2.376963908291078,2.7939664129146955
194.78989355700105,5.988363090383569,5.994833786432627,-0.010959535216979233,-2.7755575615628914e-17,-1.999851769594638,-2.0992400902820187,0.0,-0.00200178986415267,2.3575907535939393,2.8112551881244165
194.82125844500115,5.987551915646037,5.994833786432627,-0.012517451979761174,-2.7755575615628914e-17,-1.9999625422603047,-2.101396947634943,0.0,-0.0021549719385802746,2.3481659756331705,2.828602260814437
194.88426212300146,5.987037379153517,5.994833786432627,-0.014105396632569378,-2.7755575615628914e-17,-1.999853996508494,-2.1036016413902003,0.0,-0.0021541514433920383,2.328443755085635,2.845840283941907
194.91504309000084,5.986517136226226,5.994833786432627,-0.016349143367171304,-2.7755575615628914e-17,-1.9999638938619035,-2.10526100538088,0.0,-0.0020447811111807823,2.319018977124866,2.8631447191068053
194.97791297700132,5.986034809420743,5.994833786432627,-0.01895860578975017,-2.7755575615628914e-17,-1.9998550032153781,-2.1070044649367023,0.0,-0.0020210600923746824,2.3033110138569164,2.8805087295816123
195.04086445800021,5.985614282201984,5.994833786432627,-0.022651871241879673,-2.7755575615628914e-17,-1.9998523898551277,-2.1088081179322953,0.0,-0.0019425865029916167,2.282890661608583,2.898221583350082
195.07210647600004,5.985318940218228,5.994833786432627,-0.02499867487737617,-2.7755575615628914e-17,-1.9999627622633638,-2.1106621208047387,0.0,-0.0019004784990102053,2.2722441531714175,2.9155384319111257
195.134914096001,5.985115572632799,5.994833786432627,-0.028218476823583805,-2.7755575615628914e-17,-1.9998538831164339,-2.1117789043298405,0.0,-0.0019918144680559635,2.250427537521488,2.9329153811746966
195.1618671590004,5.985034380696856,5.994833786432627,-0.03172401261877339,-2.7755575615628914e-17,-1.999972743426956,-2.112887374042483,0.0,-0.001926796161569655,2.2399555620095217,2.9503448402456405
195.2438864350006,5.985093090915012,5.994833786432627,-0.03721228787863312,-2.7755575615628914e-17,-1.9997501289632003,-2.1139363089935226,0.0,-0.001927102799527347,2.210634030576018,2.968703872490438
195.27892886600057,5.985361041651283,5.994833786432627,-0.03894300928066802,-2.7755575615628914e-17,-1.999954084079121,-2.115053273957841,0.0,-0.001973262755200267,2.1999875221388523,2.9860563322266813
195.3343229910006,5.985738521256194,5.994833786432627,-0.04224730687101619,-2.7755575615628914e-17,-1.9998859073249253,-2.115290459928381,0.0,-0.001961574424058199,2.1772982418629256,3.003460458959625
195.39411876300073,5.986248536115975,5.994833786432627,-0.04554819639202312,-2.7755575615628914e-17,-1.9998679290424517,-2.115465653566601,0.0,-0.00205721496604383,2.161241212744578,3.0209084575411618
195.4172219310003,5.986897329608915,5.994833786432627,-0.04900191767920262,-2.7755575615628914e-17,-1.9999807081797358,-2.115689623938101,0.0,-0.001992918783798814,2.1502456384570134,3.0383943272710385
195.47832588700112,5.987781743360186,5.994833786432627,-0.05198859390761651,-2.7755575615628914e-17,-1.9998586925510804,-2.115792988687653,0.0,-0.0020538661628961563,2.1282544898818854,3.055756708421418
195.5280862540003,5.988765952939122,5.994833786432627,-0.05500442692987206,-2.7755575615628914e-17,-1.9999074913272106,-2.1152932190260683,0.0,-0.002027546986937523,2.112371993688736,3.0731622470542765
195.58453060300053,5.9898355332672715,5.994833786432627,-0.05763885054340681,-2.7755575615628914e-17,-1.9998817581458963,-2.114790778377215,0.0,-0.002092382637783885,2.0921261743656023,3.090602408629022
195.6446686140007,5.990982662970518,5.994833786432627,-0.0597425047854063,-2.7755575615628914e-17,-1.9998665328482412,-2.114185281461933,0.0,-0.0020243411418050528,2.0764182110976543,3.1080713738249237
195.66662171200005,5.9922188330520765,5.994833786432627,-0.06140639534639927,-2.7755575615628914e-17,-1.9999822328133692,-2.1135886332004783,0.0,-0.002031401265412569,2.0669934331368847,3.1254381179539394
195.72733453900037,5.993499626021125,5.994833786432627,-0.06285168200597109,-2.7755575615628914e-17,-1.9998618132961867,-2.112456293439656,0.0,-0.001972852274775505,2.050936404018536,-3.140348525414706
195.77869743100018,5.994827113307166,5.994833786432627,-0.06425195611752697,-2.7755575615628914e-17,-1.9999025768365029,-2.1113747157120857,0.0,-0.0018319531809538603,2.030690584695403,-3.122924277943729
195.8351127850001,5.996165673539579,5.994833786432627,-0.06514431224104617,-2.7755575615628914e-17,-1.9998820830148498,-2.110341538839726,0.0,-0.0018400369444862008,2.0100956995218695,-3.105479709671839
195.89452848700057,5.997364118686746,5.994833786432627,-0.06429411668406015,-2.7755575615628914e-17,-1.9998705332036606,-2.109255318171366,0.0,-0.0018525263294577599,2.000321855710701,-3.088451229647034
195.91845283900147,5.998559659551717,5.994833786432627,-0.06445953866690625,-2.7755575615628914e-17,-1.9999784077128973,-2.107635850185746,0.0,-0.0017974539659917355,1.9854865570687492,-3.0711019856075943
195.97852290400078,5.999707584985584,5.994833786432627,-0.0632333820590357,-2.7755575615628914e-17,-1.999865357166564,-2.106149514698716,0.0,-0.0017573419027030468,1.9694295279504006,-3.054023677476739
196.02805003499998,6.0008564567091645,5.994833786432627,-0.0632375839059911,-2.7755575615628914e-17,-1.999910201972298,-2.104758756685993,0.0,-0.0017292052507400513,1.9537215646824526,-3.0366346420583703
196.07905304400083,6.00174693404646,5.994833786432627,-0.06219172282053223,-2.7755575615628914e-17,-1.9999030501000912,-2.103495537613928,0.0,-0.0017042820109054446,1.932254014882922,-3.0193419467752807
196.1354904790005,6.002582255392073,5.994833786432627,-0.060446099059479286,-2.7755575615628914e-17,-1.9998843957417656,-2.101802159109193,0.0,-0.001724053407087922,1.9163715186897736,-3.002025890709054
196.161905166,6.003362041390409,5.994833786432627,-0.058682125346946,-2.7755575615628914e-17,-1.9999730177508106,-2.1001755530969537,0.0,-0.0016802733298391104,1.90537594440221,-2.984691654408146
196.21195786000135,6.004078681036684,5.994833786432627,-0.05679981051428079,-2.7755575615628914e-17,-1.999906977137518,-2.098692727588336,0.0,-0.0017048139125108719,1.889144382358662,-2.967342161618918
196.2618123709999,6.004492010178786,5.994833786432627,-0.054655258479108515,-2.7755575615628914e-17,-1.9999084289486417,-2.0973960819864073,0.0,-0.001623076037503779,1.8729128203151149,-2.9501003295037997
196.31265798599998,6.00482326011795,5.994833786432627,-0.05221143265236888,-2.7755575615628914e-17,-1.9999047289071874,-2.0957165748768793,0.0,-0.0016207491280511022,1.8566812582715677,-2.932834366885793
196.3614176330011,6.005060590376725,5.994833786432627,-0.04935372674825628,-2.7755575615628914e-17,-1.9999119017343054,-2.0942109207460815,0.0,-0.0016400979366153479,1.840624229153219,-2.9155487325436154
196.4124633620013,6.005196598669882,5.994833786432627,-0.046476259434520384,-2.7755575615628914e-17,-1.9999035211449283,-2.092899237113922,0.0,-0.0016312882071360946,1.8236945354088752,-2.8982453442216807
196.46169321700108,6.005105765401165,5.994833786432627,-0.043298198452297654,-2.7755575615628914e-17,-1.9999119657930338,-2.0918652812188117,0.0,-0.0014907942386344075,1.807462973365328,-2.881035801470324
196.512972773,6.004899043794497,5.994833786432627,-0.04007373045309359,-2.7755575615628914e-17,-1.9999012989499991,-2.09064504570769,0.0,-0.0016080584609881043,1.785820890640598,-2.8637987140887495
196.56250082500082,6.004583272062905,5.994833786432627,-0.036942884139028576,-2.7755575615628914e-17,-1.9999090034506308,-2.089723833431753,0.0,-0.0016268132021650672,1.7683675981206548,-2.8465370022553125
196.62586842200108,6.0041661770626344,5.994833786432627,-0.03400218865758353,-2.7755575615628914e-17,-1.9998513911055293,-2.089126369741789,0.0,-0.0015788408927619457,1.7519615031519074,-2.829252153552809
196.67748380500052,6.003443302085117,5.994833786432627,-0.031126529704625816,-2.7755575615628914e-17,-1.9999020336186293,-2.088795663694372,0.0,-0.0015875475946813822,1.7304939533523775,-2.8120530286220857
196.7293361230004,6.002658272472331,5.994833786432627,-0.027843275230214126,-2.7755575615628914e-17,-1.9999000612398858,-2.0883719332553548,0.0,-0.0015630546258762479,1.7132151937576339,-2.795108673847718
196.7851373579997,6.00181956422618,5.994833786432627,-0.026270930605513443,-2.7755575615628914e-17,-1.9998855288036996,-2.0882878655469694,0.0,-0.0015941595192998648,1.690874979332106,-2.7778423293964516
196.8125706589999,6.000957015641155,5.994833786432627,-0.02463336313236275,-2.7755575615628914e-17,-1.999972325887546,-2.0885663607768774,0.0,-0.0015931356465443969,1.6851153928005251,-2.7605447095172964
196.8629262480008,5.9998178435265475,5.994833786432627,-0.023401884775004156,-2.7755575615628914e-17,-1.9999053172730588,-2.0891637699715675,0.0,-0.0016945849638432264,1.6678366332057815,-2.743284128366184
196.9255344760004,5.998723115143824,5.994833786432627,-0.022662567742025463,-2.7755575615628914e-17,-1.9998544410402372,-2.0897651560905977,0.0,-0.0016534392489120364,1.646020017555852,-2.725986115908666
196.99461874700137,5.997688814865349,5.994833786432627,-0.022395899347644188,-2.7755575615628914e-17,-1.9998251907120241,-2.090544450211822,0.0,-0.0015936917625367641,1.6235052702051247,-2.708654491839758
197.0193805939998,5.996735637402453,5.994833786432627,-0.022638860905822233,-2.7755575615628914e-17,-1.9999765553731548,-2.091394515491613,0.0,-0.001666958094574511,1.6119860971419628,-2.691292150351006
197.07966706300067,5.995632723209974,5.994833786432627,-0.023334599165765302,-2.7755575615628914e-17,-1.9998654530048967,-2.0923465965651067,0.0,-0.001673595397733152,1.5906930802676316,-2.6739462456066287
197.12893753400022,5.994662643494533,5.994833786432627,-0.025004307328441167,-2.7755575615628914e-17,-1.9999093887607926,-2.093241209380189,0.0,-0.0017478271620348096,1.5732397877476885,-2.656276482523784
197.1943455239998,5.993862623294407,5.994833786432627,-0.026026895412365136,-2.7755575615628914e-17,-1.9998416402405264,-2.094224868842917,0.0,-0.0016912335995584726,1.5526449025741558,-2.638868825819153
197.2240629120006,5.993235240145824,5.994833786432627,-0.028163911436673073,-2.7755575615628914e-17,-1.9999674557478415,-2.0951394650369277,0.0,-0.0015729143051430583,1.5421729270621896,-2.6214364170556834
197.28796531900116,5.992386572465776,5.994833786432627,-0.03230379068494149,-2.7755575615628914e-17,-1.9998480880312293,-2.095920077242119,0.0,-0.001524844323284924,1.5214035089634574,-2.6031802031133613
197.31897192700126,5.991891283911577,5.994833786432627,-0.033069914840118675,-2.7755575615628914e-17,-1.999963973133998,-2.096431534720102,0.0,-0.0015657779294997454,1.5111060663766906,-2.5857504111086613
197.38093794500128,5.991605276620525,5.994833786432627,-0.03583810551758537,-2.7755575615628914e-17,-1.9998583068841278,-2.096909761806668,0.0,-0.0014157593250274658,1.4915583787543536,-2.568300205968066
197.44339137300085,5.991392122082269,5.994833786432627,-0.03874028133812013,-2.7755575615628914e-17,-1.9998556827659348,-2.097330771920047,0.0,-0.0013233657227829099,1.4716616252816186,-2.5508433118944427
197.4743944239999,5.991014670564479,5.994833786432627,-0.04155285511758178,-2.7755575615628914e-17,-1.999964134365108,-2.0975164581314925,0.0,-0.0013559904182329774,1.467298302151633,-2.533398831136351
197.53596525300054,5.990876212955002,5.994833786432627,-0.044079460495232925,-2.7755575615628914e-17,-1.9998592336478886,-2.0975116089671895,0.0,-0.0013016099110245705,1.4475760816040966,-2.515938127379751
197.60069053799998,5.990971508311066,5.994833786432627,-0.046727277922254284,-2.7755575615628914e-17,-1.9998455118787855,-2.097416352123293,0.0,-0.0013155153719708323,1.4282029269069598,-2.4984659485207596
197.63123872899996,5.991181876905525,5.994833786432627,-0.04939760167051388,-2.7755575615628914e-17,-1.999964270884804,-2.0971849223217904,0.0,-0.0011622539022937417,1.4177309513949936,-2.4809975065651027
197.6937036090003,5.991310207717171,5.994833786432627,-0.05196697239758552,-2.7755575615628914e-17,-1.9998558284898058,-2.096820028027502,0.0,-0.0011598459677770734,1.3960888686702644,-2.4635540329046446
197.72496495300038,5.991682201034266,5.994833786432627,-0.054430152248450936,-2.7755575615628914e-17,-1.9999633571351518,-2.0962891739322234,0.0,-0.0011387583799660206,1.3849187614575005,-2.4461016117021557
197.787306532,5.992279886870655,5.994833786432627,-0.05693822744736665,-2.7755575615628914e-17,-1.9998552639390332,-2.0956157559367288,0.0,-0.001149917719885707,1.3629276128823715,-2.428644894876016
197.81954097500056,5.992969337712219,5.994833786432627,-0.059280447002954206,-2.7755575615628914e-17,-1.999961750486859,-2.0948039865360153,0.0,-0.0010369346709921956,1.3514084398192097,-2.411193068226475
197.88166593900132,5.9935277140339895,5.994833786432627,-0.061310421708112406,-2.7755575615628914e-17,-1.9998567395324833,-2.0937630821189077,0.0,-0.0009847985347732902,1.3285446266180836,-2.39375756309903
197.94406357300068,5.994276760200663,5.994833786432627,-0.06276819792557964,-2.7755575615628914e-17,-1.9998569403313178,-2.0925415908386324,0.0,-0.0008311235578730702,1.3069025438933544,-2.3763240975519784
197.9751761389998,5.995157435866885,5.994833786432627,-0.06322098662599052,-2.7755575615628914e-17,-1.999963170504935,-2.0911422470507635,0.0,-0.0008901127148419619,1.2960815025309893,-2.3591872571002948
198.03773382200052,5.996062389201345,5.994833786432627,-0.0639163136655545,-2.7755575615628914e-17,-1.999856322903352,-2.08970510370714,0.0,-0.0008138676057569683,1.2744394198062592,-2.342063248022181
198.06783781300146,5.9968175626427485,5.994833786432627,-0.06511796420058036,-2.7755575615628914e-17,-1.9999655539731882,-2.0882254292381752,0.0,-0.0007357452996075153,1.2685053003494788,-2.3246709858742034
198.1311596450014,5.997698588856514,5.994833786432627,-0.06529782864500211,-2.7755575615628914e-17,-1.9998516195856284,-2.086656345341237,0.0,-0.0006658982601948082,1.241976295719165,-2.3072865221404575
198.19379021399982,5.998674503867854,5.994833786432627,-0.06517583396807525,-2.7755575615628914e-17,-1.9998571568284076,-2.085026853363643,0.0,-0.000651154899969697,1.226268332451216,-2.28991265252085
198.22445546400013,5.999625544499408,5.994833786432627,-0.06460222177653119,-2.7755575615628914e-17,-1.9999647337399786,-2.0833032131862805,0.0,-0.0005332117434591055,1.2157963569392498,-2.272546171053187
198.2875983210015,6.000394642077501,5.994833786432627,-0.06368857137996309,-2.7755575615628914e-17,-1.999851825561372,-2.0815445974496036,0.0,-0.00043261548853479326,1.1953760046909165,-2.2551789462598824
198.31944937700064,6.001223837248923,5.994833786432627,-0.06264402722692408,-2.7755575615628914e-17,-1.9999620820794688,-2.079794644164996,0.0,-0.00032145227305591106,1.1845549633285515,-2.2378277387947283
198.38146697100092,6.002083358323939,5.994833786432627,-0.06137823047469315,-2.7755575615628914e-17,-1.9998575527514433,-2.078021908080518,0.0,-0.0003098991292063147,1.1632619464542202,-2.220493491614203
198.4436511950007,6.002879733389907,5.994833786432627,-0.059813521187167984,-2.7755575615628914e-17,-1.9998581842260128,-2.076305276353204,0.0,-0.00021053965610917658,1.1426670612806875,-2.203162393908088
198.47446187700007,6.003485460320477,5.994833786432627,-0.057873995285789404,-2.7755575615628914e-17,-1.9999653566286542,-2.074626194368324,0.0,-0.00011715811706380919,1.1318460199183225,-2.1858111454734384
198.53724948000126,6.004073969877639,5.994833786432627,-0.0555561874577809,-2.7755575615628914e-17,-1.9998540630337818,-2.0730926262709333,0.0,6.827381730545312e-05,1.1102039371935932,-2.1684818753568416
198.56871419300114,6.0046302982346536,5.994833786432627,-0.05318685360259856,-2.7755575615628914e-17,-1.999962402265887,-2.0715956706116594,0.0,0.0001499708741903305,1.0993828958312282,-2.1511738897662167
198.6309722650003,6.005076560455254,5.994833786432627,-0.05065877629709936,-2.7755575615628914e-17,-1.999856603498043,-2.0700988921190353,0.0,0.00023315250291489065,1.0784389448072957,-2.133876228523835
198.6936069830008,6.005314104270771,5.994833786432627,-0.047947548982369526,-2.7755575615628914e-17,-1.9998564714247313,-2.068743633118,0.0,0.0002956222160719335,1.056971395007766,-2.116569828172742
198.72450387500066,6.005473077936523,5.994833786432627,-0.044845033714489224,-2.7755575615628914e-17,-1.9999640570472947,-2.06755990800668,0.0,0.0004092392046004534,1.0461503536454009,-2.0992840020673915
198.78773466700113,6.005539335394123,5.994833786432627,-0.04093563780682652,-2.7755575615628914e-17,-1.999853506537279,-2.0664117554448507,0.0,0.0005130114732310176,1.030442390377452,-2.0823034567526513
198.81873251800062,6.005460123330553,5.994833786432627,-0.03839454475196713,-2.7755575615628914e-17,-1.9999642127701487,-2.0654458155135202,0.0,0.0005962162395007908,1.0199704148654867,-2.06503913392194
198.88136106300044,6.005146265860113,5.994833786432627,-0.03523128129748032,-2.7755575615628914e-17,-1.999855893887036,-2.064732096389894,0.0,0.0007072581793181598,0.9988519309163548,-2.0477526010888636
198.94456236100086,6.004742125218865,5.994833786432627,-0.03199822071293834,-2.7755575615628914e-17,-1.999853355434839,-2.0643515331732214,0.0,0.0007016417221166193,0.9772098481916256,-2.030480324278465
198.9760998590009,6.0042421051669415,5.994833786432627,-0.02877391446847355,-2.7755575615628914e-17,-1.9999616961713182,-2.0641493313639643,0.0,0.0007221230189315975,0.96656333975446,-2.013219830615409
199.03845261900096,6.003641805252938,5.994833786432627,-0.02572138738629348,-2.7755575615628914e-17,-1.9998591115064468,-2.0640093045748498,0.0,0.0008057838422246277,0.9452703228801287,-1.9959556389670017
199.06823693200022,6.002954550168553,5.994833786432627,-0.023160867333109958,-2.7755575615628914e-17,-1.999965817150279,-2.0641556618091736,0.0,0.00090723333414644,0.9342747485925642,-1.9786628517188753
199.13101299400114,6.002202830710102,5.994833786432627,-0.020909816899661315,-2.7755575615628914e-17,-1.9998539996945421,-2.0646125472507273,0.0,0.0009976971196010709,0.9117600012418379,-1.961378091664304
199.1794018060009,6.001403011541417,5.994833786432627,-0.019034606641605167,-2.7755575615628914e-17,-1.9999135169137818,-2.06522565729659,0.0,0.0010666819289326668,0.894830307497493,-1.9440985499106014
199.22990259500148,6.000543733832672,5.994833786432627,-0.018119041459153662,-2.7755575615628914e-17,-1.9999061231662374,-2.0659113463159504,0.0,0.0010588793084025383,0.8785987454539459,-1.9265236375617094
199.28002838800057,5.999683787375536,5.994833786432627,-0.016423246824665005,-2.7755575615628914e-17,-1.999906314716513,-2.066624861763532,0.0,0.0010119661455973983,0.8562585310284181,-1.9092054843602202
199.3448951040009,5.998815402060099,5.994833786432627,-0.015718667290158472,-2.7755575615628914e-17,-1.9998467014020898,-2.067493972497302,0.0,0.0010516791371628642,0.840026968984871,-1.8918921007778522
199.37077155200132,5.997901085678027,5.994833786432627,-0.01710465069626932,-2.7755575615628914e-17,-1.9999744456928914,-2.0683250061998946,0.0,0.0010961969383060932,0.828856861772107,-1.873720691645883
199.42990800799998,5.997018741585309,5.994833786432627,-0.015225238837599409,-2.7755575615628914e-17,-1.9998715244347647,-2.069110839201036,0.0,0.0011293633142486215,0.8126252997285599,-1.8564029277742014
199.48069153000142,5.996088474470526,5.994833786432627,-0.015567236425776065,-2.7755575615628914e-17,-1.9999035251016553,-2.069930102835067,0.0,0.0012135052820667624,0.7906341511534314,-1.8390581979107317
199.5298582710002,5.995222002536475,5.994833786432627,-0.016196163646863326,-2.7755575615628914e-17,-1.9999104983254246,-2.0708470507668175,0.0,0.0012189624831080437,0.7749261878854821,-1.821716378980656
199.58167331200093,5.994433937483727,5.994833786432627,-0.01716382329827071,-2.7755575615628914e-17,-1.9999001479812268,-2.071733314079129,0.0,0.001359206740744412,0.759567290467932,-1.8043771939740578
199.63693104699996,5.99374406954358,5.994833786432627,-0.018336510905061665,-2.7755575615628914e-17,-1.999886107919052,-2.0724994032114594,0.0,0.0012984179193153977,0.7387978723691999,-1.7870269195484674
199.6962972830006,5.993212628346378,5.994833786432627,-0.019716477118978337,-2.7755575615628914e-17,-1.9998690282296638,-2.073222240066227,0.0,0.001356309512630105,0.7234389749516499,-1.7696445162972976
199.7298798540014,5.992764925552402,5.994833786432627,-0.021336573993233465,-2.7755575615628914e-17,-1.9999579445555264,-2.074029395918967,0.0,0.0014393555466085672,0.7127924665144842,-1.752268462419096
199.77969372400003,5.992410577273038,5.994833786432627,-0.02309974092616024,-2.7755575615628914e-17,-1.9999080352981427,-2.074734971160276,0.0,0.001457991311326623,0.6920230484157517,-1.7348987997553922
199.83000590700067,5.99219619388402,5.994833786432627,-0.025012675426658026,-2.7755575615628914e-17,-1.9999057610225657,-2.0752606822898545,0.0,0.0013843916822224855,0.6757914863722045,-1.7175267750659995
199.8796616010004,5.992215154058523,5.994833786432627,-0.02705635852405336,-2.7755575615628914e-17,-1.9999095763630599,-2.0757358363156793,0.0,0.0014410448493435979,0.6586872597026598,-1.7001401958494295
199.93044367100083,5.992302563766743,5.994833786432627,-0.029080835009515194,-2.7755575615628914e-17,-1.9999033398531405,-2.076095749139039,0.0,0.0014861009549349546,0.6424556976591127,-1.6827634902471953
199.97937419000118,5.992456664055428,5.994833786432627,-0.030948616912856275,-2.7755575615628914e-17,-1.9999108429699266,-2.076225783805689,0.0,0.0014455894706770778,0.6262241356155656,-1.6653979617891488
200.03061913500096,5.992691729249104,5.994833786432627,-0.032060924126517454,-2.7755575615628914e-17,-1.9999027471334454,-2.076179531896108,0.0,0.0015575847355648875,0.6098180406468185,-1.648320271626379
200.07921405700108,5.9930545652854015,5.994833786432627,-0.03418214853551979,-2.7755575615628914e-17,-1.9999121250448413,-2.075984786061604,0.0,0.0015047733904793859,0.5881759579220889,-1.6309356603988077
200.13086963000023,5.99344790909451,5.994833786432627,-0.03497227685091735,-2.7755575615628914e-17,-1.999900920884824,-2.0758002145151195,0.0,0.0015160618349909782,0.5708971983273452,-1.6138552546486071
200.18612925900015,5.9938673190853775,5.994833786432627,-0.036661380929545705,-2.7755575615628914e-17,-1.999887269954445,-2.075474093101367,0.0,0.0014798520132899284,0.5544911033585986,-1.5965021091514242
200.21433464000074,5.99438933616763,5.994833786432627,-0.03755613598580229,-2.7755575615628914e-17,-1.9999701450848015,-2.075004922003911,0.0,0.0014699489111080766,0.5434955290710342,-1.5791495825848214
200.2797998140013,5.995181293883287,5.994833786432627,-0.038291511713115435,-2.7755575615628914e-17,-1.999841642161283,-2.074461774521739,0.0,0.0014606474433094263,0.5222025121967033,-1.5617765030047643
200.33008420400074,5.995932008573847,5.994833786432627,-0.03896297918902533,-2.7755575615628914e-17,-1.9999058679355728,-2.073856882356967,0.0,0.001601295662112534,0.5056218843027573,-1.5444260552985576
200.3795571770006,5.996623507846512,5.994833786432627,-0.03915278764793945,-2.7755575615628914e-17,-1.9999098516375065,-2.0731043290834155,0.0,0.0015365376602858305,0.49043751981040673,-1.5270982849611918
200.43129480300013,5.997315150595739,5.994833786432627,-0.03881542452398795,-2.7755575615628914e-17,-1.9999003883414752,-2.0721852730412045,0.0,0.001464986358769238,0.47560222116845496,-1.5097784802899632
200.4809313220012,5.998143836282705,5.994833786432627,-0.038339942318398365,-2.7755575615628914e-17,-1.9999110458325355,-2.071167226023617,0.0,0.0014832396991550922,0.45535640184532067,-1.4924457833188782
200.53111740799977,5.998857315262016,5.994833786432627,-0.03768609055921568,-2.7755575615628914e-17,-1.9999037080947697,-2.0702256400942822,0.0,0.0015541856409981847,0.4403465702781695,-1.4751385052969583
200.5795247590013,5.9994520419882065,5.994833786432627,-0.03672186627986662,-2.7755575615628914e-17,-1.9999136880144721,-2.069230703277305,0.0,0.0015074154362082481,0.42516220578581887,-1.4578555342043715
200.63098399400042,6.000062119253558,5.994833786432627,-0.03544116512019499,-2.7755575615628914e-17,-1.9999013959154301,-2.068180557349254,0.0,0.00137449917383492,0.40980330836826884,-1.440582409627441
200.68673409000075,6.000943693416347,5.994833786432627,-0.03394999261950182,-2.7755575615628914e-17,-1.9998855009785232,-2.067182020613088,0.0,0.0012844721786677837,0.388510291493938,-1.4233011534384388
200.7144382130009,6.001619620334021,5.994833786432627,-0.03237517262332129,-2.7755575615628914e-17,-1.9999715498577844,-2.066260223073755,0.0,0.0011641241144388914,0.3834488366631543,-1.4060447456303868
200.76412382400122,6.0020942994273465,5.994833786432627,-0.03053866624166346,-2.7755575615628914e-17,-1.999908475652421,-2.0653398690772526,0.0,0.0010299953864887357,0.367566340470006,-1.388811273621339
200.82930911600124,6.002486105335348,5.994833786432627,-0.028391732986585816,-2.7755575615628914e-17,-1.9998431190689396,-2.064461140258703,0.0,0.00104527676012367,0.3454006589696781,-1.3715894751782929
200.88001342100142,6.003015266326578,5.994833786432627,-0.02516108584888177,-2.7755575615628914e-17,-1.9999057094887314,-2.0635983103056916,0.0,0.0009047759813256562,0.3234095103945491,-1.3546544818322264
200.93063038200125,6.003235410897876,5.994833786432627,-0.022730621860203915,-2.7755575615628914e-17,-1.9999040875683398,-2.0628412445113833,0.0,0.0007781708263792098,0.30682888250060314,-1.3374520947557043
200.98638784000104,6.003170641928199,5.994833786432627,-0.019351197595173453,-2.7755575615628914e-17,-1.9998851335170975,-2.062240888374245,0.0,0.0006724517443217337,0.2907718533822554,-1.3202654178678468
201.013973041001,6.00303750908115,5.994833786432627,-0.015945818705279335,-2.7755575615628914e-17,-1.999972701052788,-2.0618663187664485,0.0,0.0004990652087144554,0.27925268031909267,-1.3030846411730614
201.06544053200014,6.003212675761341,5.994833786432627,-0.012485155704463846,-2.7755575615628914e-17,-1.9999026337480257,-2.061709893276958,0.0,0.00032616747193969786,0.26302111827554553,-1.285903470332573
201.12998479599992,6.00303697203212,5.994833786432627,-0.009353078496666223,-2.7755575615628914e-17,-1.9998435217753379,-2.0617634858740077,0.0,0.00018683493544813246,0.24068090385001817,-1.2687307214769656
201.18555273099992,6.002527095244242,5.994833786432627,-0.006053048913585157,-2.7755575615628914e-17,-1.9998855363891481,-2.06201266812518,0.0,-2.984773118441808e-06,0.22444934180647058,-1.2515633081799515
201.21656708200135,6.001881226415307,5.994833786432627,-0.002476489292262851,-2.7755575615628914e-17,-1.9999642252092675,-2.062450778748769,0.0,-0.0002675607684068382,0.2139773662945048,-1.2343980992159274
201.27962817300067,6.001421059652042,5.994833786432627,0.0005261890370612532,-2.7755575615628914e-17,-1.9998531158933246,-2.063112994744311,0.0,-0.0004410235269460827,0.19303341527057283,-1.2169530338003394
201.34204171400052,6.000636488142185,5.994833786432627,0.00413983982109134,-2.7755575615628914e-17,-1.9998566365237591,-2.0640134871067883,0.0,-0.0006429300992749631,0.17139133254584316,-1.1997884573926862
201.37310476600032,5.999541533227325,5.994833786432627,0.006917866660391181,-2.7755575615628914e-17,-1.999964002072675,-2.0650585659588914,0.0,-0.0006766138249076903,0.16057029118347854,-1.1826157504030017
201.43550000200048,5.998335010294384,5.994833786432627,0.009378583001082408,-2.7755575615628914e-17,-1.9998565741614047,-2.066339332485855,0.0,-0.0006680500810034573,0.13997540600994496,-1.165435677681182
201.4998727250004,5.997218567981159,5.994833786432627,0.009665627971649715,-2.7755575615628914e-17,-1.9998474757053237,-2.067766535825471,0.0,-0.0008581872098147869,0.11833332328521573,-1.147396784679917
201.52994029600086,5.995957886550256,5.994833786432627,0.012856661761694754,-2.7755575615628914e-17,-1.9999653048123478,-2.069328906060671,0.0,-0.0010001629125326872,0.1076868148480501,-1.1302010947873717
201.59437370200067,5.994491006288853,5.994833786432627,0.013690317307424538,-2.7755575615628914e-17,-1.9998480123923994,-2.0710903157604816,0.0,-0.0010550927836447954,0.08691739674931753,-1.1129856271463048
201.62466943000072,5.993070143195283,5.994833786432627,0.014114656202926179,-2.7755575615628914e-17,-1.9999648982553118,-2.07303760424372,0.0,-0.0012340821558609605,0.07609635538695292,-1.095758923832926
201.68820113100082,5.99209962556219,5.994833786432627,0.014037617424685345,-2.7755575615628914e-17,-1.9998511206987644,-2.075014360144222,0.0,-0.001285552978515625,0.054454272662223246,-1.0785449272468608
201.71999825400053,5.990957623058494,5.994833786432627,0.013037023837096817,-2.7755575615628914e-17,-1.99996204641248,-2.076959321962981,0.0,-0.0013611859176307917,0.04380776422505761,-1.0613042215301673
201.7821208410005,5.989698130308795,5.994833786432627,0.011658522113581204,-2.7755575615628914e-17,-1.9998569304191929,-2.0788958182854347,0.0,-0.0014271491672843695,0.023561944901923315,-1.0440381563661265
201.84456969799976,5.988539284177238,5.994833786432627,0.009906513910602488,-2.7755575615628914e-17,-1.9998558136553357,-2.0808834156118876,0.0,-0.001444346271455288,0.0029670597283901756,-1.026754488342295
201.87656072400023,5.9878209995944065,5.994833786432627,0.008003837854822615,-2.7755575615628914e-17,-1.9999612270235523,-2.0827643443013475,0.0,-0.0015700997319072485,-0.0015707963267947989,-1.0094744547597385
201.93768560700119,5.986999575666319,5.994833786432627,0.005576664359518868,-2.7755575615628914e-17,-1.999862854638227,-2.08446091960399,0.0,-0.0017258899752050638,-0.021991148575128516,-0.9921681412946082
201.96979218900015,5.986113970466842,5.994833786432627,0.003096128826441058,-2.7755575615628914e-17,-1.9999614721256982,-2.08626523003237,0.0,-0.0017427075654268265,-0.03246312408709473,-0.9748371445711638
202.03219460900073,5.985342954104221,5.994833786432627,0.0005862243368178754,-2.7755575615628914e-17,-1.9998535470986398,-2.088016202415175,0.0,-0.0017670474480837584,-0.052883476335428004,-0.9574892534627711
202.09618963600042,5.984972349171747,5.994833786432627,-0.0019406275461383293,-2.7755575615628914e-17,-1.9998502411141617,-2.08970169606829,0.0,-0.0017355041345581412,-0.0747000919853571,-0.9401457590697182
202.12606814300125,5.984559639094708,5.994833786432627,-0.004092568476097291,-2.7755575615628914e-17,-1.9999655132412366,-2.0910916940201227,0.0,-0.0017737793968990445,-0.08534660042252273,-0.9230702368560364
202.18734707300064,5.984091101120628,5.994833786432627,-0.007531487760821465,-2.7755575615628914e-17,-1.9998600560155535,-2.0924073508696477,0.0,-0.0017474706983193755,-0.10751228192285067,-0.9056827662236884
202.21879183800047,5.983812030582983,5.994833786432627,-0.009857125660929444,-2.7755575615628914e-17,-1.9999635928264277,-2.0937548292164547,0.0,-0.0018121545435860753,-0.118856922060814,-0.8885793376365672
202.28219661100047,5.983998966413027,5.994833786432627,-0.013237359353490241,-2.7755575615628914e-17,-1.9998494272927234,-2.0949386791643088,0.0,-0.0017152748769149184,-0.1406735377107431,-0.8712076536207705
202.3447889170002,5.984128130187376,5.994833786432627,-0.016347744705768052,-2.7755575615628914e-17,-1.9998569729081075,-2.095840125034769,0.0,-0.001736337784677744,-0.16283921921107103,-0.853816027931644
202.37640987099985,5.984221910595964,5.994833786432627,-0.01928000675712238,-2.7755575615628914e-17,-1.9999615050150363,-2.0965424011589513,0.0,-0.001754330936819315,-0.17383479349863507,-0.8364085279807141
202.43838611400133,5.984445313778757,5.994833786432627,-0.021982019394949814,-2.7755575615628914e-17,-1.999859077688622,-2.097106352687329,0.0,-0.0017904392443597317,-0.19460421159736807,-0.8189989966153309
202.4687685230001,5.985061144354019,5.994833786432627,-0.024555901278763947,-2.7755575615628914e-17,-1.9999659819923234,-2.0975171394858547,0.0,-0.0017529051983729005,-0.200363798128949,-0.8016178020575062
202.53069265900012,5.985605826481866,5.994833786432627,-0.02715098994653542,-2.7755575615628914e-17,-1.999854182590305,-2.0975765421828623,0.0,-0.0018123261397704482,-0.22095868330248214,-0.7842226491216601
202.59485038999992,5.986089128762604,5.994833786432627,-0.029431545705769446,-2.7755575615628914e-17,-1.9998510609680924,-2.097581491840021,0.0,-0.0017790284473448992,-0.24207716725161355,-0.7668172150520699
202.62540880900087,5.986640884341172,5.994833786432627,-0.03111631225216782,-2.7755575615628914e-17,-1.9999633687925422,-2.097478215553481,0.0,-0.001774653559550643,-0.2525491427635793,-0.7494249834522183
202.6898798050006,5.987487816804642,5.994833786432627,-0.03231766266651892,-2.7755575615628914e-17,-1.9998476714851623,-2.0972265881291676,0.0,-0.0017527524614706635,-0.27296949501191303,-0.7320930037079482
202.7203411620012,5.9882174605470135,5.994833786432627,-0.03365301916777108,-2.7755575615628914e-17,-1.9999644729938835,-2.096600804244502,0.0,-0.0016442453488707542,-0.2837905363742781,-0.7147469224417718
202.78326582800037,5.988838375950289,5.994833786432627,-0.034688052473223374,-2.7755575615628914e-17,-1.999853087564146,-2.0959702497423898,0.0,-0.0016456451267004013,-0.3056071520242072,-0.6973904599718208
202.84581759700086,5.989476875673712,5.994833786432627,-0.03533715343908628,-2.7755575615628914e-17,-1.9998539000873177,-2.0954118456596644,0.0,-0.0016905298689380288,-0.32637657012293975,-0.6800509164107406
202.8777364280013,5.9903205515214015,5.994833786432627,-0.03544286896526461,-2.7755575615628914e-17,-1.9999627275934404,-2.0947701618230066,0.0,-0.0015656118048354983,-0.33702307856010494,-0.662782018952705
202.94098434900116,5.990995496447575,5.994833786432627,-0.0353698117779897,-2.7755575615628914e-17,-1.9998520515077023,-2.0938038676550184,0.0,-0.0015832544304430485,-0.3586651612848346,-0.6454955023299644
202.9719493470002,5.991525232331567,5.994833786432627,-0.034641766916977734,-2.7755575615628914e-17,-1.9999647824541416,-2.0930186976403373,0.0,-0.0016193068586289883,-0.36931166972200025,-0.6284858759730914
203.0353305560002,5.992009166840035,5.994833786432627,-0.03491692700599669,-2.7755575615628914e-17,-1.9998480754740804,-2.0923018966333333,0.0,-0.001685001770965755,-0.39060468659633063,-0.611200599372527
203.0996450900002,5.992595271513866,5.994833786432627,-0.0340984616625678,-2.7755575615628914e-17,-1.9998466030939026,-2.091641629749051,0.0,-0.0018125211354345083,-0.41242130224626017,-0.5939869798197764
203.13030111100124,5.992986776515843,5.994833786432627,-0.033133538933683426,-2.7755575615628914e-17,-1.9999651397064213,-2.09071793782638,0.0,-0.0017972738714888692,-0.42289327775822594,-0.5767504060140202
203.18045542599975,5.99319851636527,5.994833786432627,-0.031913020264663805,-2.7755575615628914e-17,-1.9999074124455523,-2.090023708256058,0.0,-0.001804027589969337,-0.4391248398017731,-0.5594943467562544
203.23196498500147,5.993358567550706,5.994833786432627,-0.030666739242771524,-2.7755575615628914e-17,-1.999900727708533,-2.0895385750168605,0.0,-0.001799952588044107,-0.4550073359949218,-0.542248066872942
203.2809639420011,5.993639360041086,5.994833786432627,-0.029282153682886558,-2.7755575615628914e-17,-1.999911339206697,-2.089191602512525,0.0,-0.0018004373414441943,-0.47699848457005034,-0.5250689248807072
203.33187284800078,5.9937171103261635,5.994833786432627,-0.02792631446724214,-2.7755575615628914e-17,-1.9999032495932276,-2.088644801045648,0.0,-0.001909663900732994,-0.49375364538919575,-0.5078600603581148
203.3805733270001,5.993597709270493,5.994833786432627,-0.027068717966171385,-2.7755575615628914e-17,-1.9999124259016885,-2.0884020601863824,0.0,-0.0019077158067375422,-0.5101597403579428,-0.490334439365349
203.43183096600114,5.993314509634775,5.994833786432627,-0.02493563229597895,-2.7755575615628914e-17,-1.9999018409330407,-2.0884342793831494,0.0,-0.001954295439645648,-0.5265658353266893,-0.47307087536782905
203.48130196400052,5.993323793722411,5.994833786432627,-0.02292614215313371,-2.7755575615628914e-17,-1.9999101465246614,-2.0887640869692703,0.0,-0.0020296636503189802,-0.5431464632206353,-0.4559930790236818
203.53218544300034,5.993073876559742,5.994833786432627,-0.023203280983759678,-2.7755575615628914e-17,-1.9999029732152096,-2.0885130910728247,0.0,-0.0020512633491307497,-0.560425222815379,-0.437996419845429
203.5810646560003,5.992669482057258,5.994833786432627,-0.019893700324372654,-2.7755575615628914e-17,-1.9999133627774002,-2.088644951513838,0.0,-0.002124417806044221,-0.576831317784126,-0.4208277310298131
203.63118837500042,5.992103291684674,5.994833786432627,-0.01857902440698833,-2.7755575615628914e-17,-1.9999043977739484,-2.089149025978845,0.0,-0.0020302385091781616,-0.593411945678072,-0.4036146508139158
203.68117103999975,5.991755201818951,5.994833786432627,-0.017062861397937223,-2.7755575615628914e-17,-1.9999091908765245,-2.0901116936300053,0.0,-0.0022255706135183573,-0.6159266930287988,-0.38654357831184066
203.73202297100033,5.991229661573118,5.994833786432627,-0.016069742559668976,-2.7755575615628914e-17,-1.9999020846360347,-2.090661488886912,0.0,-0.00230649602599442,-0.6325073209227448,-0.3694121023136454
203.78066492900143,5.990562560001135,5.994833786432627,-0.015389512059929555,-2.7755575615628914e-17,-1.9999124708563534,-2.091587134124555,0.0,-0.00230412557721138,-0.6487388829662923,-0.3522257262354517
203.8311972520005,5.989792899673972,5.994833786432627,-0.015046630470849531,-2.7755575615628914e-17,-1.9999046109028065,-2.0929252519773742,0.0,-0.002276048297062516,-0.6649704450098395,-0.3349847257417487
203.89715537700067,5.989311644274513,5.994833786432627,-0.01467554769173307,-2.7755575615628914e-17,-1.999842353286822,-2.09457136358067,0.0,-0.0022389679215848446,-0.6867870606597686,-0.317875434993769
203.9221388349997,5.988722543974316,5.994833786432627,-0.014934574584012483,-2.7755575615628914e-17,-1.9999755504475591,-2.0957137693413657,0.0,-0.002230988582596183,-0.6976081020221336,-0.3006988573550973
203.98072204600066,5.988069417334799,5.994833786432627,-0.015656495943556892,-2.7755575615628914e-17,-1.999872845877629,-2.0971316465576404,0.0,-0.00225596665404737,-0.7133160652900825,-0.28346148330593773
204.03184654600045,5.987399975968904,5.994833786432627,-0.016939689177577044,-2.7755575615628914e-17,-1.999903685974395,-2.0988745870941528,0.0,-0.002199302427470684,-0.7290240285580314,-0.2661649195180936
204.09574617399994,5.986992584157995,5.994833786432627,-0.01819131506515803,-2.7755575615628914e-17,-1.9998455117441662,-2.1008027342796867,0.0,-0.0022848094813525677,-0.7496189137315641,-0.24899724109294732
204.12310324800092,5.986569743165632,5.994833786432627,-0.020000534373396717,-2.7755575615628914e-17,-1.9999731536410659,-2.102113393461757,0.0,-0.002284279325976968,-0.7599163563183309,-0.2317601966575265
204.18132369100022,5.986162901949237,5.994833786432627,-0.02213555562827274,-2.7755575615628914e-17,-1.999872201506067,-2.1035453365820387,0.0,-0.002306889509782195,-0.7747516549602826,-0.2144619174032522
204.2320719569998,5.985819214976795,5.994833786432627,-0.024006304339618922,-2.7755575615628914e-17,-1.999904771479579,-2.105222298406505,0.0,-0.002332686446607113,-0.7941248096574198,-0.1973982430716377
204.28106592400036,5.9857648249815405,5.994833786432627,-0.02634421106368251,-2.7755575615628914e-17,-1.9999108412236744,-2.106957046649115,0.0,-0.0023173950612545013,-0.8094837070749699,-0.18045756133788704
204.33144465900114,5.985743419130858,5.994833786432627,-0.029611860470279472,-2.7755575615628914e-17,-1.999904420060227,-2.1080443948464533,0.0,-0.0022967869881540537,-0.8244935386421215,-0.163156602727871
204.38124261899975,5.985787569383685,5.994833786432627,-0.03252070912175309,-2.7755575615628914e-17,-1.9999079386719407,-2.109307731644821,0.0,-0.0023143950384110212,-0.8403760348352698,-0.14579882390243507
204.4318672139998,5.985922621909297,5.994833786432627,-0.03558517703803438,-2.7755575615628914e-17,-1.999905845417037,-2.1105484220364783,0.0,-0.0022395423147827387,-0.8557349322528198,-0.12838854361891228
204.4964735730009,5.986212499291074,5.994833786432627,-0.03835842148158189,-2.7755575615628914e-17,-1.9998452384288692,-2.111805875039255,0.0,-0.0022546742111444473,-0.8777260808279483,-0.11107978305359012
204.5320792450002,5.986582349660461,5.994833786432627,-0.04118767908868143,-2.7755575615628914e-17,-1.9999514385415809,-2.1123642366872732,0.0,-0.002249515615403652,-0.8880235234147147,-0.0937152807077953
204.59570313699987,5.987047495247977,5.994833786432627,-0.04410551693860135,-2.7755575615628914e-17,-1.9998505729729836,-2.112966533896546,0.0,-0.0021819809917360544,-0.9110618695410397,-0.07630367574434839
204.63163833600083,5.987633315830465,5.994833786432627,-0.047215760372036106,-2.7755575615628914e-17,-1.9999516631274683,-2.113596124296453,0.0,-0.0022109418641775846,-0.9229301084546013,-0.05884868348267109
204.6969751400011,5.988334224156697,5.994833786432627,-0.05000339641580749,-2.7755575615628914e-17,-1.9998432734931952,-2.114325580515403,0.0,-0.0021395483054220676,-0.9524261728133054,-0.0415043260574136
204.73415520600065,5.989139167883256,5.994833786432627,-0.052734364773957855,-2.7755575615628914e-17,-1.9999500050574655,-2.1143144929578597,0.0,-0.0020487322472035885,-0.9644689446520665,-0.024112666203223717
204.7814380939999,5.990044355765755,5.994833786432627,-0.0554897219551414,-2.7755575615628914e-17,-1.9999139745666008,-2.1142392966372703,0.0,-0.002104467013850808,-0.9819222371720095,-0.0066827139406765495
204.83180972599985,5.991062216653897,5.994833786432627,-0.058022426084841774,-2.7755575615628914e-17,-1.999906054062766,-2.1141640489997973,0.0,-0.001996984239667654,-0.9993755296919531,0.010780634311308716
204.88165063500128,5.99204792095821,5.994833786432627,-0.06027089789149667,-2.7755575615628914e-17,-1.9999068291075404,-2.113959214143361,0.0,-0.002024768851697445,-1.0222393428930787,0.028149226769259
204.9336286409998,5.993118678556972,5.994833786432627,-0.06204203878821296,-2.7755575615628914e-17,-1.9999013142089501,-2.113147831731405,0.0,-0.0019996361806988716,-1.0386454378618253,0.04555265496352943
204.9966651249997,5.994259723419796,5.994833786432627,-0.06354612414335034,-2.7755575615628914e-17,-1.9998522454369492,-2.112279279929059,0.0,-0.0020107156597077847,-1.054527934054974,0.06298245815841608
205.02134715000102,5.995446277512977,5.994833786432627,-0.06422720110544995,-2.7755575615628914e-17,-1.999977033629989,-2.1113782570037727,0.0,-0.0019503290532156825,-1.0651744424921397,0.0801410456780753
205.08379956300087,5.9965659741143424,5.994833786432627,-0.06554781962205636,-2.7755575615628914e-17,-1.9998569558890178,-2.1104201622523693,0.0,-0.0017524432623758912,-1.0847221301144758,0.09747037573020674
205.11668278700017,5.997726772434507,5.994833786432627,-0.06601694886633955,-2.7755575615628914e-17,-1.9999586244809748,-2.10885251021325,0.0,-0.0018078755820170045,-1.1004300933824247,0.11482827788024103
205.18140425500133,5.998893047686914,5.994833786432627,-0.06617827527787407,-2.7755575615628914e-17,-1.9998452488168263,-2.1074470707737385,0.0,-0.0017461306415498257,-1.115090859099177,0.1322078899187327
205.24477215300067,6.000049116841602,5.994833786432627,-0.0656167618401704,-2.7755575615628914e-17,-1.9998538939806678,-2.106095878402982,0.0,-0.0018162666819989681,-1.1325441516191201,0.14960558173184044
205.27492878200064,6.001081237580049,5.994833786432627,-0.0644438835081661,-2.7755575615628914e-17,-1.9999654213603075,-2.1047917844646022,0.0,-0.0017987557221204042,-1.1414453308042916,0.1669038753628865
205.33880540000064,6.002056503224774,5.994833786432627,-0.06273914450826751,-2.7755575615628914e-17,-1.9998507214651722,-2.1030720125617752,0.0,-0.0017337612807750702,-1.1588986233242349,0.18422554276975098
205.37068242399982,6.0029781329510525,5.994833786432627,-0.06119253352739035,-2.7755575615628914e-17,-1.9999616710393686,-2.1015528307504514,0.0,-0.0017142979195341468,-1.1676252695842066,0.20156512184290865
205.43194558899995,6.003844241684598,5.994833786432627,-0.059685362651688556,-2.7755575615628914e-17,-1.999860175238424,-2.100206759555343,0.0,-0.0016428765375167131,-1.1856021608797482,0.21892063853513682
205.49548041900016,6.004584651022989,5.994833786432627,-0.05822450563455328,-2.7755575615628914e-17,-1.9998522056453918,-2.0989447547598714,0.0,-0.001486938796006143,-1.204975315576885,0.2364670947200453
205.526268738,6.005212491507422,5.994833786432627,-0.055325528166809246,-2.7755575615628914e-17,-1.999964152841245,-2.0974327747994512,0.0,-0.001506633823737502,-1.2150982252384523,0.25374569802071384
205.58931901300093,6.005734264253278,5.994833786432627,-0.05283862353377988,-2.7755575615628914e-17,-1.999856735023922,-2.0960722096073936,0.0,-0.0015060947043821216,-1.2304571226560024,0.2710426437287055
205.62123932800023,6.006075470692656,5.994833786432627,-0.05216153506941357,-2.7755575615628914e-17,-1.9999634409295126,-2.094889649044916,0.0,-0.0015423076692968607,-1.2414526969435666,0.2891721777809449
205.68330476200026,6.00611915883476,5.994833786432627,-0.04762579876436479,-2.7755575615628914e-17,-1.9998534624107172,-2.093759320034817,0.0,-0.0016470366390421987,-1.263443845518695,0.3063941155013045
205.71548647500094,6.00607523410048,5.994833786432627,-0.04475817965206075,-2.7755575615628914e-17,-1.999961184244213,-2.0926366751482166,0.0,-0.0016790548106655478,-1.2815952697394364,0.3236435369371174
205.77845601800072,6.005916635303784,5.994833786432627,-0.04176926437480766,-2.7755575615628914e-17,-1.9998523782087416,-2.091722349954872,0.0,-0.001706430921331048,-1.2988740293341798,0.3409153461579436
205.8406104780006,6.005579630220734,5.994833786432627,-0.0387069200996496,-2.7755575615628914e-17,-1.999860034753814,-2.091073575984627,0.0,-0.001799343153834343,-1.3217378425353057,0.3581845265322957
205.87163517000045,6.004893629805942,5.994833786432627,-0.035525092474780084,-2.7755575615628914e-17,-1.999963312176813,-2.090599732045007,0.0,-0.0017604538006708026,-1.3332570155984682,0.37540586452157737
205.93484402000104,6.004142566163525,5.994833786432627,-0.032399870565802735,-2.7755575615628914e-17,-1.9998527744854444,-2.090110655239942,0.0,-0.0016742624575272202,-1.3561208287995938,0.392660094160426
206.00169096900026,6.003327075044591,5.994833786432627,-0.0298147034566425,-2.7755575615628914e-17,-1.999833905587427,-2.090052061637026,0.0,-0.0018012771615758538,-1.377937444449523,0.4099435464570888
206.02826528400146,6.002394866879164,5.994833786432627,-0.027600021702334443,-2.7755575615628914e-17,-1.9999749822407453,-2.0902401503469714,0.0,-0.001698420848697424,-1.3892820845874863,0.42723498587653036
206.09199506700133,6.001187145820025,5.994833786432627,-0.025862127878313768,-2.7755575615628914e-17,-1.9998504336548972,-2.0906259719719227,0.0,-0.0017420665826648474,-1.411796831938213,0.44449649982442213
206.12205122900014,6.000029891805231,5.994833786432627,-0.024606332941058517,-2.7755575615628914e-17,-1.9999652027999368,-2.0910690072969746,0.0,-0.0017642475431784987,-1.4231414720761761,0.4617954511441978
206.1837522800015,5.998932130902318,5.994833786432627,-0.02409805829287459,-2.7755575615628914e-17,-1.9998583482977021,-2.0917024996159923,0.0,-0.0017426598351448774,-1.4442599560253078,0.4791275312452323
206.24655886999972,5.997849747374013,5.994833786432627,-0.02427532507222563,-2.7755575615628914e-17,-1.999854889752946,-2.0925254211210405,0.0,-0.001752884010784328,-1.4655529728996386,0.4964730528926473
206.277316402,5.996636640599771,5.994833786432627,-0.024166421719675535,-2.7755575615628914e-17,-1.9999644855881606,-2.0933501888659576,0.0,-0.0016531673027202487,-1.4704398948052226,0.5135074310929786
206.34003393400053,5.995571043036476,5.994833786432627,-0.025670355150093305,-2.7755575615628914e-17,-1.9998551681800891,-2.0939832510796874,0.0,-0.001615092740394175,-1.4910347799787558,0.5308677001037396
206.3710106560011,5.994665746595971,5.994833786432627,-0.026484137317092205,-2.7755575615628914e-17,-1.9999644764967066,-2.094820977791416,0.0,-0.001649633515626192,-1.500808623789924,0.5479675980652902
206.43458453700077,5.993835180802143,5.994833786432627,-0.028860367317236624,-2.7755575615628914e-17,-1.9998485490353228,-2.0956842619405154,0.0,-0.0015755501808598638,-1.5219271077390553,0.5653762115978782
206.49692043600044,5.99290164106609,5.994833786432627,-0.031019255133928225,-2.7755575615628914e-17,-1.9998577068569519,-2.0965594031259602,0.0,-0.001501445658504963,-1.5433946575385857,0.5827801419698949
206.52885566000077,5.99219991434054,5.994833786432627,-0.033297600542191,-2.7755575615628914e-17,-1.999961609169845,-2.097204409640751,0.0,-0.0014789520064368844,-1.5535175672001527,0.6002117321935555
206.5920378789997,5.991713616492418,5.994833786432627,-0.03585502366073412,-2.7755575615628914e-17,-1.9998519735199238,-2.097823878283725,0.0,-0.0014295564033091068,-1.5756832487004808,0.6176657636722901
206.6214333759999,5.991364532684084,5.994833786432627,-0.03865223568859577,-2.7755575615628914e-17,-1.9999673730511036,-2.0984001035812496,0.0,-0.0013650036416947842,-1.5868533559132443,0.6351369161501172
206.6821881800006,5.99096141869092,5.994833786432627,-0.04156935219391078,-2.7755575615628914e-17,-1.9998629074726686,-2.0988931906649686,0.0,-0.001271389308385551,-1.6086699715631734,0.6526169620845053
206.7453285219999,5.990826105124862,5.994833786432627,-0.04450312814947299,-2.7755575615628914e-17,-1.9998536076457132,-2.099212390534473,0.0,-0.0012571812840178609,-1.6310101859887007,0.6701122805431475
206.77605485700042,5.990925199932123,5.994833786432627,-0.0474243802199108,-2.7755575615628914e-17,-1.9999639073594386,-2.099363528406057,0.0,-0.00122243189252913,-1.6420057602762654,0.6876176510946461
206.839968323,5.991149232488649,5.994833786432627,-0.05033427258185852,-2.7755575615628914e-17,-1.9998494705607883,-2.0993276661163636,0.0,-0.0012059308355674148,-1.6631242442253964,0.7051277892037376
206.87017526599993,5.991270171896097,5.994833786432627,-0.053229250243926884,-2.7755575615628914e-17,-1.9999666440784893,-2.0991273116638918,0.0,-0.0010482269572094083,-1.668883830756978,0.7226361962404354
206.9318313849999,5.9916473744063,5.994833786432627,-0.05581269127710353,-2.7755575615628914e-17,-1.999856389555264,-2.098649730975519,0.0,-0.0010032259160652757,-1.6894787159305111,0.740147206743897
206.99447853400125,5.992237018237197,5.994833786432627,-0.058176014196722914,-2.7755575615628914e-17,-1.9998550161375535,-2.098028778557016,0.0,-0.0008974556112661958,-1.7105971998796423,0.7576564923971896
207.0257143910003,5.992940805156188,5.994833786432627,-0.060272272442078556,-2.7755575615628914e-17,-1.999963698885094,-2.0971475396736654,0.0,-0.0009555755532346666,-1.7210691753916085,0.7751601586340451
207.0889185619999,5.993570159088707,5.994833786432627,-0.06204572605990455,-2.7755575615628914e-17,-1.9998545335656046,-2.0961539815204127,0.0,-0.0009003680315800011,-1.741489527639942,0.7926549806830434
207.1194492400009,5.994373565265727,5.994833786432627,-0.06296048888833528,-2.7755575615628914e-17,-1.9999637305600402,-2.0950534913989793,0.0,-0.00084062316454947,-1.7521360360771072,0.8098507737111427
207.18064429700098,5.9953494536013885,5.994833786432627,-0.06485871963694834,-2.7755575615628914e-17,-1.9998620627211094,-2.093692534446452,0.0,-0.0007000060868449509,-1.7736035858766377,0.8273263946077395
207.24764540599972,5.99630767782302,5.994833786432627,-0.06583656569365903,-2.7755575615628914e-17,-1.9998340099041934,-2.092243719278226,0.0,-0.0006655454635620117,-1.793849405199772,0.8447888149332161
207.2834795760009,5.996934938194774,5.994833786432627,-0.06627365015751518,-2.7755575615628914e-17,-1.9999532317908637,-2.0906350036186736,0.0,-0.00045166531344875693,-1.8046704465621368,0.8622385284695057
207.3478473920004,5.997703576867145,5.994833786432627,-0.06605733877898567,-2.7755575615628914e-17,-1.9998460067725656,-2.089041921488761,0.0,-0.0004219576367177069,-1.8261379963616668,0.8796750574527353
207.38263755200023,5.998581491586811,5.994833786432627,-0.06580236702091735,-2.7755575615628914e-17,-1.999953776929611,-2.087364849580559,0.0,-0.00029620190616697073,-1.8367845047988325,0.8970959938567791
207.43341271900135,5.99945664462821,5.994833786432627,-0.06558583794725037,-2.7755575615628914e-17,-1.999905940057322,-2.0855440626854644,0.0,-0.00016517555923201144,-1.8582520545983627,0.9145094055900311
207.48360065000088,6.000117639166576,5.994833786432627,-0.06528850412516596,-2.7755575615628914e-17,-1.9999055522246119,-2.0836578266454375,0.0,3.418000051169656e-05,-1.87448361664191,0.9319326870599738
207.5242981320007,6.000906963436485,5.994833786432627,-0.06517773321074105,-2.7755575615628914e-17,-1.9999425611181332,-2.081801281301168,0.0,0.00010984681284753606,-1.8921114420870526,0.9496219955317096
207.5741123530006,6.001727397128615,5.994833786432627,-0.06350071601970075,-2.7755575615628914e-17,-1.999907686397056,-2.0797900489901657,0.0,0.0001908301201183349,-1.908692069980999,0.9669985435119217
207.63336707200142,6.002554995348537,5.994833786432627,-0.06220058124491534,-2.7755575615628914e-17,-1.9998675727626976,-2.0777349770110924,0.0,0.00041220575803890824,-1.9250981649497456,0.9843607249156342
207.683113907,6.003281537480596,5.994833786432627,-0.06062375081392113,-2.7755575615628914e-17,-1.9999064965965456,-2.0755742166717566,0.0,0.0005153606180101633,-1.9470893135248741,1.0017265554475745
207.7329601190013,6.0040523225248865,5.994833786432627,-0.06024568513831208,-2.7755575615628914e-17,-1.9999083437002327,-2.073465563637091,0.0,0.000517836248036474,-1.9629718097180224,1.0199265959774853
207.78220064900052,6.0047239773958365,5.994833786432627,-0.05598534102327246,-2.7755575615628914e-17,-1.9999097864728288,-2.071404277899199,0.0,0.0006652934825979173,-1.97902883883637,1.037236779391641
207.84975862800093,6.005270221697514,5.994833786432627,-0.05345590611587803,-2.7755575615628914e-17,-1.999833626910715,-2.0694893719716765,0.0,0.0008639298612251878,-2.0006709215611,1.0545282559512803
207.88309056100115,6.005527983371535,5.994833786432627,-0.05069338694242098,-2.7755575615628914e-17,-1.9999577710978582,-2.067702713799451,0.0,0.00093371159164235,-2.011491962923465,1.071816140691751
207.9480825139999,6.005726974920674,5.994833786432627,-0.04755815278731346,-2.7755575615628914e-17,-1.9998452550954935,-2.06621533875741,0.0,0.0009898908901959658,-2.0324359139473964,1.0890823247958559
207.97358355000142,6.005838379243992,5.994833786432627,-0.04433560789864566,-2.7755575615628914e-17,-1.999975489900914,-2.0649035761390953,0.0,0.0010376132559031248,-2.0434314882349613,1.1063302506177863
208.03317173100004,6.00581674650033,5.994833786432627,-0.041080798161136745,-2.7755575615628914e-17,-1.9998693380985038,-2.063813113481986,0.0,0.001157408463768661,-2.0593139844281096,1.1235728273684915
208.08316447700054,6.005570184916035,5.994833786432627,-0.037805016690447224,-2.7755575615628914e-17,-1.9999068059511274,-2.0628729126836265,0.0,0.0012157447636127472,-2.080956067152839,1.1408322984456103
208.14740511499986,6.005225647498702,5.994833786432627,-0.03428722673259943,-2.7755575615628914e-17,-1.9998483724303227,-2.0621659999865534,0.0,0.0011819612700492144,-2.0961404316451895,1.1580755131650164
208.1740643360008,6.004762670275974,5.994833786432627,-0.030708998867433168,-2.7755575615628914e-17,-1.9999742552177817,-2.061565233907815,0.0,0.0011353206355124712,-2.1064378742319563,1.1753055820381098
208.23293006800122,6.004154664839253,5.994833786432627,-0.02730361254816116,-2.7755575615628914e-17,-1.9998709216528803,-2.0611598981209407,0.0,0.0010590256424620748,-2.121273172873908,1.192539819661898
208.28361556799973,6.003340470101885,5.994833786432627,-0.02432889929136317,-2.7755575615628914e-17,-1.9999041017934933,-2.0610998640694604,0.0,0.0012354545760899782,-2.1416935251222418,1.2098078452264651
208.33174091300134,6.002466988322868,5.994833786432627,-0.02159232013518897,-2.7755575615628914e-17,-1.9999144754747782,-2.0613444927432774,0.0,0.0012226105900481343,-2.1565288237641935,1.2270661969057626
208.38308593700094,6.001546828327163,5.994833786432627,-0.018647105830311483,-2.7755575615628914e-17,-1.999903836942748,-2.0617252767756526,0.0,0.001242171274498105,-2.171189589480946,1.2440320858471163
208.43305336600133,6.00051189185982,5.994833786432627,-0.017253419558225347,-2.7755575615628914e-17,-1.9999069020734883,-2.0621574430354714,0.0,0.0012713150354102254,-2.186897552748895,1.2612916886330714
208.4839242020007,5.999307513695797,5.994833786432627,-0.015065881081347765,-2.7755575615628914e-17,-1.9999029483160244,-2.062706784838704,0.0,0.0012703139800578356,-2.207492437922428,1.2782988505220498
208.547925072,5.998102201798957,5.994833786432627,-0.01439171609004486,-2.7755575615628914e-17,-1.9998496372431889,-2.063512968571477,0.0,0.0013088698033243418,-2.224771197517172,1.2955876242376252
208.58311405700078,5.996915412286453,5.994833786432627,-0.013582857751770594,-2.7755575615628914e-17,-1.9999533438455388,-2.0643456080399774,0.0,0.0014092110795900226,-2.236115837655135,1.31287467579878
208.64957843100092,5.995727946690444,5.994833786432627,-0.01322483200721325,-2.7755575615628914e-17,-1.9998390265433748,-2.0652150665501035,0.0,0.0013555424520745873,-2.2650883032382407,1.330176506878344
208.6751700170007,5.994496815608867,5.994833786432627,-0.01347325574865571,-2.7755575615628914e-17,-1.9999745454813393,-2.0661522325408677,0.0,0.001288317609578371,-2.276083877525805,1.3475237270531004
208.73288516700086,5.993371316945944,5.994833786432627,-0.014143115231413705,-2.7755575615628914e-17,-1.9998766378867445,-2.067265200922218,0.0,0.0013534942409023643,-2.2947589005221443,1.3648662952163395
208.78293928700077,5.992357912973561,5.994833786432627,-0.01534252214397791,-2.7755575615628914e-17,-1.9999074450497403,-2.0683012536062204,0.0,0.001440292107872665,-2.312212193042088,1.382206391373455
208.8330262390009,5.991479324081115,5.994833786432627,-0.016944599899900936,-2.7755575615628914e-17,-1.9999073224212487,-2.0692306587925113,0.0,0.001420293701812625,-2.328967353861233,1.3995571046800992
208.8839807130007,5.990755269791689,5.994833786432627,-0.019041624606091323,-2.7755575615628914e-17,-1.999902442698696,-2.0700706390939936,0.0,0.0014748119283467531,-2.3513075682867606,1.4169446370201308
208.93966410400026,5.990176797788178,5.994833786432627,-0.021358109968019512,-2.7755575615628914e-17,-1.9998858197369032,-2.071049438819895,0.0,0.0013796478742733598,-2.3673645974051083,1.434323946102078
208.96702105999975,5.989734609510557,5.994833786432627,-0.023681072564628758,-2.7755575615628914e-17,-1.999971543535452,-2.071747834306721,0.0,0.0014002749230712652,-2.3781856387674734,1.451695821060063
209.01738871700036,5.98943605272955,5.994833786432627,-0.026050338797860922,-2.7755575615628914e-17,-1.999906196334862,-2.07228512532423,0.0,0.0015599105972796679,-2.3938936020354222,1.4690716309815823
209.0653668169998,5.989295108697646,5.994833786432627,-0.028456143802791545,-2.7755575615628914e-17,-1.9999143739658136,-2.072739999694022,0.0,0.0014849711442366242,-2.4092524994529723,1.4864734095353396
209.11716012800025,5.989266581084934,5.994833786432627,-0.030659108531921636,-2.7755575615628914e-17,-1.9999002766562022,-2.073157690809715,0.0,0.0015328334411606193,-2.424087798094924,1.5038616320337275
209.17061008600103,5.989326440710012,5.994833786432627,-0.03250885770975202,-2.7755575615628914e-17,-1.9998937662496579,-2.073307481557273,0.0,0.0014725257642567158,-2.4385740308864774,1.5212370713248757
209.2329776229999,5.989498003244724,5.994833786432627,-0.033477570065120255,-2.7755575615628914e-17,-1.9998555332198849,-2.073260060264529,0.0,0.0013921784702688456,-2.4579471855836146,1.538324314448978
209.2966021680004,5.989834545066715,5.994833786432627,-0.035386434733215524,-2.7755575615628914e-17,-1.999853124435741,-2.0730581599587192,0.0,0.0015826142625883222,-2.478018471981549,1.555725676328442
209.32586392400117,5.9902160391695904,5.994833786432627,-0.03658473567595405,-2.7755575615628914e-17,-1.9999664357787166,-2.07293691555097,0.0,0.0016168557340279222,-2.4874432499423187,1.5731073568309228
209.38953884400144,5.990638093838003,5.994833786432627,-0.037711973481762216,-2.7755575615628914e-17,-1.9998491939850676,-2.0726970919781675,0.0,0.0017024594126269221,-2.508910799741849,1.5904716516383213
209.42138506000083,5.991139344303303,5.994833786432627,-0.03887952080954944,-2.7755575615628914e-17,-1.9999624032941166,-2.072333497677541,0.0,0.0016580767696723342,-2.5204299728050112,1.6078340796546655
209.48215938900103,5.991782273453547,5.994833786432627,-0.04000293783924343,-2.7755575615628914e-17,-1.9998631942832976,-2.071920517382799,0.0,0.0016155238263309002,-2.541722989679342,1.625222051989335
209.5436152300008,5.992436726992722,5.994833786432627,-0.040895343247884686,-2.7755575615628914e-17,-1.99985978201524,-2.071477874202869,0.0,0.0016655030194669962,-2.559001749274086,1.6425857879678112
209.5749802980008,5.993080477960623,5.994833786432627,-0.0414354014770468,-2.7755575615628914e-17,-1.9999631486554792,-2.070862026790771,0.0,0.001639729947783053,-2.575582377168032,1.6599272900306117
209.63854555299986,5.993773609158704,5.994833786432627,-0.04211574982517602,-2.7755575615628914e-17,-1.9998513491093028,-2.07003789180501,0.0,0.0015845546731725335,-2.5919884721367787,1.6775478341053622
209.66944589300147,5.994635367846521,5.994833786432627,-0.04155711989767988,-2.7755575615628914e-17,-1.9999643067139306,-2.069126532938367,0.0,0.0014874364715069532,-2.603333112274742,1.6948981542236397
209.73237847400014,5.9954329714571,5.994833786432627,-0.04150939608848889,-2.7755575615628914e-17,-1.9998526644384542,-2.068277122715473,0.0,0.0014100249391049147,-2.624800662074272,1.712220120864666
209.79488093300097,5.996159984358042,5.994833786432627,-0.042778649116295364,-2.7755575615628914e-17,-1.999857536863327,-2.0672287598203734,0.0,0.001444094581529498,-2.6462682118738026,1.7303778926326554
209.8253587119998,5.996935240779602,5.994833786432627,-0.03990970492664109,-2.7755575615628914e-17,-1.9999643781068577,-2.066099021109193,0.0,0.0012450688518583775,-2.6567401873857683,1.7476577189771814
209.88830480900106,5.998057039225437,5.994833786432627,-0.03844017283567619,-2.7755575615628914e-17,-1.999854049561008,-2.064904404913828,0.0,0.0010542355012148619,-2.677509605484501,1.764936161272385
209.95158402900051,5.998987057957028,5.994833786432627,-0.037110407721953786,-2.7755575615628914e-17,-1.9998546567924662,-2.063819539153934,0.0,0.0009617098839953542,-2.6975808918824358,1.7821870933116928
209.9820556169998,5.999714592745538,5.994833786432627,-0.03540195516501332,-2.7755575615628914e-17,-1.9999638113675544,-2.0627784291277114,0.0,0.0008224705816246569,-2.7078783344692026,1.799414442669146
210.04527868200057,6.000411138778437,5.994833786432627,-0.03313720286012989,-2.7755575615628914e-17,-1.999854714285838,-2.0617414061609134,0.0,0.0006160265766084194,-2.728822285493134,1.8166258265842292
210.0768428020001,6.001396929162957,5.994833786432627,-0.030739609782845567,-2.7755575615628914e-17,-1.999961657168504,-2.0608245022381757,0.0,0.00046969857066869736,-2.7387706622295016,1.83383169035482
210.1412927800011,6.002083805475222,5.994833786432627,-0.028329027382212768,-2.7755575615628914e-17,-1.999848109106227,-2.0600758687068508,0.0,0.00033160182647407055,-2.7602382120290323,1.8510169865861128
210.1723691269999,6.002471530175733,5.994833786432627,-0.02536459829395521,-2.7755575615628914e-17,-1.9999635433224496,-2.059428855419097,0.0,0.0002607777714729309,-2.7710592533913974,1.868186319276668
210.2333586780005,6.002716884565454,5.994833786432627,-0.0219798340810875,-2.7755575615628914e-17,-1.99986254023569,-2.0589779169362674,0.0,0.00010595664207357913,-2.7918286714901295,1.88534617189252
210.29515273200013,6.0031109119753,5.994833786432627,-0.01813300661463768,-2.7755575615628914e-17,-1.999858880369294,-2.0587051317815157,0.0,-7.977454515639693e-05,-2.8084092993840755,1.902503693085131
210.32657574800032,6.00312152230462,5.994833786432627,-0.014280672048966658,-2.7755575615628914e-17,-1.9999641518233413,-2.058588457157645,0.0,-0.0001555483613628894,-2.818357676120443,1.9196512564771944
210.3913081339997,6.002773635722576,5.994833786432627,-0.010176147666632884,-2.7755575615628914e-17,-1.9998471551921242,-2.0586887348546234,0.0,-0.00030342358513735235,-2.8398252259199737,1.9367941555813433
210.4219271660004,6.002302857853252,5.994833786432627,-0.0062140626218395445,-2.7755575615628914e-17,-1.9999639232841904,-2.0590429612302383,0.0,-0.0003823168808594346,-2.850820800207538,1.953942679767126
210.48431454900128,6.002127570835552,5.994833786432627,-0.0018381007638564872,-2.7755575615628914e-17,-1.9998551309669466,-2.0596294361831764,0.0,-0.0005544981104321778,-2.8719392841566695,1.9708226554129673
210.5474729540001,6.0015807046917775,5.994833786432627,0.0014097143152193015,-2.7755575615628914e-17,-1.9998522382769155,-2.060437897201205,0.0,-0.0007616904331371188,-2.894803097357795,1.987702040688266
210.5796569110007,6.000661120095549,5.994833786432627,0.0040055098267054445,-2.7755575615628914e-17,-1.999961621252239,-2.0614847069379114,0.0,-0.0009493122925050557,-2.9051005399445615,2.004872237472745
210.64190424200024,5.999629413474509,5.994833786432627,0.007081044127431824,-2.7755575615628914e-17,-1.9998579962586973,-2.0627629583278284,0.0,-0.0009485698537901044,-2.9276152872952887,2.022053070066143
210.67271629600145,5.998865313159163,5.994833786432627,0.009732203496966463,-2.7755575615628914e-17,-1.9999644927139772,-2.06429692134804,0.0,-0.0010061896173283458,-2.938959927433251,2.039247991007797
210.73591583800044,5.997793509777598,5.994833786432627,0.011570654401933167,-2.7755575615628914e-17,-1.9998509000303657,-2.0659218283271574,0.0,-0.0011507145827636123,-2.9618237406343773,2.0564533643820138
210.79745427300077,5.9964685836873715,5.994833786432627,0.013052616765166003,-2.7755575615628914e-17,-1.9998588156955655,-2.067674247038084,0.0,-0.001175112440250814,-2.983465823359107,2.0736727838138598
210.82856341200022,5.995140648440838,5.994833786432627,0.014200557023201,-2.7755575615628914e-17,-1.9999643339164692,-2.0695081966164968,0.0,-0.0011863121762871742,-2.9946359305718704,2.0909046220499903
210.89112671400108,5.994222247679321,5.994833786432627,0.014954295240171445,-2.7755575615628914e-17,-1.9998560090227748,-2.0714170432792187,0.0,-0.0012869356432929635,-3.016801612072199,2.1081412735670093
210.92240701300034,5.993073053833397,5.994833786432627,0.014933049530114872,-2.7755575615628914e-17,-1.9999635589540707,-2.0734153246240297,0.0,-0.0014062447007745504,-3.0269245217337657,2.125396227185149
210.9844375190005,5.991752844558111,5.994833786432627,0.014506173472051076,-2.7755575615628914e-17,-1.9998558644952809,-2.0754604063038298,0.0,-0.0014656966086477041,-3.043679682552911,2.1426719365077664
211.04642776000037,5.9905459007962225,5.994833786432627,0.013611421012046043,-2.7755575615628914e-17,-1.9998578640513571,-2.0775576594304788,0.0,-0.001587385544553399,-3.064100034801245,2.1599553576360813
211.07821710000098,5.989900012045055,5.994833786432627,0.012413043756952402,-2.7755575615628914e-17,-1.9999624931037923,-2.079546050270664,0.0,-0.0016028664540499449,-3.074397477388011,2.1772201159976587
211.1419608289998,5.989086177560641,5.994833786432627,0.010526388267753761,-2.7755575615628914e-17,-1.99985190069918,-2.081360793694707,0.0,-0.0016283050645142794,-3.095341428411944,2.194508618275901
211.16770671199993,5.988153882853485,5.994833786432627,0.008446310241511767,-2.7755575615628914e-17,-1.9999737768288512,-2.0832126781251827,0.0,-0.0017047231085598469,-3.105115272223112,2.211821510982606
211.21811425300075,5.987300489306369,5.994833786432627,0.006315300448547445,-2.7755575615628914e-17,-1.99990668001574,-2.085058001713114,0.0,-0.0017508346354588866,-3.1215213671918587,2.229145022744357
211.28201863100003,5.986876684537406,5.994833786432627,0.004763919950917073,-2.7755575615628914e-17,-1.9998482074048558,-2.0868377334225756,0.0,-0.0018487975466996431,3.1412435877393943,2.2461614782271866
211.34976542200093,5.986300217175662,5.994833786432627,0.0017330920883373846,-2.7755575615628914e-17,-1.99982979035606,-2.0883257717859953,0.0,-0.0018191584385931492,3.120474169640662,2.263493323010862
211.37347442800092,5.985643555366981,5.994833786432627,-0.0006585751286571906,-2.7755575615628914e-17,-1.9999782935120927,-2.0897697293059756,0.0,-0.001784026506356895,3.110351259979094,2.280849397787285
211.43254675500066,5.985105676288092,5.994833786432627,-0.0030442898486868764,-2.7755575615628914e-17,-1.999870074406361,-2.091167234390717,0.0,-0.0018880362622439861,3.0944687637859465,2.2982168321031264
211.48466798899972,5.98501528576599,5.994833786432627,-0.0055121586844530945,-2.7755575615628914e-17,-1.9998987874722653,-2.092566169745582,0.0,-0.0019697968382388353,3.073873878612414,2.3155705630543775
211.54994478300068,5.984842850738792,5.994833786432627,-0.008367565548712541,-2.7755575615628914e-17,-1.9998416539767585,-2.09368628092389,0.0,-0.0019104515668004751,3.052406328812882,2.3329465558762803
211.58434593499987,5.98462890384322,5.994833786432627,-0.011263937443009686,-2.7755575615628914e-17,-1.9999559484590073,-2.0946749706296726,0.0,-0.0018412430072203279,3.041236221600119,2.3503428015681807
211.6196954799998,5.984547687043426,5.994833786432627,-0.014141227360354724,-2.7755575615628914e-17,-1.999953918219261,-2.095548142346048,0.0,-0.0018797589000314474,3.0257027912573697,2.36774029245811
211.68245186200147,5.984884878225501,5.994833786432627,-0.016897247427970497,-2.7755575615628914e-17,-1.999854192871053,-2.0962630490412093,0.0,-0.0018943866016343236,3.0094712292138226,2.385104332458179
211.7403825850015,5.985138322524611,5.994833786432627,-0.020470793689107536,-2.7755575615628914e-17,-1.999873552929674,-2.096620100227846,0.0,-0.001901845564134419,2.987654613563894,2.4027784084431483
211.76882561000093,5.9853483265768626,5.994833786432627,-0.022339557967017143,-2.7755575615628914e-17,-1.9999700804150111,-2.0968979903938734,0.0,-0.0017567203612998128,2.9770081051267283,2.4201768385369937
211.8180252530001,5.98571624434167,5.994833786432627,-0.02444618199109283,-2.7755575615628914e-17,-1.9999099208730864,-2.097031738586297,0.0,-0.0016583421966060996,2.9613001418587785,2.4375659639316654
211.86808652500076,5.986576258633776,5.994833786432627,-0.028152667362126627,-2.7755575615628914e-17,-1.9999061714762703,-2.0969455686265883,0.0,-0.0016083447262644768,2.9401816579096476,2.4557751702957935
211.94976494500042,5.98730757963256,5.994833786432627,-0.028117918436230127,-2.7755575615628914e-17,-1.9997550677090226,-2.0964366322014483,0.0,-0.0016238803509622812,2.9202849044369117,2.473122698579007
211.97813965500063,5.987897588444285,5.994833786432627,-0.029291392707286867,-2.7755575615628914e-17,-1.999970489312687,-2.0958384632111673,0.0,-0.00172149995341897,2.909987461850146,2.490481663581947
212.03506525600096,5.988499418950223,5.994833786432627,-0.0298492428673649,-2.7755575615628914e-17,-1.999876998508561,-2.0952202243336853,0.0,-0.0016670478507876396,2.8953266961333934,2.5078284938055213
212.09708590500122,5.989385793699209,5.994833786432627,-0.030117257947022913,-2.7755575615628914e-17,-1.9998571268475651,-2.0946412578380675,0.0,-0.0016763180028647184,2.8754299426606575,2.525119594101578
212.12673832400105,5.990069863293586,5.994833786432627,-0.03039059564071578,-2.7755575615628914e-17,-1.999967432605154,-2.0937803930265573,0.0,-0.001643843948841095,2.8654815659242896,2.542425549402184
212.18565263900018,5.990575231899766,5.994833786432627,-0.030270598997944487,-2.7755575615628914e-17,-1.9998718843880157,-2.09308823050126,0.0,-0.0016497377073392272,2.845759345376754,2.5597452552264635
212.2363386470006,5.991068740658015,5.994833786432627,-0.029974021416581453,-2.7755575615628914e-17,-1.9999034111729326,-2.0925236034230448,0.0,-0.0017283185152336955,2.830400447959205,2.5770435732096555
212.28567879799994,5.991805526679844,5.994833786432627,-0.0292220994008503,-2.7755575615628914e-17,-1.9999098007035625,-2.091912678800505,0.0,-0.0015870913630351424,2.8139943529904574,2.5942570620544605
212.3357716270002,5.99230420514239,5.994833786432627,-0.02849289882447459,-2.7755575615628914e-17,-1.9999067664098775,-2.090987315080703,0.0,-0.0017126493621617556,2.7977627909469103,2.6114929629352486
212.3857568050007,5.992593038074931,5.994833786432627,-0.02761498690571329,-2.7755575615628914e-17,-1.999907139727057,-2.0902576952607523,0.0,-0.001670567668043077,2.7811821630529643,2.628749309021741
212.43648419000056,5.992844371007477,5.994833786432627,-0.02645407637976882,-2.7755575615628914e-17,-1.999906273564685,-2.0896953198090293,0.0,-0.0015535536222159863,2.7576202181510405,2.645989214078531
212.4879904210011,5.993334077058615,5.994833786432627,-0.025043563174940053,-2.7755575615628914e-17,-1.9999005024979721,-2.089211255810823,0.0,-0.0015980195021256804,2.7398178597806986,2.663146063425002
212.55169747299988,5.993571165262912,5.994833786432627,-0.02316275007520263,-2.7755575615628914e-17,-1.999848019598566,-2.088534070952042,0.0,-0.0015623837243765593,2.722190034335556,2.680043345121283
212.5749460340012,5.993564367413143,5.994833786432627,-0.02241105942884425,-2.7755575615628914e-17,-1.999980161067554,-2.0881194502155664,0.0,-0.0017029629088938236,2.709623663721196,2.697259868803602
212.62561701200138,5.993351237384465,5.994833786432627,-0.02028495061500457,-2.7755575615628914e-17,-1.9999045813604055,-2.0880773088435736,0.0,-0.0017801045905798674,2.685712652968874,2.714215816003149
212.6894907170008,5.993537727368435,5.994833786432627,-0.018877542889930488,-2.7755575615628914e-17,-1.9998513422897883,-2.0883812743896097,0.0,-0.0017147011822089553,2.667735761673333,2.731273137572292
212.75126242100123,5.993433779164505,5.994833786432627,-0.017211437264978535,-2.7755575615628914e-17,-1.9998572207051815,-2.088243789086011,0.0,-0.001878833514638245,2.644173816771409,2.748380854191556
212.77540010300072,5.993078583114166,5.994833786432627,-0.015462954840108956,-2.7755575615628914e-17,-1.9999775877475565,-2.088401903877982,0.0,-0.0019255225779488683,2.6326546437082463,2.7655350966016075
212.83448591900014,5.9925041412575455,5.994833786432627,-0.01384447059683458,-2.7755575615628914e-17,-1.9998708134105805,-2.088960260142389,0.0,-0.0019632705952972174,2.616248548739499,2.7827357428113566
212.88489518900133,5.9920612037252745,5.994833786432627,-0.01218067805833467,-2.7755575615628914e-17,-1.9999053348431528,-2.0899944767995127,0.0,-0.002121198922395706,2.5942574001643717,2.799813362279923
212.9516104030008,5.991409540399575,5.992187332072626,-0.011084921641165035,-0.04000000000000003,-1.9998374155649168,-2.0906973494191754,0.0,-0.002231913385912776,2.57907303567202,2.816951437500192
212.97505174300022,5.990599005427411,5.990269132712546,-0.010251355219350722,-0.08000000000000003,-1.9999786398472266,-2.091740057603119,0.0,-0.002237863140180707,2.5689501260104537,2.8341460876930324
213.03431808700043,5.989664480897887,5.984378605724841,-0.009846628766590593,-0.10000000149011612,-1.9998710463521214,-2.093137564377684,0.0,-0.0023740532342344522,2.5544638932189008,2.8513955324350695
213.08537724100097,5.989051113462199,5.979240674448201,-0.009468589817909545,-0.10000000149011612,-1.9999018720165926,-2.0948735246649566,0.0,-0.002428608015179634,2.535963403147761,2.8685082371586925
213.1413518320005,5.988205932305261,5.973657274465159,-0.008834797173552178,-0.10000000149011612,-1.9998840861849514,-2.096346099482094,0.0,-0.002562863053753972,2.517288380151422,2.8856920031786903
213.17226482499973,5.987081171059738,5.970558908918944,-0.006465957033196301,-0.10000000149011612,-1.999964291515863,-2.0981573896376076,0.0,-0.002730068750679493,2.5129250570214356,2.9029419547371793
213.23351500600074,5.985609779792582,5.9644449564277195,-0.0026794572729170185,-0.10000000149011612,-1.9998608904390878,-2.1004028617617148,0.0,-0.0027535713743418455,2.493551902324299,2.9202577842462616
213.29491235200112,5.984074504945635,5.95831400323636,0.0033783756599707893,-0.10000000149011612,-1.9998600439674301,-2.103174315476093,0.0,-0.0028143576346337795,2.4731315500759647,2.9374330706024865
213.32549551900047,5.981963280733856,5.955242018890762,0.011013766771492517,-0.10000000149011612,-1.999964836917162,-2.105752491996054,0.0,-0.002868266310542822,2.4631831733395977,2.954695524509625
213.38760903399998,5.979339892369585,5.949029924998135,0.020708892425508885,-0.10000000149011612,-1.9998560873772293,-2.108765225330149,0.0,-0.002938348101451993,2.440493893063671,2.9717475312661326
213.45015963400147,5.976140486933676,5.942776463804856,0.028580772411932298,-0.10000000149011612,-1.999854008176021,-2.112222589445665,0.0,-0.0027425289154052734,2.41605928353575,2.9891770556962904
213.48168342900135,5.9726407534057255,5.939655362658452,0.03758548974894063,-0.10000000149011612,-1.9999635901196642,-2.116286292217735,0.0,-0.0026965467259287834,2.4045401104725874,3.006499672713429
213.5425213890012,5.968604142547905,5.933560600067526,0.04654200739526973,-0.10000000149011612,-1.9998609734642665,-2.119782228306975,0.0,-0.002593406243249774,2.384817889925051,3.0239213271849885
213.57297147700046,5.964133678905468,5.930504516622126,0.05404382972220076,-0.10000000149011612,-1.999964991611361,-2.1234731413682573,0.0,-0.002409550128504634,2.372775118086291,3.0414370132414317
213.6353429640003,5.959276309635368,5.924242629628788,0.060346755631819265,-0.10000000149011612,-1.9998527848385135,-2.1274615091560687,0.0,-0.0023255208507180214,2.3465951793063757,3.059043374975312
213.6985065810004,5.954221266481573,5.917983710135534,0.06644546552940223,-0.10000000149011612,-1.9998526745020313,-2.1313761090586048,0.0,-0.002115438226610422,2.3207643063768604,3.0765818879605726
213.72908131199983,5.948870534144267,5.914863819389081,0.07108887590112917,-0.10000000149011612,-1.9999633270309671,-2.134571790157729,0.0,-0.002063856925815344,2.3092451333136967,3.094215621430749
213.79274701699978,5.943224243208633,5.908535864894638,0.0740756761247229,-0.10000000149011612,-1.9998488488910364,-2.1376124452870453,0.0,-0.0019218319794163108,2.284112392084979,3.1122353400114253
213.82359172200086,5.937569321473695,5.905421754948255,0.07638917069396504,-0.10000000149011612,-1.9999633235889405,-2.140500082798811,0.0,-0.0018527660286054015,2.2718950873210186,3.130036926136196
213.8877941310002,5.93194215401512,5.898989929352482,0.0771125196686608,-0.10000000149011612,-1.9998432515637752,-2.1432577246369835,0.0,-0.0017536049708724022,2.2493803399702914,-3.135415350791683
213.95170124700053,5.926275914845052,5.89260528695738,0.07721872109984743,-0.10000000149011612,-1.9998452473616195,-2.144984536868195,0.0,-0.0016050423728302121,2.2270401255447645,-3.1176020154129485
213.98392686400075,5.920332956171458,5.889447488210349,0.07444570997503054,-0.10000000149011612,-1.9999620673761076,-2.146614833015504,0.0,-0.0016166772693395615,2.2165681500327983,-3.09881163031009
214.0466008860003,5.914729294750313,5.883219820217529,0.07505855167137865,-0.10000000149011612,-1.999852187809793,-2.1478785267476903,0.0,-0.0016070437850430608,2.1956241990088667,-3.080862069474512
214.0768979780005,5.909230620794444,5.880140997171618,0.07301680406519567,-0.10000000149011612,-1.9999638053864517,-2.1488220097113753,0.0,-0.001580614480189979,2.1860248881228976,-3.063000706288175
214.14033502500024,5.903814327611061,5.8738635420780225,0.07050947752090483,-0.10000000149011612,-1.999849259222319,-2.149111533391527,0.0,-0.0016160786617547274,2.170491457780148,-3.045073081182719
214.20350553699973,5.898490982845529,5.867486994683017,0.06828317949623586,-0.10000000149011612,-1.9998441818954236,-2.14916454725174,0.0,-0.0017024506814777851,2.1460568482522273,-3.027088687531387
214.2346991530012,5.893254356502278,5.864347726736197,0.06595292115002399,-0.10000000149011612,-1.9999621659652298,-2.1490666040769404,0.0,-0.0017050114693120122,2.137155669067056,-3.009053155024218
214.29834474000018,5.888142363417428,5.857972936941184,0.0643636798076559,-0.10000000149011612,-1.9998437199014178,-2.148839014607002,0.0,-0.0016637506196275353,2.121796771649506,-2.9911472584207863
214.32957131000148,5.8831068746895765,5.854829103394375,0.06231827697782699,-0.10000000149011612,-1.9999619248296598,-2.1479134352341847,0.0,-0.0016698556719347835,2.1067869400823547,-2.9731816794567987
214.3937023030012,5.878127191631568,5.8484485366993875,0.06032444915251145,-0.10000000149011612,-1.9998429025859006,-2.147100718767908,0.0,-0.0017153620719909668,2.091602575590004,-2.95516450045874
214.42448029499974,5.873183321666063,5.845388389453702,0.0592429541950209,-0.10000000149011612,-1.9999638028897992,-2.146287609017394,0.0,-0.0017788843251764774,2.0809560671528393,-2.9371005181759995
214.4860191550015,5.868121056927416,5.839193806261464,0.058747816704758704,-0.10000000149011612,-1.999851421799217,-2.1455509271666466,0.0,-0.001799160847440362,2.060535714904505,-2.9191732978566787
214.5492735810003,5.863031496966904,5.832951327668345,0.05913182547419149,-0.10000000149011612,-1.9998488533430179,-2.144264064393039,0.0,-0.001826296909712255,2.039417230955374,-2.9011870387997245
214.58065628300028,5.857898629620849,5.829758508520801,0.05969932420453761,-0.10000000149011612,-1.9999603903433425,-2.1431481773372845,0.0,-0.0018131911056116223,2.0287707225182086,-2.8831484174706423
214.64239203200123,5.852805146480546,5.821068684068447,0.06155421894607804,-0.14000000149011613,-1.9998500429936468,-2.142163535845773,0.0,-0.0018677128246054053,2.0083503702698744,-2.8653665390433143
214.67381092899996,5.847572619381259,5.816698828461901,0.0618501982212446,-0.14000000149011613,-1.9999620105411688,-2.1413720363038915,0.0,-0.0018299765652045608,1.9968311972067125,-2.8473675922182466
214.73643246200118,5.842357400966763,5.804125620274587,0.06351030318995676,-0.20000000298023224,-1.999845622271464,-2.1403143834292626,0.0,-0.001790677080862224,1.9751891144819833,-2.8296168822307535
214.799594909,5.8369676545427875,5.791556765887225,0.06456208083506876,-0.20000000298023224,-1.99984544413856,-2.1395654672549167,0.0,-0.0018964230548590422,1.9523253012808572,-2.8115101586223785
214.8313737490007,5.831425180553234,5.785119986191337,0.06685110737535094,-0.20000000298023224,-1.9999593871037613,-2.1391166173711125,0.0,-0.0018831664929166436,1.940980661142893,-2.7933540471097493
214.89351605699994,5.825389631752396,5.772713742006312,0.07133901111996555,-0.20000000298023224,-1.9998488181775702,-2.1389995814539886,0.0,-0.00206322711892426,1.9179423150165684,-2.77526092476639
214.9235882690009,5.819076241610289,5.766677462716458,0.07699503993217349,-0.20000000298023224,-1.999964132017228,-2.1389563451022564,0.0,-0.0020630010403692722,1.9071212736542034,-2.7571052967756353
214.9858979890014,5.8123404614517575,5.75431179253205,0.08426201403686706,-0.20000000298023224,-1.9998491302638972,-2.1395083033478604,0.0,-0.0022082445211708546,1.8893189152838614,-2.738887381112401
215.04894309500014,5.805017863360198,5.741767345945135,0.09530046614833265,-0.20000000298023224,-1.9998443444951532,-2.140858064829037,0.0,-0.0023365337401628494,1.8675022996339328,-2.7206032005299865
215.08071683600065,5.796702795061944,5.7352854978488,0.10890383874354048,-0.20000000298023224,-1.999958321541582,-2.1430227866829212,0.0,-0.002441519871354103,1.8563321924211689,-2.7023562980433513
215.14404640300017,5.787655417764807,5.722681227660825,0.12468143505404339,-0.20000000298023224,-1.999841912144134,-2.145584898986706,0.0,-0.002480455907061696,1.8343410438460408,-2.6840201395747125
215.17446458199993,5.777961731563508,5.71657632596988,0.13964899829388022,-0.20000000298023224,-1.9999627878866235,-2.1489209956793345,0.0,-0.002239271765574813,1.8240436012592731,-2.6655943456987483
215.2356160899999,5.767668430273807,5.70429088518686,0.15277018112637297,-0.20000000298023224,-1.999848765876302,-2.1525314110949134,0.0,-0.0020815334282815456,1.802052452684145,-2.6470778108025743
215.29832667600022,5.756663386728819,5.691762697799952,0.1655970002239051,-0.20000000298023224,-1.9998421286735046,-2.1565633303018372,0.0,-0.0019009595271199942,1.780410369959415,-2.628561663625322
215.32922686799975,5.7451655148426175,5.68554126990749,0.1770299843052474,-0.20000000298023224,-1.9999609112988481,-2.16047977002095,0.0,-0.0016533349407836795,1.7704619932230479,-2.609942784693854
215.3918741260004,5.73327016648025,5.673076923721778,0.18715080180423882,-0.20000000298023224,-1.9998424557128094,-2.1646257220534917,0.0,-0.001412062207236886,1.7491689763487175,-2.591222359237313
215.42425562600147,5.7211313924079015,5.666746550427414,0.1942778238704398,-0.20000000298023224,-1.9999591895981648,-2.1689483156934894,0.0,-0.0012335345381870866,1.7386970008367513,-2.57240325265232
215.4879062199998,5.708807932678381,5.653881543435726,0.19970783327757125,-0.20000000298023224,-1.9998307234129773,-2.172845790373927,0.0,-0.0010705147869884968,1.7186257144388168,-2.553886437168427
215.55160638500092,5.6962079922968485,5.641113550045436,0.20258437026398735,-0.20000000298023224,-1.999832528294554,-2.1765174237588334,0.0,-0.0010425667278468609,1.6982053621904827,-2.5349518964478177
215.58209324400013,5.683612904152398,5.634994266954026,0.20419296781342988,-0.20000000298023224,-1.9999613607825553,-2.1799927875422194,0.0,-0.0009752127807587385,1.6877333866785165,-2.5159219102498223
215.64570985400132,5.671106733324042,5.622259557564397,0.20438865389063043,-0.20000000298023224,-1.9998319222529517,-2.183361893403686,0.0,-0.000870430376380682,1.6687092978317786,-2.496799441797735
215.6764475330001,5.658405959784286,5.616242505674945,0.20235867593475654,-0.20000000298023224,-1.9999623074442925,-2.186492463123842,0.0,-0.0007886503008194268,1.6582373223198124,-2.477667301194446
215.739034618,5.645950508671497,5.60360121288641,0.1991679761536036,-0.20000000298023224,-1.9998328999063797,-2.1888302822263337,0.0,-0.0008537753601558506,1.638166035921878,-2.458444681322924
215.8010807010014,5.633760953432541,5.591187758301496,0.19569136295073175,-0.20000000298023224,-1.999838170877835,-2.1911598151895735,0.0,-0.0009422323200851679,1.6238543360555244,-2.4391372600514405
215.83168278599987,5.621861458281852,5.585056805409907,0.1913201555648094,-0.20000000298023224,-1.9999603565145825,-2.1931518274666573,0.0,-0.0009259767830371857,1.6137314263939562,-2.419752324578395
215.89413454900023,5.609628906199127,5.572623048424756,0.18601673745283254,-0.20000000298023224,-1.9998362412369002,-2.1949457817010884,0.0,-0.0009581642807461321,1.5950564033976171,-2.400039019228284
215.92460654100068,5.598154859361388,5.566510021133766,0.18075647981288112,-0.20000000298023224,-1.9999602534904048,-2.196113999578699,0.0,-0.0009175199083983898,1.58510802666125,-2.380552375265314
215.98762651500147,5.587065660991032,5.553863793145326,0.17420921370672704,-0.20000000298023224,-1.9998292258743102,-2.196913241942937,0.0,-0.0009096077410504222,1.565211273188515,-2.3610028290215683
216.05322687100124,5.575707248895682,5.540918518352293,0.16616429209714534,-0.20000000298023224,-1.9998203241746981,-2.1976778500303977,0.0,-0.001067436533048749,1.5451399867905797,-2.340421348970626
216.0837360630012,5.564882595483346,5.53479986846129,0.16208275675665051,-0.20000000298023224,-1.999959702760008,-2.1978053104462445,0.0,-0.0010290684876963496,1.5358897417550104,-2.3207957219610322
216.1458086570001,5.554444316343167,5.5222482734740135,0.15685855009852112,-0.20000000298023224,-1.9998297903246292,-2.197711323863169,0.0,-0.0010229540057480335,1.515818455357075,-2.3011154576491
216.1775233010012,5.544405344757971,5.515950677180298,0.15088077484957219,-0.20000000298023224,-1.9999569953301957,-2.1974213366765234,0.0,-0.001004471443593502,1.5056955456955077,-2.2813895844601166
216.23953509100102,5.534562310638885,5.503504366795021,0.14525396598931928,-0.20000000298023224,-1.9998314291633008,-2.196631030996578,0.0,-0.0009716821368783712,1.4861478580731715,-2.2616208082654907
216.3030618720004,5.5246300991869575,5.490904421407214,0.14117973463219557,-0.20000000298023224,-1.9998266202579653,-2.195929767769578,0.0,-0.001057484420016408,1.4662511046004365,-2.2418061785899615
216.33347674900142,5.514969614068001,5.484690212714547,0.13783714862879337,-0.20000000298023224,-1.9999576784665047,-2.1950533822001104,0.0,-0.0010854258434846997,1.4563027278640686,-2.221956811136899
216.39575357300055,5.505545122762488,5.472268222129555,0.13557826565594167,-0.20000000298023224,-1.9998303126698433,-2.1940804920772115,0.0,-0.00109536899253726,1.4372786390173307,-2.2020752684704092
216.42640405900056,5.496241444185686,5.466117648437806,0.13276016392908174,-0.20000000298023224,-1.99995825776868,-2.1930672481527114,0.0,-0.000791069061961025,1.4273302622809627,-2.1821653906895055
216.4900334820013,5.486773603723336,5.453463728249019,0.13039804794965604,-0.20000000298023224,-1.9998227103905724,-2.1915809113881446,0.0,-0.000895625096745789,1.4077825746586257,-2.1622282243039272
216.55130297400137,5.477470281094125,5.4411346170655195,0.12968289189216176,-0.20000000298023224,-1.9998311227264045,-2.1901963904424306,0.0,-0.000994911533780396,1.393819940642672,-2.1422651518224027
216.58288516100038,5.468265595511843,5.4348157811714595,0.12956403174505637,-0.20000000298023224,-1.9999554906978345,-2.188819126301916,0.0,-0.0008720285259187222,1.3842206297567028,-2.1222790338437623
216.6451258490015,5.4590316049742835,5.422426311186732,0.1304991591692054,-0.20000000298023224,-1.9998283112708515,-2.1874439230688223,0.0,-0.0008590988582000136,1.3660692055359611,-2.1022672785669236
216.6766545950013,5.449607741452019,5.416117223092594,0.1306579132919976,-0.20000000298023224,-1.9999553235642138,-2.1861404715199995,0.0,-0.0006209074635989964,1.356469894649993,-2.0822254492208856
216.7392588620005,5.440409704398449,5.403591218105922,0.13190184199445842,-0.20000000298023224,-1.9998233030030506,-2.184590476281799,0.0,-0.0006235469481907785,1.3370967399528562,-2.0624964815922
216.80116726800043,5.431247135811644,5.3912771653223786,0.13346004322965355,-0.20000000298023224,-1.999828655384184,-2.1832212939857136,0.0,-0.0006110857939347625,1.3184217169565162,-2.0427470954181137
216.83236266200038,5.421820467516681,5.38493674302818,0.13445706481730813,-0.20000000298023224,-1.9999544150097717,-2.181992153689772,0.0,-0.0004952512681484222,1.3084733402201492,-2.0226332527753716
216.89387841500138,5.412093875030685,5.37268877144546,0.13688386831379373,-0.20000000298023224,-1.9998292875051888,-2.1809139519469585,0.0,-0.0005701581831090152,1.288925652597812,-2.002470392514934
216.92532402600045,5.4024224898274635,5.366364078551316,0.13851240730424919,-0.20000000298023224,-1.9999543145873664,-2.1799678365977426,0.0,-0.0004851680714637041,1.2798499404874413,-1.98228616454644
216.98647927400089,5.392745490216271,5.354144009169247,0.1403401923576506,-0.20000000298023224,-1.999828842837909,-2.1789440599621535,0.0,-0.0004683624720200896,1.2644910430698921,-1.9620809166111752
217.05130664600074,5.3829220945955205,5.341280176577526,0.1430811204159168,-0.20000000298023224,-1.9998096421015497,-2.1780860225538903,0.0,-0.00048314471496269107,1.2402309664671707,-1.9418388175079278
217.0813132990006,5.372749765001285,5.3351627710862966,0.145992712750884,-0.20000000298023224,-1.9999567867204888,-2.177499149187574,0.0,-0.0003387917240615934,1.2356931104119848,-1.9215346849202128
217.14799544800007,5.3625589522202874,5.321789229686962,0.14946932401626667,-0.20000000298023224,-1.9997926930219636,-2.177147190881879,0.0,-0.0003541352925822139,1.2159708898644492,-1.9012049400015887
217.17607879500065,5.3523809883136,5.316353011606069,0.1516442844245075,-0.20000000298023224,-1.9999656144326172,-2.1770094770055937,0.0,-0.00020004782709293067,1.2014846570728963,-1.880847553046718
217.2326066149999,5.342152122165546,5.304887540435247,0.1536281560589171,-0.20000000298023224,-1.9998464605283823,-2.17705243511074,0.0,-0.00017491680046077818,1.1869984242813434,-1.8604391434631118
217.28718278700035,5.3318249023504976,5.293942964871952,0.15621347884251713,-0.20000000298023224,-1.9998595519630369,-2.1773464195001404,0.0,-0.00016448646783828735,1.1672762037338078,-1.8399424352786933
217.3373495370015,5.321420213933223,5.283918305122842,0.1589076865166722,-0.20000000298023224,-1.9998817080480646,-2.178014860983299,0.0,-0.0001034186570905149,1.1531390367926537,-1.8194170223897521
217.38692579500093,5.310945039182881,5.273987678574773,0.16217948380829578,-0.20000000298023224,-1.99988345844027,-2.1788859620231285,0.0,-2.1824795112479478e-05,1.1397000015522973,-1.7988597550561902
217.43892427100036,5.300404715761678,5.2638077600229085,0.1641487216500223,-0.20000000298023224,-1.9998770463953195,-2.1798556363212955,0.0,8.453496411675587e-05,1.126260966311941,-1.7782532605327728
217.49246435799978,5.289766745930193,5.2530146454623665,0.1653108259343884,-0.20000000298023224,-1.9998612317148128,-2.1810226496858833,0.0,0.0002250656980322674,1.1128219310715846,-1.7575727371686796
217.5212535339997,5.27935600279552,5.2472768115766355,0.16658942007934668,-0.20000000298023224,-1.9999606259388236,-2.182169825606763,0.0,0.0004206185694783926,1.1037462189612137,-1.7372010407824916
217.57004006600073,5.2688488566250316,5.237388402029568,0.16557046526909572,-0.20000000298023224,-1.9998825934048825,-2.1833298132670538,0.0,0.00045482534915208817,1.0903071837208573,-1.7164503988135738
217.62023439800032,5.258434871036432,5.22734829507988,0.1646333130173347,-0.20000000298023224,-1.999878483711686,-2.1844511562785973,0.0,0.0005018676165491343,1.075646418004105,-1.6956428606382257
217.67124082900045,5.248140139987831,5.21720511732855,0.16345294892290255,-0.20000000298023224,-1.9998754889640091,-2.1856589888782207,0.0,0.0005983026348985732,1.0616837839881503,-1.67474815597732
217.72104985100123,5.238001679068433,5.20723786057996,0.16148366541957565,-0.20000000298023224,-1.9998793045512073,-2.186712462652633,0.0,0.0006580096087418497,1.0442304914682072,-1.6538226489273355
217.77090102200054,5.228042259885412,5.197227797630951,0.15846303916582996,-0.20000000298023224,-1.999877801405747,-2.1877130297011385,0.0,0.0006819493137300014,1.0300933245270532,-1.6328658035660142
217.8212501350008,5.218259883276512,5.187165078480953,0.15528956255603338,-0.20000000298023224,-1.9998760490235716,-2.1884895652817105,0.0,0.0007981022354215384,1.0164797563614973,-1.6118596827646177
217.87038380500053,5.208671028669658,5.177321169934414,0.15216338453438955,-0.20000000298023224,-1.9998809437335754,-2.1891442893889344,0.0,0.0008285805233754218,1.0035643198967392,-1.590774630563836
217.92411642099978,5.199230175440883,5.166619276174963,0.14923002515403105,-0.20000000298023224,-1.9998587746324614,-2.189757853270126,0.0,0.0008710739784874022,0.9902998175815823,-1.5696663674684703
217.98615543100095,5.189762381754619,5.154237035590196,0.1457878915499957,-0.20000000298023224,-1.9998102551925556,-2.1903128395932825,0.0,0.001034524175338447,0.9724974592112403,-1.5481833516513113
218.03663706000043,5.180577514068901,5.1440853802388995,0.14409517321674195,-0.20000000298023224,-1.9998720065422126,-2.1906241946023246,0.0,0.0009363676654174924,0.9595820227464822,-1.5270157654393282
218.1028551620002,5.171538345020919,5.130836900841799,0.14184970641245406,-0.20000000298023224,-1.999781245471446,-2.1909047856846326,0.0,0.000946100044529885,0.9414305985257414,-1.505796432001493
218.13810748800097,5.1621419705561715,5.123824262137021,0.13722500883831323,-0.20000000298023224,-1.9999384854622544,-2.191323147723452,0.0,0.001093412283807993,0.9320058205649717,-1.4834949657622332
218.203176291001,5.153283851239374,5.110877189944143,0.13746639135432442,-0.20000000298023224,-1.9997896027614275,-2.1914648974092676,0.0,0.001081025693565607,0.9086184085882483,-1.4622269034212028
218.23759148200043,5.144561606891038,5.1038913874401795,0.13611725202130076,-0.20000000298023224,-1.9999385374477172,-2.191729779513863,0.0,0.0011340875644236803,0.9040805525330624,-1.4409204051575075
218.30311838099988,5.13609808303809,5.090798961844987,0.13491914827455187,-0.20000000298023224,-1.999783410083593,-2.19210120698684,0.0,0.0010888034012168646,0.8801695417807407,-1.4195547724142268
218.33901109399994,5.127579917487393,5.08361783013797,0.1347597185007799,-0.20000000298023224,-1.9999346214353664,-2.1925799508386676,0.0,0.0011653467081487179,0.8705702308947716,-1.3981665360358242
218.38747959100147,5.1190030243546785,5.073903632193232,0.13471204448944768,-0.20000000298023224,-1.999879963302675,-2.193012736693839,0.0,0.0013821936445310712,0.8566075968788169,-1.3767529232629765
218.4355985760012,5.110501521265171,5.06432711945057,0.1353772337274317,-0.20000000298023224,-1.9998829533885358,-2.1935186384305725,0.0,0.0013387016952037811,0.8428194957880617,-1.3553031155269064
218.4877557660002,5.102351454215853,5.053844730094255,0.1360541663638744,-0.20000000298023224,-1.999859314479521,-2.193997564403736,0.0,0.0013576318742707372,0.8244935386421215,-1.3338046872526033
218.55169935600134,5.094033276744758,5.041108059304694,0.1370554168924184,-0.20000000298023224,-1.9997916212401572,-2.1944082299176717,0.0,0.0012997012818232179,0.8115781021773634,-1.3122848135129876
218.57775863000097,5.085591359363715,5.036061695629302,0.1376836063385961,-0.20000000298023224,-1.999967179078967,-2.1945248893956757,0.0,0.0014435095945373178,0.8030259888425908,-1.2907429665405175
218.63576882100097,5.077172220449057,5.024251167653558,0.13803675711211916,-0.20000000298023224,-1.999819631033403,-2.19442412491484,0.0,0.0015556772705167532,0.7906341511534314,-1.2691684905795728
218.68759063500147,5.069025402258003,5.013890706099198,0.13824797315164428,-0.20000000298023224,-1.9998607552169265,-2.194121740918113,0.0,0.0014339199988171458,0.774053523259485,-1.2475487753660743
218.7543882000009,5.060646460365276,5.000665563902118,0.1388926960538659,-0.20000000298023224,-1.9997723578880096,-2.1938331876133614,0.0,0.0014481476973742247,0.7593927575427326,-1.22591060963034
218.78604947300119,5.052142832053982,4.994206123605522,0.14257673874887145,-0.20000000298023224,-1.9999455103875436,-2.1934374426560117,0.0,0.0012387343449518085,0.7522369076095563,-1.2046140069830267
218.85415720499986,5.043369555587761,4.980689625204214,0.14495166785504032,-0.20000000298023224,-1.9997605857781442,-2.193168856787838,0.0,0.0010877655586227775,0.7377506748180034,-1.1829263019271152
218.88646007900024,5.034946119573775,4.974106577506121,0.14898881023801613,-0.20000000298023224,-1.9999430177794812,-2.1929792061243414,0.0,0.0009748985758051276,0.7302457590344273,-1.161562237989683
218.95573487399997,5.026012218206001,4.9604508025027165,0.15109864047673638,-0.20000000298023224,-1.9997539358596867,-2.193064414345326,0.0,0.0008310767589136958,0.7154104603924756,-1.1398082548505004
218.98736188300063,5.016695297984953,4.95398841060655,0.15540462956849066,-0.20000000298023224,-1.999944687121002,-2.1933549238776346,0.0,0.0007273883675225079,0.7075564787585011,-1.118022013085374
219.0528962970002,5.00715034687303,4.940818489810109,0.16014955972649025,-0.20000000298023224,-1.9997694055914224,-2.1937595054260193,0.0,0.0006190732237882912,0.69254664719135,-1.0961903815240521
219.07692391300043,4.997626928215035,4.93601271413839,0.1656300458479062,-0.20000000298023224,-1.9999691769190069,-2.194519496329643,0.0,0.00044904660899192095,0.6806784082777884,-1.0743025487439772
219.1378898969997,4.987638240582578,4.923821903556744,0.17114780984298095,-0.20000000298023224,-1.999800868009813,-2.1954773966845322,0.0,0.00035334654967300594,0.6679375047382301,-1.0523708764237039
219.18861538300007,4.977183048644821,4.913682104005664,0.1771650186644682,-0.20000000298023224,-1.9998616557119888,-2.1967236079060903,0.0,0.00014765992818865925,0.6555456670490702,-1.0303905212274806
219.23748859599982,4.966417360724484,4.903899488459856,0.18340373006585586,-0.20000000298023224,-1.9998706716154404,-2.19820141328905,0.0,1.5788715245435014e-05,0.6438519610607081,-1.008355454024117
219.26199012000143,4.955630499147882,4.89916362298936,0.19034118669801836,-0.20000000298023224,-1.9999695576882497,-2.1999049735179916,0.0,-0.00028466296498663723,0.6323327879975453,-0.986269016067561
219.35376625699973,4.944405769969433,4.880671325114071,0.196036503632933,-0.20000000298023224,-1.999533768180862,-2.201668601630097,0.0,-0.0002889515017159283,0.6167993576547959,-0.9641208157918736
219.38238758999978,4.93284801375574,4.875081127030562,0.20016299478207722,-0.20000000298023224,-1.999957191021162,-2.203393300156092,0.0,-0.00046697899233549833,0.6089453760208214,-0.9419100053131859
219.43660020300013,4.921203029582626,4.864084822866849,0.20273903151927064,-0.20000000298023224,-1.9998335749050657,-2.2049620449632683,0.0,-0.0006241275696083903,0.595506340780465,-0.91963652993685
219.48702532800053,4.909846303914339,4.85396790611586,0.20335893747834977,-0.20000000298023224,-1.9998584760078868,-2.2064282890033966,0.0,-0.0007115709595382214,0.5866051615952941,-0.8973100145335358
219.53569318600057,4.898395669714439,4.844236696570874,0.2016019002759728,-0.20000000298023224,-1.9998684484146416,-2.2078304596203226,0.0,-0.0007915376918390393,0.5777039824101231,-0.8749163266716226
219.58769830300116,4.886847000059889,4.833894625416933,0.20005899811251027,-0.20000000298023224,-1.9998507114274706,-2.209483980036167,0.0,-0.001168105867691338,0.5693264020005504,-0.8524522067592939
219.63692867400096,4.875591775199875,4.82414047887143,0.1994414286491779,-0.20000000298023224,-1.999866588298869,-2.211352511418231,0.0,-0.0014172950759530067,0.5600761569649801,-0.8302967253043069
219.68823430300108,4.8645106170315335,4.811665535996812,0.1964590094374914,-0.24000000298023225,-1.999847768283225,-2.2133313057904953,0.0,-0.0016556518385186791,0.5455899241734272,-0.8077126268134087
219.75171444700027,4.853416920065504,4.793984021888582,0.19337789218324142,-0.28000000298023225,-1.9997742895510813,-2.2151806889048604,0.0,-0.0017959356773644686,0.5331980864842674,-0.7850532367439957
219.78754002500136,4.842361883025289,4.783182658859306,0.18961534072267816,-0.30000001192092896,-1.999926288706625,-2.2170941720151722,0.0,-0.0018358067609369755,0.5242969072990968,-0.7623191930779736
219.8435347780014,4.831521652793367,4.766329259689514,0.18556831186005418,-0.30000001192092896,-1.9998197432222335,-2.219035770527932,0.0,-0.002024803077802062,0.49986229777117597,-0.7395249752447421
219.87002185100027,4.821160378553184,4.7583872006738615,0.18158530406711382,-0.30000001192092896,-1.9999597971690362,-2.2210389101941104,0.0,-0.002143088961020112,0.4949753758655917,-0.716706015401552
219.93670104400007,4.81070263409945,4.738394490979687,0.17812982454587278,-0.30000001192092896,-1.999744137983277,-2.2229730249987223,0.0,-0.0024732141755521297,0.47350782606606145,-0.693803252185636
219.9943576530004,4.799995468832021,4.721303353200331,0.17796905488849502,-0.30000001192092896,-1.9998121789550147,-2.2255176938895533,0.0,-0.0028055456932634115,0.45308747381772774,-0.6708111753747751
220.02112597300038,4.788862003674676,4.713057260972624,0.18038207122963823,-0.30000001192092896,-1.9999560736556665,-2.228786869530422,0.0,-0.0030166595242917538,0.44767695313654565,-0.6473562223709772
220.07182186300088,4.77787976531777,4.697933885971866,0.18841444538260343,-0.30000001192092896,-1.999851572787186,-2.2327336717609643,0.0,-0.0034070941619575024,0.4331907203449923,-0.624247708408978
220.12141437900027,4.766298050941512,4.6809919985178166,0.1960625928134716,-0.34000001192092894,-1.9998542755011988,-2.237173541104742,0.0,-0.0032073408365249634,0.4157374278250492,-0.6010210667582987
220.18526727800054,4.754103187437313,4.6555495069383195,0.2039376930923118,-0.4000000059604645,-1.9997613369072484,-2.241676648969971,0.0,-0.0031185513362288475,0.40264745843509164,-0.5776741572918362
220.23698214400065,4.740849295661918,4.63476244742863,0.21011383566569108,-0.4000000059604645,-1.999839792765772,-2.2470048895399612,0.0,-0.0030004752334207296,0.3879866927183393,-0.5530506717768611
220.28827026,4.728300793053891,4.6142463635231215,0.22083542708095494,-0.4000000059604645,-1.9998431128909397,-2.2519067973420444,0.0,-0.0026490073651075363,0.3773401842811741,-0.5295833451553152
220.34347836300003,4.715209115492016,4.592148638793466,0.22704922023154883,-0.4000000059604645,-1.999816979380797,-2.256357598684435,0.0,-0.00240672891959548,0.36494834659201425,-0.5059777326815649
220.4035173150005,4.70156577874595,4.568241608437396,0.23315972758765435,-0.4000000059604645,-1.9997845378757861,-2.260834581687674,0.0,-0.0022746084723621607,0.35587263448164386,-0.4822346783131479
220.4275953260003,4.687491694489894,4.5585506602927826,0.2410517947336953,-0.4000000059604645,-1.9999643821305593,-2.2655753324144543,0.0,-0.002281217137351632,0.3495894491744642,-0.45837799393515233
220.48676350000096,4.673259706267542,4.534818697139647,0.25039531220851907,-0.4000000059604645,-1.9997851020668223,-2.270624105454927,0.0,-0.00232512503862381,0.3403392041388944,-0.4344666351610789
220.53723156399974,4.65830488171787,4.514682743239196,0.25978427839145124,-0.4000000059604645,-1.9998442969228651,-2.275556060412659,0.0,-0.002221503993496299,0.32794736644973455,-0.4103966636405397
220.5871365560015,4.642566432729062,4.494669490541172,0.26999688515163733,-0.4000000059604645,-1.999845144099886,-2.280604627020422,0.0,-0.0021232827566564083,0.3190461872645636,-0.3861668564229618
220.63906476900047,4.626129464311884,4.47398055063266,0.2829825678926383,-0.4000000059604645,-1.999833333316035,-2.2862834234725913,0.0,-0.0022683804854750633,0.31014500807939216,-0.3618039594906381
220.69372639200083,4.6092868877693896,4.452034473106248,0.2972451928764877,-0.4000000059604645,-1.9998110909463378,-2.292707724481802,0.0,-0.00215019634924829,0.2972295716146345,-0.3373809086236478
220.75350646900006,4.591623281832759,4.4282948239522435,0.3100821501697374,-0.4000000059604645,-1.999777248660928,-2.298750412260932,0.0,-0.0017101040575653315,0.28745572780346595,-0.31276493537434713
220.7762782690006,4.573313400617596,4.419129678615723,0.32033923258968,-0.4000000059604645,-1.9999665317237116,-2.3044569436433355,0.0,-0.0013231913326308131,0.2802998778702892,-0.2879610316773052
220.83981944600055,4.554704877004832,4.393989006641005,0.32790191356457554,-0.4000000059604645,-1.9997461159132983,-2.3098132779762777,0.0,-0.0010775219416245818,0.26982790235832343,-0.2630310993106247
220.90443693500129,4.536538234622308,4.368005139053985,0.3342783707137903,-0.4000000059604645,-1.9997266246392,-2.314496689515285,0.0,-0.0007607136503793299,0.25569073541716936,-0.238518664883648
220.92686812900138,4.517585820679506,4.358776859316262,0.33706480575545417,-0.4000000059604645,-1.9999652267603034,-2.318441264539022,0.0,-0.0006000690045766532,0.24888395133439145,-0.21338464879601848
220.9869200539997,4.498538315593776,4.334784702158956,0.3427366774585573,-0.4000000059604645,-1.999762972330301,-2.322455405288004,0.0,-0.0009593127761036158,0.23876104167282453,-0.1884788413413667
221.03978039899994,4.478955610028372,4.313769144245614,0.34543192795841277,-0.4000000059604645,-1.9998165426478869,-2.327247107254103,0.0,-0.0010538086062297225,0.2261946710584648,-0.16300575100834563
221.08765411400054,4.459363091621858,4.2946046459603044,0.34847516423850106,-0.4000000059604645,-1.999846093148829,-2.331687129621335,0.0,-0.0010822355980053544,0.21729349187329428,-0.13751572251013805
221.13846217399987,4.439335736941894,4.274215170056528,0.35261262878005695,-0.4000000059604645,-1.9998242143445177,-2.335731068609565,0.0,-0.001391249825246632,0.20839231268812286,-0.11179776150612405
221.20199683800092,4.4189470061315275,4.2487639340767895,0.3566391871779225,-0.4000000059604645,-1.9997235727194318,-2.3404011005649172,0.0,-0.0016116135520860553,0.19739673840055882,-0.08585483923624578
221.23349986600078,4.398452675898471,4.236295294291309,0.3592720365405119,-0.4000000059604645,-1.9999330342575437,-2.3449584442314637,0.0,-0.0015794107457622886,0.19163715186897745,-0.05974490987008316
221.2962656260006,4.378189594443296,4.211041726715022,0.3596352727562129,-0.4000000059604645,-1.9997227592723632,-2.3488718358987053,0.0,-0.0015932739479467273,0.17994344588061528,-0.03357940524098895
221.32785654700092,4.357919864342343,4.198433282526926,0.3569147777677435,-0.4000000059604645,-1.9999302444579896,-2.3518363864937113,0.0,-0.0015031880466267467,0.17470745812463262,-0.007191968035422708
221.38984977099972,4.337692398261523,4.173612164157245,0.35252982021821494,-0.4000000059604645,-1.9997271486202435,-2.3546953418491823,0.0,-0.0017013471806421876,0.16301375213627045,0.01940853348762196
221.45322750200103,4.317634128311413,4.148364391780875,0.34871579311560763,-0.4000000059604645,-1.999715059203212,-2.357697798397179,0.0,-0.002254688646644354,0.15201817784870597,0.04615543268483094
221.48370315100146,4.297882292148271,4.136099785197842,0.3455016389279778,-0.4000000059604645,-1.9999321402071628,-2.360854790624835,0.0,-0.0026796336751431227,0.14695672301792273,0.07292106471935138
221.54541289500048,4.278105448650743,4.111525921232009,0.3428847012969837,-0.4000000059604645,-1.9997250556758155,-2.36374266402614,0.0,-0.0029583934228867292,0.13857914260834958,0.09992134932990221
221.5764353450013,4.258416286684421,4.099082107846648,0.33873230438515467,-0.4000000059604645,-1.999928841815984,-2.3671641921747875,0.0,-0.003206414170563221,0.13369222070276576,0.12715160899319058
221.63893670900143,4.238949475688844,4.073982761472433,0.33363618870297906,-0.4000000059604645,-1.9997078485463105,-2.370815178564663,0.0,-0.003464361187070608,0.12322024519079955,0.15453458659987765
221.70247322700016,4.219828080254244,4.048740940696331,0.32981369553448503,-0.4000000059604645,-1.99970183877865,-2.374540639907977,0.0,-0.0038988988380879164,0.11344640137963147,0.18192856776775224
221.73305436300143,4.201021976163512,4.0364063273124575,0.3272225153587873,-0.4000000059604645,-1.9999281618338502,-2.377847378177147,0.0,-0.004184008575975895,0.10908307824964547,0.20910242248005115
221.79493181100042,4.181932376564393,4.011582314942961,0.32286385803343665,-0.4000000059604645,-1.9997063773468213,-2.3817705852337023,0.0,-0.004463104531168938,0.09983283321407566,0.23698755112019843
221.8267586940001,4.163080238686447,3.9989281483542287,0.3178938473770313,-0.4000000059604645,-1.9999230069972882,-2.385971103947232,0.0,-0.0044934977777302265,0.09512044423369082,0.2650385764750344
221.88981849100128,4.144539670980994,3.9736417243776767,0.3117411762989106,-0.4000000059604645,-1.9996898150214573,-2.390205680088143,0.0,-0.004572584293782711,0.08656833089891869,0.29310991795097247
221.95327617300063,4.126123791216953,3.948518922003058,0.3062347553825351,-0.4000000059604645,-1.999691076979377,-2.3940717162889604,0.0,-0.004744593519717455,0.07819075048934598,0.3214451753260867
221.98458835600104,4.1078140755452095,3.9357202890123757,0.30110119236272304,-0.4000000059604645,-1.999919105483265,-2.3984073504756105,0.0,-0.00492896419018507,0.07400196028455941,0.35003672054916224
222.04856062700128,4.089649942306486,3.9103078178336257,0.29691593585805864,-0.4000000059604645,-1.9996782494436425,-2.4029622982535486,0.0,-0.005034220404922962,0.06649704450098382,0.37880273449553153
222.0796066820003,4.071683803031357,3.8977283308462263,0.29147915368535027,-0.4000000059604645,-1.9999204589479394,-2.407335476737,0.0,-0.00502789206802845,0.06230825429619724,0.40759906775568655
222.14190464600142,4.05367859495811,3.8728307852752955,0.28326660459677333,-0.4000000059604645,-1.9996856505459117,-2.4115204808511805,0.0,-0.004964660387486219,0.054454272662223246,0.4371619379763839
222.20366723900042,4.036209062695167,3.8480965613061917,0.27783091460440523,-0.4000000059604645,-1.9996870696930902,-2.415711965206222,0.0,-0.0050979675725102425,0.048869219055841295,0.46649220834626276
222.23509685099998,4.018986320765961,3.8354930407186685,0.27130021742041244,-0.4000000059604645,-1.999918047143357,-2.4201382241576352,0.0,-0.0051944260485470295,0.04537856055185241,0.4960768978357738
222.29827851499977,4.0012237150575904,3.810338679944083,0.26299368026795367,-0.4000000059604645,-1.9996706647721219,-2.425021230689661,0.0,-0.0052554127760231495,0.038571776469074504,0.526992769733069
222.3290229860013,3.9845647829670243,3.7979429201594774,0.2603067751824626,-0.4000000059604645,-1.9999193511821614,-2.428195882036898,0.0,-0.004993800073862076,0.035255650890285484,0.556686875466581
222.39093256399974,3.968185978204037,3.7731519701900713,0.2529249763181869,-0.4000000059604645,-1.9996747630691505,-2.431863653973572,0.0,-0.0047420901246368885,0.028099800957108734,0.5866468123437699
222.42341301899978,3.9520948680413737,3.760103149995225,0.24623351362447043,-0.4000000059604645,-1.9999091550909454,-2.4354575597884107,0.0,-0.00476818298920989,0.02321287905152447,0.6168618971650102
222.48582504700062,3.936105496237954,3.7352425412245784,0.24064759331156482,-0.4000000059604645,-1.99966758000159,-2.439149760998447,0.0,-0.004891020245850086,0.01884955592153892,0.6468797357600079
222.54767588400136,3.9202817198001685,3.7106083488575607,0.2361299143117619,-0.4000000059604645,-1.999670967037764,-2.44183949573595,0.0,-0.004753907676786184,0.013788101090755234,0.677181230123514
222.57862010700046,3.9045950220939276,3.6980790474713214,0.23203564964301981,-0.4000000059604645,-1.9999141945504737,-2.4447081909881163,0.0,-0.004650516901165247,0.01186823891356159,0.707749002921082
222.64207220699973,3.889091314866999,3.672849894694953,0.22864642625009224,-0.4000000059604645,-1.9996493248851661,-2.4475458337438045,0.0,-0.0045746625401079655,0.008377580409572705,0.738569951685278
222.70399547200032,3.8735480152773847,3.648040028325407,0.22446534012222297,-0.4000000059604645,-1.9996581564157192,-2.4502199877653754,0.0,-0.0041848537512123585,0.004537856055185419,0.7692421704603261
222.735153394,3.8582530790846765,3.635471094138251,0.21908245891543365,-0.4000000059604645,-1.999911564128216,-2.4521012018253634,0.0,-0.004007520619779825,0.0029670597283901756,0.8001895065408222
222.79919171999973,3.8431908091891547,3.610034857759271,0.21460578392428364,-0.4000000059604645,-1.999634979907392,-2.4538896400528385,0.0,-0.003947916906327009,-0.0006981317007976884,0.8313896872035763
222.82974404200104,3.828465484555247,3.597656141974752,0.20908550173920148,-0.4000000059604645,-1.999912880619855,-2.4556024776698675,0.0,-0.003632365493103862,-0.003141592653590042,0.8628321839257839
222.89288361800027,3.8135740123680844,3.572415447198219,0.20315413081529554,-0.4000000059604645,-1.9996349660891921,-2.4575528204648327,0.0,-0.003479761304333806,-0.00802851455917386,0.8941445618690302
222.95556656000008,3.7989385592987355,3.547305008824361,0.1987743879380246,-0.4000000059604645,-1.999635934879736,-2.458668503685709,0.0,-0.0034555138554424047,-0.011519173063162302,0.925718943180974
222.98719428200093,3.784714793480913,3.5346857994362635,0.1964747253977701,-0.4000000059604645,-1.9999073574109825,-2.4598901670748483,0.0,-0.0034591853618621826,-0.01343903524035639,0.9570004268955647
223.04939659699994,3.7706330587820633,3.509823844265647,0.19466950940624317,-0.4000000059604645,-1.9996377260086107,-2.461487535304776,0.0,-0.0034762152936309576,-0.017104226669544698,0.9885117131415732
223.08168006400047,3.755687161989929,3.4970245548751664,0.1920371446893535,-0.4000000059604645,-1.9999032156062968,-2.463241150900602,0.0,-0.003268311033025384,-0.019373154697137185,1.0205167870010279
223.1438941310007,3.7409929246642055,3.471992650102505,0.18966992425193108,-0.4000000059604645,-1.999626914425162,-2.464547857516348,0.0,-0.002955922158434987,-0.023911010752322603,1.0527777483503191
223.174497557,3.7264739004902534,3.459768707920226,0.18799121846165812,-0.4000000059604645,-1.9999103316236397,-2.465945673491302,0.0,-0.00288955494761467,-0.026005405854715224,1.0852760618290438
223.2373067180015,3.7120930512320545,3.4346356343453004,0.1871440196800479,-0.4000000059604645,-1.9996180140825086,-2.467422683996178,0.0,-0.0027162637561559677,-0.02949606435870411,1.1180007272988002
223.3008134110005,3.6970107207855794,3.409368165169211,0.1878389272419998,-0.4000000059604645,-1.9996107618030619,-2.468900174471572,0.0,-0.0026824779342859983,-0.032288591161894864,1.1507156208855107
223.33156200099984,3.6820568517294627,3.3969115353836825,0.18870848742044655,-0.4000000059604645,-1.9999046254146653,-2.4699770260140235,0.0,-0.002421298762783408,-0.03281218993749313,1.1836733998943574
223.39468585900067,3.667188432055759,3.3717946874091194,0.19027890363851552,-0.4000000059604645,-1.9996091077167066,-2.471197995276072,0.0,-0.0024089913349598646,-0.03385938748869011,1.2168595293754039
223.42532197800028,3.6525069376660095,3.3594331516247062,0.19077302002137475,-0.4000000059604645,-1.9999045501424284,-2.4724428931408275,0.0,-0.0021763441618531942,-0.034557519189487795,1.2502634469518308
223.48781215300005,3.637367162920091,3.334433037652649,0.18959962564177418,-0.4000000059604645,-1.999606356767533,-2.4735682707193916,0.0,-0.0019772429950535297,-0.03577924966588375,1.2836996197236228
223.55164016799972,3.622414069290035,3.3089862732735282,0.18948753015566921,-0.4000000059604645,-1.9995887926159228,-2.474235305976492,0.0,-0.0019173636101186275,-0.036302848441482016,1.3173608651886568
223.58220042500034,3.6075704857632176,3.296651391089583,0.18987461700738345,-0.4000000059604645,-1.9999025789613518,-2.4750767846862933,0.0,-0.0020591742359101772,-0.03595378259108317,1.351236584079819
223.6459108320014,3.5928037131008552,3.2715297539152104,0.191510262538012,-0.4000000059604645,-1.9995925999334097,-2.476126612581316,0.0,-0.0021787788718938828,-0.035430183815484906,1.3853196379726056
223.67480361100024,3.5774488469895953,3.259684130938377,0.19258758666549006,-0.4000000059604645,-1.9999086346051724,-2.4773748528527304,0.0,-0.0019366537453606725,-0.03560471674068433,1.4195044924578293
223.7373660510002,3.562308991682653,3.234615977764892,0.19222445746610897,-0.4000000059604645,-1.999587358063145,-2.4784364838767217,0.0,-0.0019047135720029473,-0.03595378259108317,1.4539070333604773
223.80040570200072,3.547519962526477,3.209383726188688,0.19415873944592948,-0.4000000059604645,-1.9995784456320145,-2.479563665788446,0.0,-0.0019631849136203527,-0.03577924966588375,1.4879410975432992
223.83269817700057,3.532561493298323,3.1965723491979836,0.194040334571633,-0.4000000059604645,-1.9998903966668353,-2.481259849138676,0.0,-0.0021117585711181164,-0.035255650890285484,1.5227607343609537
223.89572243900147,3.516921590667958,3.1712838128210024,0.1966936443161263,-0.4000000059604645,-1.9995691633009773,-2.4832176127096477,0.0,-0.0023480080999433994,-0.03438298626428837,1.5577398664212931
223.927162502001,3.5014603193368323,3.1587717030349283,0.19862952007221873,-0.4000000059604645,-1.999893591950181,-2.485530502096828,0.0,-0.002278798958286643,-0.03403392041388953,1.5929447377407522
223.98958921700068,3.486197183067378,3.1337011378610855,0.19814616993428058,-0.4000000059604645,-1.9995690617737218,-2.4878813231639487,0.0,-0.0020395833998918533,-0.03403392041388953,1.6283690786659608
224.05293741600144,3.471095175013841,3.108377503084051,0.19786874461373005,-0.4000000059604645,-1.9995564844147826,-2.490378061834322,0.0,-0.0021672663278877735,-0.03351032163829126,1.6640091641478623
224.08369006199973,3.455562993107381,3.096062686900111,0.19780235187961615,-0.4000000059604645,-1.999894164812096,-2.4931543492492936,0.0,-0.0023059796076267958,-0.03316125578789242,1.6998505645962816
224.14750659499987,3.4401908480580925,3.070584812120658,0.19868845153473308,-0.4000000059604645,-1.9995429641254192,-2.4962208282839446,0.0,-0.0024677743203938007,-0.032114058236695886,1.7359202803406784
224.17861946500125,3.425062890654924,3.0580942951346546,0.19816021639404807,-0.4000000059604645,-1.9998891756355999,-2.4996966501641156,0.0,-0.0021684414241462946,-0.03193952531149602,1.7722164662326603
224.24077798100006,3.4099901723135897,3.0332253423640854,0.19349543126766933,-0.4000000059604645,-1.9995568011675429,-2.502992619205942,0.0,-0.0018977825529873371,-0.031241393610698776,1.809338580594473
224.30406058600056,3.395057266326245,3.008056537188699,0.19204990176407677,-0.4000000059604645,-1.9995420480678265,-2.5060689692552462,0.0,-0.0019386151107028127,-0.029670597283903533,1.8460772354214834
224.33598162700036,3.3803732627501697,2.9952368369978526,0.18950599835640625,-0.4000000059604645,-1.9998801501886763,-2.509526304378533,0.0,-0.001975182443857193,-0.028623399732707,1.8830349892422116
224.39929765499983,3.365097348979983,2.970072319823022,0.18307763101725893,-0.4000000059604645,-1.9995340167328102,-2.5134150886721676,0.0,-0.002011926844716072,-0.02617993877991509,1.922087318182163
224.4301832609999,3.3509179091482544,2.9576399756375027,0.1848065362989213,-0.4000000059604645,-1.9998852930476811,-2.5171334380120896,0.0,-0.0018095364794135094,-0.024783675378319714,1.9595083662613642
224.49235501099974,3.336971860602369,2.9327261224661663,0.17972397251863703,-0.4000000059604645,-1.9995355219521511,-2.520355264072213,0.0,-0.0014317267341539264,-0.021991148575128516,1.9971853202394867
224.55368580600043,3.3233399624723847,2.908162586100227,0.17502924716459378,-0.4000000059604645,-1.9995447800075126,-2.523580775897448,0.0,-0.0012537769507616758,-0.01919862177193732,2.0350588141068817
224.58444238999982,3.3099533643746937,2.8957881459158483,0.17060513676849753,-0.4000000059604645,-1.9998835288066483,-2.526832542198742,0.0,-0.001257250434719026,-0.017104226669544698,2.073127855580319
224.64637257899994,3.2967515425379363,2.871042984347291,0.1673264798197398,-0.4000000059604645,-1.9995305424717311,-2.52999499713593,0.0,-0.0011293931165710092,-0.012740903539558701,2.1114212211194405
224.67810610800007,3.2837368647345175,2.858315456957304,0.16316369981075485,-0.4000000059604645,-1.9998748122110381,-2.5334287891066163,0.0,-0.0008150262874551117,-0.010297442586766792,2.149998306699387
224.74097599200104,3.2710400323783024,2.8332708157843585,0.15776764556289735,-0.4000000059604645,-1.9995115222055015,-2.536267043409536,0.0,-0.0003946564393118024,-0.005235987755983107,2.1887403139343755
224.80316353000126,3.258570875226859,2.8082758202120908,0.15335870243087957,-0.4000000059604645,-1.9995097263128447,-2.538690716589067,0.0,-0.00022415407875087112,0.0006981317007976884,2.22765046039529
224.8346862360013,3.2462331633934434,2.7956782112245295,0.14985748627441864,-0.4000000059604645,-1.9998745047194288,-2.5410575576482897,0.0,-0.0001358478475594893,0.004014257279587152,2.266765698146735
224.8970972320003,3.2339347540571945,2.770851477254671,0.1475993940859659,-0.4000000059604645,-1.999508907365249,-2.543488078408551,0.0,4.3010973058699165e-06,0.010821041362365058,2.3061770311482217
224.92930776400135,3.2218600747135446,2.757894436261203,0.14490319491340675,-0.4000000059604645,-1.9998652253302136,-2.5464102030335796,0.0,0.00045884790597483516,0.0143116998663535,2.3457355666085076
224.99086598699978,3.2099847858376833,2.7331802690931113,0.14103610083847573,-0.4000000059604645,-1.9995060618472194,-2.5483897495786736,0.0,0.0009434819221496582,0.020943951023931984,2.385435000685684
225.05320411700086,3.1984380073314895,2.7083594343227997,0.14003074798373727,-0.4000000059604645,-1.9994981858073675,-2.5498349562487164,0.0,0.0011508307652547956,0.028448866807507578,2.4246642122618627
225.08423189800124,3.1867721790835706,2.6958356033362705,0.13653243536547932,-0.4000000059604645,-1.9998712987637324,-2.5517764532361356,0.0,0.0012631866848096251,0.0317649923862966,2.4648481994941345
225.14721987200028,3.1753268424556476,2.6707000121621025,0.13820122419484848,-0.4000000059604645,-1.9994778610846546,-2.553893696535163,0.0,0.0013503195950761437,0.03682644721708028,2.504490595029722
225.17840167100076,3.1637292327291804,2.658193789975516,0.13615646692447925,-0.4000000059604645,-1.9998697841280204,-2.55634159204277,0.0,0.0018621485214680433,0.04031710572106917,2.5449343372485975
225.241103321001,3.152218617578005,2.633165567602893,0.1347900680323597,-0.4000000059604645,-1.9994746945964985,-2.557880786012497,0.0,0.0024355784989893436,0.04694935687864721,2.58555441511051
225.30386531300064,3.140833667088471,2.6081554516300516,0.13436521134596957,-0.4000000059604645,-1.9994716449594165,-2.559113249507398,0.0,0.0025948667898774147,0.054279739737023824,2.6264568957622445
225.3359763190001,3.129315892962438,2.5951622790367095,0.13539751066524564,-0.4000000059604645,-1.9998563383052987,-2.5611020054122835,0.0,0.0027581413742154837,0.057770398241012266,2.667474231111434
225.3973209320011,3.1175891770177167,2.570613645070554,0.13862390322336127,-0.4000000059604645,-1.9994833434117876,-2.563248948420137,0.0,0.0028267817106097937,0.06510078109938844,2.708629169911982
225.42824818500048,3.105814380229955,2.5582036628855316,0.14158069860725586,-0.4000000059604645,-1.9998669541302707,-2.565923532390262,0.0,0.0033125891350209713,0.06894050545377617,2.7499816514166135
225.4910937929999,3.0942402060629868,2.533153624112471,0.14303339661475634,-0.4000000059604645,-1.9994538751781517,-2.5682454926633365,0.0,0.0036940511781722307,0.07609635538695292,2.791623893873892
225.55351356600113,3.082451613056706,2.5082817417415533,0.14504172748585897,-0.4000000059604645,-1.9994574894715447,-2.570618522181074,0.0,0.0038338101003319025,0.0842994028713262,2.833393015015026
225.58458331600013,3.0703731521987625,2.4957146135547883,0.14813718661558484,-0.4000000059604645,-1.9998603955002952,-2.573259438445545,0.0,0.0038324010092765093,0.08848819307611233,2.8753095827355017
225.6467496940004,3.058134658552056,2.4709131955849712,0.15266416735286548,-0.4000000059604645,-1.999451946634674,-2.57604075355255,0.0,0.003750620177015662,0.09669124056048606,2.917449392851221
225.6777840980012,3.0461297177942144,2.4584932065999423,0.15600793644739025,-0.4000000059604645,-1.9998614663265768,-2.5794056907877816,0.0,0.004057667683809996,0.10105456369047161,2.959932484515358
225.73979051800052,3.0338590449356535,2.4336618682301414,0.1579302261829768,-0.4000000059604645,-1.9994417974301542,-2.582764747924323,0.0,0.004255261272192001,0.1097812099504436,3.002557056758256
225.80140193900115,3.021281000622036,2.4089725438621774,0.16085671887584146,-0.4000000059604645,-1.9994435595915245,-2.5858221643126287,0.0,0.00422661891207099,0.11693705988361991,3.0453447926036286
225.83244289499999,3.008559546781614,2.396802549680252,0.16454464102837274,-0.4000000059604645,-1.9998636442752897,-2.589292026403549,0.0,0.004060115199536085,0.12217304763960302,3.0883622341010346
225.89519939599995,2.9963525697771884,2.371597160504858,0.17101114735835965,-0.4000000059604645,-1.9994103676356711,-2.593145061393276,0.0,0.003747666487470269,0.13194689145077154,3.1309886989882205
225.92669922999994,2.983540083333931,2.358970456716597,0.17252266914557124,-0.4000000059604645,-1.9998507462509527,-2.5979763034067545,0.0,0.003861992387101054,0.13735741213195363,-3.108670443865843
225.99502066400055,2.970381596301842,2.331646395109676,0.1749289278928273,-0.4000000059604645,-1.9992949193033411,-2.6025207731631332,0.0,0.003872490720823407,0.1483529864195181,-3.0649431172444572
226.02061842500007,2.957118080653049,2.32137152815625,0.17800561733908898,-0.4000000059604645,-1.999899393215748,-2.6070113674818063,0.0,0.0035358965396881104,0.15411257295109948,-3.020950283665159
226.0835273320008,2.944225466491617,2.2962353361822423,0.18109290973855074,-0.4000000059604645,-1.9993926542291807,-2.612258293012797,0.0,0.003231282578781247,0.16685347649065774,-2.976603875760431
226.14752064500135,2.9308412623208313,2.2707512178023315,0.18468118975101966,-0.4000000059604645,-1.9993700119229245,-2.61821924353768,0.0,0.002998780459165573,0.1820378409830088,-2.9320263340916
226.17920804900132,2.916933699659509,2.2578842092106814,0.1887584715655637,-0.4000000059604645,-1.999837852504969,-2.6249651479610008,0.0,0.002691491274163127,0.1904154213925815,-2.8871771986951686
226.24220365700057,2.9028050950893713,2.23272983163591,0.19431777195133448,-0.4000000059604645,-1.9993742953626392,-2.6328450389898337,0.0,0.0023199766874313354,0.20769418098732517,-2.841987637220814
226.3053116560004,2.8888957773883908,2.207505302860186,0.1966410202896166,-0.4000000059604645,-1.9993647279791762,-2.642272863437352,0.0,0.0025023948401212692,0.2249729405820693,-2.795628367380739
226.33633736299998,2.874820922007428,2.195128229875599,0.20010702926380053,-0.4000000059604645,-1.9998455375253186,-2.652159446924554,0.0,0.0028637642972171307,0.23317598806644257,-2.7496992425534845
226.39863563000108,2.860462578895216,2.1702535299046053,0.20021093590157246,-0.4000000059604645,-1.9993698835033973,-2.6615554382035556,0.0,0.0030119302682578564,0.24783675378319492,-2.703430888617223
226.4302548650012,2.8464113759637764,2.157527489315106,0.19721907639446412,-0.4000000059604645,-1.9998334290875002,-2.6705478943427687,0.0,0.003443221328780055,0.2546435378659728,-2.65682541571978
226.49408148700059,2.8327153480716,2.131909608533711,0.18460207021506614,-0.4000000059604645,-1.9993185172442203,-2.6793915325774877,0.0,0.003681918838992715,0.2666863097047334,-2.607577652948901
226.55659044700042,2.8197380045504015,2.107079132163356,0.182820877780693,-0.4000000059604645,-1.999353856125115,-2.68681900881675,0.0,0.003711605677381158,0.2754129559647054,-2.5603532613676814
226.5873403580008,2.8067430622829095,2.094604300777233,0.1747087917960699,-0.4000000059604645,-1.9998353839904193,-2.694123847686928,0.0,0.0035391217097640038,0.281696141271885,-2.512800985555295
226.65055557800042,2.7941847569427805,2.0694723728033058,0.16699033809941244,-0.4000000059604645,-1.9993259126175016,-2.7010702193949925,0.0,0.003396866610273719,0.293913446035845,-2.4649274057691257
226.6813914000013,2.782904550774973,2.057017530617271,0.15728926996376447,-0.4000000059604645,-1.9998330879452695,-2.707650487717054,0.0,0.0034195885527879,0.30019663134302466,-2.4167814897673825
226.74365238500104,2.7717259659751052,2.0322087986473867,0.1449654423845459,-0.4000000059604645,-1.9993324499958758,-2.7139513800194885,0.0,0.0036078481934964657,0.3132866007329822,-2.3683346762133026
226.80626458799998,2.7606744595489094,2.0070488102731145,0.1333353240119517,-0.4000000059604645,-1.999307907524049,-2.719871663435227,0.0,0.0033358698710799217,0.3275983005993357,-2.3195872691868584
226.83716537100008,2.7500940719190017,1.9946940948885246,0.12268730464521327,-0.4000000059604645,-1.999831818518087,-2.7256992076705737,0.0,0.0028649952728301287,0.33632494685930725,-2.270591017267267
226.90110528500009,2.740583993197598,1.9746068516214643,0.11431025985051724,-0.4000000059604645,-1.999284649307309,-2.731616920979694,0.0,0.002486763522028923,0.35569810155644443,-2.22148727857475
226.9316340940004,2.7310099784207345,1.9875875246156594,0.10554469414559708,-0.4000000059604645,-1.9998278616033536,-2.73717123877247,0.0,0.002495333319529891,0.3654719453676125,-2.1720738340399564
226.99504192200038,2.7214548179470475,1.974664836822293,0.09587816881154221,-0.4000000059604645,-1.9992778675721026,-2.7427308770594223,0.0,0.0026791307609528303,0.38536869884034797,-2.1223526014994922
227.05691514400132,2.7123416559254405,1.9753636100325433,0.0872497848225049,-0.4000000059604645,-1.9993125528669196,-2.748021465899729,0.0,0.0025676139630377293,0.40927970959267057,-2.072378614070815
227.0887039270001,2.704501407916137,1.9872094662096422,0.07881542281012521,-0.4000000059604645,-1.9998136156198036,-2.753108865751613,0.0,0.002580733969807625,0.42202061313222883,-2.0222945357870015
227.15077872500115,2.697032052528982,1.975102682828658,0.06871194924958823,-0.4000000059604645,-1.9992899231290362,-2.757812026257054,0.0,0.003165405010804534,0.4482005519121439,-1.9727761093218035
227.17745963900052,2.6900076382796816,1.9893812902421115,0.048707437348413096,-0.4000000059604645,-1.9998701485641932,-2.7616035029729016,0.0,0.004054674878716469,0.4616395871525003,-1.9221643921958869
227.2386780960005,2.684542374796101,1.9754691796345352,0.026990889273245666,-0.4000000059604645,-1.9993042438898498,-2.7624724004586088,0.0,0.004734052810817957,0.48014007722363994,-1.8723324735473934
227.29052984300142,2.6814486912863678,1.979240690090846,-0.004186102034768768,-0.4000000059604645,-1.999500571817324,-2.758988239521776,0.0,0.005170934833586216,0.5050982855271591,-1.8218832674741272
227.34658138099985,2.679608145835891,1.9776241560661167,-0.03807492415874403,-0.4000000059604645,-1.9994189718727056,-2.750689525364947,0.0,0.005266755819320679,0.5230751768227004,-1.771472632001155
227.374727376,2.6791350416760364,1.9888562478341745,-0.073399214327666,-0.4000000059604645,-1.999855827300884,-2.7384431947001087,0.0,0.00471272598952055,0.5351179486614615,-1.7211895768269965
227.43931436800085,2.680271275585253,1.9740378008131623,-0.10699603779534883,-0.4000000059604645,-1.9992182043376376,-2.7236198632452266,0.0,0.003713659243658185,0.551524043630208,-1.6711991440298581
227.48998667100022,2.6833427835137122,1.9797495572982522,-0.13622258524568703,-0.4000000059604645,-1.9995254253277117,-2.706837849419947,0.0,0.002375262090936303,0.5714207971029435,-1.6217540136438564
227.54192909800076,2.6871298248707345,1.9795974204958149,-0.16086791331910502,-0.4000000059604645,-1.9995196251030531,-2.688350128265246,0.0,0.0010719236452132463,0.5866051615952941,-1.572601964094264
227.59133592500075,2.6914417424947334,1.9798209548991386,-0.17974096963537886,-0.4000000059604645,-1.9995315972031455,-2.6695691333014104,0.0,-0.0002042050036834553,0.6005677956112487,-1.5237628439945976
227.63966705200073,2.696300837058911,1.9807455509134662,-0.19324865235894206,-0.4000000059604645,-1.9995750708168603,-2.6514950596695033,0.0,-0.0012078451691195369,0.6134832320760069,-1.4753309823484604
227.68988164800066,2.7018363126673415,1.9798619436999234,-0.2011837646044136,-0.4000000059604645,-1.9995370803510504,-2.6344393974283062,0.0,-0.0021149208769202232,0.625176938064369,-1.4274896378582766
227.7472846540004,2.707165493722369,1.9770362924578535,-0.20496853586832392,-0.4000000059604645,-1.9994004380238772,-2.618068815419438,0.0,-0.0027190889231860638,0.6394886379307225,-1.3799169861855896
227.77442465600143,2.712154617857174,1.9892149318388852,-0.2045819808849783,-0.4000000059604645,-1.9998682268112307,-2.6032431942800764,0.0,-0.0032594786025583744,0.6459463561631011,-1.3325938988390942
227.83988924000005,2.716934752988377,1.9737669696090943,-0.200381223637355,-0.4000000059604645,-1.9992232046126246,-2.5901265925543657,0.0,-0.0035433401353657246,0.6546730024230731,-1.2856157934122137
227.89077311800065,2.7217675803987427,1.979595685696491,-0.1925962653830673,-0.4000000059604645,-1.999531693520028,-2.578473974342525,0.0,-0.003865497186779976,0.6649704450098395,-1.2391969445169713
227.93931417600106,2.72573044196948,1.9806816033119388,-0.1825752231729042,-0.4000000059604645,-1.9995814302659205,-2.5676245455720874,0.0,-0.003901116084307432,0.6738716241950105,-1.192916405225145
227.99075485499998,2.728738588168273,1.9793331352919215,-0.16745439746568425,-0.4000000059604645,-1.9995220164737602,-2.558546432668767,0.0,-0.004177013877779245,0.6831218692305807,-1.1475274522567596
228.03887574700093,2.731091555233449,1.9808339885141177,-0.1551852584735821,-0.4000000059604645,-1.9995896230351886,-2.550940729862325,0.0,-0.0041741011664271355,0.6923721142661505,-1.1015893947542748
228.09054620500137,2.7330398596930534,1.9792118640902183,-0.13954980015259955,-0.4000000059604645,-1.9995179118047595,-2.5446361934829076,0.0,-0.003881691489368677,0.7052875507309087,-1.0561535849792956
228.13930189500024,2.733976362971817,1.9805207353100303,-0.12458582807390584,-0.4000000059604645,-1.999576993744591,-2.538560785368576,0.0,-0.0034991062711924314,0.7148868616168773,-1.0106973714316312
228.19045726900004,2.733994243136673,1.9795592016957908,-0.11027024146969255,-0.4000000059604645,-1.999534211341409,-2.5337379132879683,0.0,-0.0033626998774707317,0.7239625737272477,-0.9652048213851706
228.2394970710011,2.7334175105480583,1.9803665461068936,-0.09648301288635852,-0.4000000059604645,-1.9995700952905637,-2.5300385104496432,0.0,-0.0033289291895926,0.7330382858376185,-0.9198307428986878
228.29023950400006,2.7326334601282505,1.9797162716979724,-0.0825609873267259,-0.4000000059604645,-1.999540884837502,-2.5270596844800535,0.0,-0.0032956257928162813,0.7415903991723907,-0.8748940609734186
228.34665388100075,2.730981472208635,1.9774521096640232,-0.07044379957092461,-0.4000000059604645,-1.9994319899033985,-2.5238443166655333,0.0,-0.0033750690054148436,0.7536331710111517,-0.8298193065548403
228.37396960200022,2.72853874446668,1.9891445038379456,-0.0617901208431888,-0.4000000059604645,-1.99986809864577,-2.521508000830261,0.0,-0.0034932754933834076,0.756251164889143,-0.7838289042473005
228.4237669080012,2.725652892047118,1.980032149702353,-0.05021826978274424,-0.4000000059604645,-1.9995527903837815,-2.5201471808147367,0.0,-0.0038818137254565954,0.7649778111491146,-0.7386433228983685
228.4804152300003,2.7224855104890366,1.9774568836643571,-0.04115021123767226,-0.4000000059604645,-1.9994286815226243,-2.5192738895090288,0.0,-0.0044215223751962185,0.7764969842122773,-0.6938408913005734
228.53931943800126,2.718538845162745,1.9763278180472799,-0.03980663876579271,-0.4000000059604645,-1.9993681949786513,-2.5174989798756,0.0,-0.004679471254348755,0.7859217621730465,-0.6465023292681392
228.5916247920013,2.714358851484203,1.9791187224890392,-0.0284010052827266,-0.4000000059604645,-1.9995068645564633,-2.51611984452328,0.0,-0.005038120783865452,0.7983135998622064,-0.6012626131791229
228.64139013000022,2.7099106717154537,1.9800494297024942,-0.024176953499531084,-0.4000000059604645,-1.999548362498224,-2.5150697883495785,0.0,-0.0055240243673324585,0.8079129107481751,-0.5559895004000536
228.69002366200039,2.7052564756925412,1.9805336429099618,-0.020468095328606495,-0.4000000059604645,-1.9995685374430696,-2.5143794480072477,0.0,-0.0060590701177716255,0.818035820409742,-0.5110077654110576
228.74664028400002,2.7003979334108132,1.977298552062038,-0.01876686437983266,-0.4000000059604645,-1.999411113013279,-2.5132124542417342,0.0,-0.006442357785999775,0.8307767239493007,-0.4657513875078268
228.80701467900144,2.6954737433357057,1.9758589660396622,-0.01920950205430283,-0.4000000059604645,-1.9993316303532096,-2.5127506327103077,0.0,-0.006877498235553503,0.8403760348352698,-0.42023604911707974
228.8291225869998,2.690578877849121,1.9913160462712058,-0.021278412791956636,-0.4000000059604645,-1.9999131926236469,-2.512779191505407,0.0,-0.007326571270823479,0.8468337530676489,-0.3746495083068334
228.89100732500083,2.6856322675595052,1.9753744044331454,-0.02416700479792233,-0.4000000059604645,-1.9992994268468154,-2.5128080099826975,0.0,-0.007691076956689358,0.8559094651780192,-0.3293225867407647
228.9415209200015,2.6809019371755585,1.979521615294363,-0.029022660878283424,-0.4000000059604645,-1.999513798154347,-2.51219817301886,0.0,-0.00785051379352808,0.8681267699419797,-0.2837010362969152
228.99047956100003,2.676538081394314,1.9804796933088977,-0.03601297492418598,-0.4000000059604645,-1.9995567831264849,-2.5117334118520525,0.0,-0.008265640586614609,0.8779006137531482,-0.2378210427142499
229.0408680319997,2.6725681347270434,1.9797993144990251,-0.04555160422794624,-0.4000000059604645,-1.9995239392584343,-2.511041876726197,0.0,-0.008457202464342117,0.8880235234147147,-0.19187864087829087
229.09714021200125,2.668709765107592,1.9774624620647454,-0.055359771469467633,-0.4000000059604645,-1.999405721148158,-2.5095795127399545,0.0,-0.008790269494056702,0.902684289131467,-0.14618887164498412
229.12375496200002,2.665400399510476,1.9893995250414462,-0.065385096099431,-0.4000000059604645,-1.9998681937857545,-2.5069733616182233,0.0,-0.009167514741420746,0.9061749476354564,-0.10026988927660596
229.1733629749997,2.662681756043971,1.9801756857050337,-0.07381764355166376,-0.4000000059604645,-1.9995381015845155,-2.504240255268928,0.0,-0.009573863819241524,0.9173450548482194,-0.05494826258826582
229.2375430709999,2.660294582513446,1.9743707208181966,-0.08579028023726129,-0.4000000059604645,-1.9992266400475707,-2.501457521460224,0.0,-0.00998658686876297,0.9321803534901711,-0.00883222926182674
229.30053735300135,2.6577748340283507,1.9748770948255572,-0.09277240640433472,-0.4000000059604645,-1.9992554847752306,-2.4979614870031686,0.0,-0.01025993749499321,0.9477137838329206,0.03623800163248007
229.33081310600028,2.6558152615293684,1.9877294394170886,-0.10283823795861613,-0.4000000059604645,-1.9998221146281137,-2.4929181207884654,0.0,-0.010342162102460861,0.9557422983920949,0.08223775320698141
229.3935867850014,2.654405571861784,1.9749857216270958,-0.11090316841067491,-0.4000000059604645,-1.9992600337232298,-2.4880290941103675,0.0,-0.010487952269613743,0.9716247945852432,0.12834410004182448
229.45562477800013,2.653563937297565,1.9750680160282303,-0.11889408778642735,-0.4000000059604645,-1.9992644276723228,-2.483360763058684,0.0,-0.010603965260088444,0.9866346261523944,0.1745310356054965
229.48802772599993,2.6527226649374933,1.9873742278122695,-0.124722946272258,-0.4000000059604645,-1.9998112275358388,-2.4788423076712833,0.0,-0.01078452356159687,0.9936159431603722,0.21997959850043963
229.5485942410014,2.6523111005968687,1.9755842640362722,-0.13029522217953893,-0.4000000059604645,-1.9992939044870452,-2.472997842942082,0.0,-0.010675701312720776,1.0049605832983346,0.2655517137200193
229.5793223890014,2.652317297369333,1.9875927998152478,-0.13591801531773973,-0.4000000059604645,-1.9998176509582692,-2.4676679283548784,0.0,-0.010527142323553562,1.011767367381113,0.3112146382999415
229.64262488700115,2.6527388234076184,1.974626134021923,-0.14126649992089213,-0.4000000059604645,-1.999237651817787,-2.4627159568696895,0.0,-0.01058143749833107,1.0257300013970676,0.35694050112462067
229.70659095500014,2.6528576495779435,1.9746955388223904,-0.1444141366200744,-0.4000000059604645,-1.9992418840337145,-2.458110332711631,0.0,-0.010425573214888573,1.0402162341886205,0.4020108365387025
229.73605961900103,2.653227912264392,1.9880556814222512,-0.14642633617123502,-0.4000000059604645,-1.9998311187709996,-2.452317097367658,0.0,-0.01033715344965458,1.0471975511965974,0.44718537666301056
229.7997359960009,2.6538016832812863,1.9744921188201978,-0.14761135638907164,-0.4000000059604645,-1.999230195532854,-2.4468615543606393,0.0,-0.010189230553805828,1.0625564486141474,0.49243382670733055
229.8316287990001,2.6545880477145953,1.987210606208881,-0.1485307539602344,-0.4000000059604645,-1.9998065753631153,-2.4420181006115866,0.0,-0.010025430470705032,1.069886831472524,0.537738839445454
229.89390412600005,2.654717650707268,1.9750535852283773,-0.14768815525970713,-0.4000000059604645,-1.9992642158866727,-2.437790616007883,0.0,-0.009887989610433578,1.0838494654884787,0.5825079034405214
229.95709561700096,2.654963428208991,1.9748486256255273,-0.14600304608851933,-0.4000000059604645,-1.9992522156379882,-2.4329858711463963,0.0,-0.009715363383293152,1.09885929705563,0.6273848712520171
229.98867061800047,2.655270832357185,1.987282131010243,-0.14382096434731495,-0.4000000059604645,-1.9998088310603979,-2.4285593542480983,0.0,-0.009554334916174412,1.1061896799140065,0.6723411506573123
230.05085248000069,2.655616828883673,1.9751673136302463,-0.13932087494813583,-0.4000000059604645,-1.9992714022016194,-2.4246506262665353,0.0,-0.009408688172698021,1.1198032480795614,0.7165977073278131
230.08250427500025,2.6549235399048725,1.987255108609668,-0.13768881796085308,-0.4000000059604645,-1.9998079676166125,-2.4211686463853948,0.0,-0.009158658795058727,1.1266100321623398,0.761224951169582
230.1445309970004,2.654315808652108,1.9752516392313946,-0.13382965449476103,-0.4000000059604645,-1.999275632032973,-2.4174793865644935,0.0,-0.008833255618810654,1.1386528040011008,0.805968957534021
230.2079283109997,2.6537622172143362,1.974700424422819,-0.13013187595935105,-0.4000000059604645,-1.9992426931952814,-2.4143067982485285,0.0,-0.008678760379552841,1.149473845363465,0.8508094594092145
230.23967007400097,2.65326974795157,1.9872797630105121,-0.12649125991980092,-0.4000000059604645,-1.9998084713010997,-2.4114730511761806,0.0,-0.00851719081401825,1.1550588989698474,0.895723723260524
230.30057175399998,2.651817213627798,1.9757067652379006,-0.12236846266702761,-0.4000000059604645,-1.9993007109869083,-2.408856899858116,0.0,-0.008395250886678696,1.1627383476786228,0.9403642382644266
230.332021350001,2.650482077251776,1.9872537670103754,-0.11833545026490011,-0.4000000059604645,-1.9998072829460507,-2.4060130309014505,0.0,-0.008035656064748764,1.1676252695842066,0.985119519531788
230.3951241930008,2.64924235405788,1.974803241224414,-0.11499229171804215,-0.4000000059604645,-1.99924627032965,-2.4037631116420823,0.0,-0.007982730865478516,1.1763519158441778,1.029972902879534
230.4582155070002,2.6481069062483185,1.9747238480233824,-0.11199682409000977,-0.4000000059604645,-1.999240862981373,-2.4019216406209143,0.0,-0.00784836895763874,1.1849040291789503,1.0749083417939878
230.49091684300038,2.6458742919548777,1.987042799807122,-0.11059804270519014,-0.4000000059604645,-1.999800156675222,-2.4002915959585667,0.0,-0.0077069723047316074,1.1896164181593347,1.1204434929216287
230.55349022700102,2.643827997078655,1.9749386384266423,-0.10544262320688258,-0.4000000059604645,-1.9992512912795724,-2.398426740994073,0.0,-0.00772111164405942,1.1995647948957027,1.1653355508249914
230.58433870000044,2.641956104670605,1.987578477014618,-0.10285072163074627,-0.4000000059604645,-1.9998157933773457,-2.3970243124317094,0.0,-0.007511405274271965,1.204277183876087,1.2103301108959492
230.64710344200103,2.6402609828339414,1.9748890492255506,-0.1064804233980392,-0.4000000059604645,-1.9992462935472948,-2.395960928567519,0.0,-0.007417020387947559,1.2138764947620562,1.2576795469850046
230.70959222800047,2.637649014322263,1.9750559212284462,-0.09990615988236884,-0.4000000059604645,-1.999254802962344,-2.395467848527294,0.0,-0.0073977988213300705,1.22504660197482,1.3027212486828967
230.74132284000007,2.63534580448579,1.9873719190119132,-0.09869952935276172,-0.4000000059604645,-1.9998086599989593,-2.3947939559634364,0.0,-0.007397075649350882,1.2315043202071987,1.347867017520045
230.80384949700056,2.633324203442269,1.9751158652291436,-0.09813837583868801,-0.4000000059604645,-1.9992559421682423,-2.39411799108567,0.0,-0.007356465794146061,1.2444197566719568,1.3931021387838034
230.83377452400055,2.631595005435448,1.9878605562192273,-0.0982128307377027,-0.4000000059604645,-1.999822676351487,-2.3937855216950514,0.0,-0.007190380711108446,1.2510520078295357,1.4384124543922592
230.89662986500116,2.6291505631709073,1.9747773452243127,-0.09896453372894684,-0.4000000059604645,-1.9992331340502945,-2.3937490444452783,0.0,-0.007099383044987917,1.2650146418454904,1.4837821025876414
230.92971021999983,2.6271111186071288,1.9869040002048088,-0.0998962665360351,-0.4000000059604645,-1.999792925946389,-2.393633826003631,0.0,-0.006916622631251812,1.2758356832078546,1.52922991991172
230.98952396599998,2.625434031420866,1.9759543124415682,-0.10123643775525513,-0.4000000059604645,-1.999301051169698,-2.393423328786471,0.0,-0.006905826274305582,1.2838641977670289,1.5747360482344643
231.05245182300132,2.624101364472673,1.9748998936258066,-0.10285250983307251,-0.4000000059604645,-1.9992376419650975,-2.392897349518165,0.0,-0.0068127610720694065,1.3004448256609749,1.6202771068839619
231.08381213200119,2.6221128022066975,1.9874031138126271,-0.1046471049583122,-0.4000000059604645,-1.9998076775950249,-2.392111204019057,0.0,-0.006584604270756245,1.3093460048461463,1.6658962825518275
231.1467143509999,2.6205370170019413,1.9749003144257282,-0.10598496857311285,-0.4000000059604645,-1.999235592564227,-2.3910812514652124,0.0,-0.006353070493787527,1.3273228961416876,1.7115400389943258
231.2096520949999,2.6193359030454104,1.9749159000263008,-0.10774031107559645,-0.4000000059604645,-1.9992358412171423,-2.3901272339513286,0.0,-0.0060779326595366,1.3433799252600354,1.757201685381911
231.24097749900102,2.6184885498431094,1.9873798818120412,-0.1097309485422635,-0.4000000059604645,-1.9998064328673621,-2.3891968532914505,0.0,-0.005819301586598158,1.351582972744409,1.8028600449047034
231.30373767499987,2.6172834571005654,1.974996878427145,-0.11057662021142012,-0.4000000059604645,-1.9992395754266135,-2.388102439467488,0.0,-0.005522009916603565,1.36641827138636,1.847893970734937
231.33488461700108,2.616521662880363,1.987554147014532,-0.11507032757878088,-0.4000000059604645,-1.9998114584287228,-2.38732559395624,0.0,-0.0052102734334766865,1.37270145669354,1.8936778987447256
231.39757493199977,2.6161413636435737,1.9748352680250727,-0.11629265174589398,-0.4000000059604645,-1.9992290420076246,-2.3868519593519686,0.0,-0.004841585643589497,1.3843951626819022,1.9386835588609321
231.42912626100042,2.616120315612386,1.9874634374131355,-0.1209270919401979,-0.4000000059604645,-1.9998086414839864,-2.3860104018138726,0.0,-0.004564966540783644,1.3901547492134831,1.9844167036881506
231.49156540600052,2.6157964796623236,1.9749119752262758,-0.1240659581675917,-0.4000000059604645,-1.9992335323278874,-2.3849749620901783,0.0,-0.004156171344220638,1.401324856426247,2.03029394539628
231.55542226299985,2.615832498793023,1.9748495664250507,-0.1263814334159019,-0.4000000059604645,-1.9992297359170121,-2.383809085975568,0.0,-0.0038331723771989346,1.4138912270406063,2.0761105447508497
231.58573855100076,2.6161423910831023,1.9874101826129194,-0.12804743634113958,-0.4000000059604645,-1.9998070155687282,-2.382241004378378,0.0,-0.003437802894040942,1.4208725440485832,2.121855729729818
231.6485346340014,2.6166696563962337,1.9749694588269446,-0.1289090361126084,-0.4000000059604645,-1.9992375493337537,-2.380234163046509,0.0,-0.003103079739958048,1.434137046363741,2.1675166434738626
231.67988472599973,2.6169400193571932,1.987458139813056,-0.1302087931335989,-0.4000000059604645,-1.9998085996864683,-2.3780885511951255,0.0,-0.002617970574647188,1.440769297521319,2.213363108383974
231.74478836799972,2.6174550262799743,1.9741484400143672,-0.13109330522605456,-0.4000000059604645,-1.999187205343916,-2.3765805590009843,0.0,-0.002159825060516596,1.454033799836476,2.259108586035097
231.80782473,2.6181454516919302,1.9748239468254865,-0.1313702846149769,-0.4000000059604645,-1.9992295289991355,-2.3747943623279775,0.0,-0.001896122470498085,1.4643312424232429,2.3047546398497682
231.83873569200114,2.618936581641428,1.9874067670120643,-0.13090301012159866,-0.4000000059604645,-1.999807322633604,-2.372756881098368,0.0,-0.0014410368166863918,1.4716616252816186,2.350291211517869
231.90188009400117,2.619584226644235,1.9749041696261247,-0.13031664649335406,-0.4000000059604645,-1.9992352714142017,-2.370322410709676,0.0,-0.0010534321190789342,1.4861478580731715,2.3960311092931392
231.93382527799986,2.6203512082203977,1.98723558380995,-0.1294269934024841,-0.4000000059604645,-1.9998022626256056,-2.3684635041471336,0.0,-0.0007562407990917563,1.4933037080063487,2.4416419522812935
231.99763628800065,2.621184920568331,1.9745388980202236,-0.12854384547551034,-0.4000000059604645,-1.9992138116747518,-2.3667543129978,0.0,-0.0003479819861240685,1.5074408749475028,2.487133267303946
232.02789979800036,2.6220221056891937,1.9876713502166308,-0.126838207307145,-0.4000000059604645,-1.9998157679972959,-2.364795650433888,0.0,-0.00011321678903186694,1.5144221919554797,2.5325042661537616
232.08961764700143,2.6228555069410504,1.9753502580323936,-0.12536544532032168,-0.4000000059604645,-1.9992640525313006,-2.3626279053124803,0.0,0.00015476254338864237,1.5287338918218332,2.5781066086974658
232.15198220100137,2.6236303922434203,1.9750625176284524,-0.1211076348327289,-0.4000000059604645,-1.9992472173487768,-2.360915424226155,0.0,0.00018933801038656384,1.544441855089782,2.6228063812002014
232.18314507300056,2.624291371536676,1.9874403706131698,-0.11952266055588301,-0.4000000059604645,-1.9998091308013255,-2.3587790427298136,0.0,0.0003427929477766156,1.5526449025741558,2.668114705879592
232.24637709099989,2.6247573708349936,1.975091638828509,-0.11490698054526072,-0.4000000059604645,-1.9992496189926796,-2.3563875914446437,0.0,0.0004956856719218194,1.5687019316925035,2.7132874186985823
232.2774049590007,2.6252079027853297,1.9872240186096664,-0.11061596788975325,-0.4000000059604645,-1.9998026364180008,-2.354046348054838,0.0,0.0008673294214531779,1.5760323145508792,2.7586817331065188
232.34085037499972,2.6254540221290528,1.9746314676219863,-0.10628826949433368,-0.4000000059604645,-1.9992220531831217,-2.352501938281383,0.0,0.0010881199268624187,1.5905185473424321,2.8039306612376844
232.40358680600002,2.625452876438281,1.9750129036279862,-0.10117162939456481,-0.4000000059604645,-1.9992452681161499,-2.3509807273604175,0.0,0.0013694126391783357,1.6044811813583868,2.849054846061791
232.4342869330012,2.6251542667924266,1.9875920422148812,-0.09562788377140097,-0.4000000059604645,-1.999813835200003,-2.3493053536426585,0.0,0.001444074441678822,1.6114624983663637,2.894065563967707
232.49705769700086,2.624880904746707,1.9750202464277498,-0.09016133158163281,-0.4000000059604645,-1.9992453828540242,-2.347616288905696,0.0,0.0016339237336069345,1.6250760665319204,2.9393314135933775
232.5284820779998,2.6243082310153563,1.9873632302116304,-0.08673040658915204,-0.4000000059604645,-1.9998067815401857,-2.3467803070177298,0.0,0.0019073807634413242,1.630661120138302,2.9852223918345127
232.59145069199985,2.623464321774256,1.9747378980236188,-0.07986596033162585,-0.4000000059604645,-1.9992273958304034,-2.346136494248377,0.0,0.0022099369671195745,1.6395622993234733,3.0302708989118936
232.6540003450009,2.622308660893952,1.9751145132288694,-0.07461610575085698,-0.4000000059604645,-1.9992495970846311,-2.3454658310915457,0.0,0.0022505854722112417,1.650557873611037,3.0752377961134583
232.68546820600022,2.6212671546475677,1.9873550478114568,-0.06983825708668787,-0.4000000059604645,-1.9998060820908827,-2.34459442281196,0.0,0.002524932846426964,1.6566665259930176,3.120449604134345
232.74925359700137,2.6199746930884147,1.9746265340220646,-0.0704392393543575,-0.4000000059604645,-1.999218492370923,-2.3442552212828556,0.0,0.00256654666736722,1.6685347649065791,-3.115292398443142
232.78043011500085,2.618279930370434,1.987702296216698,-0.060297000608606,-0.4000000059604645,-1.9998161673417132,-2.34465583319759,0.0,0.002589905634522438,1.6741198185129607,-3.0702509734741392
232.84193721800148,2.6164555189395746,1.975062825628474,-0.05605936366243747,-0.4000000059604645,-1.9992431022745984,-2.3448916017761943,0.0,0.0027111016679555178,1.6851153928005251,-3.025157989211254
232.90480084699993,2.614881182051326,1.9748646708257935,-0.0524547723824933,-0.4000000059604645,-1.9992301008935571,-2.3455092676842706,0.0,0.002804497256875038,1.6973326975644856,-2.979852251313582
232.93696303599972,2.6129966151951707,1.9871128462080896,-0.0491607937576396,-0.4000000059604645,-1.9997973055466631,-2.3464276511699023,0.0,0.0027373202610760927,1.7037904157968642,-2.9346058599696088
232.9996451070001,2.610825708561792,1.975204638030257,-0.04588658544997448,-0.4000000059604645,-1.9992484551193417,-2.3474082866788417,0.0,0.002646542154252529,1.7168803851868217,-2.8893936701679035
233.02977566899972,2.608573343367404,1.9878731794194338,-0.04305932678702684,-0.4000000059604645,-1.9998199078391512,-2.3486335590642367,0.0,0.0026901322416961193,1.7236871692695992,-2.8441353392745894
233.09296173000075,2.60663617379902,1.9745893608208207,-0.04117477600024322,-0.4000000059604645,-1.9992081598951235,-2.350091739081349,0.0,0.002558386418968439,1.7371262045099556,-2.798726907514735
233.15615629700005,2.604454421115972,1.9747921236250423,-0.04005564660126382,-0.4000000059604645,-1.9992194389369604,-2.35214776670983,0.0,0.0026901906821876764,1.7509143056007108,-2.7533307660475734
233.18345190000036,2.6020715587244183,1.989045374636516,-0.03925882107536682,-0.4000000059604645,-1.9998523050292145,-2.3540108518310063,0.0,0.002621777355670929,1.7584192213842869,-2.7079315385181384
233.24073052700078,2.5997259899326823,1.9770460772582037,-0.03907861778233512,-0.4000000059604645,-1.9993504163286318,-2.355832186214456,0.0,0.0026269429363310337,1.7697638615222493,-2.662445520962404
233.29316401000142,2.5978747895523435,1.9789475264863325,-0.04005470030318781,-0.4000000059604645,-1.9994527913939943,-2.3580896065346995,0.0,0.0025731821078807116,1.784599160164202,-2.6167614943506576
233.35624281000128,2.595897596021085,1.9748241396245418,-0.04182874784580237,-0.4000000059604645,-1.9992162794940116,-2.3604147841506586,0.0,0.0025617030914872885,1.7950711356761682,-2.571078849242505
233.38303654599986,2.5938963063380274,1.989333681441024,-0.0423325548347635,-0.4000000059604645,-1.9998590927171687,-2.3625453960795326,0.0,0.0026673716492950916,1.8022269856093445,-2.526146098879881
233.4411122140009,2.5919595239959268,1.9766863128523515,-0.05040635133348115,-0.4000000059604645,-1.9993258751773235,-2.364306630994395,0.0,0.002642388455569744,1.812000829420513,-2.478852621675829
233.49283599900082,2.5906099249650962,1.9792779444917776,-0.04478699831319788,-0.4000000059604645,-1.9994668546542993,-2.3667108872600764,0.0,0.002648698864504695,1.8235200024836757,-2.435253557375072
233.5579588110013,2.5895286480074,1.9740431432127687,-0.053984579402333255,-0.4000000059604645,-1.9991628043607401,-2.368615241251886,0.0,0.0027433428913354874,1.8353882413972373,-2.3893048261287206
233.58332586899996,2.588426121359908,1.9898627506491824,-0.0584237125854814,-0.4000000059604645,-1.9998721857944175,-2.3704577362255987,0.0,0.0028898839373141527,1.8409732950036188,-2.3433649454870706
233.64148282899987,2.587321106124466,1.976635172851448,-0.06292919149818266,-0.4000000059604645,-1.999320485149712,-2.371906308934431,0.0,0.0029469530563801527,1.8491763424879917,-2.2974240128573036
233.69277321499976,2.5873440385814286,1.9795806304957742,-0.06779038712631813,-0.4000000059604645,-1.9994810073301925,-2.373324839342913,0.0,0.0030021306592971087,1.859648317999958,-2.2513582427401584
233.74174643800143,2.5873129260022965,1.9803495637072477,-0.07317558968432669,-0.4000000059604645,-1.9995193445123545,-2.3746479218148417,0.0,0.003127145813778043,1.8676768325591322,-2.205326636431193
233.7928609240007,2.5872527566895593,1.97957379449557,-0.07814488707848755,-0.4000000059604645,-1.9994806231582962,-2.3755571815695498,0.0,0.0032030504662543535,1.8760544129687045,-2.1593254539922055
233.8572079350015,2.587165428691267,1.9743355336179897,-0.08276616343199894,-0.4000000059604645,-1.9991800612734485,-2.376036755425711,0.0,0.0032383326906710863,1.887922651882266,-2.1133476369525366
233.89330808500017,2.5881041411464687,1.985487660983772,-0.08694667925285104,-0.4000000059604645,-1.9997379929320067,-2.3762625426638317,0.0,0.003355953376740217,1.893333172563449,-2.067305950611887
233.9572426850009,2.5889254180210615,1.9745605428208364,-0.09119771276242461,-0.4000000059604645,-1.9991954687356734,-2.376439579297053,0.0,0.0034086452797055244,1.9058995431778074,-2.0213190353722674
233.9934862629998,2.5896573701217336,1.9853156949810111,-0.09499380232208088,-0.4000000059604645,-1.999732068691679,-2.376527924835627,0.0,0.0036476105451583862,1.9121827284849875,-1.9753769046233725
234.05650218600022,2.5903004240716623,1.9749081168259133,-0.0984111659995579,-0.4000000059604645,-1.9992181309158776,-2.376427344811181,0.0,0.003772377036511898,1.9249236320245462,-1.9294716470275506
234.08272915100133,2.591926905909211,1.9893893218422405,-0.10124158126602412,-0.4000000059604645,-1.9998603469494467,-2.376237271860164,0.0,0.003875486319884658,1.931904949032523,-1.8835662702030702
234.14033071199992,2.593359366275473,1.9770193832572527,-0.10416221907634404,-0.4000000059604645,-1.9993457042953728,-2.3761593455259518,0.0,0.0039921351708471775,1.9429005233200876,-1.8377179737327203
234.19279423999978,2.5946063226599962,1.9789780240865875,-0.10453421720643308,-0.4000000059604645,-1.9994530001234403,-2.3759642017463682,0.0,0.004144588019698858,1.9594811512140335,-1.7926848714910848
234.24382464800146,2.595627382356592,1.9796791388972115,-0.10747435888329326,-0.4000000059604645,-1.999489277503312,-2.3752315460474347,0.0,0.004264398943632841,1.9732692523047888,-1.7469340225255885
234.27676467200035,2.5974179139680307,1.9866947450023933,-0.1070944735724273,-0.4000000059604645,-1.9997813410602963,-2.3743934824855133,0.0,0.004383811727166176,1.9872318863207434,-1.70121947812406
234.32564885000102,2.5988623043476733,1.9805594037096719,-0.1066740714459046,-0.4000000059604645,-1.9995337262275423,-2.3734940960853264,0.0,0.004456184338778257,1.9973547959823108,-1.655568557618487
234.37551664500097,2.5999615882836644,1.9799381113015497,-0.10558416666831133,-0.4000000059604645,-1.999503869200873,-2.3724359888969655,0.0,0.004576205275952816,2.011142897073066,-1.6099771590504734
234.4409053240015,2.600684993670824,1.9740044668124839,-0.10330454925397639,-0.4000000059604645,-1.9991674957545413,-2.3709481158824968,0.0,0.004635196644812822,2.029817920069405,-1.5644383590521584
234.4928970990004,2.6023197076274784,1.9790893128882083,-0.09952316880934248,-0.4000000059604645,-1.999461979287601,-2.369179253855665,0.0,0.004506944678723812,2.0469221467389493,-1.5190325107266973
234.5432438200005,2.6034038778148503,1.9798299404995612,-0.09566553893120253,-0.4000000059604645,-1.999499830253477,-2.3671636961716263,0.0,0.004722610581666231,2.0582667868769127,-1.4736933762827953
234.6080858460009,2.603984495391949,1.974339730017875,-0.0915886645012508,-0.4000000059604645,-1.9991908823405573,-2.365271190993935,0.0,0.00480242632329464,2.068040630688081,-1.428404893491835
234.63240487500116,2.604690250592476,1.9900318750513928,-0.08924048611059476,-0.4000000059604645,-1.999877953433062,-2.363607964720756,0.0,0.004929323680698872,2.0736256842944627,-1.3824325192309939
234.69181741300054,2.605625114472348,1.9762569292461136,-0.08340589880252303,-0.4000000059604645,-1.9993081314725876,-2.3625197162637637,0.0,0.004946987144649029,2.082526863479634,-1.3372737492925293
234.74260114000026,2.606033911589578,1.9796771232968513,-0.08017952127399408,-0.4000000059604645,-1.9994932474233205,-2.3618717398927083,0.0,0.004922940861433744,2.088286450011215,-1.2921272469198168
234.8088001640008,2.60585190940662,1.9736825452084439,-0.08204066988177194,-0.4000000059604645,-1.9991501316054543,-2.36148794231961,0.0,0.0047813174314796925,2.094918701168793,-1.244716841578579
234.8343825640004,2.605629267113481,1.9897244922464288,-0.07235608275606498,-0.4000000059604645,-1.9998704039891284,-2.3616229294440156,0.0,0.004607883747667074,2.098234826747583,-1.1995649212928248
234.89249622300122,2.6059406011428874,1.9766492712520827,-0.06815578183442772,-0.4000000059604645,-1.9993309678221647,-2.36175637451337,0.0,0.004480167292058468,2.103121748653167,-1.1544481501413062
234.94305842700123,2.60569746736777,1.979788851698741,-0.06482042472876381,-0.4000000059604645,-1.9994986741765275,-2.3621820708036987,0.0,0.004375627264380455,2.1104521315115434,-1.1093115235570608
235.0076834880001,2.604932795264494,1.9743108080175338,-0.06130350236603155,-0.4000000059604645,-1.9991896478538997,-2.3628807541903236,0.0,0.0040940819308161736,2.1167353168187226,-1.0641477649102578
235.04380283400133,2.604039562181748,1.9853822077818242,-0.057443417978586986,-0.4000000059604645,-1.99973741491927,-2.36357153472932,0.0,0.0038666469044983387,2.121796771649506,-1.0189864310321066
235.1088261390014,2.603624230897244,1.974005793613206,-0.05334334997752799,-0.4000000059604645,-1.99916945886815,-2.3643932066199294,0.0,0.003572123823687434,2.1354103398150626,-0.9739331989168808
235.13426798600085,2.6026554469864958,1.989923849049694,-0.050148179492184974,-0.4000000059604645,-1.999875098809242,-2.3653994024713394,0.0,0.0034063360653817654,2.1415189921970423,-0.9288116808739685
235.1912982900012,2.601198992323807,1.9770292532576126,-0.047359604406899125,-0.4000000059604645,-1.9993502003408126,-2.3669897562437034,0.0,0.003230540780350566,2.15129283600821,-0.8836102687567678
235.2553120499997,2.5996464313445466,1.9746895912224447,-0.04499577508104169,-0.4000000059604645,-1.9992101638084907,-2.3689212708963057,0.0,0.003039489034563303,2.1668262663509594,-0.8383581924228899
235.2868950250013,2.5985437610308906,1.9871233190084499,-0.04286648473060706,-0.4000000059604645,-1.9997953775813442,-2.3712119127920266,0.0,0.002836606465280056,2.175029313835333,-0.7931723025754194
235.3488743500002,2.597012832273527,1.975254520031167,-0.04175318510745085,-0.4000000059604645,-1.9992434928693308,-2.3731364104492627,0.0,0.002674052957445383,2.19457700145767,-0.7478768702117133
235.38003568000022,2.5951341447749896,1.987584868215154,-0.04134048830440751,-0.4000000059604645,-1.9998092830201784,-2.3752317257107958,0.0,0.0025191581808030605,2.2045253781940373,-0.70246675433471
235.44266156200138,2.5933739429572817,1.974941752026503,-0.03957297870156573,-0.4000000059604645,-1.9992220724055785,-2.3775868298042275,0.0,0.0023345176596194506,2.2237239999659755,-0.6577686804344733
235.5047274990011,2.5921910931443843,1.9752464608311475,-0.04165104083589699,-0.4000000059604645,-1.9992401815893304,-2.379764007165522,0.0,0.002164463745430112,2.2394319632339243,-0.6124098967577567
235.5354787410015,2.590754678789307,1.9874542406127604,-0.04123850927384787,-0.4000000059604645,-1.9998045897517074,-2.3816230725065988,0.0,0.002054044511169195,2.2544417948010755,-0.5676928352421137
235.59838612100066,2.589027550808762,1.9749095872263922,-0.044930278387840916,-0.4000000059604645,-1.9992174537313963,-2.383317283325011,0.0,0.002029363065958023,2.269975225143825,-0.5220896675342784
235.6294973060012,2.5874042951187612,1.9875259346143366,-0.04738245859587742,-0.4000000059604645,-1.9998063160800743,-2.3852466697966643,0.0,0.0018474063836038113,2.279050937254195,-0.47643857562891523
235.69212358000004,2.586300846075198,1.9749567112267785,-0.050039339115265036,-0.4000000059604645,-1.9992187455938721,-2.3873423043266424,0.0,0.0018511556554585695,2.295282499297743,-0.4309088169388941
235.75434404600128,2.5850567435954392,1.9751591740294387,-0.05377124320540616,-0.4000000059604645,-1.9992305852359373,-2.3888732224119416,0.0,0.0018706786213442683,2.309768732089295,-0.3852410461402581
235.7863396040011,2.5837378030369673,1.987144585808507,-0.05791551539050921,-0.4000000059604645,-1.9997937088624829,-2.390433680635314,0.0,0.0018080591689795256,2.316750049097273,-0.3394459276119025
235.84956376599985,2.5826565806846724,1.9749230484262983,-0.06226014892950993,-0.4000000059604645,-1.9992144321167964,-2.3917571437591523,0.0,0.001569277374073863,2.3286182880108353,-0.2936179794173086
235.88101848299993,2.582237204063849,1.9874240118125772,-0.06660893432280235,-0.4000000059604645,-1.9998023495359427,-2.3931101157771284,0.0,0.0016496791504323483,2.333854275766818,-0.24793721261234664
235.94170297799974,2.581778843577905,1.9755029564354485,-0.07198911564328792,-0.4000000059604645,-1.9992498309540563,-2.394091696415268,0.0,0.0015755356289446354,2.3434535866527852,-0.20213439140358105
236.00489727500099,2.5813393221768606,1.9748124732244174,-0.07759317278569228,-0.4000000059604645,-1.999206680899871,-2.394925229390802,0.0,0.00145486940164119,2.352529298763157,-0.1562190988345466
236.03515760899973,2.5811499011753543,1.9878420698187296,-0.08299687553136997,-0.4000000059604645,-1.9998151159132045,-2.3957663439345116,0.0,0.0014371866127476096,2.3575907535939393,-0.11030358764345524
236.09798431800118,2.581513317457221,1.9748989192259103,-0.08753117608882943,-0.4000000059604645,-1.999212222598057,-2.3961392094293394,0.0,0.001263133017346263,2.368237262031105,-0.06459102624383443
236.12910386000112,2.5818620848739187,1.987464903813293,-0.09253562051583084,-0.4000000059604645,-1.999803575703395,-2.3958831307224964,0.0,0.001265462371520698,2.3731241839366906,-0.018779383505296253
236.19190855700072,2.5822270026403396,1.9748704108259305,-0.097611864287898,-0.4000000059604645,-1.9992108687022807,-2.3957823497777375,0.0,0.0011705500073730946,2.3816762972714614,0.027117789443296954
236.25542509499974,2.5828109530416907,1.9747979224243766,-0.10204359887607449,-0.4000000059604645,-1.9992066688575545,-2.395522124411662,0.0,0.0011484837159514427,2.3938936020354227,0.07297259106602226
236.28614351500073,2.5838363561909277,1.9875587118143465,-0.10353274522718411,-0.4000000059604645,-1.9998068001230787,-2.394957838560695,0.0,0.0009701273520477116,2.401049451968599,0.11778168933083669
236.34954163300063,2.5847706213979373,1.9748013292249607,-0.10832411810187242,-0.4000000059604645,-1.9992080853207066,-2.393401674002816,0.0,0.0008485983707942069,2.416931948161748,0.1634381751703202
236.3792722270009,2.5856649983904045,1.987896399019605,-0.1113153332966148,-0.4000000059604645,-1.9998174038870016,-2.392111936887583,0.0,0.0007778292638249695,2.4244368639453233,0.2091631901006913
236.4419728110006,2.5866740558023444,1.974951373226216,-0.11408490592162979,-0.4000000059604645,-1.9992186380420343,-2.3912264321807513,0.0,0.0006864236784167588,2.4410174918392693,0.2548164356190902
236.505700144,2.5879463698731007,1.974775063624397,-0.11549948402859189,-0.4000000059604645,-1.9992083799599736,-2.3902503576291516,0.0,0.0005337984766811132,2.4584707843592124,0.3001476550976652
236.53597895200073,2.5890602875978104,1.9875807410147197,-0.11670848570033221,-0.4000000059604645,-1.9998082597493638,-2.388545341407881,0.0,0.00041662075091153383,2.4671974306191844,0.34555809324091374
236.59770454300087,2.5900295448237975,1.9754877280349237,-0.11715362461429213,-0.4000000059604645,-1.9992536753028454,-2.386848889680978,0.0,0.00024500497966073453,2.486046986540723,0.39103704180870824
236.62935611600005,2.591046262538111,1.9872143766094454,-0.11727255652459001,-0.4000000059604645,-1.9997970920779045,-2.385480558848232,0.0,8.112377690849826e-05,2.4949481657258943,0.43643112206990753
236.69219042900113,2.5922826349175,1.9749508804270546,-0.11856912462745595,-0.4000000059604645,-1.999221984440934,-2.3841497662992523,0.0,2.654932723089587e-05,2.511005194844242,0.48223296505990976
236.75272047600083,2.593280633293657,1.9757188724380994,-0.11597548548950154,-0.4000000059604645,-1.9992695174991157,-2.3823153508262824,0.0,-9.954111010301858e-05,2.5232224996082024,0.5273592059816866
236.78477697800008,2.594057499166497,1.9871474866084322,-0.11489275478044525,-0.4000000059604645,-1.999795439230774,-2.380568935504314,0.0,-0.00028195424238219857,2.534741672671365,0.5725657187181175
236.84761477600114,2.594762022735056,1.9750570720281166,-0.11289486487000078,-0.4000000059604645,-1.9992300396238305,-2.3789624726611587,0.0,-0.0004834718711208552,2.5455627140337302,0.617694063071089
236.91131537799993,2.5955600539512576,1.9745656524210824,-0.11557571017725721,-0.4000000059604645,-1.9991998974526541,-2.377255943611206,0.0,-0.0006038564606569707,2.5584781504984875,0.6647646185900193
236.9414347490001,2.596059105349939,1.9877246218170332,-0.10790223351544648,-0.4000000059604645,-1.9998136852607162,-2.375660753525006,0.0,-0.0007084193639457226,2.564412269955268,0.7096538203358073
237.00509387300008,2.596302651442269,1.974682876022784,-0.10542624185897087,-0.4000000059604645,-1.9992077080844166,-2.3741882605805023,0.0,-0.0006663561216555536,2.574360646691636,0.7546483732655439
237.0369105080008,2.5964189803130804,1.9871473342084045,-0.10310420026043765,-0.4000000059604645,-1.999795806309945,-2.3733570080008892,0.0,-0.0008104665903374553,2.578723969821622,0.7995873363021896
237.09959529800108,2.5964411820773874,1.9748932340261043,-0.10036856206281786,-0.4000000059604645,-1.9992209011696183,-2.372856075104257,0.0,-0.0009734510094858706,2.5871015502311945,0.8441836995088353
237.13180832299986,2.5961968738354035,1.987543923814446,-0.09768837254664708,-0.4000000059604645,-1.9998081801658554,-2.371846545341543,0.0,-0.001225589425303042,2.5909412745855818,0.8889325501084169
237.19371423300072,2.5957147448378826,1.9749403720261607,-0.09510254873474189,-0.4000000059604645,-1.9992233891500484,-2.3711837295255846,0.0,-0.0014345631934702396,2.6003660525463514,0.9338240588150883
237.24397629099985,2.5950198263640463,1.9800057193020746,-0.09209882157439386,-0.4000000059604645,-1.999505328690122,-2.370991822398246,0.0,-0.0016408651135861874,2.6083945671055258,0.9786797611285604
237.30867864799984,2.594016993030454,1.9738988932108983,-0.08815576816918624,-0.4000000059604645,-1.9991564011251022,-2.3707361955185258,0.0,-0.001959624234586954,2.621310003570283,1.0232006842301409
237.3342932180003,2.592757797845485,1.9897919742484662,-0.084387717235334,-0.4000000059604645,-1.999870827536656,-2.370001262834107,0.0,-0.0021102074533700943,2.62829132057826,1.0679093486390052
237.39454522699998,2.5913033607237654,1.9757945324390835,-0.08130672053628973,-0.4000000059604645,-1.999272954135609,-2.3697641849201365,0.0,-0.0023791457060724497,2.6422539545942154,1.1127989952967243
237.45038672300143,2.589711857144934,1.9777544636682516,-0.07879095854620999,-0.4000000059604645,-1.9993851607907414,-2.370313275000948,0.0,-0.0026341439224779606,2.656565654460568,1.157705496102355
237.4780264609999,2.587919726863366,1.9890638042372497,-0.07633488020339496,-0.4000000059604645,-1.9998511873002414,-2.371037322949146,0.0,-0.0028348988853394985,2.659881780039358,1.2023477118795622
237.52745666400006,2.5860602683421483,1.9800705365027857,-0.07304495349682805,-0.4000000059604645,-1.9995051193975644,-2.3714581491895754,0.0,-0.0030839107930660248,2.670353755551324,1.2464495277220429
237.57626591600092,2.58415055521712,1.980503321310031,-0.07453939131656451,-0.4000000059604645,-1.999525677765392,-2.372302396379685,0.0,-0.0033363013062626123,2.681523862764088,1.2915246850643896
237.62675648100048,2.5822343015307867,1.979772387298536,-0.07297403403028546,-0.4000000059604645,-1.9994886910472198,-2.373380087674908,0.0,-0.003643447533249855,2.691821305350855,1.3358834194835316
237.67578246800076,2.5800989509641767,1.9803378757069874,-0.07471939583320336,-0.4000000059604645,-1.999516078002785,-2.374057052192295,0.0,-0.003873124485835433,2.702642346713219,1.3808030627875802
237.72788617800143,2.578001570282938,1.9791677732896322,-0.07512872965918022,-0.4000000059604645,-1.9994558879755007,-2.374086386695018,0.0,-0.004111606162041426,2.715906849028377,1.4259304950019356
237.77807231600127,2.575988665332802,1.9799490765008938,-0.07622853511700986,-0.4000000059604645,-1.8995671228699302,-2.3741982987968466,0.0,-0.00433441624045372,2.7260297586899433,1.4712458872850156
237.82655852300013,2.5739776712517246,1.9806051125108153,-0.07772285127966352,-0.4000000059604645,-1.8995943493009944,-2.3745028126156935,0.0,-0.004661601036787033,2.735454536650713,1.5166026920645421
237.87812020900128,2.5717096242214024,1.979450352893868,-0.07914501541326177,-0.4000000059604645,-1.899543809925494,-2.374769722347204,0.0,-0.0048761446960270405,2.744879314611482,1.5617745960301541
237.93200197199985,2.5696247308671625,1.9784142088784742,-0.08111056621143574,-0.4000000059604645,-1.8994958357588512,-2.3741562355694548,0.0,-0.004960823338478804,2.7539550267218527,1.607124886881522
237.9836721010015,2.5677585866581194,1.979440607293468,-0.08364916802134743,-0.4000000059604645,-1.899541971056731,-2.372644058153109,0.0,-0.005133708938956261,2.766172331485813,1.6526099668993375
238.04225625400068,2.565992000671725,1.9764415292487847,-0.08636492620042194,-0.4000000059604645,-1.899397788517279,-2.370176920758157,0.0,-0.005126459524035454,2.774724444820585,1.698058328705024
238.09490698500122,2.564010276647539,1.9789674312867669,-0.08874635654974822,-0.4000000059604645,-1.899519245651641,-2.36674768566675,0.0,-0.005391356069594622,2.7857200191081493,1.7432242706762189
238.1504833150011,2.5622989199346526,1.9779092688707036,-0.09128455651052891,-0.4000000059604645,-1.8994689526882869,-2.3621963921281797,0.0,-0.00539123872295022,2.7933994678169247,1.7884905291477415
238.17791027400017,2.560886727578037,1.9888327770337457,-0.09447484128194095,-0.4000000059604645,-1.8998641167055887,-2.35780016519361,0.0,-0.005403934977948666,2.7982863897225076,1.8338356690445983
238.22826673000054,2.5596011040215747,1.9798646264997861,-0.09796174819280357,-0.4000000059604645,-1.899557862406418,-2.3536660186719875,0.0,-0.005370292812585831,2.805442239655685,1.879116979312839
238.27833061599995,2.5580447558545183,1.9800599293031171,-0.10136173863597164,-0.4000000059604645,-1.7996308416237636,-2.3497313199534857,0.0,-0.0054820445366203785,2.812598089588862,1.9241198617806297
238.3277482450012,2.5568335228070893,1.980147756904208,-0.10462648889301562,-0.4000000059604645,-1.69969153986507,-2.3450319766040684,0.0,-0.005477891303598881,2.8202775382976366,1.9692039189267714
238.3783509290006,2.555952949792948,1.979878705699896,-0.10612029287819802,-0.4000000059604645,-1.4997821338679365,-2.340204401485559,0.0,-0.005455406848341227,2.828829651632409,2.013574929994137
238.4276628410007,2.555177464790623,1.9801632777043734,-0.11056530848610069,-0.4000000059604645,-1.39982771217036,-2.3348954644263755,0.0,-0.005608785897493362,2.839127094219176,2.0585935923969307
238.47747048900055,2.554044999088583,1.980086826903555,-0.11171912155799768,-0.4000000059604645,-1.1998906307570194,-2.3279224681926873,0.0,-0.005534966941922903,2.853613327010729,2.103243436003492
238.52675675300088,2.5530840305371543,1.9802587121060775,-0.11131031933510371,-0.4000000059604645,-1.1998924305043583,-2.3177708373563366,0.0,-0.005390245467424393,2.8651325000738916,2.1478166184599745
238.57778000300095,2.552191994347644,1.979601107295625,-0.10889793918080004,-0.4000000059604645,-1.1998850612612217,-2.303728803159788,0.0,-0.005352065432816744,2.8775243377630506,2.1922005499359223
238.63342091400045,2.5509968721036542,1.9778174092699923,-0.1036872459634266,-0.4000000059604645,-1.1998639463292606,-2.2849015241984403,0.0,-0.005370164290070534,2.889218043751413,2.2361429773828996
238.6933904940015,2.5488669489176567,1.9759198908409157,-0.09442373373405166,-0.4000000059604645,-1.1998393988148846,-2.260288694572609,0.0,-0.005477283615618944,2.903006144842168,2.279322110501186
238.7449005840008,2.5463737989466213,1.9794869816941307,-0.0816878082968222,-0.4000000059604645,-1.1998832391203569,-2.2305116035525874,0.0,-0.005497483536601067,2.9127799886533356,2.322059619622971
238.8005732239999,2.5433483143048266,1.9777293528684075,-0.06775041919321034,-0.4000000059604645,-1.199862037367811,-2.1983704906005137,0.0,-0.005452629178762436,2.9232519641653028,2.365021064037393
238.8276119480015,2.539531112436289,1.9890728494372247,-0.048042991043042216,-0.4000000059604645,-1.1999667222581343,-2.1653714348628372,0.0,-0.005445260088890791,2.9256954251180947,2.406658335791489
238.87713472500036,2.534419835981648,1.9803037041060596,-0.02786797613673042,-0.4000000059604645,-1.199891336871021,-2.1333481073960683,0.0,-0.00519271707162261,2.931280478724476,2.447530092119403
238.9496261080003,2.5283286691642792,1.9709656555673984,-0.010918390835603198,-0.4000000059604645,-1.1997626897448004,-2.1022790041311805,0.0,-0.005107420962303877,2.937912729882054,2.4900561935991057
239.00304920300005,2.521700385238264,1.978878736885553,0.015527140978548681,-0.4000000059604645,-1.1998737743525851,-2.0715034706773396,0.0,-0.004815940745174885,2.941228855460844,2.530140456592127
239.02910549100125,2.5141607927536644,1.9894126766420752,0.03625392473638922,-0.4000000059604645,-1.199968128238502,-2.0435426900393017,0.0,-0.004543573595583439,2.9431487176380378,2.569793053712746
239.10059666500092,2.5053681076512566,1.9713023811726254,0.05687714817778933,-0.4000000059604645,-1.0998181233271993,-2.0173372224091692,0.0,-0.004349314142018557,2.946115777366428,2.6089182909445476
239.1289543340008,2.4958957313904744,1.9886489454304177,0.07707598777255975,-0.4000000059604645,-1.099971347550277,-1.9930220248505273,0.0,-0.00421178387477994,2.946988441992426,2.6478224281445937
239.1906453219999,2.4858558151012806,1.975306732832019,0.09546851314145655,-0.4000000059604645,-1.0998632207622265,-1.97077884918111,0.0,-0.004021063446998596,2.9489083041696187,2.686531284317993
239.25239672099997,2.475195209146578,1.9754193876343118,0.11075074963791776,-0.4000000059604645,-1.0998632959470196,-1.9499663559731166,0.0,-0.0038719619624316692,2.953271627299605,2.724984315693307
239.28375276900078,2.463711294318033,1.9874111898121054,0.12414059387490617,-0.4000000059604645,-1.099963825198703,-1.929907685449253,0.0,-0.003904417622834444,2.9562386870279953,2.7630570711817075
239.34633162700084,2.451952218493394,1.9749960240274367,0.1352491045702841,-0.4000000059604645,-1.0998558508533531,-1.9093308750401505,0.0,-0.003940734080970287,2.961474674783979,2.8009862208714518
239.40912477600068,2.4399136616475094,1.9748267676248012,0.14583744421065586,-0.4000000059604645,-1.099852446932935,-1.8890783867509224,0.0,-0.004294367041438818,2.967757860091158,2.8387705020860547
239.4411936659999,2.4274165014227593,1.9872889934105322,0.15594539985834877,-0.4000000059604645,-1.099962007211271,-1.8695208170216802,0.0,-0.004427770618349314,2.9708994527447476,2.876349669611579
239.50384668200059,2.4140967582671267,1.9748864676262563,0.16452637132502584,-0.4000000059604645,-1.0998499878938095,-1.8505498085969754,0.0,-0.004700839519500732,2.9763099734259297,2.913635927165753
239.53475166800126,2.4006388789617508,1.9875052214135263,0.1728979590208442,-0.4000000059604645,-1.0999624655486784,-1.8323437442163464,0.0,-0.004995398689061403,2.9782298356031234,2.9508490798730147
239.59712969000066,2.387094509673707,1.9752612356310055,0.18053860309914777,-0.4000000059604645,-1.0998511199734453,-1.8155558324367271,0.0,-0.005199270322918892,2.9806732965559153,2.98800286306255
239.66002174500136,2.3735198096304324,1.974690388023489,0.1869598018266168,-0.4000000059604645,-1.09984238130408,-1.7997716989242825,0.0,-0.005216020625084639,2.9824186258079095,3.0244408524615687
239.69152984700122,2.359375368298476,1.9873426782111188,0.19037238427346653,-0.4000000059604645,-1.0999601221167725,-1.7851211173219117,0.0,-0.005302485078573227,2.983116757508708,3.0607343202343165
239.75498486200013,2.345277584635088,1.975018494027884,0.1903012007039177,-0.4000000059604645,-1.0998427208687587,-1.770972731233205,0.0,-0.005299124866724014,2.983465823359107,3.0976489409927304
239.7846777220002,2.3314295849672413,1.987754467017084,0.19037689852756204,-0.4000000059604645,-1.0999617754583055,-1.757461533767371,0.0,-0.005493381526321173,2.983116757508708,3.1345655888584387
239.84730603200114,2.3178657816739383,1.9749992624274346,0.1898992927388799,-0.4000000059604645,-1.0998387303636679,-1.7448773458625386,0.0,-0.005682105664163828,2.981720494107112,-3.1116983828654727
239.9099137940011,2.3040423577809133,1.975055623228501,0.18776173971408983,-0.4000000059604645,-1.0998375243574878,-1.7329153371719497,0.0,-0.005754081066697836,2.9803242307055164,-3.0750180092061385
239.94138320500133,2.290695872549073,1.9873003306106771,0.18422112400194995,-0.4000000059604645,-1.0999574098955915,-1.7211073725030008,0.0,-0.005738398525863886,2.979800631929919,-3.0382965483326583
240.0039477850005,2.2778896184968853,1.975202674030989,0.17805304595651264,-0.4000000059604645,-1.0998357260494092,-1.7095924308051227,0.0,-0.005673194769769907,2.9791025002291214,-3.001545718019086
240.0347499090003,2.265584940221675,1.9873885674116303,0.1714647964515542,-0.4000000059604645,-1.0999570632855522,-1.698707519360513,0.0,-0.005755556281656027,2.978578901453523,-2.9647705688033175
240.09781970400036,2.2530843787948043,1.9750088760274096,0.1653713701491647,-0.4000000059604645,-1.0998294535869262,-1.6882238991328875,0.0,-0.005720703396946192,2.9778807697527245,-2.9281162194169883
240.1612304549999,2.241190016318191,1.974468715219787,0.15830249105317162,-0.4000000059604645,-1.099820106300432,-1.677831185603366,0.0,-0.005591740366071463,2.9782298356031234,-2.891420375636496
240.19327935,2.2299387733968743,1.987138439808474,0.15022909425992514,-0.4000000059604645,-1.0999539024074105,-1.6677642647412099,0.0,-0.0054009100422263145,2.978927967303921,-2.8547038711261803
240.25603798200063,2.2193246258333046,1.9750185628278851,0.1408999793490665,-0.4000000059604645,-1.0998243612827805,-1.657736647062979,0.0,-0.005115277133882046,2.9808478294811156,-2.8179776717464
240.28679857800125,2.208399247428523,1.9875873626150053,0.13242247421142306,-0.4000000059604645,-1.0999562237919247,-1.648213672689746,0.0,-0.0050754789263010025,2.981895027032312,-2.7813875470502687
240.34868705600093,2.1980704177787174,1.975252018431028,0.12560222510409358,-0.4000000059604645,-1.0998242790815522,-1.638804349092866,0.0,-0.004999998025596142,2.984338487985104,-2.7447678639654995
240.41310673299995,2.1883354042023644,1.9743178004173596,0.11825992760572035,-0.4000000059604645,-1.0998090733068464,-1.6296473144681687,0.0,-0.0047567603178322315,2.9874800806386936,-2.7081327117179033
240.4445528590004,2.1793314008987625,1.9872947046109735,0.1115869369892536,-0.4000000059604645,-1.099952901785262,-1.620754527257353,0.0,-0.004459553398191929,2.9893999428158864,-2.6721126001525137
240.5085870060011,2.1698816955254236,1.9744198956185715,0.10242193526163579,-0.4000000059604645,-1.0998073527635799,-1.6121180570906917,0.0,-0.004169125575572252,2.9932396671702755,-2.635621836060195
240.54002058900005,2.16100709723351,1.9874252158125953,0.09537467724237081,-0.4000000059604645,-1.099953078773967,-1.6035955486182292,0.0,-0.004044158384203911,2.994635930571871,-2.599108471709545
240.60302832900015,2.152646222740025,1.9749574840266209,0.08961974968190511,-0.4000000059604645,-1.09981239689598,-1.5953142140455623,0.0,-0.0038448451086878777,2.997602990300261,-2.5625928004827894
240.6347881010006,2.144774629816382,1.9873972078122424,0.08372926981718298,-0.4000000059604645,-1.0999521529641652,-1.5872442844436359,0.0,-0.0035635679960250854,2.9989992537018555,-2.526080310847868
240.6963006470014,2.1366433570345835,1.9751196508291835,0.07802083520809655,-0.4000000059604645,-1.0998120344086642,-1.5795788935123711,0.0,-0.0032820880878716707,3.0016172475798477,-2.489587103848558
240.7590981430003,2.1290427170426933,1.9750089800277666,0.07237837484433884,-0.4000000059604645,-1.0998090018259834,-1.5719727477593168,0.0,-0.0030819647945463657,3.004584307308238,-2.4530951934425707
240.78982021699994,2.1219380808849353,1.9876068474151458,0.06688897025643348,-0.4000000059604645,-1.09995273056397,-1.5645475527978745,0.0,-0.002784322714433074,3.0061551036350327,-2.416626404028205
240.8518133489997,2.1152779494711775,1.9752485404315594,0.061379582036239944,-0.4000000059604645,-1.0998101998523881,-1.5570891112221605,0.0,-0.0024698427878320217,3.008773097513025,-2.38018884670924
240.8831636470004,2.1083183270868604,1.9875418294140084,0.05587363140089496,-0.4000000059604645,-1.0999516135966696,-1.5499315371880489,0.0,-0.0023372245486825705,3.009296696288623,-2.34310881648994
240.94427834900125,2.1018346979302622,1.9754808868345926,0.05366095230579637,-0.4000000059604645,-1.0998113564300689,-1.5427568536189775,0.0,-0.0022424422204494476,3.0106929596902186,-2.3066779347607933
241.00658871500127,2.09570841298926,1.974986004827743,0.05038394383017697,-0.4000000059604645,-1.0998025144042527,-1.5358850880353985,0.0,-0.0020427326671779156,3.0119146901666145,-2.2702964215081662
241.03893732800134,2.0892794473376424,1.9871728286083814,0.04455341458060946,-0.4000000059604645,-1.099947763845037,-1.5290882532907308,0.0,-0.0017363346414640546,3.012612821867412,-2.2321546203772047
241.10043948400016,2.0830132456176824,1.9753067404324844,0.04401982954922601,-0.4000000059604645,-1.0998051935235644,-1.521883282902921,0.0,-0.0015175336739048362,3.0140090852690076,-2.1958287235934
241.16320495000036,2.077056740321092,1.9750070128270771,0.042009227182489894,-0.4000000059604645,-1.0997992890407824,-1.5155002393144725,0.0,-0.0013477103784680367,3.0145326840446067,-2.1595458374953
241.1943203589999,2.071368052641494,1.987499546613974,0.040809818690223154,-0.4000000059604645,-1.0999495300669748,-1.5091501737715993,0.0,-0.0013063160004094243,3.0148817498950047,-2.123320516078588
241.25719535900134,2.065725185362758,1.974932217226605,0.039241369366668666,-0.4000000059604645,-1.0997958644275077,-1.5029216813095867,0.0,-0.0011041068937629461,3.0148817498950047,-2.087124789426112
241.2880371070005,2.0597419236062176,1.9875347246144601,0.03814480486354388,-0.4000000059604645,-1.099949245447872,-1.497012155804666,0.0,-0.0010088215349242091,3.0147072169698053,-2.0509082760745247
241.34989827400022,2.0540205974121304,1.9752804356312432,0.03783264904674066,-0.4000000059604645,-1.099799227826388,-1.491320764232646,0.0,-0.000890900322701782,3.014183618194207,-2.014733789454205
241.4138270830008,2.0485453899035346,1.9745049944204673,0.037035120331011195,-0.4000000059604645,-1.099785290025464,-1.4857765701785854,0.0,-0.0007457734318450093,3.0143581511194064,-1.9786104465333445
241.4439045830004,2.0431338364458456,1.9878551994190452,0.03602668342743526,-0.4000000059604645,-1.0999510360144649,-1.480231804894502,0.0,-0.0006636082543991506,3.0147072169698053,-1.9424720149180803
241.50636795500031,2.0375040248755547,1.9749859452267353,0.03423767502133024,-0.4000000059604645,-1.0997910685717103,-1.474849824127871,0.0,-0.0006031750235706568,3.015405348670603,-1.9061981829085939
241.53729300800114,2.03214646033992,1.9876898986170193,0.03311037818755386,-0.4000000059604645,-1.0999491477127388,-1.4698209590480726,0.0,-0.0005541846039704978,3.015754414521002,-1.8699860747854706
241.59950645200115,2.0270226740744812,1.9751585676292944,0.03249796850370634,-0.4000000059604645,-1.0997918058620448,-1.4648420154151442,0.0,-0.0005333272856660187,3.0168016120721983,-1.8338447710962065
241.66226576900044,2.022046369067566,1.9748647504254988,0.03129320069216279,-0.4000000059604645,-1.09978580106456,-1.4598853688101845,0.0,-0.0004607494920492172,3.0185469413241925,-1.797704966632203
241.69300722700063,2.0171464805009305,1.987709952617515,0.03068576808751433,-0.4000000059604645,-1.0999485563526064,-1.4549138344012695,0.0,-0.0005239659803919494,3.019594138875389,-1.7620582189714218
241.75682089200018,2.0124298169672974,1.9745987056214518,0.028140266077694598,-0.4000000059604645,-1.0997791466445168,-1.450281988980044,0.0,-0.00048680169857107103,3.02256119860378,-1.7258970938553337
241.78752334900128,2.0079599273822675,1.9875343682140403,0.02785908203701576,-0.4000000059604645,-1.0999465896783933,-1.445653283507649,0.0,-0.0004983902326785028,3.0236083961549767,-1.6904205506523833
241.8530220820012,2.003430306051497,1.9742247628158098,0.026446031842288012,-0.4000000059604645,-1.0997705482395013,-1.441176226889382,0.0,-0.000665674393530935,3.0260518571077686,-1.6543510568072168
241.88340425100068,1.998669949591368,1.9878255602188202,0.02539779801538694,-0.4000000059604645,-1.0999485819951673,-1.436805860512877,0.0,-0.0006282866233959794,3.0272735875841636,-1.6181479640927015
241.9456586920005,1.9941275069884858,1.9747247092232008,0.024658543555779285,-0.4000000059604645,-1.0997772998875608,-1.4327257742572035,0.0,-0.0006807228783145547,3.0302406473125547,-1.5820271989238706
242.00832136700046,1.989769722868878,1.9750162936276565,0.02375560589723351,-0.4000000059604645,-1.0997814546000428,-1.4286935040575068,0.0,-0.0006159417098388076,3.0335567728913446,-1.5459926071040253
242.0397852570004,1.9855022877299082,1.9873429946112333,0.02286525583652542,-0.4000000059604645,-1.0999436832622085,-1.424532132075835,0.0,-0.0006305210408754647,3.0354766350685383,-1.509949925411557
242.10308894800073,1.9811928615469048,1.9747480848235432,0.02133117972532908,-0.4000000059604645,-1.0997747995167404,-1.4204666238078028,0.0,-0.0006261015660129488,3.0389672935725267,-1.4737451651913716
242.13347900200097,1.9770661670702603,1.9877815378180572,0.020359104177986392,-0.4000000059604645,-1.0999470707582792,-1.416879505594158,0.0,-0.0006560906767845154,3.0401890240489227,-1.4376333697308503
242.1949235789998,1.9730859589760708,1.9754008248333477,0.01981463725312732,-0.4000000059604645,-1.0997845322196287,-1.4132917811605201,0.0,-0.0006835878593847156,3.0417598203757166,-1.4016161772227147
242.25981544800015,1.969251472385061,1.9743170876172473,0.01888770643130111,-0.4000000059604645,-1.0997642122836342,-1.4096638896650937,0.0,-0.0006145208026282489,3.0431560837773137,-1.36560246357973
242.290132215001,1.9655681351426504,1.9876713718167665,0.01760489893940209,-0.4000000059604645,-1.0999454790007248,-1.4060746464913936,0.0,-0.0006854880484752357,3.04402874840331,-1.3294581227248352
242.35291041500022,1.9620364125259162,1.9748120244244276,0.016149330444150845,-0.4000000059604645,-1.0997715417455658,-1.402630824460419,0.0,-0.0006299533415585756,3.044901413029306,-1.2934218605018304
242.38446113700047,1.958604356896256,1.9874790362137507,0.015058683854021482,-0.4000000059604645,-1.0999433631056772,-1.399224769899247,0.0,-0.0006666550762020051,3.0447268801041076,-1.2574907315466424
242.447523928,1.9552713400555664,1.97468430642223,0.014266496726036526,-0.4000000059604645,-1.0997676191451213,-1.3958111822484387,0.0,-0.0006374334334395826,3.04402874840331,-1.2215446208359242
242.5131110860002,1.9520654940366917,1.974307108817309,0.01276172704105999,-0.4000000059604645,-1.0997598556020747,-1.392469640418725,0.0,-0.0005644678603857756,3.0433306167025123,-1.1854052294341502
242.54397550500107,1.9490390678622354,1.9873291406114737,0.012203061247100688,-0.4000000059604645,-1.099941427439673,-1.389289527852955,0.0,-0.0005179084837436676,3.0431560837773137,-1.1499850039961745
242.60569813300026,1.9460633530807652,1.9750887656284744,0.009876582219939478,-0.4000000059604645,-1.0997728509662854,-1.3859688378192514,0.0,-0.00037930370308458805,3.042807017926913,-1.1140980124676092
242.63690110500102,1.943234144491454,1.9875506778146066,0.00861517455161298,-0.4000000059604645,-1.099943120045028,-1.382621733536776,0.0,-0.00022769464703742415,3.0422834191513157,-1.0782242204489743
242.7000470820003,1.9406701119117327,1.9749796736269372,0.007327393804986149,-0.4000000059604645,-1.0997695816233175,-1.3794511717622955,0.0,-0.00020494405180215836,3.0414107545253177,-1.0422046480916465
242.76120321100097,1.9381769852865969,1.9753535048332123,0.005881079835973857,-0.4000000059604645,-1.0997758402839215,-1.376539851025631,0.0,-1.8799346435116604e-05,3.0410616886749198,-1.0063205917181282
242.79189044000123,1.9357328323424339,1.9876462930158567,0.004603447663055205,-0.4000000059604645,-1.0999435556464308,-1.3734467064361853,0.0,0.00012058291758876294,3.041236221600119,-0.9705695621879852
242.8546009620004,1.9333984583359582,1.9749930228272985,0.00321710115906082,-0.4000000059604645,-1.0997680927222206,-1.370049185104203,0.0,0.000321816245559603,3.041585287450518,-0.9348576932259588
242.88553074500123,1.9312684903025708,1.9875166426138755,0.0018718953237145675,-0.4000000059604645,-1.0999420973169716,-1.366740461778765,0.0,0.0004697014519479126,3.0417598203757166,-0.8990439713786752
242.94874814500145,1.9291245517490108,1.9747595224239012,2.1653389587261707e-05,-0.4000000059604645,-1.099762693467179,-1.3636179424111778,0.0,0.0004935660399496555,3.0422834191513157,-0.8627854966860278
243.01257061700016,1.9270251364393702,1.9745639644207185,-0.00015866328396296758,-0.4000000059604645,-1.0997584764713213,-1.360242903089861,0.0,0.0006137801101431251,3.0429815508521134,-0.8272537624557063
243.04381566700067,1.9250504324334285,1.9874087454126355,-0.0009386246785844099,-0.4000000059604645,-1.0999407103353644,-1.3566557472995306,0.0,0.0007664651493541896,3.04402874840331,-0.7917758977134767
243.10715555800016,1.9234014219401763,1.9746864212229978,-0.0018729244192308148,-0.4000000059604645,-1.0997598942810598,-1.3530351324256038,0.0,0.0009269794682040811,3.0459486105805036,-0.7562315598004649
243.13702581800135,1.9215999417595175,1.9880895742223035,-0.00501107578999882,-0.4000000059604645,-1.0999467604095265,-1.3497322421488218,0.0,0.0010779594304040074,3.046472209356102,-0.7190839138322865
243.19540547900033,1.9198512929288822,1.976609350451297,-0.003041829098308635,-0.4000000059604645,-1.0997942302513448,-1.3462181365971921,0.0,0.0011427744757384062,3.0476939398324987,-0.6838272963493387
243.24627109100038,1.918182191400492,1.9796315700964293,-0.003474717196427668,-0.4000000059604645,-1.0998437005407076,-1.3427927444114545,0.0,0.0012878273846581578,3.048566604458495,-0.6486231759634667
243.30933902400102,1.9168109891883138,1.9748449736251679,-0.00400637256170755,-0.4000000059604645,-1.0997612594665886,-1.339339325619447,0.0,0.0012264273827895522,3.050311933710489,-0.6133571031490567
243.33620862700081,1.9153542446059875,1.9893670606421345,-0.0044123534399257425,-0.4000000059604645,-1.0999572960711976,-1.3360362391390315,0.0,0.0013507010880857706,3.051184598336487,-0.5782383075444542
243.3946467780006,1.9137861263324039,1.9763674504472912,-0.004388383166898824,-0.4000000059604645,-1.0997886184074535,-1.3326622654995168,0.0,0.001380883390083909,3.0520572629624834,-0.5432560940205151
243.44638107100036,1.9122461685643364,1.979332772092119,-0.004178109168654243,-0.4000000059604645,-1.0998380799716252,-1.3292857044546407,0.0,0.001341574010439217,3.0522317958876837,-0.5083207254445319
243.50250581,1.9109640445746987,1.9776239260665447,-0.003970038605903725,-0.4000000059604645,-1.0998099391831633,-1.326006900462795,0.0,0.001371727092191577,3.0522317958876837,-0.47331421039609944
243.56253549400026,1.9095593202883072,1.9758778440409357,-0.003823819141761886,-0.4000000059604645,-1.0997787925444988,-1.3228783032852127,0.0,0.0014373009325936437,3.0517081971120854,-0.4384474985476606
243.5863015699997,1.9080149212422104,1.9908177390628752,-0.0034598025057702153,-0.4000000059604645,-1.0999679139560237,-1.3197246468294974,0.0,0.001381363021209836,3.051184598336487,-0.40370722900582057
243.64494927300075,1.9065406944100916,1.9762278052455406,-0.002897655128205223,-0.4000000059604645,-1.0997844839270776,-1.3166088814244645,0.0,0.0014303653733804822,3.0496138020096923,-0.3690113790409968
243.6964883720011,1.905482020570274,1.9794641932941353,-0.002526728665631972,-0.4000000059604645,-1.0998389957712982,-1.3137504413676426,0.0,0.0015246354741975665,3.0473448739821,-0.33425500347603504
243.74563152600058,1.9042717213104292,1.9803175593070799,-0.0024947122152536028,-0.4000000059604645,-1.0998519121438717,-1.3111079843027869,0.0,0.0014696171274408698,3.0442032813285103,-0.2996281430451429
243.79710539400003,1.9029457032161377,1.9794339324935624,-0.0018377519331321257,-0.4000000059604645,-1.0998380900903209,-1.3082947566579786,0.0,0.0014477927470579743,3.0421088862261163,-0.26569009118663484
243.85181864400147,1.9016210381641103,1.9781086120737486,-0.0024535190190302925,-0.4000000059604645,-1.0998162922991164,-1.3055273915382868,0.0,0.0015131625114008784,3.0400144911237232,-0.231218822881003
243.8795042540005,1.9006692467597894,1.9888775978340805,-0.0015471456198805078,-0.4000000059604645,-1.0999525466189983,-1.3027899810914236,0.0,0.0014555180678144097,3.038618227722128,-0.19725323884349408
243.93042088200127,1.8995031737065062,1.9796395680969132,-0.0021392262699306552,-0.4000000059604645,-1.0998407362685456,-1.300372028503547,0.0,0.001425155089236796,3.036698365544934,-0.16283558179032978
243.99456643600024,1.8981576009816536,1.9744903480194351,-0.0018031405936704825,-0.4000000059604645,-1.0997496311155353,-1.2980022171964667,0.0,0.001377961947582662,3.0342549045921423,-0.12851831703883118
244.0447056210014,1.8968311260097588,1.9797614400984562,-0.0012276542348550051,-0.4000000059604645,-1.09984219367313,-1.2955919196839258,0.0,0.0013507045805454254,3.0332077070409458,-0.0942643048548455
244.0962396949999,1.8958536282925815,1.979529742095306,-0.0006028422529373995,-0.4000000059604645,-1.0998383928219881,-1.293189077291259,0.0,0.0012891272781416774,3.0326841082653466,-0.06003257025262594
244.1462876780006,1.8946671208371693,1.9798736101000478,-0.00022008565455479412,-0.4000000059604645,-1.0998435815269498,-1.291058523536848,0.0,0.0013466548407450318,3.0321605094897492,-0.025888495085013768
244.19708062500104,1.8932894600372987,1.9797166440974956,0.00012156365327562098,-0.4000000059604645,-1.0998409006149041,-1.2890250240709904,0.0,0.0013595644850283861,3.03163691071415,0.008185849999318878
244.24683382900002,1.891974362629955,1.9800526597031265,0.0004093977138343169,-0.4000000059604645,-1.0998459148133344,-1.2871133752491006,0.0,0.0013393466360867023,3.0309387790133524,0.04223954124026001
244.31153249599993,1.8911324888182757,1.9742520308163378,0.00028479919998210257,-0.4000000059604645,-1.0997430325269568,-1.2854666040585856,0.0,0.0013526121620088816,3.0297170485369556,0.07632560489809426
244.33786510900063,1.8901119384459772,1.9893372682407988,-0.0003550657341561958,-0.4000000059604645,-1.0999559009946982,-1.2840047630691223,0.0,0.0013685044832527637,3.0290189168361596,0.11034508949758744
244.39533242000107,1.8889436854102666,1.9770033168570285,-0.0011900656512541796,-0.4000000059604645,-1.0997945413234962,-1.282612439791591,0.0,0.0011990234488621354,3.0276226534345643,0.14431477400824816
244.44749384700117,1.8879012319059452,1.9793135900918732,-0.0023113811003592777,-0.4000000059604645,-1.099833568079679,-1.2813363945099285,0.0,0.0011239631567150354,3.025877324182569,0.17825997243041422
244.495459709,1.8874083428168096,1.980658183711697,-0.0037943779696367197,-0.4000000059604645,-1.0998544268644626,-1.2801045594017422,0.0,0.0010553516913205385,3.024131994930574,0.21219298629879338
244.5470695740005,1.8867840631118762,1.9793154824920793,-0.005847922185421517,-0.4000000059604645,-1.099833401400833,-1.2788658659345382,0.0,0.0009202402434311807,3.023259330304578,0.2460731274633466
244.59497299100076,1.8860542045542839,1.9808318765145936,-0.00795269385204661,-0.4000000059604645,-1.0998568245952993,-1.277654667519941,0.0,0.0008344384841620922,3.0223866656785807,0.2799121826352125
244.64199108499997,1.885521731039017,1.9813209973213481,-0.009300885452768748,-0.4000000059604645,-1.099863962419705,-1.2764301964481914,0.0,0.0007776442216709256,3.021339468127384,0.3131601946789258
244.69618997600082,1.8855749834316273,1.9782503524762922,-0.012131329353809228,-0.4000000059604645,-1.0998155640052982,-1.2751920921256343,0.0,0.0006578638567589223,3.020466803501387,0.34694101234033164
244.7469616340004,1.8854974797542527,1.9796775064968062,-0.014637963373463958,-0.4000000059604645,-1.099838963048328,-1.2739506266848073,0.0,0.00039597839349880815,3.0192450730249902,0.38066901771718664
244.81248973000038,1.885308287289594,1.9738366428101832,-0.017004301135008948,-0.4000000059604645,-1.099733032363896,-1.27267409119754,0.0,0.0002020746178459376,3.0176742766981954,0.4143550149717156
244.83490242800144,1.885269178912334,1.9910455766662296,-0.019120647656017065,-0.4000000059604645,-1.0999687463699408,-1.2714155947060481,0.0,0.00012618579785339534,3.016627079146998,0.4479690247210708
244.8949298940006,1.8857850753212921,1.9759367636420828,-0.021058521146163356,-0.4000000059604645,-1.0997742863039122,-1.2701056898557765,0.0,-1.865351623564493e-05,3.015056282820204,0.4814375658400912
244.9470250150007,1.8861531895944235,1.979115700888571,-0.023365944043628017,-0.4000000059604645,-1.0998300537185486,-1.2687819678878651,0.0,-9.116998262470588e-05,3.0124382889422137,0.5148733694571508
244.9960876690002,1.886390332484847,1.9803931041078255,-0.025528295087225872,-0.4000000059604645,-1.0998502473484966,-1.2674656117519092,0.0,-0.00026262958999723196,3.010867492615418,0.548282731094121
245.04690632500024,1.8867230488820699,1.9796672756969826,-0.02801501028084319,-0.4000000059604645,-1.0998390102271944,-1.2660797152287153,0.0,-0.00034262705594301224,3.0098202950642214,0.5821655061903254
245.09603675400103,1.8875372159479549,1.9803777877075024,-0.028870611179416916,-0.4000000059604645,-1.0998501954961695,-1.2647300767500225,0.0,-0.0003968552337028086,3.008773097513025,0.6152886404745156
245.14834226899984,1.8881919092097785,1.9790641880879662,-0.030803580292888544,-0.4000000059604645,-1.0998295828706681,-1.2631985758999045,0.0,-0.0005629277438856661,3.007551367036628,0.6483985917316207
245.19612272700033,1.8887007690193165,1.9808514969145754,-0.03477642439817208,-0.4000000059604645,-1.0998575177919983,-1.2616787477778808,0.0,-0.0006232504965737462,3.006329636560233,0.6831695675127505
245.24766357200133,1.8893485895654771,1.9796654324975302,-0.034510683305914336,-0.4000000059604645,-1.0998394282917348,-1.2602842962851781,0.0,-0.000679292599670589,3.004758840233438,0.7161860309578795
245.2962473309999,1.8904755297836096,1.9804227473076446,-0.035934821270290684,-0.4000000059604645,-1.099851344510498,-1.2588734044772805,0.0,-0.0005808134446851909,3.0023153792806454,0.7489728878972185
245.34675986300135,1.8914345143853817,1.9796587360974889,-0.037675500935553274,-0.4000000059604645,-1.0998396767477014,-1.25725798978656,0.0,-0.0007321483572013676,3.0002209841782523,0.7817624154005032
245.3960968299998,1.8922573607259066,1.9802887773063516,-0.03926190695785281,-0.4000000059604645,-1.0998495864688143,-1.255664552624765,0.0,-0.0007952734595164657,2.9981265890758593,0.8145576222886309
245.446643968,1.8931995149140748,1.9797785272980868,-0.04073396793606887,-0.4000000059604645,-1.0998418550138305,-1.2542455506917407,0.0,-0.0007626631995663047,2.9956831281230674,0.8472935576835958
245.4962791630005,1.8946481522205267,1.9801670653045742,-0.04187390246213607,-0.4000000059604645,-1.099848107090124,-1.252803792445913,0.0,-0.0008592245285399258,2.9932396671702755,0.8798424052798279
245.54717805700056,1.895912328396066,1.97964312689662,-0.04326185856518017,-0.4000000059604645,-1.0998401882318265,-1.2511464025826713,0.0,-0.000841052271425724,2.990621673292284,0.9123921495861332
245.59632783300003,1.8970206923850705,1.980335152107192,-0.04448830932415537,-0.4000000059604645,-1.099851044435967,-1.249619153377517,0.0,-0.00079540436854586,2.988003679414292,0.944947124025551
245.64611564400002,1.898209714530095,1.9800768245033202,-0.04540922851816931,-0.4000000059604645,-1.099847296256688,-1.2481942534384967,0.0,-0.0008098481339402497,2.985211152611102,0.9774174205672546
245.7118796499999,1.899834110273744,1.973979939211938,-0.045879953117565986,-0.4000000059604645,-1.0997399711906473,-1.2467515548295247,0.0,-0.0009555467404425144,2.981371428256713,1.0096385881584167
245.74774591999994,1.9012414441527579,1.9853847689822433,-0.04652778816456116,-0.4000000059604645,-1.0999180955392542,-1.245039462463337,0.0,-0.0009506148635409772,2.9794515660795193,1.04187130180591
245.8111702340011,1.9024620263728373,1.9746312196216949,-0.047029558436818664,-0.4000000059604645,-1.0997535080071248,-1.2435129498908626,0.0,-0.0010171374306082726,2.975611841725133,1.0741205500312516
245.83665612500045,1.9037454270322391,1.9899530750504628,-0.04735137150992291,-0.4000000059604645,-1.099961409304674,-1.2422288373783006,0.0,-0.0011372518492862582,2.9736919795479384,1.1062786691103776
245.89600549399984,1.9054324762323898,1.9760722208433137,-0.04674179718272947,-0.4000000059604645,-1.0997813994579395,-1.2410543090351482,0.0,-0.0012377467937767506,2.969677722268351,1.1376065079089457
245.9473270489998,1.9068765552804767,1.9796575496972848,-0.04687235039624199,-0.4000000059604645,-1.0998422447260814,-1.2396473317200907,0.0,-0.0012961514294147491,2.9670597283903604,1.1689734520390336
246.0012229160002,1.9081005488000162,1.9783387324768245,-0.04743699544459362,-0.4000000059604645,-1.0998213541478812,-1.238475529809331,0.0,-0.0013104851823300123,2.9653143991383653,1.2009232951934732
246.0639364710005,1.9092962252390022,1.9750355876281747,-0.04660702577207293,-0.4000000059604645,-1.0997630093883906,-1.2375670230471931,0.0,-0.0014036964857950807,2.9639181357367708,1.232774436303388
246.08680211499995,1.9107642945862187,1.9906850994609928,-0.04542789839512423,-0.4000000059604645,-1.0999670746213652,-1.236679629435946,0.0,-0.0014828647254034877,2.963220004035972,1.2642819890752668
246.14594938499977,1.9119687248061132,1.9763817112480302,-0.04471128891606069,-0.4000000059604645,-1.0997884718752162,-1.2355146341453307,0.0,-0.0014884119154885411,2.9619982735595762,1.2958645170922474
246.2024758080006,1.9129602994948067,1.9774864116646653,-0.04426681782613223,-0.4000000059604645,-1.0998079971414794,-1.2346654271670052,0.0,-0.0015257807681337,2.959380279681585,1.3275245348969644
246.22622501300066,1.9139258629712024,1.990476120658387,-0.043683032064988025,-0.4000000059604645,-1.099965693326847,-1.2341390325538963,0.0,-0.0015505639603361487,2.9579840162799904,1.3591135277948878
246.281581569001,1.9151370633646976,1.9779953552718106,-0.0422585856869091,-0.4000000059604645,-1.0998169972646081,-1.2336833963716687,0.0,-0.001619218848645687,2.956064154102796,1.3903741648848653
246.3297233129997,1.916087134746362,1.9805148109102035,-0.041425106239685455,-0.4000000059604645,-1.0998566504383775,-1.2329857543154645,0.0,-0.001688290387392044,2.9537952260752034,1.4217422691824009
246.38020933500047,1.9168038266039198,1.9798263860988987,-0.04052866439239236,-0.4000000059604645,-1.0998464558441696,-1.2325083172061955,0.0,-0.0017922550905495882,2.9518753638980098,1.4532125184031812
246.4307723130005,1.9174645419966598,1.9797357792980539,-0.039265093270600473,-0.4000000059604645,-1.0998451801109657,-1.2321668938455683,0.0,-0.001800643396563828,2.9501300346460146,1.4846247812723323
246.49536683299993,1.91831167173428,1.9741940108153309,-0.037850367539586566,-0.4000000059604645,-1.0997491358918576,-1.2318801782928601,0.0,-0.001839438104070723,2.9475120407680233,1.515707461937433
246.54620470400005,1.9189283620517863,1.9796591088971898,-0.03699376819379352,-0.4000000059604645,-1.0998442441603355,-1.231231762230254,0.0,-0.0018678230699151754,2.944021382264035,1.546918159485532
246.59823353000138,1.9193726364228545,1.9791841492898612,-0.0365340617841782,-0.4000000059604645,-1.0998369601563103,-1.2308062011161454,0.0,-0.0019176139030605555,2.9405307237600464,1.5782532916257384
246.64764412600016,1.9198114708159093,1.9801658505041244,-0.0364387427965462,-0.4000000059604645,-1.0998520451070133,-1.2307624545251454,0.0,-0.0018650272395461798,2.9363419335552603,1.6095373248395872
246.697511933,1.9204361415220925,1.980082031303813,-0.03578769010137616,-0.4000000059604645,-1.0998508888610288,-1.2308380902424838,0.0,-0.0018200412159785628,2.931280478724476,1.639937398581415
246.74757616900024,1.9209395391075328,1.9800065941013854,-0.037196178540700814,-0.4000000059604645,-1.099849835845856,-1.230545101506384,0.0,-0.0017880460945889354,2.9251718263424964,1.6710321761405975
246.79807790199993,1.9213810348065057,1.9798256352993697,-0.038455062906429305,-0.4000000059604645,-1.0998471752406382,-1.2305553824310862,0.0,-0.0017544083530083299,2.9187141081101178,1.7022770496097237
246.85477209700002,1.9219177779478407,1.9773406196625263,-0.0399464998163602,-0.4000000059604645,-1.0998073110864834,-1.230873429723909,0.0,-0.0018467975314706564,2.909987461850146,1.7334937386538938
246.88140852000106,1.922742379794051,1.9893002506410042,-0.0412765584013807,-0.4000000059604645,-1.0999570893068613,-1.2312353179122977,0.0,-0.001843683305196464,2.9052750728697605,1.7643796846729602
246.93219722800131,1.9235181159219732,1.9796617656964175,-0.043255865022736595,-0.4000000059604645,-1.0998450271570541,-1.2311436921123315,0.0,-0.001909203245304525,2.8986428217121816,1.7954322154147566
246.98704331000044,1.9242883666170374,1.9781746784749101,-0.04557949489478996,-0.4000000059604645,-1.0998216764738435,-1.2313043558683585,0.0,-0.0020602294243872166,2.8920105705546035,1.8266364855646253
247.03128923000077,1.9251487866096963,1.9821629765346718,-0.047669193792887254,-0.4000000059604645,-1.099881006866841,-1.2315378513027233,0.0,-0.0019582463428378105,2.8866000498734214,1.8577940738816723
247.0811546950008,1.9262093055291982,1.9801015189030142,-0.04905152664544493,-0.4000000059604645,-1.0998520713740743,-1.231691049955917,0.0,-0.0021403988357633352,2.8824112596686344,1.8885818445769433
247.14730061500086,1.927235393107303,1.9735632276064825,-0.051405969314954,-0.4000000059604645,-1.0997391543600077,-1.2313011713751676,0.0,-0.0021943997126072645,2.8778734036134495,1.9200687524879119
247.20310180200067,1.9282435529390287,1.9781055528733136,-0.05257695315795097,-0.4000000059604645,-1.09982128050734,-1.2310460871779036,0.0,-0.002136270282790065,2.8754299426606575,1.9511671457805646
247.23380963199997,1.92928988129,1.9874020518123827,-0.05431439722845288,-0.4000000059604645,-1.099940907915647,-1.2309073256591785,0.0,-0.002081540646031499,2.8742082121842625,1.98221396246587
247.29443826100032,1.9304429579210265,1.9755691128358415,-0.057636601057167114,-0.4000000059604645,-1.0997779767625186,-1.2306775425247427,0.0,-0.002125625964254141,2.8715902183062703,2.014481841672625
247.35760926200055,1.9315656211328904,1.975053633228598,-0.057742415540872394,-0.4000000059604645,-1.099768777368294,-1.230104209454173,0.0,-0.0021462838631123304,2.8687976915030795,2.0453158986986613
247.3895970040012,1.9327258005997598,1.9870851790070478,-0.05973439510851769,-0.4000000059604645,-1.099938117406347,-1.2295782582745678,0.0,-0.0020932911429554224,2.867401428101484,2.0762940630243767
247.45166228900052,1.9339856077102202,1.975212678430657,-0.061458421731107604,-0.4000000059604645,-1.0997722873699498,-1.2293689691482912,0.0,-0.0020496987272053957,2.864783434223492,2.10720115488685
247.48354263000147,1.935384196163462,1.986977950606021,-0.06290169914430688,-0.4000000059604645,-1.0999372579507178,-1.2291532578953697,0.0,-0.0020283113699406385,2.8621654403455015,2.1376807024330757
247.544678147,1.9367908801176594,1.9755991728367162,-0.06455538401875294,-0.4000000059604645,-1.0997799723045643,-1.2283212804773358,0.0,-0.002112450310960412,2.85937291354231,2.168327966715518
247.61018399100067,1.9382327303796585,1.9742244756155685,-0.06625919756948673,-0.4000000059604645,-1.09975484614073,-1.2277853686882245,0.0,-0.0021074849646538496,2.855707722113122,2.1991218320035086
247.64170972900138,1.9396719778382454,1.987347509811572,-0.06762582204032552,-0.4000000059604645,-1.0999410315477531,-1.2273550910490179,0.0,-0.001989558106288314,2.853613327010729,2.229843910343281
247.7037684420011,1.940998579149594,1.9749828244273144,-0.06829020123366358,-0.4000000059604645,-1.0997697176174712,-1.2268945850977913,0.0,-0.0020284506026655436,2.849075470955544,2.26014572485749
