t,radius,set_speed_r,set_speed_r_filtered,meas_speed_r,acc_cmd_r,set_speed_theta,meas_speed_theta,acc_cmd_theta,set_speed_z,meas_speed_z,acc_cmd_z,acc_x,acc_y,acc_z,pub_vel_x,pub_vel_y,pub_vel_z,pid_r_P,pid_r_I,pid_r_D,pid_vtheta_P,pid_vtheta_I,pid_vtheta_D,pid_z_P,pid_z_I,pid_z_D,yaw_enu,yaw_target,error_yaw,total_yaw_err,yaw_rate,drone_z,target_z,r_lock_position,r_lock_active,r_pid_P,r_pid_I,r_pid_D,z_lock_position,z_lock_active,z_pid_P,z_pid_I,z_pid_D,theta_actual,theta_target,theta_lock_position,theta_lock_active,theta_pid_P,theta_pid_I,theta_pid_D,dt
5.489490656000271,3.273298938118454,0.0,0.0,-0.031184197134394603,0.12210596593660619,0.0,0.01989820115865246,-0.0508789860314427,0.0,0.028310459107160568,-0.02712425087057054,0.022885950723500862,0.13028726490482814,-0.02712425087057054,0.0,0.0,0.0,0.12195248522200745,3.2520662725868656e-05,0.0,-0.051048133768082704,-2.041925350723308e-05,-0.0,-0.027097153716853686,-2.7097153716853687e-05,-0.0,1.800830722207749,1.7917142423349688,-0.009116479872780303,-0.009116479872780303,-4.123695554782576,53.9542350769043,0.0,3.273298938118454,1,0.0,0.0,0.0013364655914740542,53.95283126831055,1,0.0,0.0,0.0012133053903068815,1.7917142423349688,1.5707963267948966,1.7917142423349688,1,0.0,0.0,-0.0005210523485806194,0.001
5.589583667002444,3.2700535784213143,0.0,0.0,-0.02965446277815853,0.12225773458813731,0.0,0.021258214790429438,-0.06026818093136248,0.0,0.027817053720355034,-0.02962791910809358,0.032151024262394814,0.13245949923760758,-0.02962791910809358,0.0,0.0,0.0,0.11831303051649653,0.003806507040540695,-0.0,-0.05779046159731707,-0.0026704993372211384,-0.0,-0.026393114052562977,-0.003234805055530602,-0.0,1.800830722207749,1.7906776540888585,-0.010153068118890829,-0.010153068118890829,-0.027649675644853638,53.95694351196289,0.0,3.273298938118454,1,-0.000973607909141938,-2.3081219363479548e-05,0.0028923678214126266,53.95283126831055,1,-0.001233673095703125,-2.7931481999353957e-05,0.002685544245494536,1.7906776540888585,1.5707963267948966,1.7917142423349688,1,-0.0006219529476661822,-1.4078673504724325e-05,-0.0012219382273264846,0.03933680699992692
5.689758061998873,3.263005786370866,0.0,0.0,-0.02567293636145417,0.10333854937743837,0.0,0.020981236144869488,-0.06262933164643802,0.0,0.027292199432849884,-0.030560498221789426,0.0385989323667794,0.11450507145999071,-0.030560498221789426,0.0,0.0,0.0,0.09718941608572172,0.006014223242826923,-0.0,-0.05824307609182428,-0.0045513333925329144,0.0,-0.025279691319024584,-0.005280806902764843,-0.0,1.8006561892825497,1.790528577458518,-0.010127611824031657,-0.010127611824031657,-0.02629827418996083,53.956825256347656,0.0,3.273298938118454,1,-0.0030879455242764473,-9.067174285708306e-05,0.003422858528538486,53.95283126831055,1,-0.0013034820556640625,-6.060873600740506e-05,0.0033765989054967663,1.790528577458518,1.5707963267948966,1.7917142423349688,1,-0.0007113989258704656,-3.276989830447965e-05,-0.00157182546768528,0.040443852994940244
5.78946406099567,3.254820943180851,0.0,0.0,-0.0209530003822746,0.07791616344997768,0.0,0.020216056944445705,-0.06424637550134382,0.0,0.026378028094768524,-0.03176716973527891,0.04572921542153477,0.0900409026429332,-0.03176716973527891,0.0,0.0,0.0,0.06929057395334212,0.008500025305696777,-0.0,-0.05707423351754942,-0.007302283412855967,0.0,-0.02359773841940212,-0.00816943131587679,0.0,1.8006561892825497,1.7904081367947575,-0.010248052487792148,-0.010248052487792148,-0.028161821771295538,53.95578384399414,0.0,3.273298938118454,1,-0.005543398481280981,-0.0002825409742445825,0.003350425460808863,53.95283126831055,1,-0.000885772705078125,-0.00010194742772463488,0.003768009808169162,1.7904081367947575,1.5707963267948966,1.7917142423349688,1,-0.0007836633241267598,-6.297118716831762e-05,-0.0017670019512789877,0.04022210999391973
5.889778281001782,3.2516200698303823,0.0,0.0,-0.01929906764530987,0.06786294226248771,0.0,0.02030664364884334,-0.06678216860337541,0.0,0.025574518367648125,-0.03185055305783265,0.0504087840570222,0.08077246725081452,-0.03185055305783265,0.0,0.0,0.0,0.0579971980122443,0.009738927535059757,0.0,-0.05776166941025385,-0.0091410235105424,0.0,-0.021933765631508603,-0.00991678742632405,0.0,1.8006561892825497,1.7902276649617277,-0.010428524320821975,-0.010428524320821975,-0.028408158214390838,53.951236724853516,0.0,3.273298938118454,1,-0.006503660486421525,-0.0004564293576682654,0.003126941668711733,53.95283126831055,1,-5.7220458984375e-05,-0.00010347733125086105,0.003801450526374759,1.7902276649617277,1.5707963267948966,1.7917142423349688,1,-0.0008919464239446561,-8.681916048797203e-05,-0.0018192585308255721,0.039652298000874
5.989405665000959,3.2464079347640475,0.0,0.0,-0.016741116952316868,0.05116864838605983,0.0,0.021101300521717832,-0.07346754277165815,0.0,0.023650381714105606,-0.030519553216464823,0.06062981305321133,0.06587667407887475,-0.030519553216464823,0.0,0.0,0.0,0.03994052645156741,0.011090965762915909,0.0,-0.06150037347402999,-0.01207598474749729,0.0,-0.018351381422438785,-0.012168171794026036,0.0,1.8004816563573502,1.7892863655477242,-0.011195290809626002,-0.011195290809626002,-0.031324340904351544,53.947200775146484,0.0,3.273298938118454,1,-0.008067301006321958,-0.0007737277028778042,0.002750718810634205,53.95283126831055,1,0.00168914794921875,-4.37266695374408e-05,0.003653579011985512,1.7892863655477242,1.5707963267948966,1.7917142423349688,1,-0.0014567260723467256,-0.00014274109847028842,-0.0018993816970771522,0.039701736997812986
6.090076000000408,3.2400054745397537,0.0,0.0,-0.01346158742002807,0.030099265415346233,0.0,0.023448668905924397,-0.08448518739478733,0.0,0.0234359297901392,-0.0325006776213283,0.07603370157634111,0.047566678381779956,-0.0325006776213283,0.0,0.0,0.0,0.01833522243385713,0.011594339541855942,-0.0,-0.07033636136576835,-0.014246250650316948,-0.0,-0.01885500174237781,-0.013645675878950487,-0.0,1.8004816563573502,1.7875801873018082,-0.012901469055542236,-0.012901469055542236,-0.04493195030785528,53.949462890625,0.0,3.273298938118454,1,-0.0099880390736101,-0.0010267627146413412,0.0024426070172519393,53.95283126831055,1,0.0010105133056640624,-8.979501229635354e-06,0.00357939424332696,1.7875801873018082,1.5707963267948966,1.7917142423349688,1,-0.002480433019896333,-0.00020135312537027268,-0.0020040894951163343,0.04027310999663314
6.189426258999447,3.2324313661192634,0.0,0.0,-0.009573361967750323,0.0035478769090536025,0.0,0.027186316979544836,-0.1023730716208859,0.0,0.023923393338918686,-0.03674791428635554,0.09927844628648232,0.02523139565301275,-0.03674791428635554,0.0,0.0,0.0,-0.008369814872323035,0.011689041657924946,-0.0,-0.08445897270068242,-0.017994615541760583,-0.0,-0.020718976272670178,-0.01602893801368536,-0.0,1.8004816563573502,1.7850324624761023,-0.015449193881248213,-0.015449193881248213,-0.06538320046362683,53.95405197143555,0.0,3.273298938118454,1,-0.0122602715997572,-0.0014792476653286513,0.0019342066647160517,53.95283126831055,1,-0.0003662109375,9.986622498495264e-07,0.003569629341498658,1.7850324624761023,1.5707963267948966,1.7917142423349688,1,-0.0040090679153199195,-0.0003350606741449959,-0.0022531435112632227,0.039487132999056485
6.289579281001352,3.2294810490662056,0.0,0.0,-0.00832546472272391,-0.007257723098385095,0.0,0.029505051033193515,-0.11444267272879452,0.0,0.02474268339574337,-0.04093819444669673,0.11339787043998442,0.01705059722001873,-0.04093819444669673,0.0,0.0,0.0,-0.018861205165471268,0.011333919241590395,-0.0,-0.09359741692916729,-0.020921318565683734,-0.0,-0.023104013520385006,-0.017834180926311727,-0.0,1.8003071234321508,1.7833723049550272,-0.016934818477123414,-0.016934818477123414,-0.05872135057463462,53.959320068359375,0.0,3.273298938118454,1,-0.013145366715674544,-0.0018234555070321648,0.0016137027891904609,53.95283126831055,1,-0.0019466400146484373,-4.01718570762563e-05,0.0036254817470830585,1.7833723049550272,1.5707963267948966,1.7917142423349688,1,-0.00500516242796496,-0.00046119047723187397,-0.002467562833276567,0.04001805400184821
6.38945424099802,3.2263957899553923,0.0,0.0,-0.007301744971309121,-0.018463083599874523,0.0,0.032750740127179795,-0.1324816305920944,0.0,0.026366159319877625,-0.04888412794641468,0.1334191514809638,0.009570680145932504,-0.04888412794641468,0.0,0.0,0.0,-0.029327680258441135,0.010532147991785746,-0.0,-0.10678569492528643,-0.02577005476675684,-0.0,-0.02795770318938903,-0.02092642475702565,-0.0,1.8003071234321508,1.7808790676173323,-0.019428055814818546,-0.019428055814818546,-0.06334617984288803,53.97011184692383,0.0,3.273298938118454,1,-0.01407094444891852,-0.002368619907680853,0.0013171046497059476,53.95283126831055,1,-0.005184173583984375,-0.00018852540526033884,0.0037811551197333084,1.7808790676173323,1.5707963267948966,1.7917142423349688,1,-0.006501104830581905,-0.0006938425262221516,-0.0027685904861307203,0.04027879900240805
6.489885693998076,3.2266264723582805,0.0,0.0,-0.0077376401063178005,-0.018938498393320166,0.0,0.033302371616281065,-0.13905661753910986,0.0,0.02656591683626175,-0.052149975473520335,0.13995504467971157,0.010392067720718878,-0.052149975473520335,0.0,0.0,0.0,-0.02918088133701678,0.00989866545275993,0.0,-0.10989693867206632,-0.029239539913390594,-0.0,-0.02894919762759974,-0.0232007778459206,-0.0,1.8003071234321508,1.7802731204810658,-0.02003400295108504,-0.02003400295108504,-0.06981167640283449,53.97431945800781,0.0,3.273298938118454,1,-0.014001739728052076,-0.0027443588438098394,0.0012268901090063077,53.95283126831055,1,-0.005921173095703125,-0.00033713295387242297,0.0038750252582375588,1.7802731204810658,1.5707963267948966,1.7917142423349688,1,-0.006864673112341802,-0.0008727202255460909,-0.0029190105146575636,0.039879666997876484
6.589415948998067,3.2318615981621286,0.0,0.0,-0.011930823772197358,0.001695709478663911,0.0,0.03355426916854043,-0.14785839568777415,0.0,0.0258894432336092,-0.055677758218596225,0.1443108597511525,0.03223905029434973,-0.055677758218596225,0.0,0.0,0.0,-0.008221927335622606,0.009569265157506683,-0.0,-0.1133142317869435,-0.03466803370778105,0.0,-0.028979171175063913,-0.026698587043532312,-0.0,1.8001325905069514,1.7791194065854792,-0.021013183921472223,-0.021013183921472223,-0.06761321031481782,53.97411346435547,0.0,3.273298938118454,1,-0.012431201986897645,-0.0032480004611679263,0.0015558647197021845,53.95283126831055,1,-0.006384658813476563,-0.0005938702630141198,0.0038888011350359706,1.7791194065854792,1.5707963267948966,1.7917142423349688,1,-0.007556901449693764,-0.0011716666263463492,-0.003042855470196852,0.040367560999584384
6.6896282480011,3.2355081343951055,0.0,0.0,-0.014720978542585611,0.016229060229471775,0.0,0.03433061996724618,-0.15622375054160909,0.0,0.02491624467074871,-0.057059689530458944,0.1495564655992435,0.04798026913931418,-0.057059689530458944,0.0,0.0,0.0,0.00623335732486934,0.009631435093062588,0.0,-0.11801913190771585,-0.03836081676380028,-0.0,-0.02810796857127667,-0.028951720959182276,0.0,1.8001325905069514,1.7777281382728305,-0.02240445223412113,-0.02240445223412113,-0.08441748849339663,53.97371292114258,0.0,3.273298938118454,1,-0.011337241117004558,-0.0035569489045093813,0.001835440098893486,53.95283126831055,1,-0.006264495849609375,-0.0007608951261006544,0.0038336670751820717,1.7777281382728305,1.5707963267948966,1.7917142423349688,1,-0.008391662437282977,-0.001387408520476006,-0.0030979618380811776,0.03974140200443799
6.789546923995658,3.236451098604716,0.0,0.0,-0.015524171310152067,0.019954705577739557,0.0,0.03522297049229362,-0.1670003334796473,0.0,0.02391744777560234,-0.059132217585895666,0.15939748889380215,0.05366322941603392,-0.059132217585895666,0.0,0.0,0.0,0.009688239493080612,0.00988312717036611,0.0,-0.1230102168662839,-0.044159069398780275,-0.0,-0.026870555924627556,-0.032261661661268114,0.0,1.8001325905069514,1.7766153745320836,-0.023517215974867778,-0.023517215974867778,-0.08403319748412863,53.97172164916992,0.0,3.273298938118454,1,-0.01105435185412138,-0.004005888304637616,0.002119599380095092,53.95283126831055,1,-0.0056671142578125,-0.0010003489373700955,0.0037143550461573795,1.7766153745320836,1.5707963267948966,1.7917142423349688,1,-0.009059320681731098,-0.0017372191260763223,-0.0031845764464125182,0.03959800199663732
6.88957550899795,3.237110732485597,0.0,0.0,-0.01595679717947443,0.02199431628750756,0.0,0.035445200865934404,-0.1735239918611191,0.0,0.02327728644013405,-0.060809337617912865,0.16541177796029072,0.05686184496117003,-0.060809337617912865,0.0,0.0,0.0,0.011473633525916134,0.010132570531812447,-0.0,-0.12551090529212583,-0.04818780777192511,0.0,-0.026428576361232973,-0.03438076125667989,0.0,1.8001325905069514,1.7758222124082694,-0.024310378098681973,-0.024310378098681973,-0.0811958299172326,53.972251892089844,0.0,3.273298938118454,1,-0.010856461689857122,-0.004294108678539916,0.0022534087958335763,53.95283126831055,1,-0.00560760498046875,-0.0011492211989170683,0.003605536258286895,1.7758222124082694,1.5707963267948966,1.7917142423349688,1,-0.009535217956019615,-0.0019903627527048306,-0.0032335805421914933,0.040317867998965085
6.989448936001281,3.2346392593109274,0.0,0.0,-0.014512441299599825,0.012086635316794972,0.0,0.031815681266421744,-0.16957223189040374,0.0,0.02269355021417141,-0.0640247584213495,0.1635228261226345,0.0464877824642206,-0.0640247584213495,0.0,0.0,0.0,0.001499016116860265,0.010274682426063306,-0.0,-0.115838435821003,-0.05387653940792193,0.0,-0.026467089133052235,-0.037557669288297256,0.0,1.799958057581752,1.7766211409938126,-0.02333691658793935,-0.02333691658793935,-0.08436164286581528,53.972442626953125,0.0,3.273298938118454,1,-0.01159790364225799,-0.0047496450019871095,0.00223484497580801,53.95283126831055,1,-0.005883407592773437,-0.0013837888417305036,0.0034936575156231152,1.7766211409938126,1.5707963267948966,1.7917142423349688,1,-0.009055860804693694,-0.0023582312832989595,-0.0031056009739868023,0.03996834000281524
7.089624209998874,3.2326537839083525,0.0,0.0,-0.013265191522158711,0.0034757268362665813,0.0,0.029877896843436565,-0.16796844783980705,0.0,0.02256782539188862,-0.06655144211617119,0.16369839356154203,0.03779306936628466,-0.06655144211617119,0.0,0.0,0.0,-0.006978244503360693,0.010177824006983518,-0.0,-0.110635596843758,-0.057455454915429596,0.0,-0.02685682557003335,-0.03969461654613784,-0.0,1.799958057581752,1.7770011862884767,-0.022956871293275505,-0.022956871293275505,-0.08747942650999221,53.975181579589844,0.0,3.273298938118454,1,-0.012193546263030486,-0.005069922873213724,0.0021374124131893144,53.95283126831055,1,-0.006182098388671875,-0.001544575785522178,0.00343767399604932,1.7770011862884767,1.5707963267948966,1.7917142423349688,1,-0.008827833627895253,-0.0025937487622231976,-0.002954759503948179,0.040312434000952635
7.189388596001663,3.225521759094728,0.0,0.0,-0.009094048487919136,-0.024567635899945983,0.0,0.02948951386732335,-0.17384489994892294,0.0,0.022903067991137505,-0.07099769904936323,0.17519906122262532,0.011441456143084738,-0.07099769904936323,0.0,0.0,0.0,-0.03418985722376952,0.009352611786799322,-0.0,-0.11115087386859358,-0.06277716892946328,-0.0,-0.02795243152953037,-0.043045267519832855,-0.0,1.799958057581752,1.7763988147143106,-0.023559242867441377,-0.023559242867441377,-0.09286678767847811,53.97508239746094,0.0,3.273298938118454,1,-0.014333153707117807,-0.005617217014971367,0.001739026974498167,53.95283126831055,1,-0.006675338745117187,-0.0018134210092340336,0.0034393962159583527,1.7763988147143106,1.5707963267948966,1.7917142423349688,1,-0.00918925657239491,-0.002956371006777647,-0.0028252081009415256,0.04018065000127535
7.289621247000468,3.2205356905430973,0.0,0.0,-0.006249022701477536,-0.04474668734935387,0.0,0.0289039004654206,-0.17679645056179175,0.0,0.02297639660537243,-0.0737506562546979,0.18220625424152043,-0.007754474531734848,-0.0737506562546979,0.0,0.0,0.0,-0.053325139077125064,0.008319042877073418,-0.0,-0.11053156415232455,-0.06632097059779028,0.0,-0.028452859952951718,-0.045297796301746185,-0.0,1.7997835246565526,1.7761547690241255,-0.02362875563242728,-0.02362875563242728,-0.09160984964053112,53.97590255737305,0.0,3.273298938118454,1,-0.015828974272607033,-0.006029985134527844,0.0013898996184239915,53.95283126831055,1,-0.0069213867187499995,-0.001994209958490544,0.0034391333296612545,1.7761547690241255,1.5707963267948966,1.7917142423349688,1,-0.009335683986505972,-0.0032051379749348415,-0.002767903234068408,0.039947304998349864
7.38941369800159,3.208595314505686,0.0,0.0,0.00044869366982832996,-0.09155898110908042,0.0,0.026009598527390102,-0.1741601229372647,0.0,0.023311590775847435,-0.07851701591653147,0.18920745440749084,-0.05399383890679914,-0.07851701591653147,0.0,0.0,0.0,-0.09745015713617981,0.005680336345168296,-0.0,-0.10277376225771817,-0.07138272346728694,0.0,-0.029688428278406447,-0.048828587638125025,-0.0,1.7997835246565526,1.776825537385925,-0.02295798727062781,-0.02295798727062781,-0.09253577625224718,53.97801971435547,0.0,3.273298938118454,1,-0.01941108708383048,-0.006758294807924645,0.0006313669919355058,53.95283126831055,1,-0.007556533813476562,-0.00229195591358951,0.00347165222450706,1.776825537385925,1.5707963267948966,1.7917142423349688,1,-0.00893322296942629,-0.0035686588129489926,-0.0025980245933218834,0.03986315100337379
7.489904194000701,3.202523329726564,0.0,0.0,0.0036162203695678683,-0.11675893025542321,0.0,0.024058694980225077,-0.17201727582516713,0.0,0.023510336875915527,-0.08194863271866283,0.19230106012567852,-0.07901198169418731,-0.08194863271866283,0.0,0.0,0.0,-0.1201860182266811,0.00324634898997436,-0.0,-0.09743563513449621,-0.07455447413046348,0.0,-0.030697409135647093,-0.05125122358301574,-0.0,1.7997835246565526,1.777279158915332,-0.0225043657412205,-0.0225043657412205,-0.09238464649054873,53.98008346557617,0.0,3.273298938118454,1,-0.021232682517567002,-0.007309895015383712,0.00010919304207028905,53.95283126831055,1,-0.0081756591796875,-0.0025031432216653876,0.003491730141621322,1.777279158915332,1.5707963267948966,1.7917142423349688,1,-0.008661050051782037,-0.0038018202686253572,-0.0024526887531660132,0.040038610000920016
7.5895151590011665,3.190016934975973,0.0,0.0,0.010121984469518843,-0.1669598473747557,0.0,0.017308033193696955,-0.15480780240027928,0.0,0.023384258151054382,-0.08620218725832647,0.18610664541092492,-0.13116921457909964,-0.08620218725832647,0.0,0.0,0.0,-0.16549830882604868,-0.0015554465182070056,-0.0,-0.07619325004632523,-0.07855963363510222,0.0,-0.031178344051059327,-0.055023843207267144,0.0,1.7996089917313531,1.7799983995031416,-0.019610592228211488,-0.019610592228211488,-0.08407489267574322,53.981040954589844,0.0,3.273298938118454,1,-0.024984600942744305,-0.008261551548891037,-0.000764745392458799,53.95283126831055,1,-0.008462905883789062,-0.0028499913212128216,0.00351881130499694,1.7799983995031416,1.5707963267948966,1.7917142423349688,1,-0.007029505699096284,-0.004106819007931476,-0.0020329421178053764,0.03955516399582848
7.6895984829970985,3.184629474785003,0.0,0.0,0.012491220642604786,-0.19036025900416118,0.0,0.013658806927376378,-0.14531539123801654,0.0,0.02357659302651882,-0.08982612503337181,0.18190474579119112,-0.1557698770540417,-0.08982612503337181,0.0,0.0,0.0,-0.1849902063643361,-0.005428634967268965,-0.0,-0.06452597352672852,-0.08073584313616225,0.0,-0.03226431841138431,-0.05756180662198751,-0.0,1.7996089917313531,1.7814336984636685,-0.018175293267684633,-0.018175293267684633,-0.08358874537859667,53.98616409301758,0.0,3.273298938118454,1,-0.026600839000035313,-0.00895935134022637,-0.0012793107142898199,53.95283126831055,1,-0.009120941162109375,-0.0030818645631922347,0.0035150803404361236,1.7814336984636685,1.5707963267948966,1.7917142423349688,1,-0.006168326322780171,-0.00427716855359271,-0.001706087606942148,0.040127054999175016
7.789646960001846,3.1812240404865317,0.0,0.0,0.01281426207127916,-0.207189314122395,0.0,0.005535609472643354,-0.12066427914455229,0.0,0.025602640584111214,-0.0998314218637808,0.161962741660727,-0.176791828039996,-0.0998314218637808,0.0,0.0,0.0,-0.19562870603330398,-0.011570240536175433,-0.0,-0.03766480609601307,-0.08297717510611079,0.0,-0.03799014824710642,-0.06184127361667439,-0.0,1.7996089917313531,1.7850793271985155,-0.01452966453283766,-0.01452966453283766,-0.07284171525373262,53.994564056396484,0.0,3.273298938118454,1,-0.0276224692895767,-0.010049504936523599,-0.0016814186448349303,53.95283126831055,1,-0.01251983642578125,-0.003527870008005154,0.0036601987707911973,1.7850793271985155,1.5707963267948966,1.7917142423349688,1,-0.003980949081871987,-0.004466506166196628,-0.0010828577176932599,0.040058144004433416
7.889581051997084,3.1804072633000637,0.0,0.0,0.01278586379756941,-0.2154740385107374,0.0,0.003570060283398568,-0.11471496315155333,0.0,0.026187749579548836,-0.10493727527314803,0.1580762888345553,-0.18601201829796707,-0.10493727527314803,0.0,0.0,0.0,-0.19966705190207654,-0.01581099406096867,-0.0,-0.030736073145524,-0.08396453766032211,-0.0,-0.039909785293910746,-0.06502748997923728,-0.0,1.7996089917313531,1.7859664421695178,-0.013642549561835082,-0.013642549561835082,-0.08621504620452299,54.00053787231445,0.0,3.273298938118454,1,-0.0278675024455171,-0.010793833860247865,-0.0017973470705526977,53.95283126831055,1,-0.013621902465820313,-0.003891705124599609,0.003791571876058014,1.7859664421695178,1.5707963267948966,1.7917142423349688,1,-0.0034486800992705735,-0.004558618918373754,-0.0007170699571667022,0.039892635999422055
7.9893845789993065,3.173103561871689,0.0,0.0,0.015091190670161375,-0.24458643839336475,0.0,-0.00408237588183179,-0.08924570054535727,0.0,0.028384117409586906,-0.11660579877349743,0.14021600275792315,-0.21937819737242095,-0.11660579877349743,0.0,0.0,0.0,-0.22187585026861692,-0.022715840330519117,-0.0,-0.004753020813908228,-0.0845120953955201,0.0,-0.04626438299397577,-0.07034141577952166,-0.0,1.7994344588061537,1.7896350918687305,-0.009799366937423226,-0.009799366937423226,-0.06425549053711353,54.01074981689453,0.0,3.273298938118454,1,-0.03005861287402953,-0.011973591949456967,-0.0020434979113166385,53.95283126831055,1,-0.01737556457519531,-0.0045385336648805005,0.004033832655686949,1.7896350918687305,1.5707963267948966,1.7917142423349688,1,-0.0012474902797429798,-0.004631575387547992,-0.00010451854010410985,0.040035480000369716
8.08963504699932,3.169804563368645,0.0,0.0,0.01611844339052058,-0.26061496856318156,0.0,-0.006942531553141396,-0.0791857692529677,0.0,0.029121844097971916,-0.12280613053989589,0.13421425655714808,-0.23701704839142773,-0.12280613053989589,0.0,0.0,0.0,-0.2330617321586453,-0.027568441993209902,-0.0,0.0052779754213721055,-0.08449904741922175,0.0,-0.048674990048624266,-0.07413114049127163,-0.0,1.7994344588061537,1.7910627852529772,-0.008371673553176251,-0.008371673553176251,-0.05186941457748399,54.015193939208984,0.0,3.273298938118454,1,-0.03104831242494268,-0.012787785729616056,-0.0021952536972260966,53.95283126831055,1,-0.01870880126953125,-0.005019309240781691,0.004174964559660594,1.7910627852529772,1.5707963267948966,1.7917142423349688,1,-0.00039087424919492797,-0.004653423410470168,0.00021295627507254212,0.03978560899849981
8.189552456999081,3.165285831265878,0.0,0.0,0.017874648414499053,-0.28590415513893036,0.0,-0.010085887465714947,-0.06721285567754445,0.0,0.03006654977798462,-0.13157914829769518,0.12847590819285165,-0.2641073548920172,-0.13157914829769518,0.0,0.0,0.0,-0.25052275462711143,-0.03541353824957587,-0.0,0.016603231750099347,-0.08387304332420678,0.0,-0.05138779748398084,-0.08019135081371435,-0.0,1.7992599258809534,1.7926519239495013,-0.006608001931452279,-0.006608001931452279,-0.05395574709267526,54.022151947021484,0.0,3.273298938118454,1,-0.032403932055772876,-0.014066699812536367,-0.0024607876177547543,53.95283126831055,1,-0.019886398315429685,-0.00579806282149341,0.004363213430926874,1.7926519239495013,1.5707963267948966,1.7917142423349688,1,0.0005626089687195357,-0.004643128609079174,0.0006359248746844281,0.03991580799629446
8.289555990995723,3.159959524514011,0.0,0.0,0.01945081977034212,-0.3075987090853339,0.0,-0.014543115807797725,-0.05065237017574407,0.0,0.03159294277429581,-0.14034631690136162,0.1177676488506284,-0.28864062312775646,-0.14034631690136162,0.0,0.0,0.0,-0.2666189229771114,-0.04104671804698885,0.0,0.03219071292440206,-0.08293260181780128,0.0,-0.05576321757634123,-0.0845830993250204,-0.0,1.7992599258809534,1.794981295200084,-0.004278630680869533,-0.004278630680869533,-0.051429117535136126,54.02724075317383,0.0,3.273298938118454,1,-0.0340018240813329,-0.014965506409208382,-0.0026802291996796553,53.95283126831055,1,-0.022322845458984376,-0.006380536895139877,0.004533107552078835,1.794981295200084,1.5707963267948966,1.7917142423349688,1,0.001960231719069183,-0.00459735231682754,0.0009702899597214551,0.04000255500432104
8.389642770998762,3.1595843896044706,0.0,0.0,0.017862689770566643,-0.31586594804792206,0.0,-0.020789170610257965,-0.02636851250163791,0.0,0.03259381651878357,-0.1507454190836945,0.09692148417993178,-0.30178273889028323,-0.1507454190836945,0.0,0.0,0.0,-0.2663837736842685,-0.0496189612195718,0.0,0.05430807551112421,-0.08079411945342255,0.0,-0.05919848801369572,-0.09154693106999875,-0.0,1.7990853929557549,1.7982670311485942,-0.0008183618071608834,-0.0008183618071608834,-0.035302264328260606,54.03290939331055,0.0,3.273298938118454,1,-0.03411436455419503,-0.01632607791566282,-0.00273254074204712,53.95283126831055,1,-0.024023437499999998,-0.007313566236200351,0.004732332241288197,1.7982670311485942,1.5707963267948966,1.7917142423349688,1,0.003931673288175252,-0.0044761295670846975,0.0014785158731011646,0.040482853997673374
8.489619874999335,3.1594312964002658,0.0,0.0,0.017430639295495903,-0.32337105754389056,-0.10000000149011612,-0.02239094897832936,-0.018199937953074667,0.0,0.03268144652247429,-0.15648100820714866,0.09092866407869783,-0.31085697136691864,-0.15648100820714866,0.0,0.0,0.0,-0.2682002502371328,-0.05532949238299963,0.0,0.06062693627562997,-0.07895040549699643,0.0,-0.06015666152095227,-0.0963243466861964,-0.0,1.7990853929557549,1.7991445669800437,5.917402428856633e-05,5.917402428856633e-05,-0.02948772144789353,54.03703689575195,0.0,3.273298938118454,1,-0.03416029251545649,-0.017241198054023646,-0.0026879368649260407,53.95283126831055,1,-0.024326705932617185,-0.00796160337085859,0.004813094304997792,1.7991445669800437,1.5707963267948966,1.7917142423349688,1,0.004458194787044922,-0.004363723125461178,0.0017653538703388844,0.0399285579987918
8.589411702996586,3.1603093411382503,0.0,0.0,0.015210202771958035,-0.32666162203289834,-0.10000000149011612,-0.02304513235072584,-0.27346535518486736,0.0,0.03335236757993698,-0.16791296402873063,0.3404673742819702,-0.2560724171891431,-0.16791296402873063,0.0,0.0,0.0,-0.2630701064357495,-0.06375956184444154,-0.0,-0.18567685290708014,-0.0878994158302672,0.0,-0.06395469135154115,-0.10395827267718949,-0.0,1.7990853929557549,1.7997483932397436,0.0006630002839886906,0.0006630002839886906,-0.03740945548325283,54.041229248046875,0.0,3.273298938118454,1,-0.03389687909406112,-0.018598432829353948,-0.0024465136874934246,53.95283126831055,1,-0.026519393920898436,-0.00901560772186871,0.004932677871162983,1.7997483932397436,1.5707963267948966,1.7917142423349688,1,0.0048204905428648635,-0.004171207076662682,0.0020348445103560418,0.040255927000544034
8.689634105998266,3.1620668952173867,0.0,0.0,0.01269954272412803,-0.32327963641185037,-0.10000000149011612,-0.022752459548525183,-0.2795214354159302,0.0,0.03311845287680626,-0.1744834884874668,0.34562109621825154,-0.251372261843773,-0.1744834884874668,0.0,0.0,0.0,-0.2542235830601717,-0.06921976728710817,0.0,-0.1857931248243018,-0.09381968937698952,0.0,-0.06537686675856011,-0.1091066217289067,-0.0,1.7989108600305554,1.7998408480606845,0.0009299880301290031,0.0009299880301290031,-0.03313105857355517,54.044403076171875,0.0,3.273298938118454,1,-0.033369612870320205,-0.019493347523748095,-0.0022304523645161087,53.95283126831055,1,-0.027471542358398438,-0.009735459285145293,0.004948587761789873,1.7998408480606845,1.5707963267948966,1.7917142423349688,1,0.004875963435429398,-0.00404201582408053,0.0020963444005213452,0.03978705999907106
8.789408666998497,3.165041535685955,0.0,0.0,0.009952010347805264,-0.32118952273173546,-0.10000000149011612,-0.02246326108380761,-0.28865843343857805,0.0,0.03292644023895264,-0.18447886844576183,0.3540402157288575,-0.2472689352800267,-0.18447886844576183,0.0,0.0,0.0,-0.24413407100808376,-0.07721488031023734,0.0,-0.18598860268192663,-0.10274046319677295,-0.0,-0.06737654010816689,-0.11710232833759496,-0.0,1.7989108600305554,1.7998218385762783,0.0009109785457228625,0.0009109785457228625,-0.036452865128373035,54.047977447509766,0.0,3.273298938118454,1,-0.03247722072974968,-0.02081108443376352,-0.0018621034241705341,53.95283126831055,1,-0.028543853759765623,-0.010858381995337597,0.004952135885888973,1.7998218385762783,1.5707963267948966,1.7917142423349688,1,0.004864557744785713,-0.0038471422798943226,0.0021238838686464525,0.039709648001007736
8.889463599996816,3.1681208557242857,0.0,0.0,0.007298115578328856,-0.31445823148729346,-0.10000000149011612,-0.0223198662179424,-0.2946883730805763,0.0,0.03215738758444786,-0.18987530064536395,0.3583835825653838,-0.23934582579730512,-0.18987530064536395,0.0,0.0,0.0,-0.23245174222961051,-0.0821637359192447,-0.0,-0.18604301412551433,-0.10869677522696876,0.0,-0.06739697697859703,-0.12247832366676692,-0.0,1.7989108600305554,1.799817977894671,0.0009071178641155697,0.0009071178641155697,-0.03653786031035766,54.04914093017578,0.0,3.273298938118454,1,-0.03155342471825051,-0.02164820231336606,-0.0014873886512840415,53.95283126831055,1,-0.028514099121093747,-0.011614866034967709,0.004889375761912283,1.799817977894671,1.5707963267948966,1.7917142423349688,1,0.0048622413358213375,-0.0037181461663661334,0.00211883445251279,0.04012506200524513
8.98942976300168,3.1836898174016146,0.0,0.0,-0.0037114746339927734,-0.2630306859704293,-0.20000000298023224,-0.025979839469154966,-0.5565740046907847,0.0,0.03104110062122345,-0.19892701156843937,0.6019966314864731,-0.1286849646949937,-0.19892701156843937,0.0,0.0,0.0,-0.17460715546571298,-0.08863553358841929,0.0,-0.4350504087776932,-0.12149330919525296,-0.0,-0.06825125983072003,-0.13067575173771934,-0.0,1.798736327105356,1.8016814851006717,0.002945157995315917,0.002945157995315917,-0.019424381218639937,54.05021667480469,0.0,3.273298938118454,1,-0.02688273621505184,-0.022814766696659924,-0.0005758798464711368,53.95283126831055,1,-0.029215621948242187,-0.012781344729324094,0.004786807468069699,1.8016814851006717,1.5707963267948966,-0.0,0,0.005322872650859533,-0.0035801265810340463,0.0021630017613943286,0.03991200900054537
9.08966191199579,3.1871048011816763,0.0,0.0,-0.005998852572297834,-0.2543834335265595,-0.5,-0.026894797652527766,-0.8262130585047303,0.0,0.030744072049856186,-0.20500086782900806,0.8625306269275347,-0.058136622781997604,-0.20500086782900806,0.0,0.0,0.0,-0.1623755401662061,-0.09223484860214597,0.0,-0.6827630356710029,-0.14339940073745372,0.0,-0.06881993226360321,-0.13618093556540484,-0.0,1.798736327105356,1.8021760187987803,0.003439691693424507,0.003439691693424507,-0.021510882347240655,54.0522575378418,0.0,3.273298938118454,1,-0.02585824108103334,-0.023517489686232053,7.673415064593893e-05,53.95283126831055,1,-0.029225921630859374,-0.013560045712542794,0.0047101071296551476,1.8021760187987803,1.5707963267948966,-0.0,0,0.005322872650859533,-0.0035801265810340463,0.0021630017613943286,0.04004243199597113
9.189631560002454,3.1995280637124144,0.0,0.0,-0.014192403330763739,-0.21332148037305176,-0.699999988079071,-0.028392096975209093,-1.8791456688621095,0.0,0.03118554875254631,-0.21717202895777163,1.8777923053091343,0.22492344678486123,-0.21717202895777163,0.0,0.0,0.0,-0.11708405828415011,-0.09648936898688085,0.0,-1.679019727759655,-0.2,-0.0,-0.07244173028238696,-0.14473029867538467,-0.0,1.7985617941801566,1.8030457034357517,0.004483909255594831,0.004483909255594831,-0.019173998539391328,54.05667495727539,0.0,3.273298938118454,1,-0.022131262321811906,-0.02445483147565981,0.0011712749242679447,53.95283126831055,1,-0.031153106689453123,-0.014779663084786596,0.004676588244399075,1.8030457034357517,1.5707963267948966,-0.0,0,0.005322872650859533,-0.0035801265810340463,0.0021630017613943286,0.04010795099748066
9.28997051299666,3.208166526642224,0.0,0.0,-0.019483595636371247,-0.18477784963647673,-0.800000011920929,-0.0292142022728621,-2.1271419456159646,0.0,0.031760990619659424,-0.22630775741442538,2.1124070709334886,0.31082483360463886,-0.22630775741442538,0.0,0.0,0.0,-0.08656967975166877,-0.09847420021937822,0.0,-1.9269645241201672,-0.2,0.0,-0.07558233118257521,-0.15072542623185017,-0.0,1.7985617941801566,1.803539690551054,0.0049778963708972945,0.0049778963708972945,-0.01871048868592723,54.067142486572266,0.0,3.273298938118454,1,-0.01953972344286905,-0.024990551863948572,0.0019614317366680374,53.95283126831055,1,-0.03288688659667969,-0.015646593381263237,0.004712139415027132,1.803539690551054,1.5707963267948966,-0.0,0,0.005322872650859533,-0.0035801265810340463,0.0021630017613943286,0.04016406900336733
9.389518372001476,3.2179776885642006,0.0,0.0,-0.02529034318016611,-0.152758804477476,-0.800000011920929,-0.03256058754207232,-2.118854457200249,0.0,0.033270131796598434,-0.24236271052177652,2.0963393658447402,0.34386149297707436,-0.24236271052177652,0.0,0.0,0.0,-0.05257145100365056,-0.10051681252037277,0.0,-1.9185985609471414,-0.2,0.0,-0.08203768830274652,-0.16032502221903,-0.0,1.7985617941801566,1.8053484932461994,0.0067866990660427895,0.0067866990660427895,-0.008072160471975233,54.07469940185547,0.0,3.273298938118454,1,-0.01659637486627603,-0.025694400641836604,0.002981378726973047,53.95283126831055,1,-0.036560440063476564,-0.01706623425500352,0.004859117812332009,1.8053484932461994,1.5707963267948966,-0.0,0,0.005322872650859533,-0.0035801265810340463,0.0021630017613943286,0.03994105200399645
9.489940505001869,3.223267135685493,0.0,0.0,-0.028128949046897736,-0.13638304795775005,-0.800000011920929,-0.034756257910072884,-2.113412697463454,0.0,0.03332163766026497,-0.25087755764198405,2.0867920848595825,0.36112651541723606,-0.25087755764198405,0.0,0.0,0.0,-0.03539912778032585,-0.10135869440899113,0.0,-1.9131093850271403,-0.2,0.0,-0.0838940228070475,-0.16698353483493655,-0.0,1.7983872612549572,1.8065954232949888,0.00820816204003183,0.00820816204003183,-0.004281965697521218,54.07763671875,0.0,3.273298938118454,1,-0.015009540729888337,-0.026104315960519306,0.003545140235423015,53.95283126831055,1,-0.03744163513183594,-0.018057288140284157,0.004926538125337558,1.8065954232949888,1.5707963267948966,-0.0,0,0.005322872650859533,-0.0035801265810340463,0.0021630017613943286,0.03987948800204322
9.58941148500162,3.2201441860655557,0.0,0.0,-0.025454137977857845,-0.15255678766188582,-0.800000011920929,-0.035191487584506055,-2.112299487509201,0.0,0.03340314328670502,-0.26483018660334057,2.0893036913143486,0.346255373754091,-0.26483018660334057,0.0,0.0,0.0,-0.050230079312964006,-0.10271130007117125,-0.0,-1.912021310841057,-0.2,0.0,-0.0874895169238759,-0.17734066967946469,-0.0,1.7983872612549572,1.8071291210445906,0.008741859789633377,0.008741859789633377,-0.003819521794295252,54.08433151245117,0.0,3.273298938118454,1,-0.015946425615869498,-0.026721741793873672,0.0038193416150949237,53.95283126831055,1,-0.0394500732421875,-0.019609925200150338,0.004973624805166953,1.8071291210445906,1.5707963267948966,-0.0,0,0.005322872650859533,-0.0035801265810340463,0.0021630017613943286,0.039750209005433135
9.689511217999097,3.2178519945298176,0.0,0.0,-0.023726031586379606,-0.1648902981629089,-0.800000011920929,-0.03548194975155998,-2.1115567727575892,0.0,0.03391673415899277,-0.27557172347676917,2.091353453243955,0.33481569349610957,-0.27557172347676917,0.0,0.0,0.0,-0.061316721204121835,-0.10396482203789958,-0.0,-1.9112951554234225,-0.2,0.0,-0.09101398638232534,-0.1845577370944438,-0.0,1.7983872612549572,1.8074757271130462,0.0090884658580892,0.0090884658580892,-0.0020314253290910547,54.09121322631836,0.0,3.273298938118454,1,-0.016634083076590932,-0.02715921744760846,0.003716143283387299,53.95283126831055,1,-0.04142189025878906,-0.020697172453424367,0.005021810488880853,1.8074757271130462,1.5707963267948966,-0.0,0,0.005322872650859533,-0.0035801265810340463,0.0021630017613943286,0.040145357001165394
9.789487269001256,3.2069659344408996,0.0,0.0,-0.016745831383360627,-0.21035632990639588,-0.800000011920929,-0.03828203052952395,-2.104494850964599,0.0,0.03225264325737953,-0.286696110121316,2.0946588952271092,0.29249354850003906,-0.286696110121316,0.0,0.0,0.0,-0.10423061506517149,-0.10658269314764314,-0.0,-1.9042949534785125,-0.2,0.0,-0.09117802075270481,-0.19551808936861123,-0.0,1.7982127283297569,1.8091618336426305,0.01094910531287363,0.01094910531287363,0.019128487563500777,54.091304779052734,0.0,3.273298938118454,1,-0.019899901103266338,-0.027884031393252524,0.0032432704291125002,53.95283126831055,1,-0.04154205322265625,-0.02235750200062538,0.004974177727956336,1.8091618336426305,1.5707963267948966,-0.0,0,0.005322872650859533,-0.0035801265810340463,0.0021630017613943286,0.040039678002358414
9.889679799998703,3.201150782515577,0.0,0.0,-0.013299378086541327,-0.23662837734556866,-0.800000011920929,-0.040327437683739045,-2.09934897841662,0.0,0.03191884234547615,-0.296106853084592,2.0955264677763754,0.2683802246678592,-0.296106853084592,0.0,0.0,0.0,-0.12794107757475254,-0.10919533651779428,-0.0,-1.8991814355929748,-0.2,0.0,-0.0931681459985108,-0.2029387070860812,-0.0,1.7982127283297569,1.810417218364149,0.012204490034392279,0.012204490034392279,0.014258417076451434,54.0949821472168,0.0,3.273298938118454,1,-0.021644446680863138,-0.028451886591886456,0.0026793344996075925,53.95283126831055,1,-0.042645263671874996,-0.023490862744037617,0.004886822762877966,1.810417218364149,1.5707963267948966,-0.0,0,0.005322872650859533,-0.0035801265810340463,0.0021630017613943286,0.0398921820014948
9.989447339001345,3.1902521020591723,0.0,0.0,-0.0073207550826015575,-0.2831015531267514,-0.800000011920929,-0.03996165436558763,-2.100187594943614,0.0,0.031171903014183044,-0.30911124727333583,2.1073173907251603,0.22393712975994423,-0.30911124727333583,0.0,0.0,0.0,-0.16942175110351573,-0.11418036867707597,-0.0,-1.9000958938883534,-0.2,-0.0,-0.09485162043263913,-0.21425962684069672,-0.0,1.7980381954045574,1.8106560107404606,0.012617815335903337,0.012617815335903337,0.015340284837186774,54.096954345703125,0.0,3.273298938118454,1,-0.024914050817784528,-0.029404146259500302,0.00181830836707908,53.95283126831055,1,-0.043236923217773435,-0.025210247809465475,0.004767453608782824,1.8106560107404606,1.5707963267948966,-0.0,0,0.005322872650859533,-0.0035801265810340463,0.0021630017613943286,0.04010646900132997
10.090004527999554,3.1849455082185836,0.0,0.0,-0.004743547219486373,-0.30687655537171904,-0.800000011920929,-0.039796994457506424,-2.1005668159198607,0.0,0.030925212427973747,-0.31833779319556016,2.113293554551661,0.20135670008946582,-0.31833779319556016,0.0,0.0,0.0,-0.18935333499862467,-0.11802049756787336,-0.0,-1.9005075436585563,-0.2,-0.0,-0.0964215259797718,-0.22191626721578836,-0.0,1.7980381954045574,1.8108565656663176,0.012818370261760137,0.012818370261760137,0.016059157664952563,54.09896469116211,0.0,3.273298938118454,1,-0.026506028969961147,-0.030087961341489305,0.0013562204256641686,53.95283126831055,1,-0.04384002685546875,-0.02636839190315602,0.004712105206826715,1.8108565656663176,1.5707963267948966,-0.0,0,0.005322872650859533,-0.0035801265810340463,0.0021630017613943286,0.04010777700023027
10.18968835099804,3.1826613096527896,0.0,0.0,-0.004322226416769622,-0.32315944685435233,-0.800000011920929,-0.039105364505803195,-2.10228972574058,0.0,0.03224124759435654,-0.33619120809443814,2.118859572546966,0.185710072079313,-0.33619120809443814,0.0,0.0,0.0,-0.1992977625371233,-0.12434217199227433,-0.0,-1.9022366185378146,-0.2,-0.0,-0.10226548586227766,-0.23392572223216052,-0.0,1.7980381954045574,1.8107431496791107,0.012704954274552982,0.012704954274552982,0.012637841357304924,54.108097076416016,0.0,3.273298938118454,1,-0.02719128853969934,-0.031171673482565266,0.0008946655955954341,53.95283126831055,1,-0.046579742431640626,-0.02819213022565143,0.004747634389370942,1.8107431496791107,1.5707963267948966,-0.0,0,0.005322872650859533,-0.0035801265810340463,0.0021630017613943286,0.03998469499492785
10.289937513996847,3.182092008519967,0.0,0.0,-0.005322301790955816,-0.3272651801811706,-0.800000011920929,-0.03888023947126974,-2.1028644614147924,0.0,0.03470132127404213,-0.3535118744657003,2.120349696147283,0.18236942531154765,-0.3535118744657003,0.0,0.0,0.0,-0.1991439912734091,-0.12859624525977645,-0.0,-1.902799431124148,-0.2,0.0,-0.11082360998811126,-0.24268826447758907,-0.0,1.797863662479359,1.810984085426519,0.01312042294715976,0.01312042294715976,0.017301088144572412,54.12458419799805,0.0,3.273298938118454,1,-0.02736207887954616,-0.031900873713166626,0.0008355864621812177,53.95283126831055,1,-0.051525878906249996,-0.029544982097024372,0.004948572289205236,1.810984085426519,1.5707963267948966,-0.0,0,0.005322872650859533,-0.0035801265810340463,0.0021630017613943286,0.04011368200008292
10.389437434001593,3.1874719577897053,0.0,0.0,-0.010060759046555503,-0.3127530391253051,-0.800000011920929,-0.038513729884709316,-2.103837267683565,0.0,0.03695246949791908,-0.3751706615495687,2.117826309770397,0.19686907837613082,-0.3751706615495687,0.0,0.0,0.0,-0.17850835383656344,-0.1347100407206561,0.0,-1.903715705090549,-0.2,-0.0,-0.11872462669265094,-0.25644603485691775,-0.0,1.797863662479359,1.811065626874319,0.013201964394959909,0.013201964394959909,0.020496589467465624,54.13724136352539,0.0,3.273298938118454,1,-0.02574809409862464,-0.03297286797932802,0.001057975341646911,53.95283126831055,1,-0.055323028564453126,-0.03168704365731926,0.005237915027040538,1.811065626874319,1.5707963267948966,-0.0,0,0.005322872650859533,-0.0035801265810340463,0.0021630017613943286,0.03935201800049981
10.489772959997936,3.189396947634654,0.0,0.0,-0.01163410069589627,-0.30959293900381013,-0.800000011920929,-0.03859064183306852,-2.103664193966965,0.0,0.03729034587740898,-0.3871225905339506,2.1168797023987795,0.2001778070410168,-0.3871225905339506,0.0,0.0,0.0,-0.17168784784250515,-0.13837202508691518,-0.0,-1.9035234252196511,-0.2,-0.0,-0.12100441224348621,-0.2661181782904644,-0.0,1.797863662479359,1.8111981754564606,0.013334512977101642,0.013334512977101642,0.019690802382791382,54.141387939453125,0.0,3.273298938118454,1,-0.025170597145139962,-0.03364033985240174,0.0013934102103107147,53.95283126831055,1,-0.05595474243164062,-0.033170847022128025,0.005411523087691417,1.8111981754564606,1.5707963267948966,-0.0,0,0.005322872650859533,-0.0035801265810340463,0.0021630017613943286,0.03995521899923915
10.589465252000082,3.1903971464060317,0.0,0.0,-0.013080403263588907,-0.3106736827823807,-0.800000011920929,-0.039027445277952766,-2.102591426380255,0.0,0.04018250107765198,-0.41236784593977094,2.1159875192827546,0.2000141537515177,-0.41236784593977094,0.0,0.0,0.0,-0.167468488262256,-0.1436826089030455,-0.0,-1.9024314166074405,-0.2,0.0,-0.1309623455942144,-0.2814055003455565,-0.0,1.7976891295541595,1.8117375927253188,0.014048463171159042,0.014048463171159042,0.02547674417339875,54.156070709228516,0.0,3.273298938118454,1,-0.02487053751372672,-0.03462827802349,0.0017601487370262152,53.95283126831055,1,-0.060971832275390624,-0.03553192575022567,0.005723913509053863,1.8117375927253188,1.5707963267948966,-0.0,0,0.005322872650859533,-0.0035801265810340463,0.0021630017613943286,0.04017669000313617
10.689876053998887,3.189935922945251,0.0,0.0,-0.012934189994092614,-0.31752809061159315,-0.800000011920929,-0.039284267064820445,-2.1019486475260183,0.0,0.0407814122736454,-0.4262651049374404,2.1169565900882366,0.19366724257315499,-0.4262651049374404,0.0,0.0,0.0,-0.17068677299612417,-0.1473251059034153,-0.0,-1.9017893621402713,-0.2,0.0,-0.13415356331799397,-0.2921115416194464,-0.0,1.7976891295541595,1.8119562425042146,0.014267112950054894,0.014267112950054894,0.028433131168814782,54.1633186340332,0.0,3.273298938118454,1,-0.025008904551960896,-0.03529465511548231,0.001852896874384147,53.95283126831055,1,-0.06209449768066406,-0.03717603638216223,0.005898383018477727,1.8119562425042146,1.5707963267948966,-0.0,0,0.005322872650859533,-0.0035801265810340463,0.0021630017613943286,0.040555654995841905
10.7894126819956,3.184040530187337,0.0,0.0,-0.009616592567112465,-0.3470920828374519,-0.800000011920929,-0.040166303160852075,-2.09970558410359,0.0,0.04110383242368698,-0.4465755020108396,2.121722233634075,0.16592533618188288,-0.4465755020108396,0.0,0.0,0.0,-0.1943382403818943,-0.15326053572604642,-0.0,-1.899584271900192,-0.2,0.0,-0.13805130032237775,-0.30852420168846184,-0.0,1.79751459662896,1.8126642611162098,0.015149664487249748,0.015149664487249748,0.035795579423523995,54.163856506347656,0.0,3.273298938118454,1,-0.026777522379335082,-0.03634556025814531,0.0016829593018627906,53.95283126831055,1,-0.06330757141113282,-0.039713386009126675,0.006073489521568718,1.8126642611162098,1.5707963267948966,-0.0,0,0.005322872650859533,-0.0035801265810340463,0.0021630017613943286,0.03974179000215372
10.88979177299916,3.17671386220221,0.0,0.0,-0.005703157054576651,-0.3785689380351112,-0.800000011920929,-0.041432876455681965,-2.096492223140883,0.0,0.03983249142765999,-0.45687002091019746,2.1260058325128175,0.13672338006616597,-0.45687002091019746,0.0,0.0,0.0,-0.22132229032594905,-0.1577870436421474,-0.0,-1.8964178386631176,-0.2,0.0,-0.1373732281897994,-0.31949679272039805,-0.0,1.79751459662896,1.8136653234525766,0.016150726823616512,0.016150726823616512,0.04217409231206047,54.160213470458984,0.0,3.273298938118454,1,-0.028975522774873228,-0.03709757469115394,0.001350662991197451,53.95283126831055,1,-0.062214660644531246,-0.04137795546408618,0.006051879346477992,1.8136653234525766,1.5707963267948966,-0.0,0,0.005322872650859533,-0.0035801265810340463,0.0021630017613943286,0.03962063800281612
10.989595612998528,3.168215329133959,0.0,0.0,-0.0008570755550796842,-0.42084647439737594,-0.800000011920929,-0.03885781178797846,-2.1028660122695864,0.0,0.039026495069265366,-0.47518202544089017,2.1424560901138583,0.09507429992028493,-0.47518202544089017,0.0,0.0,0.0,-0.25584113191336677,-0.16548192926239672,-0.0,-1.9028555003323764,-0.2,-0.0,-0.13899706672925552,-0.3361849587116346,-0.0,1.79751459662896,1.812664054427828,0.015149457798868227,0.015149457798868227,0.02810361880883558,54.15793228149414,0.0,3.273298938118454,1,-0.03152508269534846,-0.038307619551023894,0.0007513248477282014,53.95283126831055,1,-0.062064743041992186,-0.043861699373566404,0.00595587075556845,1.812664054427828,1.5707963267948966,-0.0,0,0.005322872650859533,-0.0035801265810340463,0.0021630017613943286,0.04009274800046114
11.089474599000823,3.161038093958309,0.0,0.0,0.002971933254988117,-0.4545222815893738,-0.800000011920929,-0.036491549900452676,-2.1087368465590273,0.0,0.037661194801330566,-0.48539210603849264,2.1562816910762157,0.06173217334920689,-0.48539210603849264,0.0,0.0,0.0,-0.2835769150546771,-0.17136663106063912,-0.0,-1.9087711550511908,-0.2,-0.0,-0.13817868744898143,-0.3472134185895112,0.0,1.7973400637037606,1.811712076069473,0.014372012365712283,0.014372012365712283,0.03074369540498876,54.15384292602539,0.0,3.273298938118454,1,-0.03367825324804347,-0.03919051150777946,0.00022018732956381837,53.95283126831055,1,-0.06085395812988281,-0.04549086390589391,0.005827329388125844,1.811712076069473,1.5707963267948966,-0.0,0,0.005322872650859533,-0.0035801265810340463,0.0021630017613943286,0.03989242699753959
11.189404627999465,3.1540650387766633,0.0,0.0,0.005845661127803307,-0.4907495481967097,-0.800000011920929,-0.03258367821421338,-2.11848044453519,0.0,0.03470359370112419,-0.4991493103796288,2.174433916342939,0.025132775230744364,-0.4991493103796288,0.0,0.0,0.0,-0.3099792031715866,-0.18110695700772794,-0.0,-1.918540834266789,-0.2,-0.0,-0.13549654620547902,-0.36365276417414977,0.0,1.7973400637037606,1.8099906336447897,0.01265056994102931,0.01265056994102931,0.023184992280362988,54.14763641357422,0.0,3.273298938118454,1,-0.03577016980253722,-0.04060406972393041,-0.0004412201914854842,53.95283126831055,1,-0.05844154357910156,-0.04786850512584859,0.005517096200595298,1.8099906336447897,1.5707963267948966,-0.0,0,0.005322872650859533,-0.0035801265810340463,0.0021630017613943286,0.03997843199613271
11.28964741499658,3.1521232135477395,0.0,0.0,0.006052162267077273,-0.5049061122465949,-0.800000011920929,-0.03055059224839995,-2.123564891213624,0.0,0.03231468051671982,-0.5069702158737415,2.1827381098073846,0.010600630810818135,-0.5069702158737415,0.0,0.0,0.0,-0.31739052386291855,-0.18781168679845792,-0.0,-1.9236235491813225,-0.2,-0.0,-0.13269272712684876,-0.3742774887468927,0.0,1.7973400637037606,1.8090820313181928,0.011741967614431914,0.011741967614431914,0.021650837366249696,54.137062072753906,0.0,3.273298938118454,1,-0.03635271737121437,-0.04156544246925079,-0.0006671509225691745,53.95283126831055,1,-0.056228256225585936,-0.04937613299203458,0.005226342607491598,1.8090820313181928,1.5707963267948966,-0.0,0,0.005322872650859533,-0.0035801265810340463,0.0021630017613943286,0.03998601300554583
11.389495627001452,3.1524277826734406,0.0,0.0,0.00414209581131428,-0.5132721520956774,-0.800000011920929,-0.028924812343220627,-2.1276499935235886,0.0,0.027725379914045334,-0.51390701762565,2.1886845049681005,0.0017131171573738224,-0.51390701762565,0.0,0.0,0.0,-0.3155290040833812,-0.19800854497830722,0.0,-1.9276879989442708,-0.2,0.0,-0.12429115164216349,-0.3896158659834865,0.0,1.7971655307785612,1.8082952113031607,0.011129680524599728,0.011129680524599728,0.023465166066709106,54.123626708984375,0.0,3.273298938118454,1,-0.03626134663350404,-0.04302397926679314,-0.0007136460439568434,53.95283126831055,1,-0.051238632202148436,-0.05,0.004672860474030273,1.8082952113031607,1.5707963267948966,-0.0,0,0.005322872650859533,-0.0035801265810340463,0.0021630017613943286,0.04012137500103563
11.489550954996957,3.154130155019194,0.0,0.0,0.0021247930988799804,-0.5134255912621447,-0.800000011920929,-0.028925335268007175,-2.127667205958049,0.0,0.025344667956233025,-0.5191520661940451,2.1887373000758648,0.001615032144533235,-0.5191520661940451,0.0,0.0,0.0,-0.30903063984130175,-0.204660214735686,0.0,-1.9276866916323043,-0.2,0.0,-0.11983183304134214,-0.399320233152703,0.0,1.7971655307785612,1.8083166836931612,0.011151152914600004,0.011151152914600004,0.02476370885655569,54.115386962890625,0.0,3.273298938118454,1,-0.03575063492977808,-0.04398234948079572,-0.0005503931148933616,53.95283126831055,1,-0.048766708374023436,-0.05,0.004279543288914324,1.8083166836931612,1.5707963267948966,-0.0,0,0.005322872650859533,-0.0035801265810340463,0.0021630017613943286,0.04028273999574594
11.589406237995718,3.1566462251622833,0.0,0.0,-0.0006898290572634296,-0.5136631151593322,-0.800000011920929,-0.02992026734057175,-2.125205899994759,0.0,0.022623328492045403,-0.5275666697214421,2.186400257065812,0.0019568214716010335,-0.5275666697214421,0.0,0.0,0.0,-0.299627385379126,-0.21431932899718378,0.0,-1.925199361450893,-0.2,0.0,-0.11436818491116718,-0.41319848481027494,0.0,1.796990997853361,1.808843473445238,0.011852475591877187,0.011852475591877187,0.033631088625480074,54.10454559326172,0.0,3.273298938118454,1,-0.034995813886851225,-0.0453936186265707,-0.0002010326449417759,53.95283126831055,1,-0.04551429748535156,-0.05,0.0037694410662297857,1.808843473445238,1.5707963267948966,-0.0,0,0.005322872650859533,-0.0035801265810340463,0.0021630017613943286,0.039815871001337655
11.68980621999799,3.157961131982356,0.0,0.0,-0.002213142487064919,-0.5153192526177959,-0.800000011920929,-0.03130890311430563,-2.1217497137254044,0.0,0.021907726302742958,-0.5351897155065763,2.183431799910135,0.0011640247362136869,-0.5351897155065763,0.0,0.0,0.0,-0.2950051576987107,-0.22062450007394713,0.0,-1.9217277720165582,-0.2,0.0,-0.11294693524298571,-0.4222427802635907,0.0,1.796990997853361,1.8095907489147183,0.012599751061357356,0.012599751061357356,0.0348046831377848,54.1014404296875,0.0,3.273298938118454,1,-0.034601341840829435,-0.046316911956978395,3.706925775339422e-05,53.95283126831055,1,-0.04458274841308594,-0.05,0.003543539472843187,1.8095907489147183,1.5707963267948966,-0.0,0,0.005322872650859533,-0.0035801265810340463,0.0021630017613943286,0.03983756799425464
11.78945847399882,3.1585172636389296,0.0,0.0,-0.0030431431998628406,-0.5251266469725537,-0.699999988079071,-0.03219820145082247,-1.8695354886387676,0.0,0.021792296320199966,-0.5486547286857409,1.9407326649066265,-0.06691533460168803,-0.5486547286857409,0.0,0.0,0.0,-0.2954339331677369,-0.23002094508871784,-0.0,-1.6695044665706216,-0.2,0.0,-0.11290080643405295,-0.43575392225168796,0.0,1.796990997853361,1.8101608125732833,0.01316981471992218,0.01316981471992218,0.03477727922829148,54.102752685546875,0.0,3.273298938118454,1,-0.034434502343857344,-0.047693002072479895,0.00030197903841121704,53.95283126831055,1,-0.044474029541015626,-0.05,0.0033655194271626438,1.8101608125732833,1.5707963267948966,-0.0,0,0.005322872650859533,-0.0035801265810340463,0.0021630017613943286,0.03972500399686396
11.889709090995893,3.153262905080542,0.0,0.0,-0.0004201334679972777,-0.5515287086826242,-0.699999988079071,-0.03044182740745878,-1.8738994576778185,0.0,0.022272322326898575,-0.5585805848936798,1.951171679641431,-0.092801780972041,-0.5585805848936798,0.0,0.0,0.0,-0.3151113068173075,-0.23671128946168943,-0.0,-1.6738954016790306,-0.2,-0.0,-0.11366975474185545,-0.4449108301518243,0.0,1.7968164649281615,1.8095090241014973,0.01269255917333556,0.01269255917333556,0.036555803508356854,54.1004524230957,0.0,3.273298938118454,1,-0.03601080991137366,-0.048646497496228895,0.0002074921216566032,53.95283126831055,1,-0.04475326538085937,-0.05,0.003355832965902503,1.8095090241014973,1.5707963267948966,-0.0,0,0.005322872650859533,-0.0035801265810340463,0.0021630017613943286,0.04022864199941978
11.989444334998552,3.1482256050262154,0.0,0.0,0.0019341928472680408,-0.5824740984555877,-0.699999988079071,-0.029458681264771074,-1.8763351683421554,0.0,0.021479079499840736,-0.5697375118574688,1.9608190490150288,-0.1228755319379436,-0.5697375118574688,0.0,0.0,0.0,-0.3355897855702811,-0.2471599646367166,-0.0,-1.6763532670357502,-0.2,-0.0,-0.11137487116201412,-0.4583626406954547,0.0,1.7968164649281615,1.8092123124720378,0.01239584754387657,0.01239584754387657,0.03415843807851987,54.09682846069336,0.0,3.273298938118454,1,-0.0375219999276716,-0.05,-3.441671046865524e-05,53.95283126831055,1,-0.04319915771484375,-0.05,0.0033033660526703627,1.8092123124720378,1.5707963267948966,-0.0,0,0.005322872650859533,-0.0035801265810340463,0.0021630017613943286,0.03925787899788702
12.089776373002678,3.146657466468817,0.0,0.0,0.0026224879302139533,-0.5947848834213174,-0.699999988079071,-0.029410800381719785,-1.8764484576879128,0.0,0.021434377878904343,-0.5786579021490635,1.963840982589847,-0.13474593502736815,-0.5786579021490635,0.0,0.0,0.0,-0.34059201125398286,-0.2544677655067943,0.0,-1.676472969243378,-0.2,0.0,-0.11133431057836142,-0.4673235915707021,0.0,1.7968164649281615,1.8092456122133185,0.012429147285156983,0.012429147285156983,0.03572016065336507,54.09724426269531,0.0,3.273298938118454,1,-0.03799244149489107,-0.05,-0.00020960690929038885,53.95283126831055,1,-0.04316024780273437,-0.05,0.0032603151032772966,1.8092456122133185,1.5707963267948966,-0.0,0,0.005322872650859533,-0.0035801265810340463,0.0021630017613943286,0.040226231001724955
12.189431323000463,3.1386265023031616,0.0,0.0,0.00620494952455764,-0.6298304315200767,-0.699999988079071,-0.031108863618115046,-1.8721663100695516,0.0,0.02123352326452732,-0.5923800529440779,1.9681381047010174,-0.16770648720932974,-0.5923800529440779,0.0,0.0,0.0,-0.3643465778107433,-0.26579219284904954,-0.0,-1.67222781115239,-0.2,0.0,-0.11166643409107511,-0.4807136188530028,0.0,1.796641932002963,1.8103151100627972,0.013673178059834257,0.013673178059834257,0.046932444723113746,54.09836959838867,0.0,3.273298938118454,1,-0.04040173074458773,-0.05,-0.0005524071470528537,53.95283126831055,1,-0.0436614990234375,-0.05,0.0032285881968897212,1.8103151100627972,1.5707963267948966,-0.0,0,0.005322872650859533,-0.0035801265810340463,0.0021630017613943286,0.040105050000420306
12.28965626200079,3.1357772268859674,0.0,0.0,0.007531449534265717,-0.6467265137354378,-0.6000000238418579,-0.03227656478881299,-1.8692310369920695,0.0,0.020761976018548012,-0.6004695201235352,1.9694128447129728,-0.1835562592296892,-0.6004695201235352,0.0,0.0,0.0,-0.3734349335562143,-0.27362380296138866,-0.0,-1.669308558225645,-0.2,0.0,-0.11089998677036325,-0.48956953335317194,0.0,1.796641932002963,1.8109550737676754,0.014313141764712434,0.014313141764712434,0.052397641654444604,54.09579849243164,0.0,3.273298938118454,1,-0.041256513369746006,-0.05,-0.0007946860443120979,53.95283126831055,1,-0.043325042724609374,-0.05,0.0031870319727941234,1.8109550737676754,1.5707963267948966,-0.0,0,0.005322872650859533,-0.0035801265810340463,0.0021630017613943286,0.039583662000950426
12.389421747997403,3.126978342701164,0.0,0.0,0.011598461504447714,-0.6866750956524201,-0.30000001192092896,-0.035531069551416314,-0.8610405655187199,0.0,0.0185423381626606,-0.6090593059013931,1.0005483999846845,-0.4602352026368093,-0.6090593059013931,0.0,0.0,0.0,-0.4007152442497463,-0.28636358202217566,0.0,-0.6611723559237815,-0.2,0.0,-0.10658977931992115,-0.5024695265814719,0.0,1.796641932002963,1.8128829762189178,0.016241044215954847,0.016241044215954847,0.05173972518195879,54.0894889831543,0.0,3.273298938118454,1,-0.04389617862518697,-0.05,-0.0013627583369643225,53.95283126831055,1,-0.040997314453124996,-0.05,0.0029498732958644445,1.8128829762189178,1.5707963267948966,-0.0,0,0.005322872650859533,-0.0035801265810340463,0.0021630017613943286,0.04006632199889282
12.48967591499968,3.113462655532629,0.0,0.0,0.018402926649575366,-0.7390003823818577,-0.10000000149011612,-0.0377075238701822,-0.6055083176982798,0.0,0.015201699919998646,-0.6104102949797876,0.7658490301750414,-0.5711717350694812,-0.6104102949797876,0.0,0.0,0.0,-0.4437721646411967,-0.295684898136006,-0.0,-0.4057311977751251,-0.2,-0.0,-0.09986980643312388,-0.5105404885466638,0.0,1.7964673990777635,1.8143480589833678,0.01788065990560428,0.01788065990560428,0.062392410444156526,54.07724380493164,0.0,3.273298938118454,1,-0.04795088477574758,-0.05,-0.0019854324789961592,53.95283126831055,1,-0.03732376098632812,-0.05,0.002655654473202896,1.8143480589833678,1.5707963267948966,-0.0,0,0.005322872650859533,-0.0035801265810340463,0.0021630017613943286,0.04027432699513156
12.589576081001724,3.104527055175683,0.0,0.0,0.02260739534654307,-0.7822905995437275,0.20000000298023224,-0.038694492396103286,0.41229184117232476,0.0,0.013636387884616852,-0.6195870202867586,-0.2107724075223956,-0.858800405600139,-0.6195870202867586,0.0,0.0,0.0,-0.47237934533761194,-0.31039353821111276,-0.0,0.5967362384408388,-0.18472617342049633,0.0,-0.09722436469580584,-0.5223626555909527,0.0,1.7964673990777635,1.8151649875592748,0.01869758848151104,0.01869758848151104,0.06722492319454464,54.070960998535156,0.0,3.273298938118454,1,-0.05063156488283127,-0.05,-0.0027288651939888515,53.95283126831055,1,-0.03590583801269531,-0.05,0.0023178612015063355,1.8151649875592748,1.5707963267948966,-0.0,0,0.00031790976314649555,4.235065217483125e-06,0.00290673033754291,0.040264205999847036
12.689670407002268,3.094614427147024,0.0,0.0,0.02748274845175326,-0.8250538166363512,0.20000000298023224,-0.0375611495436629,0.4285075554972172,0.0,0.012203500606119633,-0.6253351995083946,-0.21637793856498602,-0.9041643175699745,-0.6253351995083946,0.0,0.0,0.0,-0.5043717525247273,-0.32113796580414655,0.0,0.5939028813097379,-0.16572890004245114,0.0,-0.09535140281427243,-0.5299837966941221,0.0,1.7964673990777635,1.8149240249101393,0.018456625832375728,0.018456625832375728,0.0673138335418237,54.069976806640625,0.0,3.273298938118454,1,-0.053605353291429035,-0.05,-0.003411032263411675,53.95283126831055,1,-0.035227203369140626,-0.05,0.002079301160987833,1.8149240249101393,1.5707963267948966,-0.0,0,0.00031790976314649555,4.235065217483125e-06,0.00290673033754291,0.040307577000930905
12.789405966999766,3.0812044882421428,0.0,0.0,0.03334563561686339,-0.8827898299159046,0.20000000298023224,-0.035923693755429975,0.4528589427687963,0.0,0.010374613106250763,-0.6339719102197653,-0.22641078165171258,-0.9659903021254843,-0.6339719102197653,0.0,0.0,0.0,-0.5449146898547595,-0.33829397359782154,0.0,0.5898092418391555,-0.13733907508524285,0.0,-0.0927638357027185,-0.5412080745170468,0.0,1.7962928661525641,1.8145525252755208,0.018259659122956684,0.018259659122956684,0.0681679820544301,54.06671905517578,0.0,3.273298938118454,1,-0.057628334962893386,-0.05,-0.004336613381512433,53.95283126831055,1,-0.03416633605957031,-0.05,0.001777113463102585,1.8145525252755208,1.5707963267948966,-0.0,0,0.00031790976314649555,4.235065217483125e-06,0.00290673033754291,0.040512031999242026
12.889763498998946,3.0735890359716294,0.0,0.0,0.0364601028982019,-0.9169551928881948,0.20000000298023224,-0.03263273878046201,0.4632185407992773,0.0,0.008893288671970367,-0.6388147360113337,-0.22962773903492237,-1.001323795667789,-0.6388147360113337,0.0,0.0,0.0,-0.5670752094116837,-0.3502264499780021,-0.0,0.5815818544017357,-0.11875041578165708,-0.0,-0.09037192162718459,-0.5484428143841491,0.0,1.7962928661525641,1.8131452156020942,0.016852349449529846,0.016852349449529846,0.05918331021287654,54.062129974365234,0.0,3.273298938118454,1,-0.05991297064404741,-0.05,-0.004846982300866332,53.95283126831055,1,-0.03305740356445312,-0.05,0.0015787706092388995,1.8131452156020942,1.5707963267948966,-0.0,0,0.00031790976314649555,4.235065217483125e-06,0.00290673033754291,0.039955198000825476
12.989405319996877,3.0631746924076237,0.0,0.0,0.04018900301081492,-0.9642776012298104,0.20000000298023224,-0.028313072785266957,0.47999368790153246,0.0,0.007369187660515308,-0.6472889497938467,-0.2366010821242877,-1.0508307002540642,-0.6472889497938467,0.0,0.0,0.0,-0.5953928268169553,-0.36914647352277885,-0.0,0.570782689413748,-0.09116047042328775,-0.0,-0.08818618326328019,-0.5591027665305665,0.0,1.7962928661525641,1.8111995463163186,0.014906680163754515,0.014906680163754515,0.050789190572670354,54.05988693237305,0.0,3.273298938118454,1,-0.06303727371324909,-0.05,-0.005545143760457412,53.95283126831055,1,-0.032116699218749996,-0.05,0.0012997036159851261,1.8111995463163186,1.5707963267948966,-0.0,0,0.00031790976314649555,4.235065217483125e-06,0.00290673033754291,0.03972219199931715
13.0899952999971,3.0539784165893415,0.0,0.0,0.043173823693085076,-1.000396369425573,0.20000000298023224,-0.022035459006308555,0.48207639014902814,0.0,0.006238145288079977,-0.6520857754435165,-0.23337476742501645,-1.0856918346512077,-0.6520857754435165,0.0,0.0,0.0,-0.6184275129054632,-0.38212784960630247,-0.0,0.555088654966352,-0.0733237781590576,-0.0,-0.08606006512064612,-0.5660257103228704,0.0,1.7961183332273647,1.808114468541862,0.01199613531449728,0.01199613531449728,0.03308348770377109,54.05606460571289,0.0,3.273298938118454,1,-0.06579615645873375,-0.05,-0.005944023289638001,53.95283126831055,1,-0.030970001220703123,-0.05,0.001148081388136981,1.808114468541862,1.5707963267948966,-0.0,0,0.00031790976314649555,4.235065217483125e-06,0.00290673033754291,0.039799819998734165
13.189613037000527,3.0495148662730185,0.0,0.0,0.04398782754687817,-1.0300729659725205,0.20000000298023224,-0.0185998293913801,0.4999497459379687,0.0,0.005713711958378553,-0.6617706468977054,-0.2457998365422511,-1.1182944621371722,-0.6617706468977054,0.0,0.0,0.0,-0.6280115182901417,-0.4021748931543831,0.0,0.5464995809290308,-0.0468181288422311,-0.0,-0.08543344606634577,-0.5763372008313596,0.0,1.7961183332273647,1.8062999757472213,0.010181642519856648,0.010181642519856648,0.0398674894446964,54.05516052246094,0.0,3.273298938118454,1,-0.06713522155363068,-0.05,-0.006346689110195599,53.95283126831055,1,-0.030698776245117188,-0.05,0.000979042137149965,1.8062999757472213,1.5707963267948966,-0.0,0,0.00031790976314649555,4.235065217483125e-06,0.00290673033754291,0.03996032800205285
13.289612898995983,3.05107510665937,0.0,0.0,0.04109514118108457,-1.030489528612634,0.20000000298023224,-0.016476695091897142,0.5119261456460722,0.0,0.005262428894639015,-0.6685329160211573,-0.25868209302393097,-1.121187148483736,-0.6685329160211573,0.0,0.0,0.0,-0.6152333838761803,-0.41534512369359533,0.0,0.5411917451803234,-0.029487525277580605,-0.0,-0.08539107149700732,-0.58314184452415,-0.0,1.7961183332273647,1.8051106497314129,0.00899231650404797,0.00899231650404797,0.03599345517084103,54.05832290649414,0.0,3.273298938118454,1,-0.06666714943772516,-0.05,-0.006299945081505032,53.95283126831055,1,-0.03101692199707031,-0.05,0.0008882793947019997,1.8051106497314129,1.5707963267948966,-0.0,0,0.00031790976314649555,4.235065217483125e-06,0.00290673033754291,0.040060881998215336
13.389459926002019,3.0532687903343536,0.0,0.0,0.0371133582539934,-1.031002935579503,0.20000000298023224,-0.01415803559082277,0.5318572285147961,0.0,0.006183336488902569,-0.6828424427504877,-0.2795579004185387,-1.1259158694194566,-0.6828424427504877,0.0,0.0,0.0,-0.596441988060873,-0.4346265984604748,0.0,0.5353950964276375,-0.0037099628979663565,-0.0,-0.08919200793755733,-0.5936504348129303,-0.0,1.7959438003021644,1.8036822285330352,0.007738428230871008,0.007738428230871008,0.033481642009097694,54.065792083740234,0.0,3.273298938118454,1,-0.06600904433523014,-0.05,-0.0059287942270092675,53.95283126831055,1,-0.03388824462890625,-0.05,0.0008795731802515097,1.8036822285330352,1.5707963267948966,-0.0,0,0.00031790976314649555,4.235065217483125e-06,0.00290673033754291,0.039647702004003804
13.489704387997335,3.0552727312419634,0.0,0.0,0.03439430438626759,-1.0298268146375698,0.20000000298023224,-0.012863128005928249,0.5456818809522895,0.0,0.006747287232428789,-0.6922453761144785,-0.29421396502589536,-1.1277189925375617,-0.6922453761144785,0.0,0.0,0.0,-0.5827263558238596,-0.44715461439216475,0.0,0.5321578274654013,0.013379248626925501,-0.0,-0.09129836881981229,-0.6009470072946662,-0.0,1.7959438003021644,1.8028548209365338,0.006911020634369436,0.006911020634369436,0.031330949077489546,54.07181167602539,0.0,3.273298938118454,1,-0.0654078620629472,-0.05,-0.005591528437147743,53.95283126831055,1,-0.035491561889648436,-0.05,0.0009404803022649232,1.8028548209365338,1.5707963267948966,-0.0,0,0.00031790976314649555,4.235065217483125e-06,0.00290673033754291,0.04013749699515756
13.589492779996363,3.058334144184364,0.0,0.0,0.030420362506758922,-1.02764372807355,0.20000000298023224,-0.011922834875060918,0.5687461201195538,0.0,0.006660385522991419,-0.7040345911594967,-0.3180311253410174,-1.130654670672826,-0.7040345911594967,0.0,0.0,0.0,-0.5623173476700314,-0.4653728612603367,0.0,0.5298070946382328,0.03882043250164372,0.0,-0.09208334050870107,-0.6119512506507957,-0.0,1.7959438003021644,1.8020862448687676,0.006142444566603178,0.006142444566603178,0.032636547970235456,54.07416534423828,0.0,3.273298938118454,1,-0.06448943818022705,-0.05,-0.0050414920250223755,53.95283126831055,1,-0.036400222778320314,-0.05,0.000977267792610681,1.8020862448687676,1.5707963267948966,-0.0,0,0.00031790976314649555,4.235065217483125e-06,0.00290673033754291,0.040214307999121957
13.68960812199657,3.06057128945854,0.0,0.0,0.028412779311493802,-1.027900860314137,0.20000000298023224,-0.01245049530386258,0.5870315237855599,0.0,0.006405900698155165,-0.7112753821339325,-0.335565762851911,-1.1351571729739254,-0.7112753821339325,0.0,0.0,0.0,-0.5508396055704493,-0.4771119037299884,-0.0,0.531126245710237,0.055789694041516624,-0.0,-0.09197764579557897,-0.6192977363383535,-0.0,1.795769267376965,1.8022667623529656,0.006497494976000606,0.006497494976000606,0.03246740608357082,54.07483673095703,0.0,3.273298938118454,1,-0.06381829459797417,-0.05,-0.004659487575985178,53.95283126831055,1,-0.036540985107421875,-0.05,0.0009692400099980702,1.8022667623529656,1.5707963267948966,-0.0,0,0.00031790976314649555,4.235065217483125e-06,0.00290673033754291,0.040027554001426324
13.78941427099926,3.0673506897033223,0.0,0.0,0.022132218079700554,-1.0105105895068642,0.20000000298023224,-0.014990929557653335,0.6190487491309006,0.0,0.005032079294323921,-0.72076118185067,-0.3695397094513697,-1.1259633246445642,-0.72076118185067,0.0,0.0,0.0,-0.5167649386290024,-0.493818915395596,0.0,0.5374773313447139,0.08146325195979424,0.0,-0.09055115007984736,-0.6302100317708226,0.0,1.795769267376965,1.8033139282188884,0.007544660841923623,0.007544660841923623,0.042017901505242,54.0741081237793,0.0,3.273298938118454,1,-0.06178447452453954,-0.05,-0.003887291030160521,53.95283126831055,1,-0.036383056640625,-0.05,0.0008639858551015765,1.8033139282188884,1.5707963267948966,-0.0,0,0.00031790976314649555,4.235065217483125e-06,0.00290673033754291,0.03975508200528566
13.889656751001894,3.0665288681648746,0.0,0.0,0.02195381635393989,-1.0206850790949258,0.20000000298023224,-0.01787790735887942,0.643618635699635,0.0,0.003614941379055381,-0.7257445110664248,-0.3895370921198974,-1.1420612211127952,-0.7257445110664248,0.0,0.0,0.0,-0.5159495084204658,-0.5048397991312181,0.0,0.5446947758477791,0.09879586878709713,0.0,-0.08836841764404153,-0.6373760934223832,0.0,1.795769267376965,1.8046861762748618,0.008916908897896647,0.008916908897896647,0.05983687339270203,54.07117462158203,0.0,3.273298938118454,1,-0.06203102098607385,-0.05,-0.0036016982387771664,53.95283126831055,1,-0.03550300598144531,-0.05,0.0007495297164591604,1.8046861762748618,1.5707963267948966,-0.0,0,0.00031790976314649555,4.235065217483125e-06,0.00290673033754291,0.039851191999332514
13.989442835998489,3.0647451563237196,0.0,0.0,0.021650582037753555,-1.0371570163303105,0.20000000298023224,-0.02060758761470366,0.6767881462743448,0.0,0.0023510020691901445,-0.734431341419159,-0.4162478753600702,-1.1663938347397433,-0.734431341419159,0.0,0.0,0.0,-0.5159913853592893,-0.5213041980118799,-0.0,0.5515189764873397,0.12512358956956626,0.0,-0.0866208305431104,-0.6478105108760486,0.0,1.7955947344517664,1.8061766416667417,0.010581907214975317,0.010581907214975317,0.052719284941248196,54.068817138671875,0.0,3.273298938118454,1,-0.06256613453842035,-0.05,-0.0033809861863032583,53.95283126831055,1,-0.03479576110839844,-0.05,0.0005259326344781909,1.8061766416667417,1.5707963267948966,-0.0,0,0.00031790976314649555,4.235065217483125e-06,0.00290673033754291,0.039472882002883125
14.08995796200179,3.0628198817897982,0.0,0.0,0.02219006838794178,-1.0523654948142867,0.20000000298023224,-0.019432707319109437,0.6915313803758565,0.0,0.001868311781436205,-0.7409141382683937,-0.4275948067149158,-1.1844203079948812,-0.7409141382683937,0.0,0.0,0.0,-0.5200488698273111,-0.5324399199009191,-0.0,0.5485817757483542,0.14280881505416243,-0.0,-0.08616649067137779,-0.6547476475970159,0.0,1.7955947344517664,1.805706372451773,0.010111638000006806,0.010111638000006806,0.048188595952451306,54.06853103637695,0.0,3.273298938118454,1,-0.06314371689859674,-0.05,-0.003345913334077787,53.95283126831055,1,-0.034709930419921875,-0.05,0.0004117515299803043,1.805706372451773,1.5707963267948966,-0.0,0,0.00031790976314649555,4.235065217483125e-06,0.00290673033754291,0.04010958500293782
14.189532832999248,3.0597572887373574,0.0,0.0,0.022643028204637088,-1.0742838689795948,0.20000000298023224,-0.018757126114604058,0.7160996828605858,0.0,0.00225014123134315,-0.7531403710747554,-0.4466600517683674,-1.2113543598374004,-0.7531403710747554,0.0,0.0,0.0,-0.5252486535608271,-0.5491502015914861,-0.0,0.5468928227370907,0.169068052337265,-0.0,-0.08797163478382798,-0.6651687362909274,-0.0,1.7955947344517664,1.8054807449297672,0.009886010478000529,0.009886010478000529,0.05029089421146169,54.07304763793945,0.0,3.273298938118454,1,-0.06406249481432899,-0.05,-0.0033607845972544797,53.95283126831055,1,-0.03606491088867187,-0.05,0.0003434173361870526,1.8054807449297672,1.5707963267948966,-0.0,0,0.00031790976314649555,4.235065217483125e-06,0.00290673033754291,0.04027519100054633
14.290027894996456,3.058125894620694,0.0,0.0,0.02327246381515647,-1.0900790512459564,0.20000000298023224,-0.018300214367264308,0.7325080005327602,0.0,0.002581193810328841,-0.7614192982512582,-0.4591916080468929,-1.2304403178980667,-0.7614192982512582,0.0,0.0,0.0,-0.5296837753316217,-0.5605047867250167,0.0,0.5457505433687414,0.18661819178013747,0.0,-0.08908801771350555,-0.6723312805377526,-0.0,1.795420201526567,1.8052808429194322,0.009860641392865244,0.009860641392865244,0.05145461309742824,54.07989501953125,0.0,3.273298938118454,1,-0.06455191304932803,-0.05,-0.0034246298906146187,53.95283126831055,1,-0.03687171936035156,-0.05,0.00036489545717485495,1.8052808429194322,1.5707963267948966,-0.0,0,0.00031790976314649555,4.235065217483125e-06,0.00290673033754291,0.04039451300195651
14.389491369998723,3.0533879015434726,0.0,0.0,0.024666535272160027,-1.1185060902842172,0.20000000298023224,-0.0173327387509344,0.7434718753883088,0.0,0.00410005496814847,-0.7771859728896509,-0.4637737747404688,-1.2604444412028923,-0.7771859728896509,0.0,0.0,0.0,-0.5408728901235822,-0.5777315904871495,0.0,0.5433318543279165,0.2,0.0,-0.09369090649317376,-0.6834950663964771,-0.0,1.795420201526567,1.8048658531531694,0.00944565162660238,0.00944565162660238,0.051140201567004384,54.08651351928711,0.0,3.273298938118454,1,-0.06597331097249444,-0.05,-0.003592924454967463,53.95283126831055,1,-0.040104675292968746,-0.05,0.0005138237679434671,1.8048658531531694,1.5707963267948966,-0.0,0,0.00031790976314649555,4.235065217483125e-06,0.00290673033754291,0.040252314996905625
14.489636840997264,3.044323930654488,0.0,0.0,0.02876218423597912,-1.156873105980806,0.20000000298023224,-0.01464643065383898,0.7367544607318363,0.0,0.004261980764567852,-0.7858976166363252,-0.45008564057267336,-1.2956023444329754,-0.7858976166363252,0.0,0.0,0.0,-0.5673691256533587,-0.5895744452108775,-0.0,0.536616084085178,0.2,-0.0,-0.09487304729642104,-0.6910245693399042,-0.0,1.795420201526567,1.8035194050356433,0.008099203509076336,0.008099203509076336,0.03451237964779198,54.09010314941406,0.0,3.273298938118454,1,-0.06869250223918981,-0.05,-0.003843747032393408,53.95283126831055,1,-0.04118156433105469,-0.05,0.0005704977992014931,1.8035194050356433,1.5707963267948966,-0.0,0,0.00031790976314649555,4.235065217483125e-06,0.00290673033754291,0.03968895700381836
14.589453984001011,3.0387023059470755,0.0,0.0,0.030889865849315048,-1.1914416112636148,0.20000000298023224,-0.01337666635625369,0.7335776535681844,0.0,0.004774682689458132,-0.7991847641324998,-0.4398877853245225,-1.3282198700468717,-0.7991847641324998,0.0,0.0,0.0,-0.5833630160390151,-0.608137480625271,-0.0,0.5334416733412148,0.2,-0.0,-0.09659763176620853,-0.7025871323662913,-0.0,1.7952456686013676,1.8028676417731968,0.007621973171829222,0.007621973171829222,0.04249781848901489,54.09441375732422,0.0,3.273298938118454,1,-0.07037898965141358,-0.05,-0.0042946154430087155,53.95283126831055,1,-0.04247474670410156,-0.05,0.0006517976273511625,1.8028676417731968,1.5707963267948966,-0.0,0,0.00031790976314649555,4.235065217483125e-06,0.00290673033754291,0.040319858002476394
14.689467607000552,3.033731115825121,0.0,0.0,0.03273787685259629,-1.217896751694174,0.20000000298023224,-0.009693703332542566,0.7243388733604699,0.0,0.005462100729346275,-0.809651445297625,-0.42739695295377045,-1.3510259604664034,-0.809651445297625,0.0,0.0,0.0,-0.5970172923052166,-0.6209104337504654,0.0,0.524234265781937,0.2,0.0,-0.09910843473833873,-0.7105430105592863,-0.0,1.7952456686013676,1.800955011119875,0.005709342518507299,0.005709342518507299,0.04641344506048867,54.103797912597656,0.0,3.273298938118454,1,-0.07187034668799992,-0.05,-0.004596387740794873,53.95283126831055,1,-0.04438018798828125,-0.05,0.0007338539792887992,1.800955011119875,1.5707963267948966,-0.0,0,0.00031790976314649555,4.235065217483125e-06,0.00290673033754291,0.040568627999164164
14.789446860995668,3.026558818435407,0.0,0.0,0.03418422796969485,-1.2518674609031526,0.20000000298023224,-0.0045119037008111516,0.7113307275310405,0.0,0.006570394150912762,-0.8261446126842685,-0.41109231629379844,-1.3799154507005658,-0.8261446126842685,0.0,0.0,0.0,-0.6116672670179636,-0.6402069200967799,-0.0,0.5112797667026084,0.2,-0.0,-0.10346467986119043,-0.7226799328230781,-0.0,1.7952456686013676,1.7979776709018953,0.002732002300527725,0.002732002300527725,0.017264979387740784,54.112022399902344,0.0,3.273298938118454,1,-0.07402203590491409,-0.05,-0.004905007330181335,53.95283126831055,1,-0.04775733947753906,-0.05,0.0008630537672613914,1.7979776709018953,1.5707963267948966,-0.0,0,0.00031790976314649555,4.235065217483125e-06,0.00290673033754291,0.039861848003056366
14.889734265001607,3.027421484476021,0.0,0.0,0.0329635402675698,-1.2595569242796474,0.20000000298023224,-0.0034371643241445362,0.7086303432132275,0.0,0.0064905304461717606,-0.8348948723131415,-0.4076741612061476,-1.3865216864903938,-0.8348948723131415,0.0,0.0,0.0,-0.606331413183582,-0.6532294134593972,0.0,0.5085929182609419,0.2,-0.0,-0.10390386886495961,-0.7309910034481819,-0.0,1.7950711356761682,1.7972963520909333,0.002225216414765363,0.002225216414765363,0.021787621720529428,54.11384963989258,0.0,3.273298938118454,1,-0.07376323609272992,-0.05,-0.004961600488655464,53.95283126831055,1,-0.04833297729492187,-0.05,0.0009196388761340212,1.7972963520909333,1.5707963267948966,-0.0,0,0.00031790976314649555,4.235065217483125e-06,0.00290673033754291,0.039997608997509815
14.989489881998452,3.027633488470547,0.0,0.0,0.03055436170800512,-1.268673253930646,0.20000000298023224,-0.0020281164572033203,0.7050907659995861,0.0,0.005392091814428568,-0.8457531152700175,-0.40375140201850873,-1.3941555217783073,-0.8457531152700175,0.0,0.0,0.0,-0.5962849385282294,-0.6723896739738486,-0.0,0.5050702985935889,0.2,0.0,-0.10242292096723994,-0.7433301943027776,0.0,1.7950711356761682,1.7961677882765366,0.0010966526003683974,0.0010966526003683974,0.026421795088782618,54.11248779296875,0.0,3.273298938118454,1,-0.07369963489437215,-0.05,-0.004755320338483906,53.95283126831055,1,-0.047896957397460936,-0.05,0.0008661282446495593,1.7961677882765366,1.5707963267948966,-0.0,0,0.00031790976314649555,4.235065217483125e-06,0.00290673033754291,0.040040480002062395
15.089953474998765,3.0242834169398862,0.0,0.0,0.03151534672937111,-1.288647439876525,0.20000000298023224,0.00011371413308214947,0.6997145371296192,0.0,0.00621674582362175,-0.856314621581868,-0.3959942171727643,-1.4118786200437237,-0.856314621581868,0.0,0.0,0.0,-0.6034746472466189,-0.6851727969055981,-0.0,0.49971572211787524,0.2,-0.0,-0.10467929861949583,-0.7516353229623721,-0.0,1.7950711356761682,1.7947892631949447,-0.0002818724812234663,-0.0002818724812234663,0.010211266168487198,54.11914825439453,0.0,3.273298938118454,1,-0.07470465635357035,-0.05,-0.004706569516156911,53.95283126831055,1,-0.04934234619140625,-0.05,0.000879793395532167,1.7947892631949447,1.5707963267948966,-0.0,0,0.00031790976314649555,4.235065217483125e-06,0.00290673033754291,0.03988199400191661
15.189553019001323,3.018122628034386,0.0,0.0,0.033276180479323576,-1.322374872205193,0.20000000298023224,0.0024174444566588387,0.6939297428796489,0.0,0.007074951659888029,-0.8713109778575218,-0.38525634703640765,-1.4428414111609351,-0.8713109778575218,0.0,0.0,0.0,-0.617540941934999,-0.704835866585719,-0.0,0.4939563963089335,0.2,-0.0,-0.10689930422771296,-0.7644116736298088,-0.0,1.7948966027509679,1.7931303335064823,-0.0017662692444853079,-0.0017662692444853079,0.013664140991632384,54.12216567993164,0.0,3.273298938118454,1,-0.07655289302522048,-0.05,-0.004848511011455667,53.95283126831055,1,-0.050800323486328125,-0.05,0.0009759709185031967,1.7931303335064823,1.5707963267948966,-0.0,0,0.00031790976314649555,4.235065217483125e-06,0.00290673033754291,0.04023161499935668
15.29000030500174,3.014207317370085,0.0,0.0,0.03460360168330688,-1.34557009025342,0.20000000298023224,0.003571916955639059,0.6910292088603279,0.0,0.006716832984238863,-0.8788171856065594,-0.37864482919179343,-1.4644822732314124,-0.8788171856065594,0.0,0.0,0.0,-0.6274590183636459,-0.7181153047076908,-0.0,0.49107021506148296,0.2,-0.0,-0.1059414107165988,-0.7728757748899606,0.0,1.7948966027509679,1.7922206829390035,-0.0026759198119643557,-0.0026759198119643557,0.008947872459076491,54.120235443115234,0.0,3.273298938118454,1,-0.07772748622451066,-0.05,-0.004991316989154704,53.95283126831055,1,-0.050221252441406246,-0.05,0.0009966747090463285,1.7922206829390035,1.5707963267948966,-0.0,0,0.00031790976314649555,4.235065217483125e-06,0.00290673033754291,0.03995767200103728
15.389541602999088,3.00884684297371,0.0,0.0,0.03577214786010141,-1.3771156430564249,0.20000000298023224,0.004211688140402068,0.6894207143844251,0.0,0.0059137060306966305,-0.8893779894620935,-0.37142144001474214,-1.494588414805366,-0.8893779894620935,0.0,0.0,0.0,-0.6386691043332995,-0.7384524341102678,-0.0,0.4894707870995754,0.2,-0.0,-0.10394179172775887,-0.7854361977343346,0.0,1.7948966027509679,1.7913684640968182,-0.003528138654149693,-0.003528138654149693,0.008168845509426093,54.11608123779297,0.0,3.273298938118454,1,-0.0793356285434232,-0.05,-0.005203984752021916,53.95283126831055,1,-0.04897499084472656,-0.05,0.0009469051476643261,1.7913684640968182,1.5707963267948966,-0.0,0,0.00031790976314649555,4.235065217483125e-06,0.00290673033754291,0.039915066001412924
15.489493250999658,3.006650156866709,0.0,0.0,0.03589298630191545,-1.39410218564615,0.20000000298023224,0.004234368648590803,0.6893635365041167,0.0,0.006241736002266407,-0.8983722633659297,-0.36812784745006,-1.511034373340534,-0.8983722633659297,0.0,0.0,0.0,-0.6419317515902024,-0.7521763974627015,0.0,0.48941408582910356,0.2,0.0,-0.10456903368663556,-0.7938032296792941,-0.0,1.7948966027509679,1.7910517061505584,-0.003844896600409431,-0.003844896600409431,0.00796857402502233,54.11837387084961,0.0,3.273298938118454,1,-0.07999463437552352,-0.05,-0.005294179746614992,53.95283126831055,1,-0.049259948730468746,-0.05,0.0009326510460996028,1.7910517061505584,1.5707963267948966,-0.0,0,0.00031790976314649555,4.235065217483125e-06,0.00290673033754291,0.040182849996199366
15.58941217300162,3.0036208975399927,0.0,0.0,0.03550558300119737,-1.416705010173775,0.20000000298023224,0.003679182114124723,0.6907585608225244,0.0,0.007193638943135738,-0.9132523648256864,-0.3648717940754189,-1.533319617395299,-0.9132523648256864,0.0,0.0,0.0,-0.6440021557238524,-0.7727073611375143,-0.0,0.49080205216526884,0.2,0.0,-0.10675926799574917,-0.8064930968299372,-0.0,1.7947220698257684,1.7908424512525174,-0.0038796185732508093,-0.0038796185732508093,0.007590603558256711,54.121395111083984,0.0,3.273298938118454,1,-0.0809034121735384,-0.05,-0.005324913018291512,53.95283126831055,1,-0.05056915283203125,-0.05,0.001003523779417812,1.7908424512525174,1.5707963267948966,-0.0,0,0.00031790976314649555,4.235065217483125e-06,0.00290673033754291,0.039783913001883775
15.689791272998264,3.0065606056880108,0.0,0.0,0.03229787320466193,-1.414359402224887,0.20000000298023224,0.002515616985758794,0.6936839410578172,0.0,0.008267623372375965,-0.924787526797563,-0.36777610103825004,-1.5317802284428885,-0.924787526797563,0.0,0.0,0.0,-0.6280606945102063,-0.7863008125546123,0.0,0.4937109649861836,0.2,0.0,-0.10955096565584892,-0.8152365611417142,-0.0,1.7947220698257684,1.791144412450178,-0.0035776573755903485,-0.0035776573755903485,0.010966091132022982,54.12917709350586,0.0,3.273298938118454,1,-0.08002149972913299,-0.05,-0.005163478935593425,53.95283126831055,1,-0.052386474609375,-0.05,0.0011031323259020425,1.791144412450178,1.5707963267948966,-0.0,0,0.00031790976314649555,4.235065217483125e-06,0.00290673033754291,0.040082070998323616
15.78941626699816,3.0106562057131097,0.0,0.0,0.02762555953170044,-1.4097728738679227,0.20000000298023224,0.0007727246729128997,0.6980611053036306,0.0,0.008862199261784554,-0.9398432712750711,-0.37222257580041235,-1.5284630243143125,-0.9398432712750711,0.0,0.0,0.0,-0.6039077607184113,-0.8058653114795029,0.0,0.49806819576829836,0.2,0.0,-0.11131213911858065,-0.8285311321564904,-0.0,1.7947220698257684,1.7916857306125744,-0.003036339213194239,-0.003036339213194239,0.0101316242907353,54.131778717041016,0.0,3.273298938118454,1,-0.07879281972160332,-0.05,-0.0046236902716058825,53.95283126831055,1,-0.053684234619140625,-0.05,0.0012342947623445373,1.7916857306125744,1.5707963267948966,-0.0,0,0.00031790976314649555,4.235065217483125e-06,0.00290673033754291,0.040124288003426045
15.88975935200142,3.0127612492278457,0.0,0.0,0.025902821887773538,-1.4122292565165782,0.20000000298023224,0.001435490481171359,0.6963989393290003,0.0,0.008527169935405254,-0.9482022707037561,-0.3706741524393387,-1.5303475514971434,-0.9482022707037561,0.0,0.0,0.0,-0.5937227438079271,-0.8185071966768619,-0.0,0.4964112812476522,0.2,0.0,-0.11082584881702548,-0.8373764218867306,-0.0,1.794547536900569,1.7912861386088728,-0.003261398291696249,-0.003261398291696249,0.008935556136174427,54.1309814453125,0.0,3.273298938118454,1,-0.0781613066671825,-0.05,-0.00426193646049119,53.95283126831055,1,-0.05355491638183594,-0.05,0.001256237500215718,1.7912861386088728,1.5707963267948966,-0.0,0,0.00031790976314649555,4.235065217483125e-06,0.00290673033754291,0.039876324000942986
15.989424834995589,3.016517261117917,0.0,0.0,0.021443481290896464,-1.407481059051415,0.20000000298023224,0.003376838457138766,0.691533906415333,0.0,0.007185590453445911,-0.9592036994618073,-0.36914200691353616,-1.524124750157411,-0.9592036994618073,0.0,0.0,0.0,-0.5705584670664547,-0.8369263721847663,0.0,0.4915579113077337,0.2,-0.0,-0.10871987612753467,-0.8504838233342726,0.0,1.794547536900569,1.7898582603273838,-0.004689276573185186,-0.004689276573185186,0.0017655899966161031,54.12850570678711,0.0,3.273298938118454,1,-0.07703450310016113,-0.05,-0.0036709401599970292,53.95283126831055,1,-0.05270233154296875,-0.05,0.0011680458688800089,1.7898582603273838,1.5707963267948966,-0.0,0,0.00031790976314649555,4.235065217483125e-06,0.00290673033754291,0.0398607430033735
16.089994182002556,3.0177795148471787,0.0,0.0,0.01996606032745271,-1.4115179553079216,0.20000000298023224,0.0022021124082262445,0.6944801569397742,0.0,0.006426500156521797,-0.965716154603412,-0.37059481093438074,-1.5288378307224932,-0.965716154603412,0.0,0.0,0.0,-0.5625264806064141,-0.8489930816111689,0.0,0.494494726430015,0.2,0.0,-0.10662757833131889,-0.8590885762720931,0.0,1.794547536900569,1.7902152540400487,-0.004332282860520564,-0.004332282860520564,0.00827412077362368,54.12380599975586,0.0,3.273298938118454,1,-0.07665582698138262,-0.05,-0.003385174186208419,53.95283126831055,1,-0.05129241943359375,-0.05,0.0010913412587966588,1.7902152540400487,1.5707963267948966,-0.0,0,0.00031790976314649555,4.235065217483125e-06,0.00290673033754291,0.03986554600123782
16.18954471500183,3.0180986190751438,0.0,0.0,0.018922459350736304,-1.4239072418206518,0.20000000298023224,0.0006311963354124466,0.6984180592241352,0.0,0.005680119153112173,-0.9763159664148486,-0.3708550479092587,-1.54200069785974,-0.9763159664148486,0.0,0.0,0.0,-0.5569935435557238,-0.8669138302714872,-0.0,0.4984220166120495,0.2,-0.0,-0.10459221027489213,-0.8717237561399566,0.0,1.7943730039753705,1.7907902398821103,-0.0035827640932604155,-0.0035827640932604155,0.004473824297381383,54.11687469482422,0.0,3.273298938118454,1,-0.07656009571299309,-0.05,-0.0030490565511302995,53.95283126831055,1,-0.049859619140625,-0.05,0.0009475280188450375,1.7907902398821103,1.5707963267948966,-0.0,0,0.00031790976314649555,4.235065217483125e-06,0.00290673033754291,0.039986483003303874
16.289929821999976,3.0154344011662797,0.0,0.0,0.01967743794995267,-1.4413469878581704,0.20000000298023224,-0.0017439846038549561,0.7043713494594306,0.0,0.005387572571635246,-0.983288892238298,-0.3713646854639224,-1.560675625406318,-0.983288892238298,0.0,0.0,0.0,-0.5625483507291116,-0.8787996457672496,-0.0,0.504359968960218,0.2,0.0,-0.10334152457812593,-0.879947367660172,0.0,1.7943730039753705,1.7917478866802898,-0.0026251172950804147,-0.0026251172950804147,0.009515169682025938,54.1156005859375,0.0,3.273298938118454,1,-0.0773593610856523,-0.05,-0.0029760944921580932,53.95283126831055,1,-0.04883079528808593,-0.05,0.0008768432815952643,1.7917478866802898,1.5707963267948966,-0.0,0,0.00031790976314649555,4.235065217483125e-06,0.00290673033754291,0.03983648099529091
16.389415601996006,3.0105302079344556,0.0,0.0,0.02135798173028209,-1.4716470429470723,0.20000000298023224,-0.003916857436800815,0.7098199388951525,0.0,0.006780685856938362,-0.9993214234689377,-0.3686830444865428,-1.591748151365697,-0.9993214234689377,0.0,0.0,0.0,-0.574659723994083,-0.8969924149896076,-0.0,0.5097921510425827,0.2,0.0,-0.10678680263741605,-0.8925346208315217,-0.0,1.7943730039753705,1.792600660964759,-0.0017723430106117988,-0.0017723430106117988,0.016855449347825083,54.122535705566406,0.0,3.273298938118454,1,-0.07883061905519954,-0.05,-0.0030539922796071713,53.95283126831055,1,-0.050911331176757814,-0.05,0.0009052143962801311,1.792600660964759,1.5707963267948966,-0.0,0,0.00031790976314649555,4.235065217483125e-06,0.00290673033754291,0.03931844299950171
16.48983145099919,3.0100096008416055,0.0,0.0,0.02131035498385497,-1.4846377116289107,0.20000000298023224,-0.004047840061642102,0.7101482656224567,0.0,0.00785808265209198,-1.0107741073107528,-0.36609761533208746,-1.6045037332475953,-1.0107741073107528,0.0,0.0,0.0,-0.5753272906143498,-0.9093158645218374,0.0,0.5101196076046859,0.2,-0.0,-0.1094452633413276,-0.9013288439694251,-0.0,1.794198471050171,1.7926305107375073,-0.0015679603126637076,-0.0015679603126637076,0.01133298184237724,54.13202667236328,0.0,3.273298938118454,1,-0.07898680118305457,-0.05,-0.003123454663583773,53.95283126831055,1,-0.05262565612792969,-0.05,0.0010384754386940649,1.7926305107375073,1.5707963267948966,-0.0,0,0.00031790976314649555,4.235065217483125e-06,0.00290673033754291,0.04034671800036449
16.589569146999565,3.0104352909497574,0.0,0.0,0.019597948927234717,-1.4956264224622386,0.20000000298023224,-0.0035236425464367773,0.7088320527474213,0.0,0.009547204710543156,-1.028939854365643,-0.3631088519860248,-1.614773431840736,-1.028939854365643,0.0,0.0,0.0,-0.5680811445379738,-0.9275494022636362,-0.0,0.5088091138166726,0.2,0.0,-0.11403767869640732,-0.9149021756692356,-0.0,1.794198471050171,1.7921890316045317,-0.0020094394456391385,-0.0020094394456391385,0.011365048857522894,54.1386833190918,0.0,3.273298938118454,1,-0.078859094150609,-0.05,-0.0030312621322825975,53.95283126831055,1,-0.055755615234375,-0.05,0.001265141248510832,1.7921890316045317,1.5707963267948966,-0.0,0,0.00031790976314649555,4.235065217483125e-06,0.00290673033754291,0.04029888199875131
16.68985290300043,3.011551101664537,0.0,0.0,0.017937257264881473,-1.4995810911549996,0.20000000298023224,-0.00422014427477262,0.7105755039598829,0.0,0.011327547021210194,-1.0430357388797704,-0.36358439493255823,-1.619094618463969,-1.0430357388797704,0.0,0.0,0.0,-0.5601011444641381,-0.9394858604599122,0.0,0.5105503681375122,0.2,0.0,-0.11882764755916525,-0.9242080913206052,-0.0,1.794198471050171,1.7924095029640459,-0.0017889680861253865,-0.0017889680861253865,0.015116167661972891,54.154701232910156,0.0,3.273298938118454,1,-0.07852435093617509,-0.05,-0.0028986969893802393,53.95283126831055,1,-0.05893592834472656,-0.05,0.0014358278067715168,1.7924095029640459,1.5707963267948966,-0.0,0,0.00031790976314649555,4.235065217483125e-06,0.00290673033754291,0.03981703599856701
16.78965975799656,3.01480063848816,0.0,0.0,0.01450195624162308,-1.4990683557306017,0.20000000298023224,-0.007670191069805954,0.7192123806908717,0.0,0.013303958810865879,-1.06296521583546,-0.36953332560209423,-1.6210852861467029,-1.06296521583546,0.0,0.0,0.0,-0.542044792182984,-0.957043077883092,0.0,0.5191754851250955,0.2,0.0,-0.12389673356175115,-0.9390684822737089,-0.0,1.7940239381249716,1.7940071348853517,-1.680323962016672e-05,-1.680323962016672e-05,0.02517864823393402,54.160709381103516,0.0,3.273298938118454,1,-0.07754948988908827,-0.05,-0.0024938317847510486,53.95283126831055,1,-0.06236343383789062,-0.05,0.0017706590870053575,1.7940071348853517,1.5707963267948966,-0.0,0,0.00031790976314649555,4.235065217483125e-06,0.00290673033754291,0.03994933600188233
16.89012956299848,3.015833061303532,0.0,0.0,0.013092185005853489,-1.5030158051595257,0.20000000298023224,-0.010737823334217841,0.7268911802925633,0.0,0.014554278925061226,-1.0764298623327189,-0.3736861503268623,-1.6272018804070818,-1.0764298623327189,0.0,0.0,0.0,-0.5346274261041004,-0.9684266108963837,-0.0,0.5268445657861253,0.2,-0.0,-0.12720496260231323,-0.9492248997304057,-0.0,1.7940239381249716,1.7955202174935088,0.0014962793685371345,0.0014962793685371345,0.0175531257724664,54.172019958496094,0.0,3.273298938118454,1,-0.07723976304447668,-0.05,-0.0022353655774299303,53.95283126831055,1,-0.06462249755859374,-0.05,0.001971813881341756,1.7955202174935088,1.5707963267948966,-0.0,0,0.00031790976314649555,4.235065217483125e-06,0.00290673033754291,0.04034795500047039
16.98972567400051,3.013161320337954,0.0,0.0,0.013301656375908442,-1.5232604318136806,0.20000000298023224,-0.018350970091166756,0.7459584433753593,0.0,0.017635224387049675,-1.1002916298236451,-0.3812026674778566,-1.652713184034047,-1.1002916298236451,0.0,0.0,0.0,-0.5378396394971764,-0.9855325547040719,-0.0,0.5458774326784975,0.2,0.0,-0.13531704556767382,-0.9649745842559714,-0.0,1.7940239381249716,1.7994913114641107,0.005467373339139048,0.005467373339139048,0.05560271362107948,54.186100006103516,0.0,3.273298938118454,1,-0.07804128533414997,-0.05,-0.0020809621558552723,53.95283126831055,1,-0.06998062133789062,-0.05,0.002298800157266482,1.7994913114641107,1.5707963267948966,-0.0,0,0.00031790976314649555,4.235065217483125e-06,0.00290673033754291,0.039569179993122816
17.089395173999947,3.0116366081455066,0.0,0.0,0.01408361846679265,-1.5393967968002564,0.20000000298023224,-0.019818366558157562,0.7496386024621413,0.0,0.018830176442861557,-1.1145175531370237,-0.3797540297826195,-1.6695770150442728,-1.1145175531370237,0.0,0.0,0.0,-0.5424565928255562,-0.9970706206564376,-0.0,0.5495459238459744,0.2,0.0,-0.1385770346244914,-0.9759405185125324,-0.0,1.7940239381249716,1.8003148038480203,0.006290865723048711,0.006290865723048711,0.05087346959993822,54.198638916015625,0.0,3.273298938118454,1,-0.07849869899188423,-0.05,-0.0020727739614714662,53.95283126831055,1,-0.07226715087890624,-0.05,0.0025202926972763993,1.8003148038480203,1.5707963267948966,-0.0,0,0.00031790976314649555,4.235065217483125e-06,0.00290673033754291,0.03959894699801225
17.189403217998915,3.0064105205331306,0.0,0.0,0.01626545489804904,-1.5570511231966624,0.20000000298023224,-0.02211085542670714,0.7553967714375112,0.0,0.021270377561450005,-1.1389896248649258,-0.3789589929236707,-1.6886155762127981,-1.1389896248649258,0.0,0.0,0.0,-0.5572137390218671,-1.0,-0.0,0.5552771460173485,0.2,0.0,-0.1458516675489054,-0.9931379573160204,-0.0,1.7938494051997713,1.8017278377319679,0.007878432532196555,0.007878432532196555,0.0514202479064992,54.21103286743164,0.0,3.273298938118454,1,-0.08006652527559703,-0.05,-0.002258350232185162,53.95283126831055,1,-0.07746047973632812,-0.05,0.0028791897488727163,1.8017278377319679,1.5707963267948966,-0.0,0,0.00031790976314649555,4.235065217483125e-06,0.00290673033754291,0.03970413000206463
17.28981741199823,3.004144167842325,0.0,0.0,0.01681169767427003,-1.5621130591652492,0.20000000298023224,-0.022937826932634627,0.757472938732148,0.0,0.02255604788661003,-1.1502418497995557,-0.3787505014409508,-1.6942581031780128,-1.1502418497995557,0.0,0.0,0.0,-0.5622881985310704,-1.0,0.0,0.5573445747821671,0.2,-0.0,-0.15024184979955568,-1.0,-0.0,1.7938494051997713,1.8023599855553167,0.008510580355545194,0.008510580355545194,0.051040185682497234,54.22536849975586,0.0,3.273298938118454,1,-0.0807464310828387,-0.05,-0.0023853908511767253,53.95283126831055,1,-0.0807952880859375,-0.05,0.00310948617299185,1.8023599855553167,1.5707963267948966,-0.0,0,0.00031790976314649555,4.235065217483125e-06,0.00290673033754291,0.04022815200005425
17.389415535995795,3.0043341825806764,0.0,0.0,0.015330889166860154,-1.5562868230420204,0.20000000298023224,-0.022523264055728777,0.7564231020958295,0.0,0.023524506017565727,-1.1549689439558644,-0.3789644061853839,-1.6883692024563413,-1.1549689439558644,0.0,0.0,0.0,-0.5564556782335186,-1.0,0.0,0.5563081675899025,0.2,-0.0,-0.15496894395586447,-1.0,-0.0,1.793674872274572,1.8024200437316986,0.008745171457126943,0.008745171457126943,0.054765275481510285,54.235450744628906,0.0,3.273298938118454,1,-0.08068942666133329,-0.05,-0.002367865034078189,53.95283126831055,1,-0.08478584289550781,-0.05,0.0033414049572090855,1.8024200437316986,1.5707963267948966,-0.0,0,0.00031790976314649555,4.235065217483125e-06,0.00290673033754291,0.04012204900209326
17.489980724996713,3.0068545375057316,0.0,0.0,0.012788009290938259,-1.543339275638558,0.20000000298023224,-0.021475557335855995,0.7537802353138277,0.0,0.02419121563434601,-1.1581983552660755,-0.3799718416295766,-1.675023033407883,-1.1581983552660755,0.0,0.0,0.0,-0.5434926583702907,-1.0,0.0,0.5536889007902206,0.2,-0.0,-0.15819835526607554,-1.0,-0.0,1.793674872274572,1.8020573717595842,0.008382499485012573,0.008382499485012573,0.04642470718871989,54.24443817138672,0.0,3.273298938118454,1,-0.07993332018381673,-0.05,-0.002210046090655871,53.95283126831055,1,-0.08748207092285155,-0.05,0.003474931291122039,1.8020573717595842,1.5707963267948966,-0.0,0,0.00031790976314649555,4.235065217483125e-06,0.00290673033754291,0.04020852499525063
17.589455153000017,3.0161024973000035,0.0,0.0,0.005765390106044646,-1.504043156985103,0.20000000298023224,-0.018482474541844096,0.7462415237304684,0.0,0.024097222834825516,-1.1602098379923738,-0.38395126269093105,-1.6345041014605395,-1.1602098379923738,0.0,0.0,0.0,-0.5041564163539393,-1.0,0.0,0.5462061938051909,0.2,-0.0,-0.1602098379923737,-1.0,-0.0,1.793674872274572,1.80064398808738,0.006969115812808013,0.006969115812808013,0.04448378559856594,54.25175857543945,0.0,3.273298938118454,1,-0.07715893224553518,-0.05,-0.0015173886761372943,53.95283126831055,1,-0.08967819213867187,-0.05,0.003565576981123689,1.80064398808738,1.5707963267948966,-0.0,0,0.00031790976314649555,4.235065217483125e-06,0.00290673033754291,0.040059308004856575
17.68952617499599,3.0236107959960847,0.0,0.0,0.0005305789101202477,-1.4737278498844635,0.20000000298023224,-0.016753342134350792,0.7418863026390412,0.0,0.024536622688174248,-1.162646735041419,-0.3880700535285867,-1.6036429450232461,-1.162646735041419,0.0,0.0,0.0,-0.4738206774643366,-1.0,0.0,0.5418833627864575,0.2,-0.0,-0.16264673504141883,-1.0,-0.0,1.7935003393493725,1.7997381733083182,0.006237833958945949,0.006237833958945949,0.04195706173556859,54.26218032836914,0.0,3.273298938118454,1,-0.0749064426367108,-0.05,-0.0009151591103253487,53.95283126831055,1,-0.091717529296875,-0.05,0.0036074169436304173,1.7997381733083182,1.5707963267948966,-0.0,0,0.00031790976314649555,4.235065217483125e-06,0.00290673033754291,0.040225176999229006
17.789578253999935,3.0364035181333247,0.0,0.0,-0.007929151158769996,-1.423338693531213,0.20000000298023224,-0.015072719713000438,0.7376424463936985,0.0,0.02580326609313488,-1.1670528308983241,-0.3968620014159018,-1.5532256652067609,-1.1670528308983241,0.0,0.0,0.0,-0.42341351457465787,-1.0,0.0,0.5376818067330817,0.2,-0.0,-0.1670528308983242,-1.0,-0.0,1.7935003393493725,1.7987793853403755,0.005279045991002818,0.005279045991002818,0.040429814119460915,54.269474029541016,0.0,3.273298938118454,1,-0.07106862599553883,-0.05,0.00022920428352673816,53.95283126831055,1,-0.09499282836914062,-0.05,0.003743263563951308,1.7987793853403755,1.5707963267948966,-0.0,0,0.00031790976314649555,4.235065217483125e-06,0.00290673033754291,0.03927954699611291
17.889499946002616,3.04439836067895,0.0,0.0,-0.012871085696098593,-1.39294786192214,0.20000000298023224,-0.01419024375807794,0.7354156234343291,0.0,0.026900775730609894,-1.1707665166093095,-0.402431699920859,-1.5228882467612561,-1.1707665166093095,0.0,0.0,0.0,-0.3930140040606048,-1.0,0.0,0.5354756168457755,0.2,-0.0,-0.17076651660930953,-1.0,-0.0,1.7935003393493725,1.7982080335251467,0.004707694175774435,0.004707694175774435,0.039310945150192386,54.27861404418945,0.0,3.273298938118454,1,-0.06867017323185122,-0.05,0.0009953531195913364,53.95283126831055,1,-0.09773483276367187,-0.05,0.003869091884972264,1.7982080335251467,1.5707963267948966,-0.0,0,0.00031790976314649555,4.235065217483125e-06,0.00290673033754291,0.03998736700305017
17.989613104000455,3.054265765910335,0.0,0.0,-0.018569031455521905,-1.356917673305194,0.20000000298023224,-0.012810867665108285,0.7319492903313842,0.0,0.028184207156300545,-1.175765370631493,-0.40853167692068937,-1.4866328412546816,-1.175765370631493,0.0,0.0,0.0,-0.3569714074406332,-1.0,0.0,0.5320271766133513,0.2,-0.0,-0.17576537063149308,-1.0,-0.0,1.793325806424173,1.7972974864958489,0.003971680071675809,0.003971680071675809,0.03876488764818373,54.29161071777344,0.0,3.273298938118454,1,-0.06570995166243566,-0.05,0.0019485448894115854,53.95283126831055,1,-0.10163383483886719,-0.05,0.004052671363674663,1.7972974864958489,1.5707963267948966,-0.0,0,0.00031790976314649555,4.235065217483125e-06,0.00290673033754291,0.040290634002303705
18.089930075002485,3.0568580087409427,0.0,0.0,-0.02007332955734739,-1.3464077187723558,0.20000000298023224,-0.01265377421893623,0.7315513500379882,0.0,0.02855183556675911,-1.1771039078647467,-0.4107395626062011,-1.4762364765247638,-1.1771039078647467,0.0,0.0,0.0,-0.3464600987002183,-1.0,-0.0,0.5316344429979212,0.2,0.0,-0.17710390786474675,-1.0,-0.0,1.793325806424173,1.797137998441699,0.0038121920175262503,0.0038121920175262503,0.03878717006871931,54.298484802246094,0.0,3.273298938118454,1,-0.0649322788132534,-0.05,0.0024695896025144683,53.95283126831055,1,-0.10271759033203125,-0.05,0.00416551803404362,1.797137998441699,1.5707963267948966,-0.0,0,0.00031790976314649555,4.235065217483125e-06,0.00290673033754291,0.04046557399851736
18.189405675999296,3.065417537151997,0.0,0.0,-0.024337930705211678,-1.318292440534079,0.20000000298023224,-0.005078087513899184,0.7126549086797165,0.0,0.02830812893807888,-1.1796598192603875,-0.4047423899933601,-1.4428983246844027,-1.1796598192603875,0.0,0.0,0.0,-0.31830085275606373,-1.0,0.0,0.5126952262353286,0.2,-0.0,-0.1796598192603876,-1.0,-0.0,1.793325806424173,1.7929074661540423,-0.0004183402701309902,-0.0004183402701309902,0.012211141242850946,54.30476760864258,0.0,3.273298938118454,1,-0.06236442028993707,-0.05,0.0031462621831084016,53.95283126831055,1,-0.10558090209960937,-0.05,0.004229211777300656,1.7929074661540423,1.5707963267948966,-0.0,0,0.00031790976314649555,4.235065217483125e-06,0.00290673033754291,0.04029748299944913
18.289997820997087,3.067855134657778,0.0,0.0,-0.02543060730787547,-1.3103578319974771,0.20000000298023224,-0.00229064208126641,0.7057076246583249,0.0,0.02790132910013199,-1.1799418173965428,-0.4021846467294206,-1.4329369872095405,-1.1799418173965428,0.0,0.0,0.0,-0.3103595423263273,-1.0,0.0,0.5057266126537466,0.2,-0.0,-0.17994181739654272,-1.0,-0.0,1.7931512734989745,1.791183474680081,-0.001967798818893307,-0.001967798818893307,2.609345457952304e-05,54.30703353881836,0.0,3.273298938118454,1,-0.061633141038202804,-0.05,0.003439989109973398,53.95283126831055,1,-0.10626068115234374,-0.05,0.0042201928559330365,1.791183474680081,1.5707963267948966,-0.0,0,0.00031790976314649555,4.235065217483125e-06,0.00290673033754291,0.0399734160018852
18.389440277001995,3.065642768527187,0.0,0.0,-0.02350103604136838,-1.3197058114267526,0.20000000298023224,0.00029976431481428586,0.6992528946390425,0.0,0.027273671701550484,-1.1797568318541303,-0.39620457273824883,-1.439999991637474,-1.1797568318541303,0.0,0.0,0.0,-0.3197058407382709,-1.0,-0.0,0.4992505966635449,0.2,-0.0,-0.17975683185413016,-1.0,-0.0,1.7931512734989745,1.7895435158350614,-0.0036077576639130804,-0.0036077576639130804,0.002769733879920889,54.30828094482422,0.0,3.273298938118454,1,-0.06229685087738006,-0.05,0.0035409239724727764,53.95283126831055,1,-0.10663490295410157,-0.05,0.004151742801521898,1.7895435158350614,1.5707963267948966,-0.0,0,0.00031790976314649555,4.235065217483125e-06,0.00290673033754291,0.04009946299629519
18.489714222996554,3.062974656957281,0.0,0.0,-0.02133959134804818,-1.331385949888053,0.20000000298023224,0.0030688965504050425,0.6923491469234516,0.0,0.027128614485263824,-1.181271293309281,-0.389910741248366,-1.4491050695736643,-1.181271293309281,0.0,0.0,0.0,-0.3313890247179461,-1.0,0.0,0.49232776607456796,0.2,0.0,-0.18127129330928105,-1.0,-0.0,1.7931512734989745,1.7874875928231482,-0.0056636806758261216,-0.0056636806758261216,0.005769038277155867,54.31367874145508,0.0,3.273298938118454,1,-0.06309728434835189,-0.05,0.003387286408851413,53.95283126831055,1,-0.10825424194335938,-0.05,0.0041115631193421485,1.7874875928231482,1.5707963267948966,-0.0,0,0.00031790976314649555,4.235065217483125e-06,0.00290673033754291,0.04015215000254102
18.589487158002157,3.0625020378041787,0.0,0.0,-0.02075732818621759,-1.3346623733942187,0.20000000298023224,0.004051033188024549,0.689899881972576,0.0,0.025944916531443596,-1.1803998280348003,-0.3884695155835641,-1.451336257923137,-1.1803998280348003,0.0,0.0,0.0,-0.3346677320420456,-1.0,-0.0,0.4898724244805192,0.2,-0.0,-0.18039982803480029,-1.0,0.0,1.7931512734989745,1.7863473069402476,-0.006803966558726948,-0.006803966558726948,-0.005042102561825433,54.31443786621094,0.0,3.273298938118454,1,-0.0632390700942826,-0.05,0.0032370133635195256,53.95283126831055,1,-0.10848197937011718,-0.05,0.004027067866760495,1.7863473069402476,1.5707963267948966,-0.0,0,0.00031790976314649555,4.235065217483125e-06,0.00290673033754291,0.03937513799610315
18.689604963998136,3.0625861534744883,0.0,0.0,-0.02078820240903991,-1.3346692695379936,0.20000000298023224,0.004135613888669531,0.6896890444220102,0.0,0.025525370612740517,-1.179945497225115,-0.3886491605459135,-1.4511942899046233,-1.179945497225115,0.0,0.0,0.0,-0.33467485413263987,-1.0,-0.0,0.48966097272890674,0.2,0.0,-0.17994549722511502,-1.0,0.0,1.792976740573775,1.7860805855050506,-0.006896155068724319,-0.006896155068724319,0.0015335153817004244,54.31595993041992,0.0,3.273298938118454,1,-0.06321383539318974,-0.05,0.0031790052154458616,53.95283126831055,1,-0.10835037231445312,-0.05,0.003930245702078613,1.7860805855050506,1.5707963267948966,-0.0,0,0.00031790976314649555,4.235065217483125e-06,0.00290673033754291,0.04027301899623126
18.789414687002136,3.05520673236807,0.0,0.0,-0.015939537392492792,-1.3626716234867156,0.20000000298023224,0.006494675604131606,0.6837972022765064,0.0,0.02517887018620968,-1.1808742600191073,-0.3795382021922921,-1.476618881219437,-1.1808742600191073,0.0,0.0,0.0,-0.3626854296919572,-1.0,0.0,0.48376331844025156,0.2,0.0,-0.1808742600191073,-1.0,-0.0,1.792976740573775,1.7843020070829096,-0.00867473349086545,-0.00867473349086545,0.0007956215814686907,54.31795120239258,0.0,3.273298938118454,1,-0.06542766172511527,-0.05,0.002772009748100555,53.95283126831055,1,-0.10953598022460938,-0.05,0.0038405903917117412,1.7843020070829096,1.5707963267948966,-0.0,0,0.00031790976314649555,4.235065217483125e-06,0.00290673033754291,0.040469981999194715
18.88974537899776,3.0509728764612967,0.0,0.0,-0.013513809417714866,-1.3777711873005944,0.20000000298023224,0.007602646305060827,0.6810270664262487,0.0,0.024514975026249886,-1.1800660843707966,-0.3751142420314067,-1.4904162556769285,-1.1800660843707966,0.0,0.0,0.0,-0.37779013215300067,-1.0,-0.0,0.48099339168792854,0.2,-0.0,-0.18006608437079652,-1.0,0.0,1.792976740573775,1.7833073202598881,-0.009669420313886956,-0.009669420313886956,-0.011123442606363956,54.3168830871582,0.0,3.273298938118454,1,-0.06669781849714722,-0.05,0.0024399738386321717,53.95283126831055,1,-0.10932083129882812,-0.05,0.0037697219542814956,1.7833073202598881,1.5707963267948966,-0.0,0,0.00031790976314649555,4.235065217483125e-06,0.00290673033754291,0.04002100700017763
18.989415673997428,3.0456233182595596,0.0,0.0,-0.010468969244000223,-1.3970237053250536,0.20000000298023224,0.012383501435620208,0.6690838206802451,0.0,0.023907387629151344,-1.1796793904442462,-0.3639492734819814,-1.5056192475749488,-1.1796793904442462,0.0,0.0,0.0,-0.3970740566297888,-1.0,-0.0,0.4690412538615301,0.2,-0.0,-0.1796793904442461,-1.0,-0.0,1.792976740573775,1.780272964595206,-0.012703775978569087,-0.012703775978569087,-0.030942162699826595,54.317596435546875,0.0,3.273298938118454,1,-0.06830268595766835,-0.05,0.0019473016123911261,53.95283126831055,1,-0.10942955017089843,-0.05,0.0036575473558036857,1.780272964595206,1.5707963267948966,-0.0,0,0.00031790976314649555,4.235065217483125e-06,0.00290673033754291,0.04001389499899233
19.08997893599735,3.0433000002518895,0.0,0.0,-0.009750878081246207,-1.4031714791528407,0.20000000298023224,0.015378671368361341,0.6616026030248641,0.0,0.02417806163430214,-1.1815055722040615,-0.3589103173335394,-1.5092354317165975,-1.1815055722040615,0.0,0.0,0.0,-0.4032491920083057,-1.0,-0.0,0.4615533290296772,0.2,-0.0,-0.18150557220406152,-1.0,-0.0,1.7928022076485757,1.7779167083060503,-0.014885499342525144,-0.014885499342525144,-0.03709863862609432,54.322715759277344,0.0,3.273298938118454,1,-0.06899968135996937,-0.05,0.0017156854098416467,53.95283126831055,1,-0.11096534729003905,-0.05,0.0036378367202796703,1.7779167083060503,1.5707963267948966,-0.0,0,0.00031790976314649555,4.235065217483125e-06,0.00290673033754291,0.039761239000654314
19.189602621998347,3.046782574342743,0.0,0.0,-0.012268005551016162,-1.389873514568369,0.20000000298023224,0.015519097873105398,0.6612647511056648,0.0,0.0241301991045475,-1.1826786153682303,-0.3621712456725269,-1.4959450011151736,-1.1826786153682303,0.0,0.0,0.0,-0.3899525626766334,-1.0,0.0,0.46120226276781706,0.2,-0.0,-0.18267861536823024,-1.0,-0.0,1.7928022076485757,1.7773439125763186,-0.015458295072257044,-0.015458295072257044,-0.02900730998567184,54.32674026489258,0.0,3.273298938118454,1,-0.0679549091327133,-0.05,0.0016995535345949034,53.95283126831055,1,-0.11217269897460937,-0.05,0.0036242827109266244,1.7773439125763186,1.5707963267948966,-0.0,0,0.00031790976314649555,4.235065217483125e-06,0.00290673033754291,0.04033522900135722
19.289620183000807,3.0496180520087735,0.0,0.0,-0.014414839291859856,-1.3779066697479163,0.20000000298023224,0.01540860468132763,0.6615513286582704,0.0,0.024633193388581276,-1.185015926003266,-0.36561279593421725,-1.4841173250233557,-1.185015926003266,0.0,0.0,0.0,-0.37798452379198877,-1.0,0.0,0.4614784957472615,0.2,0.0,-0.1850159260032659,-1.0,-0.0,1.7928022076485757,1.7768676450296994,-0.01593456261887649,-0.01593456261887649,-0.0312630977934464,54.3376350402832,0.0,3.273298938118454,1,-0.06710426583290419,-0.05,0.0018935535298473256,53.95283126831055,1,-0.11403465270996094,-0.05,0.003651920095276293,1.7768676450296994,1.5707963267948966,-0.0,0,0.00031790976314649555,4.235065217483125e-06,0.00290673033754291,0.04014145299879601
19.389568648999557,3.058191601939921,0.0,0.0,-0.019968780162835605,-1.3454345936692704,0.20000000298023224,0.01144972067737824,0.6714504678992412,0.0,0.025555578991770744,-1.1894951365280653,-0.3799645686152915,-1.4548769375040282,-1.1894951365280653,0.0,0.0,0.0,-0.3454774608668347,-1.0,0.0,0.471375705757135,0.2,0.0,-0.1894951365280653,-1.0,-0.0,1.7926276747233754,1.7782303591372546,-0.014397315586120563,-0.014397315586120563,-0.022589513536051934,54.34513854980469,0.0,3.273298938118454,1,-0.06453220085355994,-0.05,0.0024360977929017654,53.95283126831055,1,-0.11769218444824218,-0.05,0.003752626911947651,1.7782303591372546,1.5707963267948966,-0.0,0,0.00031790976314649555,4.235065217483125e-06,0.00290673033754291,0.03961448300105985
19.489784478995716,3.0634161418136268,0.0,0.0,-0.023217907648577233,-1.3256513509589343,0.20000000298023224,0.008936689378840143,0.6777260159795084,0.0,0.025691337883472443,-1.1909587958842747,-0.3889045776460377,-1.437155971535679,-1.1909587958842747,0.0,0.0,0.0,-0.3256774213370211,-1.0,0.0,0.4776582840034802,0.2,0.0,-0.19095879588427456,-1.0,-0.0,1.7926276747233754,1.779117884418035,-0.013509790305340275,-0.013509790305340275,-0.024333515013590618,54.35389709472656,0.0,3.273298938118454,1,-0.06296483889144819,-0.05,0.002899618886332002,53.95283126831055,1,-0.11906776428222655,-0.05,0.0038003062814244556,1.779117884418035,1.5707963267948966,-0.0,0,0.00031790976314649555,4.235065217483125e-06,0.00290673033754291,0.040245901996968314
19.589411729997664,3.0695169894837337,0.0,0.0,-0.02641588228320388,-1.3045525186073126,0.20000000298023224,0.003438169008310355,0.6914341733856121,0.0,0.025908857583999634,-1.194254962562995,-0.4031928072540088,-1.4203429339806493,-1.194254962562995,0.0,0.0,0.0,-0.3045563697038109,-1.0,0.0,0.49140458492980477,0.2,0.0,-0.19425496256299504,-1.0,-0.0,1.7926276747233754,1.7815739026999449,-0.011053772023430497,-0.011053772023430497,-0.014664161365327685,54.36017990112305,0.0,3.273298938118454,1,-0.0611345845904161,-0.05,0.0035036703861959736,53.95283126831055,1,-0.12220458984374999,-0.05,0.0038584848647545775,1.7815739026999449,1.5707963267948966,-0.0,0,0.00031790976314649555,4.235065217483125e-06,0.00290673033754291,0.039906849997350946
19.689615506002156,3.072888775530018,0.0,0.0,-0.02811903056832985,-1.2931593712319143,0.20000000298023224,0.00045299628292415784,0.6988716619685801,0.0,0.025887243449687958,-1.1957468914225653,-0.41094371219983283,-1.411314289841588,-1.1957468914225653,0.0,0.0,0.0,-0.2931594380113026,-1.0,0.0,0.4988675167432702,0.2,0.0,-0.1957468914225653,-1.0,-0.0,1.7926276747233754,1.7829244413204495,-0.009703233402925893,-0.009703233402925893,-0.016324261800920215,54.36526870727539,0.0,3.273298938118454,1,-0.06012304877653087,-0.05,0.0038281680718536396,53.95283126831055,1,-0.12373123168945312,-0.05,0.003871583716575769,1.7829244413204495,1.5707963267948966,-0.0,0,0.00031790976314649555,4.235065217483125e-06,0.00290673033754291,0.04035691000171937
19.789393366001605,3.0724406758191773,0.0,0.0,-0.026921414070276154,-1.2974296885823946,0.20000000298023224,-0.00222476924878502,0.705542436645572,0.0,0.023951003327965736,-1.194026106309362,-0.41472675381841545,-1.417432766091577,-1.194026106309362,0.0,0.0,0.0,-0.29743129954863706,-1.0,-0.0,0.5055619305725432,0.2,0.0,-0.19402610630936193,-1.0,0.0,1.792453141798176,1.7842221973424977,-0.00823094445567829,-0.00823094445567829,-0.013611787749445468,54.36561584472656,0.0,3.273298938118454,1,-0.06025747868978301,-0.05,0.004021051406536976,53.95283126831055,1,-0.12383537292480468,-0.05,0.0037602699434084665,1.7842221973424977,1.5707963267948966,-0.0,0,0.00031790976314649555,4.235065217483125e-06,0.00290673033754291,0.04034418900118908
19.889671502001875,3.072102913042658,0.0,0.0,-0.02628727240610468,-1.3002550680566964,0.20000000298023224,-0.00352360379823532,0.7087788662853619,0.0,0.022513624280691147,-1.1919870676087894,-0.41646536986065497,-1.4211218522726032,-1.1919870676087894,0.0,0.0,0.0,-0.3002591095175715,-1.0,-0.0,0.5088090169461689,0.2,0.0,-0.1919870676087893,-1.0,0.0,1.792453141798176,1.7848034361154073,-0.007649705682768904,-0.007649705682768904,-0.008913224294006608,54.36313247680664,0.0,3.273298938118454,1,-0.06035880752273881,-0.05,0.004002439245281738,53.95283126831055,1,-0.12309036254882812,-0.05,0.0036169192207299483,1.7848034361154073,1.5707963267948966,-0.0,0,0.00031790976314649555,4.235065217483125e-06,0.00290673033754291,0.039814070994907524
19.989391247996537,3.0729992190848123,0.0,0.0,-0.02641017266260107,-1.298895925669314,0.20000000298023224,-0.004786189608597158,0.7119243476855194,0.0,0.021549567580223083,-1.1911050695479404,-0.41894851067165056,-1.4207213125570413,-1.1911050695479404,0.0,0.0,0.0,-0.29890338014923284,-1.0,-0.0,0.5119654814720735,0.2,-0.0,-0.1911050695479404,-1.0,0.0,1.792453141798176,1.7854223585817508,-0.0070307832164253625,-0.0070307832164253625,-0.015283898947121753,54.363250732421875,0.0,3.273298938118454,1,-0.06008991571009252,-0.05,0.00397217500769604,53.95283126831055,1,-0.12293815612792969,-0.05,0.0033826541602123574,1.7854223585817508,1.5707963267948966,-0.0,0,0.00031790976314649555,4.235065217483125e-06,0.00290673033754291,0.04032420599833131
20.089513104001526,3.0751852534337845,0.0,0.0,-0.02725079947955723,-1.293109617411816,0.20000000298023224,-0.0066205660596606805,0.7164927543559471,0.0,0.021058904007077217,-1.1917452025685447,-0.4233082433157442,-1.4164407791462525,-1.1917452025685447,0.0,0.0,0.0,-0.29312387082789926,-1.0,0.0,0.5165514225997323,0.2,0.0,-0.19174520256854477,-1.0,-0.0,1.7922786088729765,1.7863658681663044,-0.005912740706672359,-0.005912740706672359,-0.01069621350509215,54.36671447753906,0.0,3.273298938118454,1,-0.05943410540540088,-0.05,0.004016940371737177,53.95283126831055,1,-0.1239612579345703,-0.05,0.0032749593731027436,1.7863658681663044,1.5707963267948966,-0.0,0,0.00031790976314649555,4.235065217483125e-06,0.00290673033754291,0.040145243001461495
20.189436291002494,3.0736300472677445,0.0,0.0,-0.025565078806903743,-1.301284350521981,0.20000000298023224,-0.007249792772324813,0.7180641888505195,0.0,0.021292690187692642,-1.1928126375487713,-0.4225928907094962,-1.4249113617852727,-1.1928126375487713,0.0,0.0,0.0,-0.3013014506590936,-1.0,-0.0,0.5181244893813927,0.2,0.0,-0.1928126375487714,-1.0,-0.0,1.7922786088729765,1.7867180552518132,-0.0055605536211631446,-0.0055605536211631446,-0.008319977907199905,54.368587493896484,0.0,3.273298938118454,1,-0.059900667255212876,-0.05,0.003988534939217523,53.95283126831055,1,-0.12472686767578124,-0.05,0.0032069203147024844,1.7867180552518132,1.5707963267948966,-0.0,0,0.00031790976314649555,4.235065217483125e-06,0.00290673033754291,0.04001048100326443
20.289571989997057,3.073232062052192,0.0,0.0,-0.02519330448141998,-1.3035096915276703,0.20000000298023224,-0.007485912020074127,0.7186534205564432,0.0,0.021197188645601273,-1.1927064856883178,-0.4225679213676258,-1.4272479135087506,-1.1927064856883178,0.0,0.0,0.0,-0.30352792603702095,-1.0,0.0,0.5187147875007659,0.2,-0.0,-0.1927064856883178,-1.0,-0.0,1.7922786088729765,1.786804757615734,-0.005473851257242757,-0.005473851257242757,-0.01045024048119826,54.368534088134766,0.0,3.273298938118454,1,-0.06002006281987868,-0.05,0.0038859780619197705,53.95283126831055,1,-0.12470283508300781,-0.05,0.0031935380402912847,1.786804757615734,1.5707963267948966,-0.0,0,0.00031790976314649555,4.235065217483125e-06,0.00290673033754291,0.04015484700357774
20.389572886997485,3.0712862057861083,0.0,0.0,-0.023396570382247944,-1.3131652944548293,0.20000000298023224,-0.007885933342698829,0.7196547670199567,0.0,0.022087613120675087,-1.1952883219078525,-0.4213296796802368,-1.4369368028120568,-1.1952883219078525,0.0,0.0,0.0,-0.3131855426311693,-1.0,0.0,0.5197148408073277,0.2,0.0,-0.1952883219078524,-1.0,-0.0,1.792104075947778,1.7869069263260997,-0.0051971496216784985,-0.0051971496216784985,-0.010428817973545022,54.374324798583984,0.0,3.273298938118454,1,-0.060603819699703715,-0.05,0.003691104615810616,53.95283126831055,1,-0.12644805908203124,-0.05,0.0032473502948539693,1.7869069263260997,1.5707963267948966,-0.0,0,0.00031790976314649555,4.235065217483125e-06,0.00290673033754291,0.04020306299935328
20.489744336999138,3.0710501811617448,0.0,0.0,-0.02314547830378903,-1.31474612534276,0.20000000298023224,-0.00798876152478684,0.7199117026382537,0.0,0.022042330354452133,-1.1952356078608726,-0.4212181858603678,-1.4385428299497411,-1.1952356078608726,0.0,0.0,0.0,-0.3147669066087553,-1.0,-0.0,0.5199719112625477,0.2,0.0,-0.19523560786087263,-1.0,-0.0,1.792104075947778,1.7869232425809698,-0.005180833366808191,-0.005180833366808191,-0.009944231289053218,54.37457275390625,0.0,3.273298938118454,1,-0.06067462708701279,-0.05,0.0035913070208890177,53.95283126831055,1,-0.126470947265625,-0.05,0.003277669759204519,1.7869232425809698,1.5707963267948966,-0.0,0,0.00031790976314649555,4.235065217483125e-06,0.00290673033754291,0.04000051400362281
20.589401104996796,3.067596916767987,0.0,0.0,-0.020620821872933758,-1.3288920002460727,0.20000000298023224,-0.01154441589611328,0.7287834439886571,0.0,0.0214218869805336,-1.193836705609873,-0.4243754589074753,-1.4549861602183871,-1.193836705609873,0.0,0.0,0.0,-0.3289354458297001,-1.0,-0.0,0.5288610471908638,0.2,0.0,-0.193836705609873,-1.0,0.0,1.792104075947778,1.7886243771655166,-0.003479698782261398,-0.003479698782261398,0.010192274922552027,54.37171173095703,0.0,3.273298938118454,1,-0.061710606405140166,-0.05,0.0033736656442863847,53.95283126831055,1,-0.1256641387939453,-0.05,0.003249320164605925,1.7886243771655166,1.5707963267948966,-0.0,0,0.00031790976314649555,4.235065217483125e-06,0.00290673033754291,0.03985843299597036
20.690008035002393,3.063676010053037,0.0,0.0,-0.018172667225839097,-1.3434568828770448,0.20000000298023224,-0.01670882581230817,0.7416729610015264,0.0,0.021894995123147964,-1.1954917523296653,-0.42991884416636145,-1.4731344014247774,-1.1954917523296653,0.0,0.0,0.0,-0.3435480102870939,-1.0,-0.0,0.541772071981351,0.2,0.0,-0.1954917523296653,-1.0,-0.0,1.792104075947778,1.7912686974942882,-0.000835378453489799,-0.000835378453489799,0.020853926476129943,54.37567138671875,0.0,3.273298938118454,1,-0.06288687841962508,-0.05,0.003101408450560933,53.95283126831055,1,-0.12685203552246094,-0.05,0.003255278315943579,1.7912686974942882,1.5707963267948966,-0.0,0,0.00031790976314649555,4.235065217483125e-06,0.00290673033754291,0.04017643500264967
20.789488590002293,3.058257663182355,0.0,0.0,-0.014622809409104844,-1.3644050059493156,0.20000000298023224,-0.020336486135768328,0.7507439855413568,0.0,0.023210961371660233,-1.1986526188845674,-0.4313042509890485,-1.4963937299938304,-1.1986526188845674,0.0,0.0,0.0,-0.3645402374156922,-1.0,-0.0,0.5508412227900015,0.2,0.0,-0.19865261888456737,-1.0,-0.0,1.7919295430225786,1.7931971293301774,0.0012675863075988225,0.0012675863075988225,0.021051889558411745,54.38212203979492,0.0,3.273298938118454,1,-0.0645123824808297,-0.05,0.002678843094206932,53.95283126831055,1,-0.12878723144531248,-0.05,0.003345573932405376,1.7931971293301774,1.5707963267948966,-0.0,0,0.00031790976314649555,4.235065217483125e-06,0.00290673033754291,0.040003207002882846
20.889587673002097,3.0538075294935703,0.0,0.0,-0.011922112263333302,-1.3811277876434456,0.20000000298023224,-0.0232255984443737,0.7579733304626498,0.0,0.024777047336101532,-1.2027544353830064,-0.43220830472789507,-1.5150028108283358,-1.2027544353830064,0.0,0.0,0.0,-0.38130442890779825,-1.0,0.0,0.5580640035615149,0.2,-0.0,-0.20275443538300641,-1.0,-0.0,1.7919295430225786,1.7948203816617552,0.002890838639176607,0.002890838639176607,0.012618191793650249,54.39546203613281,0.0,3.273298938118454,1,-0.06584742258746513,-0.05,0.0022441292820523156,53.95283126831055,1,-0.13150405883789062,-0.05,0.003526670790985736,1.7948203816617552,1.5707963267948966,-0.0,0,0.00031790976314649555,4.235065217483125e-06,0.00290673033754291,0.04010956599813653
20.98940863199823,3.049235914873305,0.0,0.0,-0.009332356105131511,-1.3977289562794906,0.20000000298023224,-0.026596947439044054,0.7664109746113259,0.0,0.027244748547673225,-1.2092380477334044,-0.4336351173115679,-1.5339467403599836,-1.2092380477334044,0.0,0.0,0.0,-0.3979609480416318,-1.0,-0.0,0.5664923760481908,0.2,0.0,-0.2092380477334044,-1.0,-0.0,1.7919295430225786,1.796849689654277,0.004920146631698152,0.004920146631698152,0.03058932768753364,54.4055290222168,0.0,3.273298938118454,1,-0.06721890697354471,-0.05,0.001763631390644723,53.95283126831055,1,-0.135809326171875,-0.05,0.0038160269861438204,1.796849689654277,1.5707963267948966,-0.0,0,0.00031790976314649555,4.235065217483125e-06,0.00290673033754291,0.03966622999723768
21.08972262500174,3.04795502955043,0.0,0.0,-0.00885378174990039,-1.4017110107969322,0.20000000298023224,-0.02812002262408459,0.7702183802127365,0.0,0.028523636981844902,-1.2128252179554289,-0.43486948434644424,-1.5391291832043035,-1.2128252179554289,0.0,0.0,0.0,-0.401970442338642,-1.0,-0.0,0.570300064010792,0.2,0.0,-0.21282521795542889,-1.0,-0.0,1.7917550100973791,1.797878773634067,0.006123763536687754,0.006123763536687754,0.03414070386060252,54.417659759521484,0.0,3.273298938118454,1,-0.0676031725704072,-0.05,0.001557272863535619,53.95283126831055,1,-0.13832359313964843,-0.05,0.004022012166064429,1.797878773634067,1.5707963267948966,-0.0,0,0.00031790976314649555,4.235065217483125e-06,0.00290673033754291,0.039958090004802216
21.18948576800176,3.050146831438137,0.0,0.0,-0.010734428126390076,-1.3923508925086872,0.20000000298023224,-0.03072990401859412,0.7767166192785544,0.0,0.030559370294213295,-1.2188128496220119,-0.4406397914486832,-1.5322422421814723,-1.2188128496220119,0.0,0.0,0.0,-0.3926604930142298,-1.0,0.0,0.5768247674970659,0.2,0.0,-0.2188128496220118,-1.0,-0.0,1.7917550100973791,1.799620713011739,0.00786570291435984,0.00786570291435984,0.04370042760408703,54.42808532714844,0.0,3.273298938118454,1,-0.06694563200409517,-0.05,0.0015017390739104739,53.95283126831055,1,-0.1425762176513672,-0.05,0.004322738323568675,1.799620713011739,1.5707963267948966,-0.0,0,0.00031790976314649555,4.235065217483125e-06,0.00290673033754291,0.0399170070013497
21.290007655996305,3.0535191192491142,0.0,0.0,-0.013052339027141006,-1.3791183107662552,0.20000000298023224,-0.03252326889149107,0.7811691582043265,0.0,0.031005797907710075,-1.2204757844241296,-0.4461590468244428,-1.5208992977042004,-1.2204757844241296,0.0,0.0,0.0,-0.3794647186248863,-1.0,0.0,0.5813081796793083,0.2,0.0,-0.22047578442412968,-1.0,-0.0,1.7917550100973791,1.8008167977601715,0.009061787662792309,0.009061787662792309,0.04721260137778897,54.434471130371094,0.0,3.273298938118454,1,-0.06593394566080195,-0.05,0.0016910150003579462,53.95283126831055,1,-0.1439495086669922,-0.05,0.004479522150572575,1.8008167977601715,1.5707963267948966,-0.0,0,0.00031790976314649555,4.235065217483125e-06,0.00290673033754291,0.04004223599622492
21.389622369999415,3.0598235077639178,0.0,0.0,-0.017017443622176005,-1.3555532099579326,0.20000000298023224,-0.0311390684772825,0.7776744963210436,0.0,0.03110927902162075,-1.2215865544898956,-0.448491091909133,-1.4970497211961922,-1.2215865544898956,0.0,0.0,0.0,-0.3558701045707011,-1.0,0.0,0.5778476786437868,0.2,-0.0,-0.22158655448989553,-1.0,-0.0,1.7915804771721788,1.8005750773361224,0.008994600163943822,0.008994600163943822,0.03168752167540039,54.43640899658203,0.0,3.273298938118454,1,-0.0640426291063609,-0.05,0.0021264909319979337,53.95283126831055,1,-0.1450733184814453,-0.05,0.0045960430131705325,1.8005750773361224,1.5707963267948966,-0.0,0,0.00031790976314649555,4.235065217483125e-06,0.00290673033754291,0.03988084800221259
21.48973225199734,3.0640877811075966,0.0,0.0,-0.01948858348029244,-1.3402110836627044,0.20000000298023224,-0.028836059701094503,0.7719067500919945,0.0,0.030911095440387726,-1.2215277178984627,-0.4478029197730898,-1.4803642540444704,-1.2215277178984627,0.0,0.0,0.0,-0.3404824591579537,-1.0,0.0,0.5720901567033169,0.2,-0.0,-0.22152771789846265,-1.0,-0.0,1.7915804771721788,1.7996067921313055,0.008026314959126424,0.008026314959126424,0.037199543212843175,54.43695068359375,0.0,3.273298938118454,1,-0.06276334710325723,-0.05,0.0024794411808438037,53.95283126831055,1,-0.14523582458496093,-0.05,0.004619202126886,1.7996067921313055,1.5707963267948966,-0.0,0,0.00031790976314649555,4.235065217483125e-06,0.00290673033754291,0.039953987004992086
21.589428109997243,3.0647810131302786,0.0,0.0,-0.019193704032352075,-1.3393415877552035,0.20000000298023224,-0.024354164354618506,0.7607328963068171,0.0,0.030931422486901283,-1.2223881473476679,-0.4401992294476771,-1.4760674329473094,-1.2223881473476679,0.0,0.0,0.0,-0.33953511718483365,-1.0,-0.0,0.5608854183371269,0.2,-0.0,-0.2223881473476678,-1.0,-0.0,1.7914059442469794,1.7975196495191357,0.006113705272156267,0.006113705272156267,0.024363909292568955,54.43977355957031,0.0,3.273298938118454,1,-0.06255537749645264,-0.05,0.0028189755481449305,53.95283126831055,1,-0.14608268737792968,-0.05,0.004625962517163147,1.7975196495191357,1.5707963267948966,-0.0,0,0.00031790976314649555,4.235065217483125e-06,0.00290673033754291,0.03998517400032142
21.68942922000133,3.062611954658472,0.0,0.0,-0.01738651991420284,-1.348889372467347,0.20000000298023224,-0.02173032384345334,0.7542024535009703,0.0,0.03175879642367363,-1.2251840252727875,-0.43364047440378006,-1.4833340213792379,-1.2251840252727875,0.0,0.0,0.0,-0.3490435568633241,-1.0,-0.0,0.5543258170592139,0.2,-0.0,-0.22518402527278739,-1.0,-0.0,1.7914059442469794,1.7962047770678142,0.004798832820834598,0.004798832820834598,0.02528767654174983,54.449913024902344,0.0,3.273298938118454,1,-0.06320609503799468,-0.05,0.002741293293572078,53.95283126831055,1,-0.1481037139892578,-0.05,0.0046784851401440375,1.7962047770678142,1.5707963267948966,-0.0,0,0.00031790976314649555,4.235065217483125e-06,0.00290673033754291,0.040160059004847426
21.789422740999726,3.056675111009514,0.0,0.0,-0.013059952512748016,-1.3731206182296771,0.20000000298023224,-0.016179724903255976,0.740380190203218,0.0,0.03386315703392029,-1.2315172026177617,-0.4191326252651877,-1.5026479629943652,-1.2315172026177617,0.0,0.0,0.0,-0.3732062614493317,-1.0,-0.0,0.5404493197087206,0.2,-0.0,-0.23151720261776165,-1.0,-0.0,1.7914059442469794,1.7932907412220058,0.0018847969750264149,0.0018847969750264149,0.003590526409665117,54.461238861083984,0.0,3.273298938118454,1,-0.06498714813268207,-0.05,0.0024055259001122668,53.95283126831055,1,-0.15252227783203123,-0.05,0.004868232248189881,1.7932907412220058,1.5707963267948966,-0.0,0,0.00031790976314649555,4.235065217483125e-06,0.00290673033754291,0.03972466100094607
21.889643180998974,3.052346919512762,0.0,0.0,-0.010152724717618612,-1.3903917305725804,0.20000000298023224,-0.012670533878738992,0.7316341973827968,0.0,0.03472605347633362,-1.2343466012298845,-0.409759986708836,-1.5167644894699237,-1.2343466012298845,0.0,0.0,0.0,-0.3904443269625078,-1.0,-0.0,0.5316763421474281,0.2,-0.0,-0.2343466012298845,-1.0,-0.0,1.7914059442469794,1.7913338896877256,-7.205455925385351e-05,-7.205455925385351e-05,0.005782731112115107,54.46831130981445,0.0,3.273298938118454,1,-0.06628560558170764,-0.05,0.002014393674086962,53.95283126831055,1,-0.15464401245117188,-0.05,0.005023464697620991,1.7913338896877256,1.5707963267948966,-0.0,0,0.00031790976314649555,4.235065217483125e-06,0.00290673033754291,0.039777330996003
21.989410845002567,3.0438089374994144,0.0,0.0,-0.004690665107455186,-1.422850068092898,0.20000000298023224,-0.008289986278772627,0.7207121978550487,0.0,0.03542642295360565,-1.237060669673865,-0.39613946785074916,-1.5449925276259249,-1.237060669673865,0.0,0.0,0.0,-0.4228726463407162,-1.0,-0.0,0.5207249731475121,0.2,-0.0,-0.23706066967386513,-1.0,-0.0,1.79123141132178,1.788656897516464,-0.0025745138053157035,-0.0025745138053157035,-0.0032408774553189705,54.475563049316406,0.0,3.273298938118454,1,-0.0688470001857119,-0.05,0.0013902960540657437,53.95283126831055,1,-0.1568195343017578,-0.05,0.005185287581498338,1.788656897516464,1.5707963267948966,-0.0,0,0.00031790976314649555,4.235065217483125e-06,0.00290673033754291,0.04025584299961338
22.08981670399953,3.040916541025495,0.0,0.0,-0.002941241844340311,-1.4344154571345484,0.20000000298023224,-0.007254830706893056,0.7181300671848362,0.0,0.03587345406413078,-1.2385274902340222,-0.39215836151844824,-1.5554646625856143,-1.2385274902340222,0.0,0.0,0.0,-0.43443276526118557,-1.0,0.0,0.5181370842178132,0.2,0.0,-0.2385274902340221,-1.0,-0.0,1.79123141132178,1.7879885065967787,-0.0032429047250013276,-0.0032429047250013276,0.003163675683144864,54.483516693115234,0.0,3.273298938118454,1,-0.06971471912788778,-0.05,0.0009247398805646448,53.95283126831055,1,-0.1579353332519531,-0.05,0.005281297082061809,1.7879885065967787,1.5707963267948966,-0.0,0,0.00031790976314649555,4.235065217483125e-06,0.00290673033754291,0.040201683004852384
22.189399604001665,3.0337488812356317,0.0,0.0,0.0008822064011727142,-1.4592541653414153,0.20000000298023224,-0.005382448904823611,0.7134576949149894,0.0,0.037506021559238434,-1.2439246170858353,-0.3846295190270514,-1.578133306977804,-1.2439246170858353,0.0,0.0,0.0,-0.45926371483194567,-1.0,0.0,0.5134561297126397,0.2,0.0,-0.24392461708583543,-1.0,-0.0,1.79123141132178,1.7864767337467387,-0.004754677575041555,-0.004754677575041555,-0.0035931402504469547,54.492515563964844,0.0,3.273298938118454,1,-0.07186501706484671,-0.05,0.00027689951083392507,53.95283126831055,1,-0.16190528869628906,-0.05,0.005486693169692045,1.7864767337467387,1.5707963267948966,-0.0,0,0.00031790976314649555,4.235065217483125e-06,0.00290673033754291,0.04010980199382175
22.289356200002658,3.034121094906415,0.0,0.0,-1.6283754447593557e-05,-1.4559986974095824,0.20000000298023224,-0.007947754602998297,0.7198693513034556,0.0,0.037230513989925385,-1.2455215371128099,-0.3901533011622356,-1.5766814806411182,-1.2455215371128099,0.0,0.0,0.0,-0.4560195162237478,-1.0,0.0,0.5198693939580763,0.2,0.0,-0.24552153711281,-1.0,-0.0,1.7910568783965806,1.7873876306471124,-0.0036692477494684184,-0.0036692477494684184,0.0018059360351557817,54.498931884765625,0.0,3.273298938118454,1,-0.07175335296361171,-0.05,0.00013186488283137691,53.95283126831055,1,-0.16383018493652343,-0.05,0.005539161813638837,1.7873876306471124,1.5707963267948966,-0.0,0,0.00031790976314649555,4.235065217483125e-06,0.00290673033754291,0.040319658000953496
22.389478974997473,3.0378618905782164,0.0,0.0,-0.0030359641382097444,-1.4402097152604056,0.20000000298023224,-0.008497605596313282,0.7212355291442218,0.0,0.03806143254041672,-1.2493546708949261,-0.39491346315897796,-1.5615466912795746,-1.2493546708949261,0.0,0.0,0.0,-0.44023348503779225,-1.0,0.0,0.5212440214413638,0.2,-0.0,-0.24935467089492613,-1.0,-0.0,1.7910568783965806,1.7873666111945683,-0.003690267202012265,-0.003690267202012265,-0.005891965754753993,54.50914764404297,0.0,3.273298938118454,1,-0.07063111426207129,-0.05,0.0001995541137836194,53.95283126831055,1,-0.16689491271972656,-0.05,0.0056016743652171274,1.7873666111945683,1.5707963267948966,-0.0,0,0.00031790976314649555,4.235065217483125e-06,0.00290673033754291,0.03981499999645166
22.48967030899803,3.040210489647222,0.0,0.0,-0.0046331293709982934,-1.430671943191469,0.20000000298023224,-0.007916309629693806,0.7197787174632048,0.0,0.038524311035871506,-1.2508352774041296,-0.3961185509969577,-1.5517711508802772,-1.2508352774041296,0.0,0.0,0.0,-0.43069255622414093,-1.0,-0.0,0.5197907815248151,0.2,0.0,-0.2508352774041296,-1.0,-0.0,1.7910568783965806,1.786993906537432,-0.004062971859148501,-0.004062971859148501,-0.0017845621369116504,54.51620101928711,0.0,3.273298938118454,1,-0.06992653454136963,-0.05,0.0004420568439337709,53.95283126831055,1,-0.167999267578125,-0.05,0.005688301209866877,1.786993906537432,1.5707963267948966,-0.0,0,0.00031790976314649555,4.235065217483125e-06,0.00290673033754291,0.040161607998015825
22.58940882299794,3.0504058500695646,0.0,0.0,-0.0111677270850483,-1.3923954211092697,0.20000000298023224,-0.004952314161137811,0.7123626621207589,0.0,0.0392439104616642,-1.2545405796610982,-0.39988517656023703,-1.5120573456973196,-1.2545405796610982,0.0,0.0,0.0,-0.3924034611592685,-1.0,0.0,0.5123807928534251,0.2,-0.0,-0.2545405796610981,-1.0,-0.0,1.790882345471382,1.7851431977271768,-0.005739147744205475,-0.005739147744205475,-0.012882227182386019,54.5231819152832,0.0,3.273298938118454,1,-0.06686792641466685,-0.05,0.0010592763538136143,53.95283126831055,1,-0.17110519409179686,-0.05,0.005808524892362933,1.7851431977271768,1.5707963267948966,-0.0,0,0.00031790976314649555,4.235065217483125e-06,0.00290673033754291,0.04027608299657004
22.68968192199827,3.053211412717075,0.0,0.0,-0.012812482493962775,-1.3816763480289833,0.20000000298023224,-0.0038371639403964254,0.709576815044254,0.0,0.03917060047388077,-1.2548898567608897,-0.40041424933786446,-1.5007322266407987,-1.2548898567608897,0.0,0.0,0.0,-0.38168117043566097,-1.0,0.0,0.5095929173015716,0.2,-0.0,-0.2548898567608897,-1.0,-0.0,1.790882345471382,1.7844961555617445,-0.006386189909637352,-0.006386189909637352,-0.019856227734473497,54.526187896728516,0.0,3.273298938118454,1,-0.06602625762041377,-0.05,0.0014321296769414034,53.95283126831055,1,-0.17156295776367186,-0.05,0.0058437014766628765,1.7844961555617445,1.5707963267948966,-0.0,0,0.00031790976314649555,4.235065217483125e-06,0.00290673033754291,0.040077714998915326
22.789407511998434,3.061294596570398,0.0,0.0,-0.017417783268786943,-1.3526111065780526,0.20000000298023224,-0.0010438870799029326,0.7026037857680469,0.0,0.038203753530979156,-1.254126082324351,-0.40239482193047965,-1.4701317263080316,-1.254126082324351,0.0,0.0,0.0,-0.35261146253864417,-1.0,-0.0,0.502609725150338,0.2,0.0,-0.25412608232435097,-1.0,0.0,1.790882345471382,1.7827070139258696,-0.008175331545512421,-0.008175331545512421,-0.017934857996039732,54.52519226074219,0.0,3.273298938118454,1,-0.06360130246441677,-0.05,0.002153795851991382,53.95283126831055,1,-0.17170829772949217,-0.05,0.005785968936120412,1.7827070139258696,1.5707963267948966,-0.0,0,0.00031790976314649555,4.235065217483125e-06,0.00290673033754291,0.040345403998799156
22.88982669499819,3.0681143573642724,0.0,0.0,-0.02082890997671143,-1.3306236224954788,0.20000000298023224,0.0015980409053965353,0.6960157540167875,0.0,0.03464699909090996,-1.2474552934096799,-0.4030560612767529,-1.4465624653123756,-1.2474552934096799,0.0,0.0,0.0,-0.33062445484213787,-1.0,0.0,0.4960049051870893,0.2,-0.0,-0.24745529340967995,-1.0,0.0,1.790882345471382,1.7809948693129527,-0.00988747615842911,-0.00988747615842911,-0.03617104098229649,54.514122009277344,0.0,3.273298938118454,1,-0.0615553742262545,-0.05,0.0025599429583063067,53.95283126831055,1,-0.16838722229003905,-0.05,0.005578927971269062,1.7809948693129527,1.5707963267948966,-0.0,0,0.00031790976314649555,4.235065217483125e-06,0.00290673033754291,0.03979880700353533
22.989571215999604,3.072697190910638,0.0,0.0,-0.023158319378152506,-1.3149031317737359,0.20000000298023224,0.0018043733734880115,0.6955026732270216,0.0,0.03298557177186012,-1.244515955574938,-0.4064546174496951,-1.4309049089188748,-1.244515955574938,0.0,0.0,0.0,-0.31490419135203745,-1.0,0.0,0.49548907401686054,0.2,0.0,-0.244515955574938,-1.0,0.0,1.7907078125461826,1.7805614644304124,-0.010146348115770198,-0.010146348115770198,-0.026881654850606833,54.50871658325195,0.0,3.273298938118454,1,-0.06018052416234476,-0.05,0.003047753756982268,53.95283126831055,1,-0.16676559448242187,-0.05,0.005235210679344007,1.7805614644304124,1.5707963267948966,-0.0,0,0.00031790976314649555,4.235065217483125e-06,0.00290673033754291,0.03996818399900803
23.089403512996796,3.08062861762865,0.0,0.0,-0.027546136761247193,-1.2875425169688104,0.20000000298023224,-0.0011174198945996371,0.7027835655246442,0.0,0.03225698322057724,-1.2433755533937714,-0.417556591448393,-1.4061710301069037,-1.2433755533937714,0.0,0.0,0.0,-0.28754292228453526,-1.0,-0.0,0.5027935571870796,0.2,-0.0,-0.24337555339377143,-1.0,0.0,1.7907078125461826,1.7817824665217579,-0.00892534602442474,-0.00892534602442474,-0.029257861891995477,54.507179260253906,0.0,3.273298938118454,1,-0.05780109614694124,-0.05,0.0035768467764846668,53.95283126831055,1,-0.1661602020263672,-0.05,0.005041631853173021,1.7817824665217579,1.5707963267948966,-0.0,0,0.00031790976314649555,4.235065217483125e-06,0.00290673033754291,0.040444914004183374
23.189615880997735,3.091116848023208,0.0,0.0,-0.03290685673154845,-1.2527829038728655,0.20000000298023224,-0.005599312331713999,0.7139386801259996,0.0,0.032109953463077545,-1.244006002800062,-0.43301925214576636,-1.3753791369972517,-1.244006002800062,0.0,0.0,0.0,-0.25279304658183743,-1.0,0.0,0.5139982882798656,0.2,0.0,-0.24400600280006196,-1.0,-0.0,1.7907078125461826,1.7837640629954126,-0.00694374955077004,-0.00694374955077004,-0.011843901388099971,54.50881576538086,0.0,3.273298938118454,1,-0.0546546270285738,-0.05,0.004336291208535364,53.95283126831055,1,-0.16679534912109376,-0.05,0.004899299784109367,1.7837640629954126,1.5707963267948966,-0.0,0,0.00031790976314649555,4.235065217483125e-06,0.00290673033754291,0.040018722000240814
23.28966792999563,3.0940279823542363,0.0,0.0,-0.03375185974961718,-1.2450288353910326,0.20000000298023224,-0.010289922881407195,0.7256125648503127,0.0,0.03240141645073891,-1.2449353817583777,-0.44293871323429185,-1.371282498809837,-1.2449353817583777,0.0,0.0,0.0,-0.24506305696676128,-1.0,0.0,0.5257248146540986,0.2,0.0,-0.2449353817583777,-1.0,-0.0,1.7907078125461826,1.7860471487154486,-0.004660663830733824,-0.004660663830733824,-0.0022841032713167416,54.50937271118164,0.0,3.273298938118454,1,-0.05378128672926534,-0.05,0.004679278455178492,53.95283126831055,1,-0.1674121856689453,-0.05,0.004878220361306526,1.7860471487154486,1.5707963267948966,-0.0,0,0.00031790976314649555,4.235065217483125e-06,0.00290673033754291,0.03993678600090789
23.389523480997013,3.0983637505308015,0.0,0.0,-0.03509457010632526,-1.2338008790658705,0.20000000298023224,-0.016139163573899967,0.7401651111845517,0.0,0.03205312415957451,-1.2443370499688113,-0.45533108597347877,-1.364837940249599,-1.2443370499688113,0.0,0.0,0.0,-0.23388494685836936,-1.0,0.0,0.5403479163853305,0.2,0.0,-0.24433704996881142,-1.0,-0.0,1.7905332796209823,1.7891425619107477,-0.0013907177102345791,-0.0013907177102345791,0.006885717599764436,54.509883880615234,0.0,3.273298938118454,1,-0.052480556276295776,-0.05,0.005016667007738694,53.95283126831055,1,-0.16711578369140626,-0.05,0.004831857882169349,1.7891425619107477,1.5707963267948966,-0.0,0,0.00031790976314649555,4.235065217483125e-06,0.00290673033754291,0.03948865900019882
23.489863957001944,3.100963079683609,0.0,0.0,-0.035729300480894316,-1.2278855302706508,0.20000000298023224,-0.018223453990274953,0.7453486717666092,0.0,0.0324193574488163,-1.245569240319666,-0.4599892073502615,-1.3607562041282648,-1.245569240319666,0.0,0.0,0.0,-0.22799262418528396,-1.0,0.0,0.545558642426268,0.2,0.0,-0.24556924031966598,-1.0,-0.0,1.7905332796209823,1.7903801638186188,-0.0001531158023633239,-0.0001531158023633239,0.009897846567818202,54.515560150146484,0.0,3.273298938118454,1,-0.051700757530453466,-0.05,0.005173423933483427,53.95283126831055,1,-0.1679901123046875,-0.05,0.004840229433837815,1.7903801638186188,1.5707963267948966,-0.0,0,0.00031790976314649555,4.235065217483125e-06,0.00290673033754291,0.04014520400232868
23.589427229999274,3.1041858552069588,0.0,0.0,-0.03642473798297996,-1.220940611140382,0.20000000298023224,-0.02130181675741407,0.7530045923086346,0.0,0.03362692520022392,-1.2492351740723218,-0.4664177345886939,-1.356527326975352,-1.2492351740723218,0.0,0.0,0.0,-0.22108679033786954,-1.0,-0.0,0.5532545493441158,0.2,0.0,-0.24923517407232185,-1.0,-0.0,1.7905332796209823,1.7922652400112329,0.0017319603902503644,0.0017319603902503644,0.017412966522421566,54.52131652832031,0.0,3.273298938118454,1,-0.050733924873448584,-0.05,0.005352709467036753,53.95283126831055,1,-0.1705455780029297,-0.05,0.004937329130831757,1.7922652400112329,1.5707963267948966,-0.0,0,0.00031790976314649555,4.235065217483125e-06,0.00290673033754291,0.040078274003462866
23.68997261700133,3.102631997778953,0.0,0.0,-0.034512617480109906,-1.2300398768348177,0.20000000298023224,-0.024089253300137666,0.7599551800838988,0.0,0.034583136439323425,-1.252051884206896,-0.46897034475050287,-1.3676976237768197,-1.252051884206896,0.0,0.0,0.0,-0.2302269090464929,-1.0,-0.0,0.5602231407009248,0.2,0.0,-0.25205188420689606,-1.0,-0.0,1.7903587466957829,1.7938957675660825,0.003537020870299834,0.003537020870299834,0.024009828057443085,54.52788543701172,0.0,3.273298938118454,1,-0.05120008210185034,-0.05,0.0052936222093423356,53.95283126831055,1,-0.17251625061035156,-0.05,0.005047502842778899,1.7938957675660825,1.5707963267948966,-0.0,0,0.00031790976314649555,4.235065217483125e-06,0.00290673033754291,0.03987910099385772
23.78940111299744,3.101723575932779,0.0,0.0,-0.03295327750427507,-1.2376440021258888,0.20000000298023224,-0.027918572613774072,0.7694998269729063,0.0,0.03514930605888367,-1.2539733943208526,-0.4732468789517121,-1.378379501905039,-1.2539733943208526,0.0,0.0,0.0,-0.23789529682630572,-1.0,0.0,0.5697964389850158,0.2,0.0,-0.25397339432085264,-1.0,-0.0,1.7903587466957829,1.7963265388283136,0.005967792132530736,0.005967792132530736,0.03443105453558388,54.53288269042969,0.0,3.273298938118454,1,-0.05147260865570251,-0.05,0.00508058533107925,53.95283126831055,1,-0.17401542663574218,-0.05,0.005191338373773252,1.7963265388283136,1.5707963267948966,-0.0,0,0.00031790976314649555,4.235065217483125e-06,0.00290673033754291,0.039694685001450125
23.889378072002728,3.1052689474681814,0.0,0.0,-0.03461913392891264,-1.2272382335916106,0.20000000298023224,-0.031137225807937666,0.7774959381766519,0.0,0.035255786031484604,-1.2545333948678925,-0.4807093993429433,-1.3709602799693341,-1.2545333948678925,0.0,0.0,0.0,-0.22755045351439862,-1.0,0.0,0.5778430719704247,0.2,0.0,-0.25453339486789245,-1.0,-0.0,1.7903587466957829,1.79826603450252,0.007907287806736996,0.007907287806736996,0.042319150901731474,54.53699493408203,0.0,3.273298938118454,1,-0.0504089971950818,-0.05,0.005109742328996206,53.95283126831055,1,-0.17451324462890624,-0.05,0.005235635792498406,1.79826603450252,1.5707963267948966,-0.0,0,0.00031790976314649555,4.235065217483125e-06,0.00290673033754291,0.04017800899600843
23.989440740995633,3.111329204654015,0.0,0.0,-0.037585495599161266,-1.2082680074578338,0.20000000298023224,-0.034952573036668697,0.7869592057836325,0.0,0.03590253368020058,-1.2569825929002116,-0.4907706498179318,-1.355861548496385,-1.2569825929002116,0.0,0.0,0.0,-0.20866066354837437,-1.0,0.0,0.5873814400422523,0.2,0.0,-0.25698259290021164,-1.0,-0.0,1.7901842137705835,1.8008015891267921,0.010617375356208658,0.010617375356208658,0.048879425166434246,54.54084014892578,0.0,3.273298938118454,1,-0.04859092003933169,-0.05,0.005362580827270604,53.95283126831055,1,-0.17640266418457032,-0.05,0.005322604964559295,1.8008015891267921,1.5707963267948966,-0.0,0,0.00031790976314649555,4.235065217483125e-06,0.00290673033754291,0.03938593699422199
24.089904264001234,3.118393571894194,0.0,0.0,-0.041330198738295354,-1.184949565159901,0.20000000298023224,-0.03489179151628304,0.7867670415099046,0.0,0.035093314945697784,-1.2563989447396235,-0.49544100335197544,-1.3332839389179165,-1.2563989447396235,0.0,0.0,0.0,-0.18533997037564665,-1.0,0.0,0.5872294862412882,0.2,0.0,-0.2563989447396236,-1.0,0.0,1.7901842137705835,1.8011456811331192,0.010961467362535782,0.010961467362535782,0.04928228041107353,54.541542053222656,0.0,3.273298938118454,1,-0.04647160986727803,-0.05,0.005717419028810249,53.95283126831055,1,-0.1766132354736328,-0.05,0.005307605679707004,1.8011456811331192,1.5707963267948966,-0.0,0,0.00031790976314649555,4.235065217483125e-06,0.00290673033754291,0.040202971002145205
24.1894010649994,3.128893851448498,0.0,0.0,-0.04659184218526033,-1.1510149661480917,0.20000000298023224,-0.03440573633180945,0.785502018136115,0.0,0.03367513045668602,-1.2546101196175286,-0.5015648206243766,-1.300108304528834,-1.2546101196175286,0.0,0.0,0.0,-0.15139329623812864,-1.0,0.0,0.5860143482801041,0.2,-0.0,-0.25461011961752855,-1.0,0.0,1.7901842137705835,1.8014475514054615,0.011263337634877857,0.011263337634877857,0.0473866074662859,54.53986740112305,0.0,3.273298938118454,1,-0.0433215260009868,-0.05,0.006358138152225511,53.95283126831055,1,-0.17611083984375,-0.05,0.005175850682907531,1.8014475514054615,1.5707963267948966,-0.0,0,0.00031790976314649555,4.235065217483125e-06,0.00290673033754291,0.04022573299880605
24.289804961998016,3.132634905598941,0.0,0.0,-0.04844399986029514,-1.1382268535097948,0.20000000298023224,-0.032663354245262226,0.7811532772183927,0.0,0.03367612510919571,-1.255218052829201,-0.5011737269633277,-1.286307003775355,-1.255218052829201,0.0,0.0,0.0,-0.13856742773650874,-1.0,-0.0,0.5816583930637362,0.2,0.0,-0.25521805282920096,-1.0,-0.0,1.790009680845384,1.800733223761286,0.010723542915902051,0.010723542915902051,0.050525448440707124,54.5431022644043,0.0,3.273298938118454,1,-0.042199209755853895,-0.05,0.006803895832489755,53.95283126831055,1,-0.17665672302246094,-0.05,0.0051147953024556474,1.800733223761286,1.5707963267948966,-0.0,0,0.00031790976314649555,4.235065217483125e-06,0.00290673033754291,0.03999239800032228
24.389432479001698,3.1461129110686703,0.0,0.0,-0.05441204203970783,-1.0978478847461064,0.20000000298023224,-0.027018372691781985,0.7670786562590768,0.0,0.03345872834324837,-1.256470857929206,-0.49964616077299906,-1.2425913877677301,-1.256470857929206,0.0,0.0,0.0,-0.09807991470928518,-1.0,0.0,0.5675459391800355,0.2,-0.0,-0.25647085792920615,-1.0,-0.0,1.790009680845384,1.798341304003266,0.008331623157881829,0.008331623157881829,0.036012707176966266,54.54638671875,0.0,3.273298938118454,1,-0.03815580811493513,-0.05,0.007589122152751259,53.95283126831055,1,-0.17806663513183593,-0.05,0.005054505545878167,1.798341304003266,1.5707963267948966,-0.0,0,0.00031790976314649555,4.235065217483125e-06,0.00290673033754291,0.04015378600161057
24.489971167997282,3.147221710720422,0.0,0.0,-0.05360587486986816,-1.0987638567291595,0.20000000298023224,-0.02307646790785144,0.7572981212601245,0.0,0.03418097645044327,-1.2586834813401797,-0.49226300745941715,-1.2403465599603447,-1.2586834813401797,0.0,0.0,0.0,-0.09893306100520012,-1.0,-0.0,0.5576911772202092,0.2,-0.0,-0.2586834813401798,-1.0,-0.0,1.790009680845384,1.7964458512453603,0.006436170399976238,0.006436170399976238,0.01285777719830403,54.55139923095703,0.0,3.273298938118454,1,-0.037823168219409585,-0.05,0.007835143748154723,53.95283126831055,1,-0.1795703887939453,-0.05,0.005067883904208762,1.7964458512453603,1.5707963267948966,-0.0,0,0.00031790976314649555,4.235065217483125e-06,0.00290673033754291,0.039977225998882204
24.589494481995644,3.149317755657062,0.0,0.0,-0.05362706531693099,-1.0958691909034144,0.20000000298023224,-0.02087080440118682,0.7518216271981467,0.0,0.035159073770046234,-1.2617043039497928,-0.4889861029643858,-1.2357417342640318,-1.2617043039497928,0.0,0.0,0.0,-0.09600750355083476,-1.0,0.0,0.5521770184535477,0.2,-0.0,-0.2617043039497929,-1.0,-0.0,1.7898351479201846,1.7953025827026345,0.005467434782449931,0.005467434782449931,0.025297412089886024,54.558570861816406,0.0,3.273298938118454,1,-0.03719435473841757,-0.05,0.007965288474597317,53.95283126831055,1,-0.1817218780517578,-0.05,0.005176647872011167,1.7953025827026345,1.5707963267948966,-0.0,0,0.00031790976314649555,4.235065217483125e-06,0.00290673033754291,0.03995240900258068
24.68955631800054,3.14361344982892,0.0,0.0,-0.047958603425910545,-1.1246985044010562,0.20000000298023224,-0.016141235264721082,0.7401068467929214,0.0,0.03492298722267151,-1.2622815775180096,-0.47431656702090896,-1.2600510563946339,-1.2622815775180096,0.0,0.0,0.0,-0.12478138338094019,-1.0,-0.0,0.5403530956123833,0.2,-0.0,-0.26228157751800973,-1.0,-0.0,1.7898351479201846,1.7927884914484902,0.002953343528305563,0.002953343528305563,0.01624426329304242,54.56137466430664,0.0,3.273298938118454,1,-0.038905646486860186,-0.05,0.007672007492698938,53.95283126831055,1,-0.1825630187988281,-0.05,0.005204428503489885,1.7927884914484902,1.5707963267948966,-0.0,0,0.00031790976314649555,4.235065217483125e-06,0.00290673033754291,0.04027243400196312
24.789372180995997,3.1395750858001614,0.0,0.0,-0.04388258287048881,-1.146525850148871,0.20000000298023224,-0.013663660846407072,0.7339681793501612,0.0,0.035269733518362045,-1.2646496523527717,-0.46544706976736927,-1.2792927102907887,-1.2646496523527717,0.0,0.0,0.0,-0.14658531540216918,-1.0,-0.0,0.5341591595665983,0.2,-0.0,-0.2646496523527717,-1.0,-0.0,1.7898351479201846,1.7912846870764838,0.0014495391562991955,0.0014495391562991955,0.009930292899562057,54.56826400756836,0.0,3.273298938118454,1,-0.040117155695487794,-0.05,0.007145155384420532,53.95283126831055,1,-0.18462982177734374,-0.05,0.005249902942934088,1.7912846870764838,1.5707963267948966,-0.0,0,0.00031790976314649555,4.235065217483125e-06,0.00290673033754291,0.03930889099865453
24.88961483300227,3.1381648107895437,0.0,0.0,-0.0425513375194364,-1.1543475707852788,0.20000000298023224,-0.013949225138278993,0.7346839284816248,0.0,0.034621711820364,-1.263992573092627,-0.46436103374160753,-1.2871082391506525,-1.263992573092627,0.0,0.0,0.0,-0.1544095754579747,-1.0,-0.0,0.5348730702962781,0.2,0.0,-0.26399257309262697,-1.0,0.0,1.7898351479201846,1.7913420245106058,0.0015068765904211467,0.0015068765904211467,0.018529444764363828,54.56836700439453,0.0,3.273298938118454,1,-0.04054023819867312,-0.05,0.006813013890443478,53.95283126831055,1,-0.18461265563964843,-0.05,0.005241794367385469,1.7913420245106058,1.5707963267948966,-0.0,0,0.00031790976314649555,4.235065217483125e-06,0.00290673033754291,0.04001819700351916
24.989588480995735,3.134829142055426,0.0,0.0,-0.039441976415187735,-1.17176117287372,0.20000000298023224,-0.015093969352461602,0.7375450206464476,0.0,0.03322741389274597,-1.263334746550905,-0.4629562160987486,-1.304863382009892,-1.263334746550905,0.0,0.0,0.0,-0.1718338492144356,-1.0,0.0,0.5377349308317346,0.2,-0.0,-0.26333474655090494,-1.0,0.0,1.789660614994986,1.7916387549305348,0.0019781399355487395,0.0019781399355487395,0.01898106948207059,54.570167541503906,0.0,3.273298938118454,1,-0.041540938818908434,-0.05,0.006276602613204531,53.95283126831055,1,-0.1852008819580078,-0.05,0.005093549299848879,1.7916387549305348,1.5707963267948966,-0.0,0,0.00031790976314649555,4.235065217483125e-06,0.00290673033754291,0.0400715189971379
25.08998009700008,3.1351521938796236,0.0,0.0,-0.039086603876149886,-1.1735107591128389,0.20000000298023224,-0.012679295918929578,0.7315401717905219,0.0,0.032008953392505646,-1.2625342816995233,-0.45842459091119253,-1.3046552874781918,-1.2625342816995233,0.0,0.0,0.0,-0.17356203718007693,-1.0,0.0,0.5316982472479046,0.2,-0.0,-0.2625342816995234,-1.0,0.0,1.789660614994986,1.790327878500937,0.0006672635059512544,0.0006672635059512544,0.0047451326240162805,54.5703239440918,0.0,3.273298938118454,1,-0.04144402327164913,-0.05,0.006074209480812062,53.95283126831055,1,-0.18549957275390624,-0.05,0.004974244446888496,1.790327878500937,1.5707963267948966,-0.0,0,0.00031790976314649555,4.235065217483125e-06,0.00290673033754291,0.040457834002154414
25.1893924649994,3.1370845810861145,0.0,0.0,-0.03952967439302934,-1.1701232385078124,0.20000000298023224,-0.007753411032600337,0.7192858360999577,0.0,0.029692716896533966,-1.2599826478536118,-0.4508062050673909,-1.2974337257766824,-1.2599826478536118,0.0,0.0,0.0,-0.17014240132637423,-1.0,0.0,0.5193835350320815,0.2,-0.0,-0.25998264785361186,-1.0,0.0,1.789660614994986,1.7875513213856344,-0.002109293609351859,-0.002109293609351859,0.00017660367238881954,54.56943130493164,0.0,3.273298938118454,1,-0.040864307109701854,-0.05,0.0059633256963060625,53.95283126831055,1,-0.18498001098632813,-0.05,0.0046900800292502525,1.7875513213856344,1.5707963267948966,-0.0,0,0.00031790976314649555,4.235065217483125e-06,0.00290673033754291,0.04008885799703421
25.289478949001932,3.139984578446487,0.0,0.0,-0.04079366961894068,-1.161939347023536,0.20000000298023224,-0.0046348604825626576,0.7115269440404719,0.0,0.028753118589520454,-1.2596250168840988,-0.4472730646145079,-1.28698113580868,-1.2596250168840988,0.0,0.0,0.0,-0.16194618843665645,-1.0,0.0,0.5115871586569872,0.2,-0.0,-0.2596250168840988,-1.0,0.0,1.7894860820697858,1.7857770507620185,-0.00370903130776723,-0.00370903130776723,-0.007049145362885671,54.5708122253418,0.0,3.273298938118454,1,-0.03999430790159018,-0.05,0.00601498803287445,53.95283126831055,1,-0.185394287109375,-0.05,0.004522388814796673,1.7857770507620185,1.5707963267948966,-0.0,0,0.00031790976314649555,4.235065217483125e-06,0.00290673033754291,0.03991550399950938
25.389465205997112,3.145412885344338,0.0,0.0,-0.04326522665928244,-1.1456626668275316,0.20000000298023224,-0.00022334616961887724,0.7005553007429224,0.0,0.027097275480628014,-1.2580076139888032,-0.4433942719522605,-1.2675654599117565,-1.2580076139888032,0.0,0.0,0.0,-0.1456626826866613,-1.0,0.0,0.5005583728746278,0.2,-0.0,-0.2580076139888032,-1.0,0.0,1.7894860820697858,1.7831212132846992,-0.006364868785086575,-0.006364868785086575,-0.01585502768384401,54.57008361816406,0.0,3.273298938118454,1,-0.03836581583223477,-0.05,0.006257207123175986,53.95283126831055,1,-0.18517570495605468,-0.05,0.0042653664478795004,1.7831212132846992,1.5707963267948966,-0.0,0,0.00031790976314649555,4.235065217483125e-06,0.00290673033754291,0.039946677003172226
25.48957601699658,3.149232890104222,0.0,0.0,-0.04490429812058266,-1.1344315392818733,0.20000000298023224,0.0014229557518641248,0.696462907719709,0.0,0.027303781360387802,-1.2597878989983835,-0.443228373167016,-1.255206799044107,-1.2597878989983835,0.0,0.0,0.0,-0.13443218223307507,-1.0,0.0,0.49644261807092027,0.2,-0.0,-0.2597878989983836,-1.0,-0.0,1.7894860820697858,1.7819520668868598,-0.007534015182925735,-0.007534015182925735,-0.01842191944944274,54.57747268676758,0.0,3.273298938118454,1,-0.03721981440426964,-0.05,0.006466934354866978,53.95283126831055,1,-0.18666229248046876,-0.05,0.004178174842472986,1.7819520668868598,1.5707963267948966,-0.0,0,0.00031790976314649555,4.235065217483125e-06,0.00290673033754291,0.03988653999840608
25.589409501000773,3.1552946001666973,0.0,0.0,-0.047307204143930935,-1.1173202978336492,0.20000000298023224,0.003165382588300642,0.6921340094327704,0.0,0.027478136122226715,-1.2617807736192796,-0.4443551823079639,-1.2369327414700497,-1.2617807736192796,0.0,0.0,0.0,-0.11732347333647855,-1.0,0.0,0.49208655097982895,0.2,-0.0,-0.26178077361927965,-1.0,-0.0,1.7894860820697858,1.7805188790215218,-0.008967203048263706,-0.008967203048263706,-0.02201633486595303,54.58097457885742,0.0,3.273298938118454,1,-0.03540130138552704,-0.05,0.0068078376852018264,53.95283126831055,1,-0.1884429931640625,-0.05,0.00414035566700956,1.7805188790215218,1.5707963267948966,-0.0,0,0.00031790976314649555,4.235065217483125e-06,0.00290673033754291,0.0401937239948893
25.68991401600215,3.159571782607438,0.0,0.0,-0.04897337721636376,-1.1053678865591032,0.20000000298023224,0.0037479626382714015,0.6906881942930975,0.0,0.026615742594003677,-1.261158156967639,-0.44621915127395534,-1.2246537532741035,-1.261158156967639,0.0,0.0,0.0,-0.10537233248561,-1.0,0.0,0.4906301008549021,0.2,-0.0,-0.2611581569676391,-1.0,0.0,1.7893115491445863,1.7798740790666727,-0.009437470077913623,-0.009437470077913623,-0.024161242168028296,54.58159255981445,0.0,3.273298938118454,1,-0.034118146653304794,-0.05,0.007045480774111708,53.95283126831055,1,-0.18862838745117186,-0.05,0.004085973077536451,1.7798740790666727,1.5707963267948966,-0.0,0,0.00031790976314649555,4.235065217483125e-06,0.00290673033754291,0.040303139001480304
25.78939075100061,3.1663414427327004,0.0,0.0,-0.05155153443008346,-1.0866798477175497,0.20000000298023224,0.004254315194300774,0.6894334844130922,0.0,0.025661947205662727,-1.261294776543001,-0.44980563393875483,-1.2057638709724094,-1.261294776543001,0.0,0.0,0.0,-0.0866855638407474,-1.0,0.0,0.48936421946482866,0.2,-0.0,-0.26129477654300104,-1.0,-0.0,1.7893115491445863,1.7790987327148335,-0.010212816429752802,-0.010212816429752802,-0.026137088901688577,54.58477783203125,0.0,3.273298938118454,1,-0.032087248615726115,-0.05,0.007419563828110019,53.95283126831055,1,-0.18958396911621092,-0.05,0.003951139778872649,1.7790987327148335,1.5707963267948966,-0.0,0,0.00031790976314649555,4.235065217483125e-06,0.00290673033754291,0.03987392200360773
25.889788455999224,3.168965791432491,0.0,0.0,-0.05198629898835585,-1.0813833611291455,0.20000000298023224,0.006883469661035693,0.6829042553474636,0.0,0.0245340708643198,-1.2599625000938035,-0.44642462326225424,-1.1985212770092135,-1.2599625000938035,0.0,0.0,0.0,-0.08139831305911029,-1.0,-0.0,0.48279133329799134,0.2,-0.0,-0.2599625000938036,-1.0,0.0,1.7893115491445863,1.777504099320317,-0.011807449824269511,-0.011807449824269511,-0.03991530051193117,54.583717346191406,0.0,3.273298938118454,1,-0.03129994400578888,-0.05,0.00760742820167029,53.95283126831055,1,-0.18926582336425782,-0.05,0.003837394134774054,1.777504099320317,1.5707963267948966,-0.0,0,0.00031790976314649555,4.235065217483125e-06,0.00290673033754291,0.03994135300308699
25.9893089449979,3.170859023311234,0.0,0.0,-0.051982602030845475,-1.0788089070089275,0.20000000298023224,0.010557088810210578,0.6737803568048256,0.0,0.023736227303743362,-1.2596000166154542,-0.4406063638214805,-1.1931783853296405,-1.2596000166154542,0.0,0.0,0.0,-0.07884405588288489,-1.0,-0.0,0.47360728542505415,0.2,0.0,-0.25960001661545423,-1.0,0.0,1.7893115491445863,1.775340130307301,-0.013971418837285476,-0.013971418837285476,-0.033214329417948656,54.584598541259766,0.0,3.273298938118454,1,-0.030731974442166042,-0.05,0.007724290842551258,53.95283126831055,1,-0.18953018188476561,-0.05,0.0036663925730547322,1.775340130307301,1.5707963267948966,-0.0,0,0.00031790976314649555,4.235065217483125e-06,0.00290673033754291,0.040021280001383275
26.089494232001016,3.1732835723092685,0.0,0.0,-0.051673848439245613,-1.0770968839688742,0.20000000298023224,0.015269351674022331,0.6620752748633435,0.0,0.02238907478749752,-1.2584857446676982,-0.43304863012606404,-1.1878342691582735,-1.2584857446676982,0.0,0.0,0.0,-0.07717035773673389,-1.0,-0.0,0.4618266282655248,0.2,-0.0,-0.25848574466769825,-1.0,0.0,1.789137016219387,1.7723484153593474,-0.016788600860039526,-0.016788600860039526,-0.0526634633946968,54.58277130126953,0.0,3.273298938118454,1,-0.03000460974275567,-0.05,0.007751999240381017,53.95283126831055,1,-0.1896343231201172,-0.05,0.003537653239916412,1.7723484153593474,1.5707963267948966,-0.0,0,0.00031790976314649555,4.235065217483125e-06,0.00290673033754291,0.04014546600228641
26.18946081699687,3.1745425889571854,0.0,0.0,-0.05083358834893951,-1.0790320500739898,0.20000000298023224,0.02057830156734428,0.6488837715277994,0.0,0.01986820437014103,-1.2544740120981566,-0.4237771292230694,-1.1856530937784764,-1.2544740120981566,0.0,0.0,0.0,-0.07916544456580409,-1.0,0.0,0.4485542535322199,0.2,-0.0,-0.25447401209815657,-1.0,0.0,1.789137016219387,1.7689427657265244,-0.020194250492862498,-0.020194250492862498,-0.07811611364693115,54.57905578613281,0.0,3.273298938118454,1,-0.02962690474838059,-0.05,0.007682531181893323,53.95283126831055,1,-0.18786735534667967,-0.05,0.0032615476186641915,1.7689427657265244,1.5707963267948966,-0.0,0,0.00031790976314649555,4.235065217483125e-06,0.00290673033754291,0.039580778997333255
26.289531094997074,3.1721035561684325,0.0,0.0,-0.04815162745166271,-1.0924174351961056,0.20000000298023224,0.021942606987928458,0.6454765724978627,0.0,0.018437135964632034,-1.2527128342957958,-0.4192806576367487,-1.1975890733034105,-1.2527128342957958,0.0,0.0,0.0,-0.09256922027906428,-1.0,-0.0,0.4451434899807594,0.2,-0.0,-0.25271283429579583,-1.0,0.0,1.789137016219387,1.7677080476209872,-0.021428968598399933,-0.021428968598399933,-0.06325306579273199,54.577239990234375,0.0,3.273298938118454,1,-0.03035861458500646,-0.05,0.007521861725593265,53.95283126831055,1,-0.18732261657714844,-0.05,0.003046918245984596,1.7677080476209872,1.5707963267948966,-0.0,0,0.00031790976314649555,4.235065217483125e-06,0.00290673033754291,0.039882445002149325
26.389554262001184,3.1698648827064435,0.0,0.0,-0.04536126636100617,-1.1067875275663195,0.20000000298023224,0.022414065968895967,0.6442855913470663,0.0,0.017718568444252014,-1.253210701419747,-0.41669210937548273,-1.2109707842792972,-1.253210701419747,0.0,0.0,0.0,-0.10694601708301754,-1.0,-0.0,0.4439648425283407,0.2,0.0,-0.2532107014197471,-1.0,0.0,1.789137016219387,1.7665597687529921,-0.022577247466395,-0.022577247466395,-0.06769749278336798,54.580543518066406,0.0,3.273298938118454,1,-0.03103021662360317,-0.05,0.007150012373792324,53.95283126831055,1,-0.1883136749267578,-0.05,0.0028215419512627473,1.7665597687529921,1.5707963267948966,-0.0,0,0.00031790976314649555,4.235065217483125e-06,0.00290673033754291,0.040237291002995335
26.489999350997095,3.1667630151916977,0.0,0.0,-0.04259333449310535,-1.1217833666501886,0.20000000298023224,0.018876432193823317,0.6530628171960808,0.0,0.017842097207903862,-1.2548523599716108,-0.4208111829540444,-1.2279278941362686,-1.2548523599716108,0.0,0.0,0.0,-0.12189588523483134,-1.0,-0.0,0.4528089269660223,0.2,0.0,-0.25485235997161093,-1.0,-0.0,1.7889624832941875,1.7678415428546075,-0.021120940439580238,-0.021120940439580238,-0.04845237693719077,54.58535385131836,0.0,3.273298938118454,1,-0.03196077687802692,-0.05,0.006861872988966546,53.95283126831055,1,-0.18975677490234374,-0.05,0.0027465121386366655,1.7678415428546075,1.5707963267948966,-0.0,0,0.00031790976314649555,4.235065217483125e-06,0.00290673033754291,0.03959963899978902
26.589491558996087,3.165446716883087,0.0,0.0,-0.04101044163599304,-1.130793719601369,0.20000000298023224,0.015811514516831784,0.6606760697158345,0.0,0.017992768436670303,-1.2563244059041498,-0.42517741712218454,-1.2387136349271246,-1.2563244059041498,0.0,0.0,0.0,-0.1308726986566734,-1.0,-0.0,0.46047122115850114,0.2,0.0,-0.2563244059041499,-1.0,-0.0,1.7889624832941875,1.768920052202962,-0.0200424310912255,-0.0200424310912255,-0.059370663319755435,54.58964538574219,0.0,3.273298938118454,1,-0.03235566637061016,-0.05,0.006445838426170887,53.95283126831055,1,-0.19104423522949218,-0.05,0.002712597762012592,1.768920052202962,1.5707963267948966,-0.0,0,0.00031790976314649555,4.235065217483125e-06,0.00290673033754291,0.03985483200085582
26.689994546999515,3.1645785853339885,0.0,0.0,-0.03957830949625006,-1.1380103947755233,0.20000000298023224,0.010477846819372047,0.6739364332734489,0.0,0.016257183626294136,-1.2540988669689384,-0.433983948579747,-1.249366202154361,-1.2540988669689384,0.0,0.0,0.0,-0.1380450866850494,-1.0,-0.0,0.4738053904021505,0.2,0.0,-0.25409886696893846,-1.0,0.0,1.7889624832941875,1.771141211674328,-0.01782127161985958,-0.01782127161985958,-0.04393651398958897,54.58774948120117,0.0,3.273298938118454,1,-0.03261610583533967,-0.05,0.00622577322307645,53.95283126831055,1,-0.1904754638671875,-0.05,0.002633780524543173,1.771141211674328,1.5707963267948966,-0.0,0,0.00031790976314649555,4.235065217483125e-06,0.00290673033754291,0.04032602599909296
26.789380540998536,3.165906066506894,0.0,0.0,-0.03949152260899877,-1.1375836700313062,0.20000000298023224,0.005676824190512493,0.6858787596977843,0.0,0.013686243444681168,-1.2497696172715942,-0.4431790250844995,-1.2522454356281836,-1.2497696172715942,0.0,0.0,0.0,-0.13759384921294107,-1.0,0.0,0.48580794697429935,0.2,0.0,-0.24976961727159422,-1.0,0.0,1.7889624832941875,1.77321289322313,-0.015749590071057362,-0.015749590071057362,-0.04670242810912412,54.58100891113281,0.0,3.273298938118454,1,-0.03221786148346806,-0.05,0.006034645751018335,53.95283126831055,1,-0.1884532928466797,-0.05,0.002369919019766656,1.77321289322313,1.5707963267948966,-0.0,0,0.00031790976314649555,4.235065217483125e-06,0.00290673033754291,0.03922844399494352
26.889608609999414,3.1669993344804714,0.0,0.0,-0.03993827972016972,-1.1347634797944102,0.20000000298023224,0.004206161405197642,0.6895376468444543,0.0,0.012114015407860279,-1.2469352651893828,-0.4463959383989744,-1.250552273066506,-1.2469352651893828,0.0,0.0,0.0,-0.13476906608979508,-1.0,-0.0,0.4894846039375865,0.2,-0.0,-0.24693526518938283,-1.0,0.0,1.788787950368988,1.7739600513357594,-0.014827899033228675,-0.014827899033228675,-0.06137810810944783,54.57201385498047,0.0,3.273298938118454,1,-0.03188988109139479,-0.05,0.006013183747279715,53.95283126831055,1,-0.18692092895507811,-0.05,0.0020996791735555524,1.7739600513357594,1.5707963267948966,-0.0,0,0.00031790976314649555,4.235065217483125e-06,0.00290673033754291,0.03996209799515782
