[0.000000] (-) TimerEvent: {}
[0.001576] (custom_interfaces) JobQueued: {'identifier': 'custom_interfaces', 'dependencies': OrderedDict()}
[0.001706] (start_mission) JobQueued: {'identifier': 'start_mission', 'dependencies': OrderedDict()}
[0.001949] (mission) JobQueued: {'identifier': 'mission', 'dependencies': OrderedDict([('custom_interfaces', '/home/colin/dockerfile_playground/install/custom_interfaces')])}
[0.002016] (polar) JobQueued: {'identifier': 'polar', 'dependencies': OrderedDict([('custom_interfaces', '/home/colin/dockerfile_playground/install/custom_interfaces')])}
[0.002070] (custom_interfaces) JobStarted: {'identifier': 'custom_interfaces'}
[0.012942] (start_mission) JobStarted: {'identifier': 'start_mission'}
[0.020466] (custom_interfaces) JobProgress: {'identifier': 'custom_interfaces', 'progress': 'cmake'}
[0.025437] (custom_interfaces) Command: {'cmd': ['/usr/bin/cmake', '/home/colin/dockerfile_playground/ros2_ws/src/custom_interfaces', '-DCMAKE_INSTALL_PREFIX=/home/colin/dockerfile_playground/install/custom_interfaces'], 'cwd': '/home/colin/dockerfile_playground/build/custom_interfaces', 'env': OrderedDict([('LESSOPEN', '| /usr/bin/lesspipe %s'), ('USER', 'colin'), ('GIT_ASKPASS', '/home/colin/.vscode-server/bin/e3550cfac4b63ca4eafca7b601f0d2885817fd1f/extensions/git/dist/askpass.sh'), ('SHLVL', '1'), ('LD_LIBRARY_PATH', '/opt/ros/humble/opt/rviz_ogre_vendor/lib:/opt/ros/humble/lib/x86_64-linux-gnu:/opt/ros/humble/lib'), ('HOME', '/home/colin'), ('TERM_PROGRAM_VERSION', '1.103.0'), ('VSCODE_IPC_HOOK_CLI', '/run/user/1000/vscode-ipc-3e7a7990-4e04-461c-abec-717b25760553.sock'), ('ROS_PYTHON_VERSION', '3'), ('VSCODE_GIT_ASKPASS_MAIN', '/home/colin/.vscode-server/bin/e3550cfac4b63ca4eafca7b601f0d2885817fd1f/extensions/git/dist/askpass-main.js'), ('VSCODE_GIT_ASKPASS_NODE', '/home/colin/.vscode-server/bin/e3550cfac4b63ca4eafca7b601f0d2885817fd1f/node'), ('PYDEVD_DISABLE_FILE_VALIDATION', '1'), ('BUNDLED_DEBUGPY_PATH', '/home/colin/.vscode-server/extensions/ms-python.debugpy-2025.10.0-linux-x64/bundled/libs/debugpy'), ('DBUS_SESSION_BUS_ADDRESS', 'unix:path=/run/user/1000/bus'), ('COLORTERM', 'truecolor'), ('WSL_DISTRO_NAME', 'Ubuntu-22.04'), ('WAYLAND_DISPLAY', 'wayland-0'), ('ROS_DISTRO', 'humble'), ('LOGNAME', 'colin'), ('NAME', 'Pc'), ('WSL_INTEROP', '/run/WSL/670_interop'), ('PULSE_SERVER', 'unix:/mnt/wslg/PulseServer'), ('_', '/usr/bin/colcon'), ('ROS_VERSION', '2'), ('TERM', 'xterm-256color'), ('ROS_LOCALHOST_ONLY', '0'), ('PATH', '/home/colin/.vscode-server/bin/e3550cfac4b63ca4eafca7b601f0d2885817fd1f/bin/remote-cli:/home/colin/ardupilot/Tools/autotest:/usr/lib/ccache:/home/colin/ardupilot_sim/ardu_ws/src/ardupilot/Tools/autotest:/opt/gcc-arm-none-eabi-10-2020-q4-major/bin:/home/colin/.local/bin:/opt/ros/humble/bin:/usr/local/sbin:/usr/local/bin:/usr/sbin:/usr/bin:/sbin:/bin:/usr/games:/usr/local/games:/usr/lib/wsl/lib:/mnt/c/Program Files (x86)/NVIDIA Corporation/PhysX/Common:/mnt/c/WINDOWS/system32:/mnt/c/WINDOWS:/mnt/c/WINDOWS/System32/Wbem:/mnt/c/WINDOWS/System32/WindowsPowerShell/v1.0/:/mnt/c/WINDOWS/System32/OpenSSH/:/mnt/c/Users/Ordinateur/Desktop/Programmation/Git/cmd:/mnt/c/Program Files/dotnet/:/mnt/c/Program Files/Nookkin/MultiscreenBlank2:/mnt/c/Program Files (x86)/IVI Foundation/VISA/WinNT/Bin/:/mnt/c/Program Files/IVI Foundation/VISA/Win64/Bin/:/mnt/c/Program Files (x86)/National Instruments/Shared/LabVIEW CLI:/mnt/c/Program Files (x86)/IVI Foundation/VISA/WinNT/Bin:/mnt/c/Program Files/NVIDIA Corporation/NVIDIA app/NvDLISR:/mnt/c/Program Files/Microsoft VS Code/bin:/mnt/c/Program Files/MiKTeX/miktex/bin/x64/:/mnt/c/Program Files (x86)/Windows Kits/8.1/Windows Performance Toolkit/:/mnt/c/WINDOWS/system32:/mnt/c/WINDOWS:/mnt/c/WINDOWS/System32/Wbem:/mnt/c/WINDOWS/System32/WindowsPowerShell/v1.0/:/mnt/c/WINDOWS/System32/OpenSSH/:/mnt/c/Users/Ordinateur/Desktop/Programmation/Git/cmd:/mnt/c/Program Files/dotnet/:/mnt/c/Program Files/Nookkin/MultiscreenBlank2:/mnt/c/Program Files (x86)/IVI Foundation/VISA/WinNT/Bin/:/mnt/c/Program Files/IVI Foundation/VISA/Win64/Bin/:/mnt/c/Program Files (x86)/National Instruments/Shared/LabVIEW CLI:/mnt/c/Program Files (x86)/IVI Foundation/VISA/WinNT/Bin:/mnt/c/Program Files/NVIDIA Corporation/NVIDIA app/NvDLISR:/mnt/c/Program Files/Microsoft VS Code/bin:/mnt/c/Users/Ordinateur/AppData/Local/Microsoft/WindowsApps:/mnt/c/Users/Ordinateur/AppData/Local/Programs/Microsoft VS Code/bin:/mnt/c/Users/Ordinateur/AppData/Local/Packages/PythonSoftwareFoundation.Python.3.11_qbz5n2kfra8p0/LocalCache/local-packages/Python311/Scripts:/mnt/c/Users/Ordinateur/AppData/Local/Packages/PythonSoftwareFoundation.Python.3.11_qbz5n2kfra8p0/LocalCache/local-packages/Python311/Scripts:/mnt/c/Users/Ordinateur/.dotnet/tools:/mnt/c/Program Files/MiKTeX/miktex/bin/x64:/snap/bin:/home/colin/.vscode-server/extensions/ms-python.debugpy-2025.10.0-linux-x64/bundled/scripts/noConfigScripts:/home/colin/.vscode-server/data/User/globalStorage/github.copilot-chat/debugCommand'), ('XDG_RUNTIME_DIR', '/run/user/1000/'), ('DISPLAY', ':0'), ('VSCODE_DEBUGPY_ADAPTER_ENDPOINTS', '/home/colin/.vscode-server/extensions/ms-python.debugpy-2025.10.0-linux-x64/.noConfigDebugAdapterEndpoints/endpoint-5785ce27e3ec93d4.txt'), ('LANG', 'en_US.UTF-8'), ('LS_COLORS', 'rs=0:di=01;34:ln=01;36:mh=00:pi=40;33:so=01;35:do=01;35:bd=40;33;01:cd=40;33;01:or=40;31;01:mi=00:su=37;41:sg=30;43:ca=30;41:tw=30;42:ow=34;42:st=37;44:ex=01;32:*.tar=01;31:*.tgz=01;31:*.arc=01;31:*.arj=01;31:*.taz=01;31:*.lha=01;31:*.lz4=01;31:*.lzh=01;31:*.lzma=01;31:*.tlz=01;31:*.txz=01;31:*.tzo=01;31:*.t7z=01;31:*.zip=01;31:*.z=01;31:*.dz=01;31:*.gz=01;31:*.lrz=01;31:*.lz=01;31:*.lzo=01;31:*.xz=01;31:*.zst=01;31:*.tzst=01;31:*.bz2=01;31:*.bz=01;31:*.tbz=01;31:*.tbz2=01;31:*.tz=01;31:*.deb=01;31:*.rpm=01;31:*.jar=01;31:*.war=01;31:*.ear=01;31:*.sar=01;31:*.rar=01;31:*.alz=01;31:*.ace=01;31:*.zoo=01;31:*.cpio=01;31:*.7z=01;31:*.rz=01;31:*.cab=01;31:*.wim=01;31:*.swm=01;31:*.dwm=01;31:*.esd=01;31:*.jpg=01;35:*.jpeg=01;35:*.mjpg=01;35:*.mjpeg=01;35:*.gif=01;35:*.bmp=01;35:*.pbm=01;35:*.pgm=01;35:*.ppm=01;35:*.tga=01;35:*.xbm=01;35:*.xpm=01;35:*.tif=01;35:*.tiff=01;35:*.png=01;35:*.svg=01;35:*.svgz=01;35:*.mng=01;35:*.pcx=01;35:*.mov=01;35:*.mpg=01;35:*.mpeg=01;35:*.m2v=01;35:*.mkv=01;35:*.webm=01;35:*.webp=01;35:*.ogm=01;35:*.mp4=01;35:*.m4v=01;35:*.mp4v=01;35:*.vob=01;35:*.qt=01;35:*.nuv=01;35:*.wmv=01;35:*.asf=01;35:*.rm=01;35:*.rmvb=01;35:*.flc=01;35:*.avi=01;35:*.fli=01;35:*.flv=01;35:*.gl=01;35:*.dl=01;35:*.xcf=01;35:*.xwd=01;35:*.yuv=01;35:*.cgm=01;35:*.emf=01;35:*.ogv=01;35:*.ogx=01;35:*.aac=00;36:*.au=00;36:*.flac=00;36:*.m4a=00;36:*.mid=00;36:*.midi=00;36:*.mka=00;36:*.mp3=00;36:*.mpc=00;36:*.ogg=00;36:*.ra=00;36:*.wav=00;36:*.oga=00;36:*.opus=00;36:*.spx=00;36:*.xspf=00;36:'), ('VSCODE_GIT_IPC_HANDLE', '/run/user/1000/vscode-git-b329096974.sock'), ('ROS_ROOT', '/opt/ros/humble'), ('TERM_PROGRAM', 'vscode'), ('ROS_DOMAIN_ID', '1source'), ('AMENT_PREFIX_PATH', '/opt/ros/humble'), ('SHELL', '/bin/bash'), ('LESSCLOSE', '/usr/bin/lesspipe %s %s'), ('GZ_VERSION', 'harmonic'), ('VSCODE_GIT_ASKPASS_EXTRA_ARGS', ''), ('PWD', '/home/colin/dockerfile_playground/build/custom_interfaces'), ('XDG_DATA_DIRS', '/usr/local/share:/usr/share:/var/lib/snapd/desktop'), ('PYTHONPATH', '/opt/ros/humble/lib/python3.10/site-packages:/opt/ros/humble/local/lib/python3.10/dist-packages'), ('COLCON', '1'), ('WSL2_GUI_APPS_ENABLED', '1'), ('HOSTTYPE', 'x86_64'), ('WSLENV', 'VSCODE_WSL_EXT_LOCATION/up'), ('CMAKE_PREFIX_PATH', '/opt/ros/humble')]), 'shell': False}
[0.034207] (start_mission) JobProgress: {'identifier': 'start_mission', 'progress': 'cmake'}
[0.038768] (start_mission) Command: {'cmd': ['/usr/bin/cmake', '/home/colin/dockerfile_playground/ros2_ws/src/start_mission', '-DCMAKE_INSTALL_PREFIX=/home/colin/dockerfile_playground/install/start_mission'], 'cwd': '/home/colin/dockerfile_playground/build/start_mission', 'env': OrderedDict([('LESSOPEN', '| /usr/bin/lesspipe %s'), ('USER', 'colin'), ('GIT_ASKPASS', '/home/colin/.vscode-server/bin/e3550cfac4b63ca4eafca7b601f0d2885817fd1f/extensions/git/dist/askpass.sh'), ('SHLVL', '1'), ('LD_LIBRARY_PATH', '/opt/ros/humble/opt/rviz_ogre_vendor/lib:/opt/ros/humble/lib/x86_64-linux-gnu:/opt/ros/humble/lib'), ('HOME', '/home/colin'), ('TERM_PROGRAM_VERSION', '1.103.0'), ('VSCODE_IPC_HOOK_CLI', '/run/user/1000/vscode-ipc-3e7a7990-4e04-461c-abec-717b25760553.sock'), ('ROS_PYTHON_VERSION', '3'), ('VSCODE_GIT_ASKPASS_MAIN', '/home/colin/.vscode-server/bin/e3550cfac4b63ca4eafca7b601f0d2885817fd1f/extensions/git/dist/askpass-main.js'), ('VSCODE_GIT_ASKPASS_NODE', '/home/colin/.vscode-server/bin/e3550cfac4b63ca4eafca7b601f0d2885817fd1f/node'), ('PYDEVD_DISABLE_FILE_VALIDATION', '1'), ('BUNDLED_DEBUGPY_PATH', '/home/colin/.vscode-server/extensions/ms-python.debugpy-2025.10.0-linux-x64/bundled/libs/debugpy'), ('DBUS_SESSION_BUS_ADDRESS', 'unix:path=/run/user/1000/bus'), ('COLORTERM', 'truecolor'), ('WSL_DISTRO_NAME', 'Ubuntu-22.04'), ('WAYLAND_DISPLAY', 'wayland-0'), ('ROS_DISTRO', 'humble'), ('LOGNAME', 'colin'), ('NAME', 'Pc'), ('WSL_INTEROP', '/run/WSL/670_interop'), ('PULSE_SERVER', 'unix:/mnt/wslg/PulseServer'), ('_', '/usr/bin/colcon'), ('ROS_VERSION', '2'), ('TERM', 'xterm-256color'), ('ROS_LOCALHOST_ONLY', '0'), ('PATH', '/home/colin/.vscode-server/bin/e3550cfac4b63ca4eafca7b601f0d2885817fd1f/bin/remote-cli:/home/colin/ardupilot/Tools/autotest:/usr/lib/ccache:/home/colin/ardupilot_sim/ardu_ws/src/ardupilot/Tools/autotest:/opt/gcc-arm-none-eabi-10-2020-q4-major/bin:/home/colin/.local/bin:/opt/ros/humble/bin:/usr/local/sbin:/usr/local/bin:/usr/sbin:/usr/bin:/sbin:/bin:/usr/games:/usr/local/games:/usr/lib/wsl/lib:/mnt/c/Program Files (x86)/NVIDIA Corporation/PhysX/Common:/mnt/c/WINDOWS/system32:/mnt/c/WINDOWS:/mnt/c/WINDOWS/System32/Wbem:/mnt/c/WINDOWS/System32/WindowsPowerShell/v1.0/:/mnt/c/WINDOWS/System32/OpenSSH/:/mnt/c/Users/Ordinateur/Desktop/Programmation/Git/cmd:/mnt/c/Program Files/dotnet/:/mnt/c/Program Files/Nookkin/MultiscreenBlank2:/mnt/c/Program Files (x86)/IVI Foundation/VISA/WinNT/Bin/:/mnt/c/Program Files/IVI Foundation/VISA/Win64/Bin/:/mnt/c/Program Files (x86)/National Instruments/Shared/LabVIEW CLI:/mnt/c/Program Files (x86)/IVI Foundation/VISA/WinNT/Bin:/mnt/c/Program Files/NVIDIA Corporation/NVIDIA app/NvDLISR:/mnt/c/Program Files/Microsoft VS Code/bin:/mnt/c/Program Files/MiKTeX/miktex/bin/x64/:/mnt/c/Program Files (x86)/Windows Kits/8.1/Windows Performance Toolkit/:/mnt/c/WINDOWS/system32:/mnt/c/WINDOWS:/mnt/c/WINDOWS/System32/Wbem:/mnt/c/WINDOWS/System32/WindowsPowerShell/v1.0/:/mnt/c/WINDOWS/System32/OpenSSH/:/mnt/c/Users/Ordinateur/Desktop/Programmation/Git/cmd:/mnt/c/Program Files/dotnet/:/mnt/c/Program Files/Nookkin/MultiscreenBlank2:/mnt/c/Program Files (x86)/IVI Foundation/VISA/WinNT/Bin/:/mnt/c/Program Files/IVI Foundation/VISA/Win64/Bin/:/mnt/c/Program Files (x86)/National Instruments/Shared/LabVIEW CLI:/mnt/c/Program Files (x86)/IVI Foundation/VISA/WinNT/Bin:/mnt/c/Program Files/NVIDIA Corporation/NVIDIA app/NvDLISR:/mnt/c/Program Files/Microsoft VS Code/bin:/mnt/c/Users/Ordinateur/AppData/Local/Microsoft/WindowsApps:/mnt/c/Users/Ordinateur/AppData/Local/Programs/Microsoft VS Code/bin:/mnt/c/Users/Ordinateur/AppData/Local/Packages/PythonSoftwareFoundation.Python.3.11_qbz5n2kfra8p0/LocalCache/local-packages/Python311/Scripts:/mnt/c/Users/Ordinateur/AppData/Local/Packages/PythonSoftwareFoundation.Python.3.11_qbz5n2kfra8p0/LocalCache/local-packages/Python311/Scripts:/mnt/c/Users/Ordinateur/.dotnet/tools:/mnt/c/Program Files/MiKTeX/miktex/bin/x64:/snap/bin:/home/colin/.vscode-server/extensions/ms-python.debugpy-2025.10.0-linux-x64/bundled/scripts/noConfigScripts:/home/colin/.vscode-server/data/User/globalStorage/github.copilot-chat/debugCommand'), ('XDG_RUNTIME_DIR', '/run/user/1000/'), ('DISPLAY', ':0'), ('VSCODE_DEBUGPY_ADAPTER_ENDPOINTS', '/home/colin/.vscode-server/extensions/ms-python.debugpy-2025.10.0-linux-x64/.noConfigDebugAdapterEndpoints/endpoint-5785ce27e3ec93d4.txt'), ('LANG', 'en_US.UTF-8'), ('LS_COLORS', 'rs=0:di=01;34:ln=01;36:mh=00:pi=40;33:so=01;35:do=01;35:bd=40;33;01:cd=40;33;01:or=40;31;01:mi=00:su=37;41:sg=30;43:ca=30;41:tw=30;42:ow=34;42:st=37;44:ex=01;32:*.tar=01;31:*.tgz=01;31:*.arc=01;31:*.arj=01;31:*.taz=01;31:*.lha=01;31:*.lz4=01;31:*.lzh=01;31:*.lzma=01;31:*.tlz=01;31:*.txz=01;31:*.tzo=01;31:*.t7z=01;31:*.zip=01;31:*.z=01;31:*.dz=01;31:*.gz=01;31:*.lrz=01;31:*.lz=01;31:*.lzo=01;31:*.xz=01;31:*.zst=01;31:*.tzst=01;31:*.bz2=01;31:*.bz=01;31:*.tbz=01;31:*.tbz2=01;31:*.tz=01;31:*.deb=01;31:*.rpm=01;31:*.jar=01;31:*.war=01;31:*.ear=01;31:*.sar=01;31:*.rar=01;31:*.alz=01;31:*.ace=01;31:*.zoo=01;31:*.cpio=01;31:*.7z=01;31:*.rz=01;31:*.cab=01;31:*.wim=01;31:*.swm=01;31:*.dwm=01;31:*.esd=01;31:*.jpg=01;35:*.jpeg=01;35:*.mjpg=01;35:*.mjpeg=01;35:*.gif=01;35:*.bmp=01;35:*.pbm=01;35:*.pgm=01;35:*.ppm=01;35:*.tga=01;35:*.xbm=01;35:*.xpm=01;35:*.tif=01;35:*.tiff=01;35:*.png=01;35:*.svg=01;35:*.svgz=01;35:*.mng=01;35:*.pcx=01;35:*.mov=01;35:*.mpg=01;35:*.mpeg=01;35:*.m2v=01;35:*.mkv=01;35:*.webm=01;35:*.webp=01;35:*.ogm=01;35:*.mp4=01;35:*.m4v=01;35:*.mp4v=01;35:*.vob=01;35:*.qt=01;35:*.nuv=01;35:*.wmv=01;35:*.asf=01;35:*.rm=01;35:*.rmvb=01;35:*.flc=01;35:*.avi=01;35:*.fli=01;35:*.flv=01;35:*.gl=01;35:*.dl=01;35:*.xcf=01;35:*.xwd=01;35:*.yuv=01;35:*.cgm=01;35:*.emf=01;35:*.ogv=01;35:*.ogx=01;35:*.aac=00;36:*.au=00;36:*.flac=00;36:*.m4a=00;36:*.mid=00;36:*.midi=00;36:*.mka=00;36:*.mp3=00;36:*.mpc=00;36:*.ogg=00;36:*.ra=00;36:*.wav=00;36:*.oga=00;36:*.opus=00;36:*.spx=00;36:*.xspf=00;36:'), ('VSCODE_GIT_IPC_HANDLE', '/run/user/1000/vscode-git-b329096974.sock'), ('ROS_ROOT', '/opt/ros/humble'), ('TERM_PROGRAM', 'vscode'), ('ROS_DOMAIN_ID', '1source'), ('AMENT_PREFIX_PATH', '/opt/ros/humble'), ('SHELL', '/bin/bash'), ('LESSCLOSE', '/usr/bin/lesspipe %s %s'), ('GZ_VERSION', 'harmonic'), ('VSCODE_GIT_ASKPASS_EXTRA_ARGS', ''), ('PWD', '/home/colin/dockerfile_playground/build/start_mission'), ('XDG_DATA_DIRS', '/usr/local/share:/usr/share:/var/lib/snapd/desktop'), ('PYTHONPATH', '/opt/ros/humble/lib/python3.10/site-packages:/opt/ros/humble/local/lib/python3.10/dist-packages'), ('COLCON', '1'), ('WSL2_GUI_APPS_ENABLED', '1'), ('HOSTTYPE', 'x86_64'), ('WSLENV', 'VSCODE_WSL_EXT_LOCATION/up'), ('CMAKE_PREFIX_PATH', '/opt/ros/humble')]), 'shell': False}
[0.100014] (-) TimerEvent: {}
[0.201655] (-) TimerEvent: {}
[0.302362] (-) TimerEvent: {}
[0.402921] (-) TimerEvent: {}
[0.428308] (custom_interfaces) StdoutLine: {'line': b'-- The C compiler identification is GNU 11.4.0\n'}
[0.428690] (start_mission) StdoutLine: {'line': b'-- The C compiler identification is GNU 11.4.0\n'}
[0.504639] (-) TimerEvent: {}
[0.605447] (-) TimerEvent: {}
[0.707118] (-) TimerEvent: {}
[0.809460] (-) TimerEvent: {}
[0.910740] (-) TimerEvent: {}
[1.011164] (start_mission) StdoutLine: {'line': b'-- The CXX compiler identification is GNU 11.4.0\n'}
[1.011419] (-) TimerEvent: {}
[1.012237] (custom_interfaces) StdoutLine: {'line': b'-- The CXX compiler identification is GNU 11.4.0\n'}
[1.111680] (-) TimerEvent: {}
[1.212916] (-) TimerEvent: {}
[1.313400] (-) TimerEvent: {}
[1.318608] (custom_interfaces) StdoutLine: {'line': b'-- Detecting C compiler ABI info\n'}
[1.320379] (start_mission) StdoutLine: {'line': b'-- Detecting C compiler ABI info\n'}
[1.413585] (-) TimerEvent: {}
[1.514107] (-) TimerEvent: {}
[1.544599] (custom_interfaces) StdoutLine: {'line': b'-- Detecting C compiler ABI info - done\n'}
[1.550027] (start_mission) StdoutLine: {'line': b'-- Detecting C compiler ABI info - done\n'}
[1.551668] (custom_interfaces) StdoutLine: {'line': b'-- Check for working C compiler: /usr/lib/ccache/cc - skipped\n'}
[1.552584] (custom_interfaces) StdoutLine: {'line': b'-- Detecting C compile features\n'}
[1.553634] (custom_interfaces) StdoutLine: {'line': b'-- Detecting C compile features - done\n'}
[1.557538] (start_mission) StdoutLine: {'line': b'-- Check for working C compiler: /usr/lib/ccache/cc - skipped\n'}
[1.557879] (start_mission) StdoutLine: {'line': b'-- Detecting C compile features\n'}
[1.558384] (start_mission) StdoutLine: {'line': b'-- Detecting C compile features - done\n'}
[1.558574] (custom_interfaces) StdoutLine: {'line': b'-- Detecting CXX compiler ABI info\n'}
[1.562484] (start_mission) StdoutLine: {'line': b'-- Detecting CXX compiler ABI info\n'}
[1.614371] (-) TimerEvent: {}
[1.714964] (-) TimerEvent: {}
[1.784554] (start_mission) StdoutLine: {'line': b'-- Detecting CXX compiler ABI info - done\n'}
[1.786531] (custom_interfaces) StdoutLine: {'line': b'-- Detecting CXX compiler ABI info - done\n'}
[1.791650] (start_mission) StdoutLine: {'line': b'-- Check for working CXX compiler: /usr/lib/ccache/c++ - skipped\n'}
[1.791942] (start_mission) StdoutLine: {'line': b'-- Detecting CXX compile features\n'}
[1.792450] (start_mission) StdoutLine: {'line': b'-- Detecting CXX compile features - done\n'}
[1.794958] (custom_interfaces) StdoutLine: {'line': b'-- Check for working CXX compiler: /usr/lib/ccache/c++ - skipped\n'}
[1.795277] (custom_interfaces) StdoutLine: {'line': b'-- Detecting CXX compile features\n'}
[1.795725] (custom_interfaces) StdoutLine: {'line': b'-- Detecting CXX compile features - done\n'}
[1.815265] (-) TimerEvent: {}
[1.817360] (start_mission) StdoutLine: {'line': b'-- Found ament_cmake: 1.3.11 (/opt/ros/humble/share/ament_cmake/cmake)\n'}
[1.817582] (custom_interfaces) StdoutLine: {'line': b'-- Found ament_cmake: 1.3.11 (/opt/ros/humble/share/ament_cmake/cmake)\n'}
[1.915557] (-) TimerEvent: {}
[2.016335] (-) TimerEvent: {}
[2.116995] (-) TimerEvent: {}
[2.217565] (-) TimerEvent: {}
[2.218702] (custom_interfaces) StdoutLine: {'line': b'-- Found Python3: /usr/bin/python3 (found version "3.10.12") found components: Interpreter \n'}
[2.243623] (start_mission) StdoutLine: {'line': b'-- Found Python3: /usr/bin/python3 (found version "3.10.12") found components: Interpreter \n'}
[2.317762] (-) TimerEvent: {}
[2.353274] (start_mission) StdoutLine: {'line': b'-- Found ament_lint_auto: 0.12.11 (/opt/ros/humble/share/ament_lint_auto/cmake)\n'}
[2.353620] (custom_interfaces) StdoutLine: {'line': b'-- Found rosidl_default_generators: 1.2.0 (/opt/ros/humble/share/rosidl_default_generators/cmake)\n'}
[2.362995] (custom_interfaces) StdoutLine: {'line': b'-- Using all available rosidl_typesupport_c: rosidl_typesupport_fastrtps_c;rosidl_typesupport_introspection_c\n'}
[2.377785] (custom_interfaces) StdoutLine: {'line': b'-- Found rosidl_adapter: 3.1.6 (/opt/ros/humble/share/rosidl_adapter/cmake)\n'}
[2.417988] (-) TimerEvent: {}
[2.457788] (start_mission) StdoutLine: {'line': b"-- Added test 'flake8' to check Python code syntax and style conventions\n"}
[2.459419] (start_mission) StdoutLine: {'line': b"-- Added test 'lint_cmake' to check CMake code style\n"}
[2.460918] (start_mission) StdoutLine: {'line': b"-- Added test 'pep257' to check Python code against some of the docstring style conventions in PEP 257\n"}
[2.463274] (start_mission) StdoutLine: {'line': b"-- Added test 'xmllint' to check XML markup files\n"}
[2.466982] (start_mission) StdoutLine: {'line': b'-- Configuring done\n'}
[2.476879] (start_mission) StdoutLine: {'line': b'-- Generating done\n'}
[2.480554] (start_mission) StdoutLine: {'line': b'-- Build files have been written to: /home/colin/dockerfile_playground/build/start_mission\n'}
[2.486210] (start_mission) CommandEnded: {'returncode': 0}
[2.486898] (start_mission) JobProgress: {'identifier': 'start_mission', 'progress': 'build'}
[2.488715] (start_mission) Command: {'cmd': ['/usr/bin/cmake', '--build', '/home/colin/dockerfile_playground/build/start_mission', '--', '-j12', '-l12'], 'cwd': '/home/colin/dockerfile_playground/build/start_mission', 'env': OrderedDict([('LESSOPEN', '| /usr/bin/lesspipe %s'), ('USER', 'colin'), ('GIT_ASKPASS', '/home/colin/.vscode-server/bin/e3550cfac4b63ca4eafca7b601f0d2885817fd1f/extensions/git/dist/askpass.sh'), ('SHLVL', '1'), ('LD_LIBRARY_PATH', '/opt/ros/humble/opt/rviz_ogre_vendor/lib:/opt/ros/humble/lib/x86_64-linux-gnu:/opt/ros/humble/lib'), ('HOME', '/home/colin'), ('TERM_PROGRAM_VERSION', '1.103.0'), ('VSCODE_IPC_HOOK_CLI', '/run/user/1000/vscode-ipc-3e7a7990-4e04-461c-abec-717b25760553.sock'), ('ROS_PYTHON_VERSION', '3'), ('VSCODE_GIT_ASKPASS_MAIN', '/home/colin/.vscode-server/bin/e3550cfac4b63ca4eafca7b601f0d2885817fd1f/extensions/git/dist/askpass-main.js'), ('VSCODE_GIT_ASKPASS_NODE', '/home/colin/.vscode-server/bin/e3550cfac4b63ca4eafca7b601f0d2885817fd1f/node'), ('PYDEVD_DISABLE_FILE_VALIDATION', '1'), ('BUNDLED_DEBUGPY_PATH', '/home/colin/.vscode-server/extensions/ms-python.debugpy-2025.10.0-linux-x64/bundled/libs/debugpy'), ('DBUS_SESSION_BUS_ADDRESS', 'unix:path=/run/user/1000/bus'), ('COLORTERM', 'truecolor'), ('WSL_DISTRO_NAME', 'Ubuntu-22.04'), ('WAYLAND_DISPLAY', 'wayland-0'), ('ROS_DISTRO', 'humble'), ('LOGNAME', 'colin'), ('NAME', 'Pc'), ('WSL_INTEROP', '/run/WSL/670_interop'), ('PULSE_SERVER', 'unix:/mnt/wslg/PulseServer'), ('_', '/usr/bin/colcon'), ('ROS_VERSION', '2'), ('TERM', 'xterm-256color'), ('ROS_LOCALHOST_ONLY', '0'), ('PATH', '/home/colin/.vscode-server/bin/e3550cfac4b63ca4eafca7b601f0d2885817fd1f/bin/remote-cli:/home/colin/ardupilot/Tools/autotest:/usr/lib/ccache:/home/colin/ardupilot_sim/ardu_ws/src/ardupilot/Tools/autotest:/opt/gcc-arm-none-eabi-10-2020-q4-major/bin:/home/colin/.local/bin:/opt/ros/humble/bin:/usr/local/sbin:/usr/local/bin:/usr/sbin:/usr/bin:/sbin:/bin:/usr/games:/usr/local/games:/usr/lib/wsl/lib:/mnt/c/Program Files (x86)/NVIDIA Corporation/PhysX/Common:/mnt/c/WINDOWS/system32:/mnt/c/WINDOWS:/mnt/c/WINDOWS/System32/Wbem:/mnt/c/WINDOWS/System32/WindowsPowerShell/v1.0/:/mnt/c/WINDOWS/System32/OpenSSH/:/mnt/c/Users/Ordinateur/Desktop/Programmation/Git/cmd:/mnt/c/Program Files/dotnet/:/mnt/c/Program Files/Nookkin/MultiscreenBlank2:/mnt/c/Program Files (x86)/IVI Foundation/VISA/WinNT/Bin/:/mnt/c/Program Files/IVI Foundation/VISA/Win64/Bin/:/mnt/c/Program Files (x86)/National Instruments/Shared/LabVIEW CLI:/mnt/c/Program Files (x86)/IVI Foundation/VISA/WinNT/Bin:/mnt/c/Program Files/NVIDIA Corporation/NVIDIA app/NvDLISR:/mnt/c/Program Files/Microsoft VS Code/bin:/mnt/c/Program Files/MiKTeX/miktex/bin/x64/:/mnt/c/Program Files (x86)/Windows Kits/8.1/Windows Performance Toolkit/:/mnt/c/WINDOWS/system32:/mnt/c/WINDOWS:/mnt/c/WINDOWS/System32/Wbem:/mnt/c/WINDOWS/System32/WindowsPowerShell/v1.0/:/mnt/c/WINDOWS/System32/OpenSSH/:/mnt/c/Users/Ordinateur/Desktop/Programmation/Git/cmd:/mnt/c/Program Files/dotnet/:/mnt/c/Program Files/Nookkin/MultiscreenBlank2:/mnt/c/Program Files (x86)/IVI Foundation/VISA/WinNT/Bin/:/mnt/c/Program Files/IVI Foundation/VISA/Win64/Bin/:/mnt/c/Program Files (x86)/National Instruments/Shared/LabVIEW CLI:/mnt/c/Program Files (x86)/IVI Foundation/VISA/WinNT/Bin:/mnt/c/Program Files/NVIDIA Corporation/NVIDIA app/NvDLISR:/mnt/c/Program Files/Microsoft VS Code/bin:/mnt/c/Users/Ordinateur/AppData/Local/Microsoft/WindowsApps:/mnt/c/Users/Ordinateur/AppData/Local/Programs/Microsoft VS Code/bin:/mnt/c/Users/Ordinateur/AppData/Local/Packages/PythonSoftwareFoundation.Python.3.11_qbz5n2kfra8p0/LocalCache/local-packages/Python311/Scripts:/mnt/c/Users/Ordinateur/AppData/Local/Packages/PythonSoftwareFoundation.Python.3.11_qbz5n2kfra8p0/LocalCache/local-packages/Python311/Scripts:/mnt/c/Users/Ordinateur/.dotnet/tools:/mnt/c/Program Files/MiKTeX/miktex/bin/x64:/snap/bin:/home/colin/.vscode-server/extensions/ms-python.debugpy-2025.10.0-linux-x64/bundled/scripts/noConfigScripts:/home/colin/.vscode-server/data/User/globalStorage/github.copilot-chat/debugCommand'), ('XDG_RUNTIME_DIR', '/run/user/1000/'), ('DISPLAY', ':0'), ('VSCODE_DEBUGPY_ADAPTER_ENDPOINTS', '/home/colin/.vscode-server/extensions/ms-python.debugpy-2025.10.0-linux-x64/.noConfigDebugAdapterEndpoints/endpoint-5785ce27e3ec93d4.txt'), ('LANG', 'en_US.UTF-8'), ('LS_COLORS', 'rs=0:di=01;34:ln=01;36:mh=00:pi=40;33:so=01;35:do=01;35:bd=40;33;01:cd=40;33;01:or=40;31;01:mi=00:su=37;41:sg=30;43:ca=30;41:tw=30;42:ow=34;42:st=37;44:ex=01;32:*.tar=01;31:*.tgz=01;31:*.arc=01;31:*.arj=01;31:*.taz=01;31:*.lha=01;31:*.lz4=01;31:*.lzh=01;31:*.lzma=01;31:*.tlz=01;31:*.txz=01;31:*.tzo=01;31:*.t7z=01;31:*.zip=01;31:*.z=01;31:*.dz=01;31:*.gz=01;31:*.lrz=01;31:*.lz=01;31:*.lzo=01;31:*.xz=01;31:*.zst=01;31:*.tzst=01;31:*.bz2=01;31:*.bz=01;31:*.tbz=01;31:*.tbz2=01;31:*.tz=01;31:*.deb=01;31:*.rpm=01;31:*.jar=01;31:*.war=01;31:*.ear=01;31:*.sar=01;31:*.rar=01;31:*.alz=01;31:*.ace=01;31:*.zoo=01;31:*.cpio=01;31:*.7z=01;31:*.rz=01;31:*.cab=01;31:*.wim=01;31:*.swm=01;31:*.dwm=01;31:*.esd=01;31:*.jpg=01;35:*.jpeg=01;35:*.mjpg=01;35:*.mjpeg=01;35:*.gif=01;35:*.bmp=01;35:*.pbm=01;35:*.pgm=01;35:*.ppm=01;35:*.tga=01;35:*.xbm=01;35:*.xpm=01;35:*.tif=01;35:*.tiff=01;35:*.png=01;35:*.svg=01;35:*.svgz=01;35:*.mng=01;35:*.pcx=01;35:*.mov=01;35:*.mpg=01;35:*.mpeg=01;35:*.m2v=01;35:*.mkv=01;35:*.webm=01;35:*.webp=01;35:*.ogm=01;35:*.mp4=01;35:*.m4v=01;35:*.mp4v=01;35:*.vob=01;35:*.qt=01;35:*.nuv=01;35:*.wmv=01;35:*.asf=01;35:*.rm=01;35:*.rmvb=01;35:*.flc=01;35:*.avi=01;35:*.fli=01;35:*.flv=01;35:*.gl=01;35:*.dl=01;35:*.xcf=01;35:*.xwd=01;35:*.yuv=01;35:*.cgm=01;35:*.emf=01;35:*.ogv=01;35:*.ogx=01;35:*.aac=00;36:*.au=00;36:*.flac=00;36:*.m4a=00;36:*.mid=00;36:*.midi=00;36:*.mka=00;36:*.mp3=00;36:*.mpc=00;36:*.ogg=00;36:*.ra=00;36:*.wav=00;36:*.oga=00;36:*.opus=00;36:*.spx=00;36:*.xspf=00;36:'), ('VSCODE_GIT_IPC_HANDLE', '/run/user/1000/vscode-git-b329096974.sock'), ('ROS_ROOT', '/opt/ros/humble'), ('TERM_PROGRAM', 'vscode'), ('ROS_DOMAIN_ID', '1source'), ('AMENT_PREFIX_PATH', '/opt/ros/humble'), ('SHELL', '/bin/bash'), ('LESSCLOSE', '/usr/bin/lesspipe %s %s'), ('GZ_VERSION', 'harmonic'), ('VSCODE_GIT_ASKPASS_EXTRA_ARGS', ''), ('PWD', '/home/colin/dockerfile_playground/build/start_mission'), ('XDG_DATA_DIRS', '/usr/local/share:/usr/share:/var/lib/snapd/desktop'), ('PYTHONPATH', '/opt/ros/humble/lib/python3.10/site-packages:/opt/ros/humble/local/lib/python3.10/dist-packages'), ('COLCON', '1'), ('WSL2_GUI_APPS_ENABLED', '1'), ('HOSTTYPE', 'x86_64'), ('WSLENV', 'VSCODE_WSL_EXT_LOCATION/up'), ('CMAKE_PREFIX_PATH', '/opt/ros/humble')]), 'shell': False}
[2.518533] (-) TimerEvent: {}
[2.545233] (start_mission) CommandEnded: {'returncode': 0}
[2.546217] (start_mission) JobProgress: {'identifier': 'start_mission', 'progress': 'install'}
[2.559320] (start_mission) Command: {'cmd': ['/usr/bin/cmake', '--install', '/home/colin/dockerfile_playground/build/start_mission'], 'cwd': '/home/colin/dockerfile_playground/build/start_mission', 'env': OrderedDict([('LESSOPEN', '| /usr/bin/lesspipe %s'), ('USER', 'colin'), ('GIT_ASKPASS', '/home/colin/.vscode-server/bin/e3550cfac4b63ca4eafca7b601f0d2885817fd1f/extensions/git/dist/askpass.sh'), ('SHLVL', '1'), ('LD_LIBRARY_PATH', '/opt/ros/humble/opt/rviz_ogre_vendor/lib:/opt/ros/humble/lib/x86_64-linux-gnu:/opt/ros/humble/lib'), ('HOME', '/home/colin'), ('TERM_PROGRAM_VERSION', '1.103.0'), ('VSCODE_IPC_HOOK_CLI', '/run/user/1000/vscode-ipc-3e7a7990-4e04-461c-abec-717b25760553.sock'), ('ROS_PYTHON_VERSION', '3'), ('VSCODE_GIT_ASKPASS_MAIN', '/home/colin/.vscode-server/bin/e3550cfac4b63ca4eafca7b601f0d2885817fd1f/extensions/git/dist/askpass-main.js'), ('VSCODE_GIT_ASKPASS_NODE', '/home/colin/.vscode-server/bin/e3550cfac4b63ca4eafca7b601f0d2885817fd1f/node'), ('PYDEVD_DISABLE_FILE_VALIDATION', '1'), ('BUNDLED_DEBUGPY_PATH', '/home/colin/.vscode-server/extensions/ms-python.debugpy-2025.10.0-linux-x64/bundled/libs/debugpy'), ('DBUS_SESSION_BUS_ADDRESS', 'unix:path=/run/user/1000/bus'), ('COLORTERM', 'truecolor'), ('WSL_DISTRO_NAME', 'Ubuntu-22.04'), ('WAYLAND_DISPLAY', 'wayland-0'), ('ROS_DISTRO', 'humble'), ('LOGNAME', 'colin'), ('NAME', 'Pc'), ('WSL_INTEROP', '/run/WSL/670_interop'), ('PULSE_SERVER', 'unix:/mnt/wslg/PulseServer'), ('_', '/usr/bin/colcon'), ('ROS_VERSION', '2'), ('TERM', 'xterm-256color'), ('ROS_LOCALHOST_ONLY', '0'), ('PATH', '/home/colin/.vscode-server/bin/e3550cfac4b63ca4eafca7b601f0d2885817fd1f/bin/remote-cli:/home/colin/ardupilot/Tools/autotest:/usr/lib/ccache:/home/colin/ardupilot_sim/ardu_ws/src/ardupilot/Tools/autotest:/opt/gcc-arm-none-eabi-10-2020-q4-major/bin:/home/colin/.local/bin:/opt/ros/humble/bin:/usr/local/sbin:/usr/local/bin:/usr/sbin:/usr/bin:/sbin:/bin:/usr/games:/usr/local/games:/usr/lib/wsl/lib:/mnt/c/Program Files (x86)/NVIDIA Corporation/PhysX/Common:/mnt/c/WINDOWS/system32:/mnt/c/WINDOWS:/mnt/c/WINDOWS/System32/Wbem:/mnt/c/WINDOWS/System32/WindowsPowerShell/v1.0/:/mnt/c/WINDOWS/System32/OpenSSH/:/mnt/c/Users/Ordinateur/Desktop/Programmation/Git/cmd:/mnt/c/Program Files/dotnet/:/mnt/c/Program Files/Nookkin/MultiscreenBlank2:/mnt/c/Program Files (x86)/IVI Foundation/VISA/WinNT/Bin/:/mnt/c/Program Files/IVI Foundation/VISA/Win64/Bin/:/mnt/c/Program Files (x86)/National Instruments/Shared/LabVIEW CLI:/mnt/c/Program Files (x86)/IVI Foundation/VISA/WinNT/Bin:/mnt/c/Program Files/NVIDIA Corporation/NVIDIA app/NvDLISR:/mnt/c/Program Files/Microsoft VS Code/bin:/mnt/c/Program Files/MiKTeX/miktex/bin/x64/:/mnt/c/Program Files (x86)/Windows Kits/8.1/Windows Performance Toolkit/:/mnt/c/WINDOWS/system32:/mnt/c/WINDOWS:/mnt/c/WINDOWS/System32/Wbem:/mnt/c/WINDOWS/System32/WindowsPowerShell/v1.0/:/mnt/c/WINDOWS/System32/OpenSSH/:/mnt/c/Users/Ordinateur/Desktop/Programmation/Git/cmd:/mnt/c/Program Files/dotnet/:/mnt/c/Program Files/Nookkin/MultiscreenBlank2:/mnt/c/Program Files (x86)/IVI Foundation/VISA/WinNT/Bin/:/mnt/c/Program Files/IVI Foundation/VISA/Win64/Bin/:/mnt/c/Program Files (x86)/National Instruments/Shared/LabVIEW CLI:/mnt/c/Program Files (x86)/IVI Foundation/VISA/WinNT/Bin:/mnt/c/Program Files/NVIDIA Corporation/NVIDIA app/NvDLISR:/mnt/c/Program Files/Microsoft VS Code/bin:/mnt/c/Users/Ordinateur/AppData/Local/Microsoft/WindowsApps:/mnt/c/Users/Ordinateur/AppData/Local/Programs/Microsoft VS Code/bin:/mnt/c/Users/Ordinateur/AppData/Local/Packages/PythonSoftwareFoundation.Python.3.11_qbz5n2kfra8p0/LocalCache/local-packages/Python311/Scripts:/mnt/c/Users/Ordinateur/AppData/Local/Packages/PythonSoftwareFoundation.Python.3.11_qbz5n2kfra8p0/LocalCache/local-packages/Python311/Scripts:/mnt/c/Users/Ordinateur/.dotnet/tools:/mnt/c/Program Files/MiKTeX/miktex/bin/x64:/snap/bin:/home/colin/.vscode-server/extensions/ms-python.debugpy-2025.10.0-linux-x64/bundled/scripts/noConfigScripts:/home/colin/.vscode-server/data/User/globalStorage/github.copilot-chat/debugCommand'), ('XDG_RUNTIME_DIR', '/run/user/1000/'), ('DISPLAY', ':0'), ('VSCODE_DEBUGPY_ADAPTER_ENDPOINTS', '/home/colin/.vscode-server/extensions/ms-python.debugpy-2025.10.0-linux-x64/.noConfigDebugAdapterEndpoints/endpoint-5785ce27e3ec93d4.txt'), ('LANG', 'en_US.UTF-8'), ('LS_COLORS', 'rs=0:di=01;34:ln=01;36:mh=00:pi=40;33:so=01;35:do=01;35:bd=40;33;01:cd=40;33;01:or=40;31;01:mi=00:su=37;41:sg=30;43:ca=30;41:tw=30;42:ow=34;42:st=37;44:ex=01;32:*.tar=01;31:*.tgz=01;31:*.arc=01;31:*.arj=01;31:*.taz=01;31:*.lha=01;31:*.lz4=01;31:*.lzh=01;31:*.lzma=01;31:*.tlz=01;31:*.txz=01;31:*.tzo=01;31:*.t7z=01;31:*.zip=01;31:*.z=01;31:*.dz=01;31:*.gz=01;31:*.lrz=01;31:*.lz=01;31:*.lzo=01;31:*.xz=01;31:*.zst=01;31:*.tzst=01;31:*.bz2=01;31:*.bz=01;31:*.tbz=01;31:*.tbz2=01;31:*.tz=01;31:*.deb=01;31:*.rpm=01;31:*.jar=01;31:*.war=01;31:*.ear=01;31:*.sar=01;31:*.rar=01;31:*.alz=01;31:*.ace=01;31:*.zoo=01;31:*.cpio=01;31:*.7z=01;31:*.rz=01;31:*.cab=01;31:*.wim=01;31:*.swm=01;31:*.dwm=01;31:*.esd=01;31:*.jpg=01;35:*.jpeg=01;35:*.mjpg=01;35:*.mjpeg=01;35:*.gif=01;35:*.bmp=01;35:*.pbm=01;35:*.pgm=01;35:*.ppm=01;35:*.tga=01;35:*.xbm=01;35:*.xpm=01;35:*.tif=01;35:*.tiff=01;35:*.png=01;35:*.svg=01;35:*.svgz=01;35:*.mng=01;35:*.pcx=01;35:*.mov=01;35:*.mpg=01;35:*.mpeg=01;35:*.m2v=01;35:*.mkv=01;35:*.webm=01;35:*.webp=01;35:*.ogm=01;35:*.mp4=01;35:*.m4v=01;35:*.mp4v=01;35:*.vob=01;35:*.qt=01;35:*.nuv=01;35:*.wmv=01;35:*.asf=01;35:*.rm=01;35:*.rmvb=01;35:*.flc=01;35:*.avi=01;35:*.fli=01;35:*.flv=01;35:*.gl=01;35:*.dl=01;35:*.xcf=01;35:*.xwd=01;35:*.yuv=01;35:*.cgm=01;35:*.emf=01;35:*.ogv=01;35:*.ogx=01;35:*.aac=00;36:*.au=00;36:*.flac=00;36:*.m4a=00;36:*.mid=00;36:*.midi=00;36:*.mka=00;36:*.mp3=00;36:*.mpc=00;36:*.ogg=00;36:*.ra=00;36:*.wav=00;36:*.oga=00;36:*.opus=00;36:*.spx=00;36:*.xspf=00;36:'), ('VSCODE_GIT_IPC_HANDLE', '/run/user/1000/vscode-git-b329096974.sock'), ('ROS_ROOT', '/opt/ros/humble'), ('TERM_PROGRAM', 'vscode'), ('ROS_DOMAIN_ID', '1source'), ('AMENT_PREFIX_PATH', '/opt/ros/humble'), ('SHELL', '/bin/bash'), ('LESSCLOSE', '/usr/bin/lesspipe %s %s'), ('GZ_VERSION', 'harmonic'), ('VSCODE_GIT_ASKPASS_EXTRA_ARGS', ''), ('PWD', '/home/colin/dockerfile_playground/build/start_mission'), ('XDG_DATA_DIRS', '/usr/local/share:/usr/share:/var/lib/snapd/desktop'), ('PYTHONPATH', '/opt/ros/humble/lib/python3.10/site-packages:/opt/ros/humble/local/lib/python3.10/dist-packages'), ('COLCON', '1'), ('WSL2_GUI_APPS_ENABLED', '1'), ('HOSTTYPE', 'x86_64'), ('WSLENV', 'VSCODE_WSL_EXT_LOCATION/up'), ('CMAKE_PREFIX_PATH', '/opt/ros/humble')]), 'shell': False}
[2.568878] (start_mission) StdoutLine: {'line': b'-- Install configuration: ""\n'}
[2.569164] (start_mission) StdoutLine: {'line': b'-- Installing: /home/colin/dockerfile_playground/install/start_mission/share/start_mission/launch\n'}
[2.571552] (start_mission) StdoutLine: {'line': b'-- Installing: /home/colin/dockerfile_playground/install/start_mission/share/start_mission/launch/start.approach.lauch.py\n'}
[2.573744] (start_mission) StdoutLine: {'line': b'-- Installing: /home/colin/dockerfile_playground/install/start_mission/share/ament_index/resource_index/package_run_dependencies/start_mission\n'}
[2.574671] (start_mission) StdoutLine: {'line': b'-- Installing: /home/colin/dockerfile_playground/install/start_mission/share/ament_index/resource_index/parent_prefix_path/start_mission\n'}
[2.575562] (start_mission) StdoutLine: {'line': b'-- Installing: /home/colin/dockerfile_playground/install/start_mission/share/start_mission/environment/ament_prefix_path.sh\n'}
[2.575942] (start_mission) StdoutLine: {'line': b'-- Installing: /home/colin/dockerfile_playground/install/start_mission/share/start_mission/environment/ament_prefix_path.dsv\n'}
[2.576248] (start_mission) StdoutLine: {'line': b'-- Installing: /home/colin/dockerfile_playground/install/start_mission/share/start_mission/environment/path.sh\n'}
[2.576411] (start_mission) StdoutLine: {'line': b'-- Installing: /home/colin/dockerfile_playground/install/start_mission/share/start_mission/environment/path.dsv\n'}
[2.576690] (start_mission) StdoutLine: {'line': b'-- Installing: /home/colin/dockerfile_playground/install/start_mission/share/start_mission/local_setup.bash\n'}
[2.576942] (start_mission) StdoutLine: {'line': b'-- Installing: /home/colin/dockerfile_playground/install/start_mission/share/start_mission/local_setup.sh\n'}
[2.577205] (start_mission) StdoutLine: {'line': b'-- Installing: /home/colin/dockerfile_playground/install/start_mission/share/start_mission/local_setup.zsh\n'}
[2.577482] (start_mission) StdoutLine: {'line': b'-- Installing: /home/colin/dockerfile_playground/install/start_mission/share/start_mission/local_setup.dsv\n'}
[2.577915] (start_mission) StdoutLine: {'line': b'-- Installing: /home/colin/dockerfile_playground/install/start_mission/share/start_mission/package.dsv\n'}
[2.578743] (start_mission) StdoutLine: {'line': b'-- Installing: /home/colin/dockerfile_playground/install/start_mission/share/ament_index/resource_index/packages/start_mission\n'}
[2.579564] (start_mission) StdoutLine: {'line': b'-- Installing: /home/colin/dockerfile_playground/install/start_mission/share/start_mission/cmake/start_missionConfig.cmake\n'}
[2.580021] (start_mission) StdoutLine: {'line': b'-- Installing: /home/colin/dockerfile_playground/install/start_mission/share/start_mission/cmake/start_missionConfig-version.cmake\n'}
[2.580444] (start_mission) StdoutLine: {'line': b'-- Installing: /home/colin/dockerfile_playground/install/start_mission/share/start_mission/package.xml\n'}
[2.583414] (start_mission) CommandEnded: {'returncode': 0}
[2.605123] (custom_interfaces) StdoutLine: {'line': b'-- Using all available rosidl_typesupport_cpp: rosidl_typesupport_fastrtps_cpp;rosidl_typesupport_introspection_cpp\n'}
[2.611731] (start_mission) JobEnded: {'identifier': 'start_mission', 'rc': 0}
[2.618769] (-) TimerEvent: {}
[2.668374] (custom_interfaces) StdoutLine: {'line': b'-- Found std_msgs: 4.2.4 (/opt/ros/humble/share/std_msgs/cmake)\n'}
[2.719148] (-) TimerEvent: {}
[2.820045] (-) TimerEvent: {}
[2.920972] (-) TimerEvent: {}
[3.004879] (custom_interfaces) StdoutLine: {'line': b'-- Found ament_cmake_ros: 0.10.0 (/opt/ros/humble/share/ament_cmake_ros/cmake)\n'}
[3.021829] (-) TimerEvent: {}
[3.122687] (-) TimerEvent: {}
[3.223257] (-) TimerEvent: {}
[3.267379] (custom_interfaces) StdoutLine: {'line': b'-- Using all available rosidl_typesupport_c: rosidl_typesupport_fastrtps_c;rosidl_typesupport_introspection_c\n'}
[3.323604] (-) TimerEvent: {}
[3.424033] (-) TimerEvent: {}
[3.524459] (-) TimerEvent: {}
[3.606382] (custom_interfaces) StdoutLine: {'line': b'-- Using all available rosidl_typesupport_cpp: rosidl_typesupport_fastrtps_cpp;rosidl_typesupport_introspection_cpp\n'}
[3.624622] (-) TimerEvent: {}
[3.725940] (-) TimerEvent: {}
[3.754342] (custom_interfaces) StdoutLine: {'line': b'-- Found PythonInterp: /usr/bin/python3 (found suitable version "3.10.12", minimum required is "3.6") \n'}
[3.760361] (custom_interfaces) StdoutLine: {'line': b'-- Found python_cmake_module: 0.10.0 (/opt/ros/humble/share/python_cmake_module/cmake)\n'}
[3.826173] (-) TimerEvent: {}
[3.926794] (-) TimerEvent: {}
[4.027493] (-) TimerEvent: {}
[4.128233] (-) TimerEvent: {}
[4.228806] (-) TimerEvent: {}
[4.268080] (custom_interfaces) StdoutLine: {'line': b'-- Found PythonLibs: /usr/lib/x86_64-linux-gnu/libpython3.10.so (found suitable version "3.10.12", minimum required is "3.5") \n'}
[4.268617] (custom_interfaces) StdoutLine: {'line': b'-- Using PYTHON_EXECUTABLE: /usr/bin/python3\n'}
[4.268732] (custom_interfaces) StdoutLine: {'line': b'-- Using PYTHON_INCLUDE_DIRS: /usr/include/python3.10\n'}
[4.268792] (custom_interfaces) StdoutLine: {'line': b'-- Using PYTHON_LIBRARIES: /usr/lib/x86_64-linux-gnu/libpython3.10.so\n'}
[4.295737] (custom_interfaces) StdoutLine: {'line': b'-- Found PythonExtra: .so  \n'}
[4.328982] (-) TimerEvent: {}
[4.397987] (custom_interfaces) StdoutLine: {'line': b'-- Found ament_lint_auto: 0.12.11 (/opt/ros/humble/share/ament_lint_auto/cmake)\n'}
[4.428918] (custom_interfaces) StdoutLine: {'line': b"-- Added test 'lint_cmake' to check CMake code style\n"}
[4.429180] (-) TimerEvent: {}
[4.430650] (custom_interfaces) StdoutLine: {'line': b"-- Added test 'xmllint' to check XML markup files\n"}
[4.435156] (custom_interfaces) StdoutLine: {'line': b'-- Configuring done\n'}
[4.529441] (-) TimerEvent: {}
[4.540937] (custom_interfaces) StdoutLine: {'line': b'-- Generating done\n'}
[4.561589] (custom_interfaces) StdoutLine: {'line': b'-- Build files have been written to: /home/colin/dockerfile_playground/build/custom_interfaces\n'}
[4.573891] (custom_interfaces) CommandEnded: {'returncode': 0}
[4.578272] (custom_interfaces) JobProgress: {'identifier': 'custom_interfaces', 'progress': 'build'}
[4.578317] (custom_interfaces) Command: {'cmd': ['/usr/bin/cmake', '--build', '/home/colin/dockerfile_playground/build/custom_interfaces', '--', '-j12', '-l12'], 'cwd': '/home/colin/dockerfile_playground/build/custom_interfaces', 'env': OrderedDict([('LESSOPEN', '| /usr/bin/lesspipe %s'), ('USER', 'colin'), ('GIT_ASKPASS', '/home/colin/.vscode-server/bin/e3550cfac4b63ca4eafca7b601f0d2885817fd1f/extensions/git/dist/askpass.sh'), ('SHLVL', '1'), ('LD_LIBRARY_PATH', '/opt/ros/humble/opt/rviz_ogre_vendor/lib:/opt/ros/humble/lib/x86_64-linux-gnu:/opt/ros/humble/lib'), ('HOME', '/home/colin'), ('TERM_PROGRAM_VERSION', '1.103.0'), ('VSCODE_IPC_HOOK_CLI', '/run/user/1000/vscode-ipc-3e7a7990-4e04-461c-abec-717b25760553.sock'), ('ROS_PYTHON_VERSION', '3'), ('VSCODE_GIT_ASKPASS_MAIN', '/home/colin/.vscode-server/bin/e3550cfac4b63ca4eafca7b601f0d2885817fd1f/extensions/git/dist/askpass-main.js'), ('VSCODE_GIT_ASKPASS_NODE', '/home/colin/.vscode-server/bin/e3550cfac4b63ca4eafca7b601f0d2885817fd1f/node'), ('PYDEVD_DISABLE_FILE_VALIDATION', '1'), ('BUNDLED_DEBUGPY_PATH', '/home/colin/.vscode-server/extensions/ms-python.debugpy-2025.10.0-linux-x64/bundled/libs/debugpy'), ('DBUS_SESSION_BUS_ADDRESS', 'unix:path=/run/user/1000/bus'), ('COLORTERM', 'truecolor'), ('WSL_DISTRO_NAME', 'Ubuntu-22.04'), ('WAYLAND_DISPLAY', 'wayland-0'), ('ROS_DISTRO', 'humble'), ('LOGNAME', 'colin'), ('NAME', 'Pc'), ('WSL_INTEROP', '/run/WSL/670_interop'), ('PULSE_SERVER', 'unix:/mnt/wslg/PulseServer'), ('_', '/usr/bin/colcon'), ('ROS_VERSION', '2'), ('TERM', 'xterm-256color'), ('ROS_LOCALHOST_ONLY', '0'), ('PATH', '/home/colin/.vscode-server/bin/e3550cfac4b63ca4eafca7b601f0d2885817fd1f/bin/remote-cli:/home/colin/ardupilot/Tools/autotest:/usr/lib/ccache:/home/colin/ardupilot_sim/ardu_ws/src/ardupilot/Tools/autotest:/opt/gcc-arm-none-eabi-10-2020-q4-major/bin:/home/colin/.local/bin:/opt/ros/humble/bin:/usr/local/sbin:/usr/local/bin:/usr/sbin:/usr/bin:/sbin:/bin:/usr/games:/usr/local/games:/usr/lib/wsl/lib:/mnt/c/Program Files (x86)/NVIDIA Corporation/PhysX/Common:/mnt/c/WINDOWS/system32:/mnt/c/WINDOWS:/mnt/c/WINDOWS/System32/Wbem:/mnt/c/WINDOWS/System32/WindowsPowerShell/v1.0/:/mnt/c/WINDOWS/System32/OpenSSH/:/mnt/c/Users/Ordinateur/Desktop/Programmation/Git/cmd:/mnt/c/Program Files/dotnet/:/mnt/c/Program Files/Nookkin/MultiscreenBlank2:/mnt/c/Program Files (x86)/IVI Foundation/VISA/WinNT/Bin/:/mnt/c/Program Files/IVI Foundation/VISA/Win64/Bin/:/mnt/c/Program Files (x86)/National Instruments/Shared/LabVIEW CLI:/mnt/c/Program Files (x86)/IVI Foundation/VISA/WinNT/Bin:/mnt/c/Program Files/NVIDIA Corporation/NVIDIA app/NvDLISR:/mnt/c/Program Files/Microsoft VS Code/bin:/mnt/c/Program Files/MiKTeX/miktex/bin/x64/:/mnt/c/Program Files (x86)/Windows Kits/8.1/Windows Performance Toolkit/:/mnt/c/WINDOWS/system32:/mnt/c/WINDOWS:/mnt/c/WINDOWS/System32/Wbem:/mnt/c/WINDOWS/System32/WindowsPowerShell/v1.0/:/mnt/c/WINDOWS/System32/OpenSSH/:/mnt/c/Users/Ordinateur/Desktop/Programmation/Git/cmd:/mnt/c/Program Files/dotnet/:/mnt/c/Program Files/Nookkin/MultiscreenBlank2:/mnt/c/Program Files (x86)/IVI Foundation/VISA/WinNT/Bin/:/mnt/c/Program Files/IVI Foundation/VISA/Win64/Bin/:/mnt/c/Program Files (x86)/National Instruments/Shared/LabVIEW CLI:/mnt/c/Program Files (x86)/IVI Foundation/VISA/WinNT/Bin:/mnt/c/Program Files/NVIDIA Corporation/NVIDIA app/NvDLISR:/mnt/c/Program Files/Microsoft VS Code/bin:/mnt/c/Users/Ordinateur/AppData/Local/Microsoft/WindowsApps:/mnt/c/Users/Ordinateur/AppData/Local/Programs/Microsoft VS Code/bin:/mnt/c/Users/Ordinateur/AppData/Local/Packages/PythonSoftwareFoundation.Python.3.11_qbz5n2kfra8p0/LocalCache/local-packages/Python311/Scripts:/mnt/c/Users/Ordinateur/AppData/Local/Packages/PythonSoftwareFoundation.Python.3.11_qbz5n2kfra8p0/LocalCache/local-packages/Python311/Scripts:/mnt/c/Users/Ordinateur/.dotnet/tools:/mnt/c/Program Files/MiKTeX/miktex/bin/x64:/snap/bin:/home/colin/.vscode-server/extensions/ms-python.debugpy-2025.10.0-linux-x64/bundled/scripts/noConfigScripts:/home/colin/.vscode-server/data/User/globalStorage/github.copilot-chat/debugCommand'), ('XDG_RUNTIME_DIR', '/run/user/1000/'), ('DISPLAY', ':0'), ('VSCODE_DEBUGPY_ADAPTER_ENDPOINTS', '/home/colin/.vscode-server/extensions/ms-python.debugpy-2025.10.0-linux-x64/.noConfigDebugAdapterEndpoints/endpoint-5785ce27e3ec93d4.txt'), ('LANG', 'en_US.UTF-8'), ('LS_COLORS', 'rs=0:di=01;34:ln=01;36:mh=00:pi=40;33:so=01;35:do=01;35:bd=40;33;01:cd=40;33;01:or=40;31;01:mi=00:su=37;41:sg=30;43:ca=30;41:tw=30;42:ow=34;42:st=37;44:ex=01;32:*.tar=01;31:*.tgz=01;31:*.arc=01;31:*.arj=01;31:*.taz=01;31:*.lha=01;31:*.lz4=01;31:*.lzh=01;31:*.lzma=01;31:*.tlz=01;31:*.txz=01;31:*.tzo=01;31:*.t7z=01;31:*.zip=01;31:*.z=01;31:*.dz=01;31:*.gz=01;31:*.lrz=01;31:*.lz=01;31:*.lzo=01;31:*.xz=01;31:*.zst=01;31:*.tzst=01;31:*.bz2=01;31:*.bz=01;31:*.tbz=01;31:*.tbz2=01;31:*.tz=01;31:*.deb=01;31:*.rpm=01;31:*.jar=01;31:*.war=01;31:*.ear=01;31:*.sar=01;31:*.rar=01;31:*.alz=01;31:*.ace=01;31:*.zoo=01;31:*.cpio=01;31:*.7z=01;31:*.rz=01;31:*.cab=01;31:*.wim=01;31:*.swm=01;31:*.dwm=01;31:*.esd=01;31:*.jpg=01;35:*.jpeg=01;35:*.mjpg=01;35:*.mjpeg=01;35:*.gif=01;35:*.bmp=01;35:*.pbm=01;35:*.pgm=01;35:*.ppm=01;35:*.tga=01;35:*.xbm=01;35:*.xpm=01;35:*.tif=01;35:*.tiff=01;35:*.png=01;35:*.svg=01;35:*.svgz=01;35:*.mng=01;35:*.pcx=01;35:*.mov=01;35:*.mpg=01;35:*.mpeg=01;35:*.m2v=01;35:*.mkv=01;35:*.webm=01;35:*.webp=01;35:*.ogm=01;35:*.mp4=01;35:*.m4v=01;35:*.mp4v=01;35:*.vob=01;35:*.qt=01;35:*.nuv=01;35:*.wmv=01;35:*.asf=01;35:*.rm=01;35:*.rmvb=01;35:*.flc=01;35:*.avi=01;35:*.fli=01;35:*.flv=01;35:*.gl=01;35:*.dl=01;35:*.xcf=01;35:*.xwd=01;35:*.yuv=01;35:*.cgm=01;35:*.emf=01;35:*.ogv=01;35:*.ogx=01;35:*.aac=00;36:*.au=00;36:*.flac=00;36:*.m4a=00;36:*.mid=00;36:*.midi=00;36:*.mka=00;36:*.mp3=00;36:*.mpc=00;36:*.ogg=00;36:*.ra=00;36:*.wav=00;36:*.oga=00;36:*.opus=00;36:*.spx=00;36:*.xspf=00;36:'), ('VSCODE_GIT_IPC_HANDLE', '/run/user/1000/vscode-git-b329096974.sock'), ('ROS_ROOT', '/opt/ros/humble'), ('TERM_PROGRAM', 'vscode'), ('ROS_DOMAIN_ID', '1source'), ('AMENT_PREFIX_PATH', '/opt/ros/humble'), ('SHELL', '/bin/bash'), ('LESSCLOSE', '/usr/bin/lesspipe %s %s'), ('GZ_VERSION', 'harmonic'), ('VSCODE_GIT_ASKPASS_EXTRA_ARGS', ''), ('PWD', '/home/colin/dockerfile_playground/build/custom_interfaces'), ('XDG_DATA_DIRS', '/usr/local/share:/usr/share:/var/lib/snapd/desktop'), ('PYTHONPATH', '/opt/ros/humble/lib/python3.10/site-packages:/opt/ros/humble/local/lib/python3.10/dist-packages'), ('COLCON', '1'), ('WSL2_GUI_APPS_ENABLED', '1'), ('HOSTTYPE', 'x86_64'), ('WSLENV', 'VSCODE_WSL_EXT_LOCATION/up'), ('CMAKE_PREFIX_PATH', '/opt/ros/humble')]), 'shell': False}
[4.629700] (-) TimerEvent: {}
[4.641864] (custom_interfaces) StdoutLine: {'line': b'[  3%] \x1b[34m\x1b[1mGenerating C code for ROS interfaces\x1b[0m\n'}
[4.663934] (custom_interfaces) StdoutLine: {'line': b'[  6%] \x1b[34m\x1b[1mGenerating C++ code for ROS interfaces\x1b[0m\n'}
[4.674812] (custom_interfaces) StdoutLine: {'line': b'[  6%] Built target ament_cmake_python_copy_custom_interfaces\n'}
[4.730509] (-) TimerEvent: {}
[4.831145] (-) TimerEvent: {}
[4.931783] (-) TimerEvent: {}
[5.008960] (custom_interfaces) StdoutLine: {'line': b'[  6%] Built target custom_interfaces__cpp\n'}
[5.024554] (custom_interfaces) StdoutLine: {'line': b'[ 12%] \x1b[34m\x1b[1mGenerating C++ type support for eProsima Fast-RTPS\x1b[0m\n'}
[5.024885] (custom_interfaces) StdoutLine: {'line': b'[ 12%] \x1b[34m\x1b[1mGenerating C++ introspection for ROS interfaces\x1b[0m\n'}
[5.024985] (custom_interfaces) StdoutLine: {'line': b'[ 16%] \x1b[34m\x1b[1mGenerating C++ type support dispatch for ROS interfaces\x1b[0m\n'}
[5.030508] (custom_interfaces) StdoutLine: {'line': b'[ 19%] \x1b[32mBuilding C object CMakeFiles/custom_interfaces__rosidl_generator_c.dir/rosidl_generator_c/custom_interfaces/msg/detail/target_pose_polar__functions.c.o\x1b[0m\n'}
[5.032923] (-) TimerEvent: {}
[5.039947] (custom_interfaces) StdoutLine: {'line': b'running egg_info\n'}
[5.070470] (custom_interfaces) StdoutLine: {'line': b'creating custom_interfaces.egg-info\n'}
[5.071644] (custom_interfaces) StdoutLine: {'line': b'writing custom_interfaces.egg-info/PKG-INFO\n'}
[5.072240] (custom_interfaces) StdoutLine: {'line': b'writing dependency_links to custom_interfaces.egg-info/dependency_links.txt\n'}
[5.072788] (custom_interfaces) StdoutLine: {'line': b'writing top-level names to custom_interfaces.egg-info/top_level.txt\n'}
[5.073160] (custom_interfaces) StdoutLine: {'line': b"writing manifest file 'custom_interfaces.egg-info/SOURCES.txt'\n"}
[5.133119] (-) TimerEvent: {}
[5.168010] (custom_interfaces) StdoutLine: {'line': b"reading manifest file 'custom_interfaces.egg-info/SOURCES.txt'\n"}
[5.169222] (custom_interfaces) StdoutLine: {'line': b"writing manifest file 'custom_interfaces.egg-info/SOURCES.txt'\n"}
[5.223096] (custom_interfaces) StdoutLine: {'line': b'[ 19%] Built target ament_cmake_python_build_custom_interfaces_egg\n'}
[5.227865] (custom_interfaces) StdoutLine: {'line': b'[ 22%] \x1b[32m\x1b[1mLinking C shared library libcustom_interfaces__rosidl_generator_c.so\x1b[0m\n'}
[5.233320] (-) TimerEvent: {}
[5.333843] (-) TimerEvent: {}
[5.347237] (custom_interfaces) StdoutLine: {'line': b'[ 25%] \x1b[32mBuilding CXX object CMakeFiles/custom_interfaces__rosidl_typesupport_cpp.dir/rosidl_typesupport_cpp/custom_interfaces/msg/target_pose_polar__type_support.cpp.o\x1b[0m\n'}
[5.366291] (custom_interfaces) StdoutLine: {'line': b'[ 29%] \x1b[32mBuilding CXX object CMakeFiles/custom_interfaces__rosidl_typesupport_introspection_cpp.dir/rosidl_typesupport_introspection_cpp/custom_interfaces/msg/detail/target_pose_polar__type_support.cpp.o\x1b[0m\n'}
[5.383475] (custom_interfaces) StdoutLine: {'line': b'[ 32%] \x1b[32mBuilding CXX object CMakeFiles/custom_interfaces__rosidl_typesupport_fastrtps_cpp.dir/rosidl_typesupport_fastrtps_cpp/custom_interfaces/msg/detail/dds_fastrtps/target_pose_polar__type_support.cpp.o\x1b[0m\n'}
[5.434141] (-) TimerEvent: {}
[5.489689] (custom_interfaces) StdoutLine: {'line': b'[ 32%] Built target custom_interfaces__rosidl_generator_c\n'}
[5.508560] (custom_interfaces) StdoutLine: {'line': b'[ 35%] \x1b[34m\x1b[1mGenerating C introspection for ROS interfaces\x1b[0m\n'}
[5.508938] (custom_interfaces) StdoutLine: {'line': b'[ 38%] \x1b[34m\x1b[1mGenerating C type support for eProsima Fast-RTPS\x1b[0m\n'}
[5.512074] (custom_interfaces) StdoutLine: {'line': b'[ 41%] \x1b[34m\x1b[1mGenerating C type support dispatch for ROS interfaces\x1b[0m\n'}
[5.534441] (-) TimerEvent: {}
[5.635933] (-) TimerEvent: {}
[5.736352] (-) TimerEvent: {}
[5.836828] (-) TimerEvent: {}
[5.912740] (custom_interfaces) StderrLine: {'line': b"gmake[2]: Warning: File 'CMakeFiles/custom_interfaces__rosidl_typesupport_c.dir/progress.make' has modification time 0.022 s in the future\n"}
[5.932492] (custom_interfaces) StdoutLine: {'line': b'[ 45%] \x1b[32mBuilding CXX object CMakeFiles/custom_interfaces__rosidl_typesupport_c.dir/rosidl_typesupport_c/custom_interfaces/msg/target_pose_polar__type_support.cpp.o\x1b[0m\n'}
[5.937563] (-) TimerEvent: {}
[5.961508] (custom_interfaces) StderrLine: {'line': b"gmake[2]: Warning: File 'libcustom_interfaces__rosidl_generator_c.so' has modification time 0.9 s in the future\n"}
[5.972368] (custom_interfaces) StderrLine: {'line': b"gmake[2]: Warning: File 'libcustom_interfaces__rosidl_generator_c.so' has modification time 0.89 s in the future\n"}
[5.975832] (custom_interfaces) StdoutLine: {'line': b'[ 48%] \x1b[32mBuilding C object CMakeFiles/custom_interfaces__rosidl_typesupport_introspection_c.dir/rosidl_typesupport_introspection_c/custom_interfaces/msg/detail/target_pose_polar__type_support.c.o\x1b[0m\n'}
[5.987258] (custom_interfaces) StdoutLine: {'line': b'[ 51%] \x1b[32mBuilding CXX object CMakeFiles/custom_interfaces__rosidl_typesupport_fastrtps_c.dir/rosidl_typesupport_fastrtps_c/custom_interfaces/msg/detail/target_pose_polar__type_support_c.cpp.o\x1b[0m\n'}
[6.037907] (-) TimerEvent: {}
[6.055572] (custom_interfaces) StdoutLine: {'line': b'[ 54%] \x1b[32m\x1b[1mLinking CXX shared library libcustom_interfaces__rosidl_typesupport_c.so\x1b[0m\n'}
[6.075119] (custom_interfaces) StdoutLine: {'line': b'[ 58%] \x1b[32m\x1b[1mLinking CXX shared library libcustom_interfaces__rosidl_typesupport_cpp.so\x1b[0m\n'}
[6.098622] (custom_interfaces) StdoutLine: {'line': b'[ 61%] \x1b[32m\x1b[1mLinking C shared library libcustom_interfaces__rosidl_typesupport_introspection_c.so\x1b[0m\n'}
[6.138394] (-) TimerEvent: {}
[6.238947] (-) TimerEvent: {}
[6.284932] (custom_interfaces) StdoutLine: {'line': b'[ 64%] \x1b[32m\x1b[1mLinking CXX shared library libcustom_interfaces__rosidl_typesupport_introspection_cpp.so\x1b[0m\n'}
[6.316833] (custom_interfaces) StdoutLine: {'line': b'[ 67%] \x1b[32m\x1b[1mLinking CXX shared library libcustom_interfaces__rosidl_typesupport_fastrtps_cpp.so\x1b[0m\n'}
[6.339392] (-) TimerEvent: {}
[6.426194] (custom_interfaces) StderrLine: {'line': b'gmake[2]: warning:  Clock skew detected.  Your build may be incomplete.\n'}
[6.439735] (-) TimerEvent: {}
[6.446694] (custom_interfaces) StdoutLine: {'line': b'[ 67%] Built target custom_interfaces__rosidl_typesupport_c\n'}
[6.453407] (custom_interfaces) StderrLine: {'line': b'gmake[2]: warning:  Clock skew detected.  Your build may be incomplete.\n'}
[6.467251] (custom_interfaces) StdoutLine: {'line': b'[ 67%] Built target custom_interfaces__rosidl_typesupport_cpp\n'}
[6.468402] (custom_interfaces) StdoutLine: {'line': b'[ 67%] Built target custom_interfaces__rosidl_typesupport_introspection_c\n'}
[6.540115] (-) TimerEvent: {}
[6.640656] (-) TimerEvent: {}
[6.660877] (custom_interfaces) StdoutLine: {'line': b'[ 67%] Built target custom_interfaces__rosidl_typesupport_introspection_cpp\n'}
[6.726936] (custom_interfaces) StdoutLine: {'line': b'[ 67%] Built target custom_interfaces__rosidl_typesupport_fastrtps_cpp\n'}
[6.733937] (custom_interfaces) StdoutLine: {'line': b'[ 70%] \x1b[32m\x1b[1mLinking CXX shared library libcustom_interfaces__rosidl_typesupport_fastrtps_c.so\x1b[0m\n'}
[6.740881] (-) TimerEvent: {}
[6.841514] (-) TimerEvent: {}
[6.942020] (-) TimerEvent: {}
[7.040419] (custom_interfaces) StderrLine: {'line': b'gmake[2]: warning:  Clock skew detected.  Your build may be incomplete.\n'}
[7.042193] (-) TimerEvent: {}
[7.052957] (custom_interfaces) StdoutLine: {'line': b'[ 70%] Built target custom_interfaces__rosidl_typesupport_fastrtps_c\n'}
[7.092412] (custom_interfaces) StdoutLine: {'line': b'[ 70%] Built target custom_interfaces\n'}
[7.135128] (custom_interfaces) StdoutLine: {'line': b'[ 74%] \x1b[34m\x1b[1mGenerating Python code for ROS interfaces\x1b[0m\n'}
[7.142711] (-) TimerEvent: {}
[7.246606] (-) TimerEvent: {}
[7.349986] (-) TimerEvent: {}
[7.450633] (-) TimerEvent: {}
[7.528515] (custom_interfaces) StdoutLine: {'line': b'[ 74%] Built target custom_interfaces__py\n'}
[7.550955] (-) TimerEvent: {}
[7.561920] (custom_interfaces) StdoutLine: {'line': b'[ 77%] \x1b[32mBuilding C object CMakeFiles/custom_interfaces__rosidl_generator_py.dir/rosidl_generator_py/custom_interfaces/msg/_target_pose_polar_s.c.o\x1b[0m\n'}
[7.651428] (-) TimerEvent: {}
[7.752106] (-) TimerEvent: {}
[7.852694] (-) TimerEvent: {}
[7.857055] (custom_interfaces) StdoutLine: {'line': b'[ 80%] \x1b[32m\x1b[1mLinking C shared library rosidl_generator_py/custom_interfaces/libcustom_interfaces__rosidl_generator_py.so\x1b[0m\n'}
[7.952894] (-) TimerEvent: {}
[8.054218] (-) TimerEvent: {}
[8.078290] (custom_interfaces) StdoutLine: {'line': b'[ 80%] Built target custom_interfaces__rosidl_generator_py\n'}
[8.107283] (custom_interfaces) StdoutLine: {'line': b'[ 87%] \x1b[32mBuilding C object CMakeFiles/custom_interfaces__rosidl_typesupport_c__pyext.dir/rosidl_generator_py/custom_interfaces/_custom_interfaces_s.ep.rosidl_typesupport_c.c.o\x1b[0m\n'}
[8.107515] (custom_interfaces) StdoutLine: {'line': b'[ 90%] \x1b[32mBuilding C object CMakeFiles/custom_interfaces__rosidl_typesupport_introspection_c__pyext.dir/rosidl_generator_py/custom_interfaces/_custom_interfaces_s.ep.rosidl_typesupport_introspection_c.c.o\x1b[0m\n'}
[8.107924] (custom_interfaces) StdoutLine: {'line': b'[ 90%] \x1b[32mBuilding C object CMakeFiles/custom_interfaces__rosidl_typesupport_fastrtps_c__pyext.dir/rosidl_generator_py/custom_interfaces/_custom_interfaces_s.ep.rosidl_typesupport_fastrtps_c.c.o\x1b[0m\n'}
[8.154455] (-) TimerEvent: {}
[8.255059] (-) TimerEvent: {}
[8.343264] (custom_interfaces) StdoutLine: {'line': b'[ 93%] \x1b[32m\x1b[1mLinking C shared library rosidl_generator_py/custom_interfaces/custom_interfaces_s__rosidl_typesupport_c.cpython-310-x86_64-linux-gnu.so\x1b[0m\n'}
[8.345377] (custom_interfaces) StdoutLine: {'line': b'[ 96%] \x1b[32m\x1b[1mLinking C shared library rosidl_generator_py/custom_interfaces/custom_interfaces_s__rosidl_typesupport_fastrtps_c.cpython-310-x86_64-linux-gnu.so\x1b[0m\n'}
[8.353873] (custom_interfaces) StdoutLine: {'line': b'[100%] \x1b[32m\x1b[1mLinking C shared library rosidl_generator_py/custom_interfaces/custom_interfaces_s__rosidl_typesupport_introspection_c.cpython-310-x86_64-linux-gnu.so\x1b[0m\n'}
[8.355265] (-) TimerEvent: {}
[8.456083] (-) TimerEvent: {}
[8.530522] (custom_interfaces) StdoutLine: {'line': b'[100%] Built target custom_interfaces__rosidl_typesupport_c__pyext\n'}
[8.539438] (custom_interfaces) StdoutLine: {'line': b'[100%] Built target custom_interfaces__rosidl_typesupport_fastrtps_c__pyext\n'}
[8.556247] (-) TimerEvent: {}
[8.571370] (custom_interfaces) StdoutLine: {'line': b'[100%] Built target custom_interfaces__rosidl_typesupport_introspection_c__pyext\n'}
[8.588811] (custom_interfaces) CommandEnded: {'returncode': 0}
[8.589944] (custom_interfaces) JobProgress: {'identifier': 'custom_interfaces', 'progress': 'install'}
[8.590244] (custom_interfaces) Command: {'cmd': ['/usr/bin/cmake', '--install', '/home/colin/dockerfile_playground/build/custom_interfaces'], 'cwd': '/home/colin/dockerfile_playground/build/custom_interfaces', 'env': OrderedDict([('LESSOPEN', '| /usr/bin/lesspipe %s'), ('USER', 'colin'), ('GIT_ASKPASS', '/home/colin/.vscode-server/bin/e3550cfac4b63ca4eafca7b601f0d2885817fd1f/extensions/git/dist/askpass.sh'), ('SHLVL', '1'), ('LD_LIBRARY_PATH', '/opt/ros/humble/opt/rviz_ogre_vendor/lib:/opt/ros/humble/lib/x86_64-linux-gnu:/opt/ros/humble/lib'), ('HOME', '/home/colin'), ('TERM_PROGRAM_VERSION', '1.103.0'), ('VSCODE_IPC_HOOK_CLI', '/run/user/1000/vscode-ipc-3e7a7990-4e04-461c-abec-717b25760553.sock'), ('ROS_PYTHON_VERSION', '3'), ('VSCODE_GIT_ASKPASS_MAIN', '/home/colin/.vscode-server/bin/e3550cfac4b63ca4eafca7b601f0d2885817fd1f/extensions/git/dist/askpass-main.js'), ('VSCODE_GIT_ASKPASS_NODE', '/home/colin/.vscode-server/bin/e3550cfac4b63ca4eafca7b601f0d2885817fd1f/node'), ('PYDEVD_DISABLE_FILE_VALIDATION', '1'), ('BUNDLED_DEBUGPY_PATH', '/home/colin/.vscode-server/extensions/ms-python.debugpy-2025.10.0-linux-x64/bundled/libs/debugpy'), ('DBUS_SESSION_BUS_ADDRESS', 'unix:path=/run/user/1000/bus'), ('COLORTERM', 'truecolor'), ('WSL_DISTRO_NAME', 'Ubuntu-22.04'), ('WAYLAND_DISPLAY', 'wayland-0'), ('ROS_DISTRO', 'humble'), ('LOGNAME', 'colin'), ('NAME', 'Pc'), ('WSL_INTEROP', '/run/WSL/670_interop'), ('PULSE_SERVER', 'unix:/mnt/wslg/PulseServer'), ('_', '/usr/bin/colcon'), ('ROS_VERSION', '2'), ('TERM', 'xterm-256color'), ('ROS_LOCALHOST_ONLY', '0'), ('PATH', '/home/colin/.vscode-server/bin/e3550cfac4b63ca4eafca7b601f0d2885817fd1f/bin/remote-cli:/home/colin/ardupilot/Tools/autotest:/usr/lib/ccache:/home/colin/ardupilot_sim/ardu_ws/src/ardupilot/Tools/autotest:/opt/gcc-arm-none-eabi-10-2020-q4-major/bin:/home/colin/.local/bin:/opt/ros/humble/bin:/usr/local/sbin:/usr/local/bin:/usr/sbin:/usr/bin:/sbin:/bin:/usr/games:/usr/local/games:/usr/lib/wsl/lib:/mnt/c/Program Files (x86)/NVIDIA Corporation/PhysX/Common:/mnt/c/WINDOWS/system32:/mnt/c/WINDOWS:/mnt/c/WINDOWS/System32/Wbem:/mnt/c/WINDOWS/System32/WindowsPowerShell/v1.0/:/mnt/c/WINDOWS/System32/OpenSSH/:/mnt/c/Users/Ordinateur/Desktop/Programmation/Git/cmd:/mnt/c/Program Files/dotnet/:/mnt/c/Program Files/Nookkin/MultiscreenBlank2:/mnt/c/Program Files (x86)/IVI Foundation/VISA/WinNT/Bin/:/mnt/c/Program Files/IVI Foundation/VISA/Win64/Bin/:/mnt/c/Program Files (x86)/National Instruments/Shared/LabVIEW CLI:/mnt/c/Program Files (x86)/IVI Foundation/VISA/WinNT/Bin:/mnt/c/Program Files/NVIDIA Corporation/NVIDIA app/NvDLISR:/mnt/c/Program Files/Microsoft VS Code/bin:/mnt/c/Program Files/MiKTeX/miktex/bin/x64/:/mnt/c/Program Files (x86)/Windows Kits/8.1/Windows Performance Toolkit/:/mnt/c/WINDOWS/system32:/mnt/c/WINDOWS:/mnt/c/WINDOWS/System32/Wbem:/mnt/c/WINDOWS/System32/WindowsPowerShell/v1.0/:/mnt/c/WINDOWS/System32/OpenSSH/:/mnt/c/Users/Ordinateur/Desktop/Programmation/Git/cmd:/mnt/c/Program Files/dotnet/:/mnt/c/Program Files/Nookkin/MultiscreenBlank2:/mnt/c/Program Files (x86)/IVI Foundation/VISA/WinNT/Bin/:/mnt/c/Program Files/IVI Foundation/VISA/Win64/Bin/:/mnt/c/Program Files (x86)/National Instruments/Shared/LabVIEW CLI:/mnt/c/Program Files (x86)/IVI Foundation/VISA/WinNT/Bin:/mnt/c/Program Files/NVIDIA Corporation/NVIDIA app/NvDLISR:/mnt/c/Program Files/Microsoft VS Code/bin:/mnt/c/Users/Ordinateur/AppData/Local/Microsoft/WindowsApps:/mnt/c/Users/Ordinateur/AppData/Local/Programs/Microsoft VS Code/bin:/mnt/c/Users/Ordinateur/AppData/Local/Packages/PythonSoftwareFoundation.Python.3.11_qbz5n2kfra8p0/LocalCache/local-packages/Python311/Scripts:/mnt/c/Users/Ordinateur/AppData/Local/Packages/PythonSoftwareFoundation.Python.3.11_qbz5n2kfra8p0/LocalCache/local-packages/Python311/Scripts:/mnt/c/Users/Ordinateur/.dotnet/tools:/mnt/c/Program Files/MiKTeX/miktex/bin/x64:/snap/bin:/home/colin/.vscode-server/extensions/ms-python.debugpy-2025.10.0-linux-x64/bundled/scripts/noConfigScripts:/home/colin/.vscode-server/data/User/globalStorage/github.copilot-chat/debugCommand'), ('XDG_RUNTIME_DIR', '/run/user/1000/'), ('DISPLAY', ':0'), ('VSCODE_DEBUGPY_ADAPTER_ENDPOINTS', '/home/colin/.vscode-server/extensions/ms-python.debugpy-2025.10.0-linux-x64/.noConfigDebugAdapterEndpoints/endpoint-5785ce27e3ec93d4.txt'), ('LANG', 'en_US.UTF-8'), ('LS_COLORS', 'rs=0:di=01;34:ln=01;36:mh=00:pi=40;33:so=01;35:do=01;35:bd=40;33;01:cd=40;33;01:or=40;31;01:mi=00:su=37;41:sg=30;43:ca=30;41:tw=30;42:ow=34;42:st=37;44:ex=01;32:*.tar=01;31:*.tgz=01;31:*.arc=01;31:*.arj=01;31:*.taz=01;31:*.lha=01;31:*.lz4=01;31:*.lzh=01;31:*.lzma=01;31:*.tlz=01;31:*.txz=01;31:*.tzo=01;31:*.t7z=01;31:*.zip=01;31:*.z=01;31:*.dz=01;31:*.gz=01;31:*.lrz=01;31:*.lz=01;31:*.lzo=01;31:*.xz=01;31:*.zst=01;31:*.tzst=01;31:*.bz2=01;31:*.bz=01;31:*.tbz=01;31:*.tbz2=01;31:*.tz=01;31:*.deb=01;31:*.rpm=01;31:*.jar=01;31:*.war=01;31:*.ear=01;31:*.sar=01;31:*.rar=01;31:*.alz=01;31:*.ace=01;31:*.zoo=01;31:*.cpio=01;31:*.7z=01;31:*.rz=01;31:*.cab=01;31:*.wim=01;31:*.swm=01;31:*.dwm=01;31:*.esd=01;31:*.jpg=01;35:*.jpeg=01;35:*.mjpg=01;35:*.mjpeg=01;35:*.gif=01;35:*.bmp=01;35:*.pbm=01;35:*.pgm=01;35:*.ppm=01;35:*.tga=01;35:*.xbm=01;35:*.xpm=01;35:*.tif=01;35:*.tiff=01;35:*.png=01;35:*.svg=01;35:*.svgz=01;35:*.mng=01;35:*.pcx=01;35:*.mov=01;35:*.mpg=01;35:*.mpeg=01;35:*.m2v=01;35:*.mkv=01;35:*.webm=01;35:*.webp=01;35:*.ogm=01;35:*.mp4=01;35:*.m4v=01;35:*.mp4v=01;35:*.vob=01;35:*.qt=01;35:*.nuv=01;35:*.wmv=01;35:*.asf=01;35:*.rm=01;35:*.rmvb=01;35:*.flc=01;35:*.avi=01;35:*.fli=01;35:*.flv=01;35:*.gl=01;35:*.dl=01;35:*.xcf=01;35:*.xwd=01;35:*.yuv=01;35:*.cgm=01;35:*.emf=01;35:*.ogv=01;35:*.ogx=01;35:*.aac=00;36:*.au=00;36:*.flac=00;36:*.m4a=00;36:*.mid=00;36:*.midi=00;36:*.mka=00;36:*.mp3=00;36:*.mpc=00;36:*.ogg=00;36:*.ra=00;36:*.wav=00;36:*.oga=00;36:*.opus=00;36:*.spx=00;36:*.xspf=00;36:'), ('VSCODE_GIT_IPC_HANDLE', '/run/user/1000/vscode-git-b329096974.sock'), ('ROS_ROOT', '/opt/ros/humble'), ('TERM_PROGRAM', 'vscode'), ('ROS_DOMAIN_ID', '1source'), ('AMENT_PREFIX_PATH', '/opt/ros/humble'), ('SHELL', '/bin/bash'), ('LESSCLOSE', '/usr/bin/lesspipe %s %s'), ('GZ_VERSION', 'harmonic'), ('VSCODE_GIT_ASKPASS_EXTRA_ARGS', ''), ('PWD', '/home/colin/dockerfile_playground/build/custom_interfaces'), ('XDG_DATA_DIRS', '/usr/local/share:/usr/share:/var/lib/snapd/desktop'), ('PYTHONPATH', '/opt/ros/humble/lib/python3.10/site-packages:/opt/ros/humble/local/lib/python3.10/dist-packages'), ('COLCON', '1'), ('WSL2_GUI_APPS_ENABLED', '1'), ('HOSTTYPE', 'x86_64'), ('WSLENV', 'VSCODE_WSL_EXT_LOCATION/up'), ('CMAKE_PREFIX_PATH', '/opt/ros/humble')]), 'shell': False}
[8.602431] (custom_interfaces) StdoutLine: {'line': b'-- Install configuration: ""\n'}
[8.605427] (custom_interfaces) StdoutLine: {'line': b'-- Installing: /home/colin/dockerfile_playground/install/custom_interfaces/share/ament_index/resource_index/rosidl_interfaces/custom_interfaces\n'}
[8.605808] (custom_interfaces) StdoutLine: {'line': b'-- Installing: /home/colin/dockerfile_playground/install/custom_interfaces/include/custom_interfaces/custom_interfaces\n'}
[8.607484] (custom_interfaces) StdoutLine: {'line': b'-- Installing: /home/colin/dockerfile_playground/install/custom_interfaces/include/custom_interfaces/custom_interfaces/msg\n'}
[8.608961] (custom_interfaces) StdoutLine: {'line': b'-- Installing: /home/colin/dockerfile_playground/install/custom_interfaces/include/custom_interfaces/custom_interfaces/msg/target_pose_polar.h\n'}
[8.609346] (custom_interfaces) StdoutLine: {'line': b'-- Installing: /home/colin/dockerfile_playground/install/custom_interfaces/include/custom_interfaces/custom_interfaces/msg/detail\n'}
[8.610169] (custom_interfaces) StdoutLine: {'line': b'-- Installing: /home/colin/dockerfile_playground/install/custom_interfaces/include/custom_interfaces/custom_interfaces/msg/detail/target_pose_polar__type_support.h\n'}
[8.610573] (custom_interfaces) StdoutLine: {'line': b'-- Installing: /home/colin/dockerfile_playground/install/custom_interfaces/include/custom_interfaces/custom_interfaces/msg/detail/target_pose_polar__functions.c\n'}
[8.610762] (custom_interfaces) StdoutLine: {'line': b'-- Installing: /home/colin/dockerfile_playground/install/custom_interfaces/include/custom_interfaces/custom_interfaces/msg/detail/target_pose_polar__functions.h\n'}
[8.610932] (custom_interfaces) StdoutLine: {'line': b'-- Installing: /home/colin/dockerfile_playground/install/custom_interfaces/include/custom_interfaces/custom_interfaces/msg/detail/target_pose_polar__struct.h\n'}
[8.611171] (custom_interfaces) StdoutLine: {'line': b'-- Installing: /home/colin/dockerfile_playground/install/custom_interfaces/include/custom_interfaces/custom_interfaces/msg/rosidl_generator_c__visibility_control.h\n'}
[8.612728] (custom_interfaces) StdoutLine: {'line': b'-- Installing: /home/colin/dockerfile_playground/install/custom_interfaces/share/custom_interfaces/environment/library_path.sh\n'}
[8.613053] (custom_interfaces) StdoutLine: {'line': b'-- Installing: /home/colin/dockerfile_playground/install/custom_interfaces/share/custom_interfaces/environment/library_path.dsv\n'}
[8.613871] (custom_interfaces) StdoutLine: {'line': b'-- Installing: /home/colin/dockerfile_playground/install/custom_interfaces/lib/libcustom_interfaces__rosidl_generator_c.so\n'}
[8.614546] (custom_interfaces) StdoutLine: {'line': b'-- Set runtime path of "/home/colin/dockerfile_playground/install/custom_interfaces/lib/libcustom_interfaces__rosidl_generator_c.so" to ""\n'}
[8.614876] (custom_interfaces) StdoutLine: {'line': b'-- Up-to-date: /home/colin/dockerfile_playground/install/custom_interfaces/include/custom_interfaces/custom_interfaces\n'}
[8.614971] (custom_interfaces) StdoutLine: {'line': b'-- Up-to-date: /home/colin/dockerfile_playground/install/custom_interfaces/include/custom_interfaces/custom_interfaces/msg\n'}
[8.615053] (custom_interfaces) StdoutLine: {'line': b'-- Installing: /home/colin/dockerfile_playground/install/custom_interfaces/include/custom_interfaces/custom_interfaces/msg/rosidl_typesupport_fastrtps_c__visibility_control.h\n'}
[8.615305] (custom_interfaces) StdoutLine: {'line': b'-- Up-to-date: /home/colin/dockerfile_playground/install/custom_interfaces/include/custom_interfaces/custom_interfaces/msg/detail\n'}
[8.615748] (custom_interfaces) StdoutLine: {'line': b'-- Installing: /home/colin/dockerfile_playground/install/custom_interfaces/include/custom_interfaces/custom_interfaces/msg/detail/target_pose_polar__rosidl_typesupport_fastrtps_c.h\n'}
[8.615942] (custom_interfaces) StdoutLine: {'line': b'-- Installing: /home/colin/dockerfile_playground/install/custom_interfaces/lib/libcustom_interfaces__rosidl_typesupport_fastrtps_c.so\n'}
[8.616418] (custom_interfaces) StdoutLine: {'line': b'-- Set runtime path of "/home/colin/dockerfile_playground/install/custom_interfaces/lib/libcustom_interfaces__rosidl_typesupport_fastrtps_c.so" to ""\n'}
[8.616645] (custom_interfaces) StdoutLine: {'line': b'-- Up-to-date: /home/colin/dockerfile_playground/install/custom_interfaces/include/custom_interfaces/custom_interfaces\n'}
[8.616776] (custom_interfaces) StdoutLine: {'line': b'-- Up-to-date: /home/colin/dockerfile_playground/install/custom_interfaces/include/custom_interfaces/custom_interfaces/msg\n'}
[8.616948] (custom_interfaces) StdoutLine: {'line': b'-- Installing: /home/colin/dockerfile_playground/install/custom_interfaces/include/custom_interfaces/custom_interfaces/msg/rosidl_typesupport_introspection_c__visibility_control.h\n'}
[8.617241] (custom_interfaces) StdoutLine: {'line': b'-- Up-to-date: /home/colin/dockerfile_playground/install/custom_interfaces/include/custom_interfaces/custom_interfaces/msg/detail\n'}
[8.617370] (custom_interfaces) StdoutLine: {'line': b'-- Installing: /home/colin/dockerfile_playground/install/custom_interfaces/include/custom_interfaces/custom_interfaces/msg/detail/target_pose_polar__rosidl_typesupport_introspection_c.h\n'}
[8.617661] (custom_interfaces) StdoutLine: {'line': b'-- Installing: /home/colin/dockerfile_playground/install/custom_interfaces/include/custom_interfaces/custom_interfaces/msg/detail/target_pose_polar__type_support.c\n'}
[8.617884] (custom_interfaces) StdoutLine: {'line': b'-- Installing: /home/colin/dockerfile_playground/install/custom_interfaces/lib/libcustom_interfaces__rosidl_typesupport_introspection_c.so\n'}
[8.618290] (custom_interfaces) StdoutLine: {'line': b'-- Set runtime path of "/home/colin/dockerfile_playground/install/custom_interfaces/lib/libcustom_interfaces__rosidl_typesupport_introspection_c.so" to ""\n'}
[8.618418] (custom_interfaces) StdoutLine: {'line': b'-- Installing: /home/colin/dockerfile_playground/install/custom_interfaces/lib/libcustom_interfaces__rosidl_typesupport_c.so\n'}
[8.618838] (custom_interfaces) StdoutLine: {'line': b'-- Set runtime path of "/home/colin/dockerfile_playground/install/custom_interfaces/lib/libcustom_interfaces__rosidl_typesupport_c.so" to ""\n'}
[8.618946] (custom_interfaces) StdoutLine: {'line': b'-- Up-to-date: /home/colin/dockerfile_playground/install/custom_interfaces/include/custom_interfaces/custom_interfaces\n'}
[8.619233] (custom_interfaces) StdoutLine: {'line': b'-- Up-to-date: /home/colin/dockerfile_playground/install/custom_interfaces/include/custom_interfaces/custom_interfaces/msg\n'}
[8.619539] (custom_interfaces) StdoutLine: {'line': b'-- Installing: /home/colin/dockerfile_playground/install/custom_interfaces/include/custom_interfaces/custom_interfaces/msg/rosidl_generator_cpp__visibility_control.hpp\n'}
[8.619823] (custom_interfaces) StdoutLine: {'line': b'-- Up-to-date: /home/colin/dockerfile_playground/install/custom_interfaces/include/custom_interfaces/custom_interfaces/msg/detail\n'}
[8.619922] (custom_interfaces) StdoutLine: {'line': b'-- Installing: /home/colin/dockerfile_playground/install/custom_interfaces/include/custom_interfaces/custom_interfaces/msg/detail/target_pose_polar__traits.hpp\n'}
[8.620096] (custom_interfaces) StdoutLine: {'line': b'-- Installing: /home/colin/dockerfile_playground/install/custom_interfaces/include/custom_interfaces/custom_interfaces/msg/detail/target_pose_polar__builder.hpp\n'}
[8.620491] (custom_interfaces) StdoutLine: {'line': b'-- Installing: /home/colin/dockerfile_playground/install/custom_interfaces/include/custom_interfaces/custom_interfaces/msg/detail/target_pose_polar__struct.hpp\n'}
[8.620881] (custom_interfaces) StdoutLine: {'line': b'-- Installing: /home/colin/dockerfile_playground/install/custom_interfaces/include/custom_interfaces/custom_interfaces/msg/detail/target_pose_polar__type_support.hpp\n'}
[8.621255] (custom_interfaces) StdoutLine: {'line': b'-- Installing: /home/colin/dockerfile_playground/install/custom_interfaces/include/custom_interfaces/custom_interfaces/msg/target_pose_polar.hpp\n'}
[8.621681] (custom_interfaces) StdoutLine: {'line': b'-- Up-to-date: /home/colin/dockerfile_playground/install/custom_interfaces/include/custom_interfaces/custom_interfaces\n'}
[8.621927] (custom_interfaces) StdoutLine: {'line': b'-- Up-to-date: /home/colin/dockerfile_playground/install/custom_interfaces/include/custom_interfaces/custom_interfaces/msg\n'}
[8.622305] (custom_interfaces) StdoutLine: {'line': b'-- Installing: /home/colin/dockerfile_playground/install/custom_interfaces/include/custom_interfaces/custom_interfaces/msg/rosidl_typesupport_fastrtps_cpp__visibility_control.h\n'}
[8.622410] (custom_interfaces) StdoutLine: {'line': b'-- Up-to-date: /home/colin/dockerfile_playground/install/custom_interfaces/include/custom_interfaces/custom_interfaces/msg/detail\n'}
[8.622487] (custom_interfaces) StdoutLine: {'line': b'-- Installing: /home/colin/dockerfile_playground/install/custom_interfaces/include/custom_interfaces/custom_interfaces/msg/detail/dds_fastrtps\n'}
[8.623564] (custom_interfaces) StdoutLine: {'line': b'-- Installing: /home/colin/dockerfile_playground/install/custom_interfaces/include/custom_interfaces/custom_interfaces/msg/detail/target_pose_polar__rosidl_typesupport_fastrtps_cpp.hpp\n'}
[8.624033] (custom_interfaces) StdoutLine: {'line': b'-- Installing: /home/colin/dockerfile_playground/install/custom_interfaces/lib/libcustom_interfaces__rosidl_typesupport_fastrtps_cpp.so\n'}
[8.624680] (custom_interfaces) StdoutLine: {'line': b'-- Set runtime path of "/home/colin/dockerfile_playground/install/custom_interfaces/lib/libcustom_interfaces__rosidl_typesupport_fastrtps_cpp.so" to ""\n'}
[8.624941] (custom_interfaces) StdoutLine: {'line': b'-- Up-to-date: /home/colin/dockerfile_playground/install/custom_interfaces/include/custom_interfaces/custom_interfaces\n'}
[8.625074] (custom_interfaces) StdoutLine: {'line': b'-- Up-to-date: /home/colin/dockerfile_playground/install/custom_interfaces/include/custom_interfaces/custom_interfaces/msg\n'}
[8.625306] (custom_interfaces) StdoutLine: {'line': b'-- Up-to-date: /home/colin/dockerfile_playground/install/custom_interfaces/include/custom_interfaces/custom_interfaces/msg/detail\n'}
[8.625626] (custom_interfaces) StdoutLine: {'line': b'-- Installing: /home/colin/dockerfile_playground/install/custom_interfaces/include/custom_interfaces/custom_interfaces/msg/detail/target_pose_polar__rosidl_typesupport_introspection_cpp.hpp\n'}
[8.625742] (custom_interfaces) StdoutLine: {'line': b'-- Installing: /home/colin/dockerfile_playground/install/custom_interfaces/include/custom_interfaces/custom_interfaces/msg/detail/target_pose_polar__type_support.cpp\n'}
[8.625800] (custom_interfaces) StdoutLine: {'line': b'-- Installing: /home/colin/dockerfile_playground/install/custom_interfaces/lib/libcustom_interfaces__rosidl_typesupport_introspection_cpp.so\n'}
[8.626354] (custom_interfaces) StdoutLine: {'line': b'-- Set runtime path of "/home/colin/dockerfile_playground/install/custom_interfaces/lib/libcustom_interfaces__rosidl_typesupport_introspection_cpp.so" to ""\n'}
[8.626472] (custom_interfaces) StdoutLine: {'line': b'-- Installing: /home/colin/dockerfile_playground/install/custom_interfaces/lib/libcustom_interfaces__rosidl_typesupport_cpp.so\n'}
[8.626973] (custom_interfaces) StdoutLine: {'line': b'-- Set runtime path of "/home/colin/dockerfile_playground/install/custom_interfaces/lib/libcustom_interfaces__rosidl_typesupport_cpp.so" to ""\n'}
[8.627190] (custom_interfaces) StdoutLine: {'line': b'-- Installing: /home/colin/dockerfile_playground/install/custom_interfaces/share/custom_interfaces/environment/pythonpath.sh\n'}
[8.627439] (custom_interfaces) StdoutLine: {'line': b'-- Installing: /home/colin/dockerfile_playground/install/custom_interfaces/share/custom_interfaces/environment/pythonpath.dsv\n'}
[8.627670] (custom_interfaces) StdoutLine: {'line': b'-- Installing: /home/colin/dockerfile_playground/install/custom_interfaces/local/lib/python3.10/dist-packages/custom_interfaces-0.0.0-py3.10.egg-info\n'}
[8.630948] (custom_interfaces) StdoutLine: {'line': b'-- Installing: /home/colin/dockerfile_playground/install/custom_interfaces/local/lib/python3.10/dist-packages/custom_interfaces-0.0.0-py3.10.egg-info/PKG-INFO\n'}
[8.631219] (custom_interfaces) StdoutLine: {'line': b'-- Installing: /home/colin/dockerfile_playground/install/custom_interfaces/local/lib/python3.10/dist-packages/custom_interfaces-0.0.0-py3.10.egg-info/SOURCES.txt\n'}
[8.631458] (custom_interfaces) StdoutLine: {'line': b'-- Installing: /home/colin/dockerfile_playground/install/custom_interfaces/local/lib/python3.10/dist-packages/custom_interfaces-0.0.0-py3.10.egg-info/dependency_links.txt\n'}
[8.631706] (custom_interfaces) StdoutLine: {'line': b'-- Installing: /home/colin/dockerfile_playground/install/custom_interfaces/local/lib/python3.10/dist-packages/custom_interfaces-0.0.0-py3.10.egg-info/top_level.txt\n'}
[8.632030] (custom_interfaces) StdoutLine: {'line': b'-- Installing: /home/colin/dockerfile_playground/install/custom_interfaces/local/lib/python3.10/dist-packages/custom_interfaces\n'}
[8.632865] (custom_interfaces) StdoutLine: {'line': b'-- Installing: /home/colin/dockerfile_playground/install/custom_interfaces/local/lib/python3.10/dist-packages/custom_interfaces/msg\n'}
[8.633511] (custom_interfaces) StdoutLine: {'line': b'-- Installing: /home/colin/dockerfile_playground/install/custom_interfaces/local/lib/python3.10/dist-packages/custom_interfaces/msg/_target_pose_polar_s.c\n'}
[8.633731] (custom_interfaces) StdoutLine: {'line': b'-- Installing: /home/colin/dockerfile_playground/install/custom_interfaces/local/lib/python3.10/dist-packages/custom_interfaces/msg/__init__.py\n'}
[8.634013] (custom_interfaces) StdoutLine: {'line': b'-- Installing: /home/colin/dockerfile_playground/install/custom_interfaces/local/lib/python3.10/dist-packages/custom_interfaces/msg/_target_pose_polar.py\n'}
[8.634242] (custom_interfaces) StdoutLine: {'line': b'-- Installing: /home/colin/dockerfile_playground/install/custom_interfaces/local/lib/python3.10/dist-packages/custom_interfaces/custom_interfaces_s__rosidl_typesupport_fastrtps_c.cpython-310-x86_64-linux-gnu.so\n'}
[8.634430] (custom_interfaces) StdoutLine: {'line': b'-- Installing: /home/colin/dockerfile_playground/install/custom_interfaces/local/lib/python3.10/dist-packages/custom_interfaces/_custom_interfaces_s.ep.rosidl_typesupport_introspection_c.c\n'}
[8.634714] (custom_interfaces) StdoutLine: {'line': b'-- Installing: /home/colin/dockerfile_playground/install/custom_interfaces/local/lib/python3.10/dist-packages/custom_interfaces/_custom_interfaces_s.ep.rosidl_typesupport_fastrtps_c.c\n'}
[8.634960] (custom_interfaces) StdoutLine: {'line': b'-- Installing: /home/colin/dockerfile_playground/install/custom_interfaces/local/lib/python3.10/dist-packages/custom_interfaces/_custom_interfaces_s.ep.rosidl_typesupport_c.c\n'}
[8.635190] (custom_interfaces) StdoutLine: {'line': b'-- Installing: /home/colin/dockerfile_playground/install/custom_interfaces/local/lib/python3.10/dist-packages/custom_interfaces/libcustom_interfaces__rosidl_generator_py.so\n'}
[8.635456] (custom_interfaces) StdoutLine: {'line': b'-- Installing: /home/colin/dockerfile_playground/install/custom_interfaces/local/lib/python3.10/dist-packages/custom_interfaces/__init__.py\n'}
[8.635671] (custom_interfaces) StdoutLine: {'line': b'-- Installing: /home/colin/dockerfile_playground/install/custom_interfaces/local/lib/python3.10/dist-packages/custom_interfaces/custom_interfaces_s__rosidl_typesupport_c.cpython-310-x86_64-linux-gnu.so\n'}
[8.635916] (custom_interfaces) StdoutLine: {'line': b'-- Installing: /home/colin/dockerfile_playground/install/custom_interfaces/local/lib/python3.10/dist-packages/custom_interfaces/custom_interfaces_s__rosidl_typesupport_introspection_c.cpython-310-x86_64-linux-gnu.so\n'}
[8.657290] (-) TimerEvent: {}
[8.675717] (custom_interfaces) StdoutLine: {'line': b"Listing '/home/colin/dockerfile_playground/install/custom_interfaces/local/lib/python3.10/dist-packages/custom_interfaces'...\n"}
[8.676061] (custom_interfaces) StdoutLine: {'line': b"Compiling '/home/colin/dockerfile_playground/install/custom_interfaces/local/lib/python3.10/dist-packages/custom_interfaces/__init__.py'...\n"}
[8.676126] (custom_interfaces) StdoutLine: {'line': b"Listing '/home/colin/dockerfile_playground/install/custom_interfaces/local/lib/python3.10/dist-packages/custom_interfaces/msg'...\n"}
[8.676181] (custom_interfaces) StdoutLine: {'line': b"Compiling '/home/colin/dockerfile_playground/install/custom_interfaces/local/lib/python3.10/dist-packages/custom_interfaces/msg/__init__.py'...\n"}
[8.676233] (custom_interfaces) StdoutLine: {'line': b"Compiling '/home/colin/dockerfile_playground/install/custom_interfaces/local/lib/python3.10/dist-packages/custom_interfaces/msg/_target_pose_polar.py'...\n"}
[8.681361] (custom_interfaces) StdoutLine: {'line': b'-- Installing: /home/colin/dockerfile_playground/install/custom_interfaces/local/lib/python3.10/dist-packages/custom_interfaces/custom_interfaces_s__rosidl_typesupport_fastrtps_c.cpython-310-x86_64-linux-gnu.so\n'}
[8.681806] (custom_interfaces) StdoutLine: {'line': b'-- Set runtime path of "/home/colin/dockerfile_playground/install/custom_interfaces/local/lib/python3.10/dist-packages/custom_interfaces/custom_interfaces_s__rosidl_typesupport_fastrtps_c.cpython-310-x86_64-linux-gnu.so" to ""\n'}
[8.682091] (custom_interfaces) StdoutLine: {'line': b'-- Installing: /home/colin/dockerfile_playground/install/custom_interfaces/local/lib/python3.10/dist-packages/custom_interfaces/custom_interfaces_s__rosidl_typesupport_introspection_c.cpython-310-x86_64-linux-gnu.so\n'}
[8.682608] (custom_interfaces) StdoutLine: {'line': b'-- Set runtime path of "/home/colin/dockerfile_playground/install/custom_interfaces/local/lib/python3.10/dist-packages/custom_interfaces/custom_interfaces_s__rosidl_typesupport_introspection_c.cpython-310-x86_64-linux-gnu.so" to ""\n'}
[8.682880] (custom_interfaces) StdoutLine: {'line': b'-- Installing: /home/colin/dockerfile_playground/install/custom_interfaces/local/lib/python3.10/dist-packages/custom_interfaces/custom_interfaces_s__rosidl_typesupport_c.cpython-310-x86_64-linux-gnu.so\n'}
[8.683406] (custom_interfaces) StdoutLine: {'line': b'-- Set runtime path of "/home/colin/dockerfile_playground/install/custom_interfaces/local/lib/python3.10/dist-packages/custom_interfaces/custom_interfaces_s__rosidl_typesupport_c.cpython-310-x86_64-linux-gnu.so" to ""\n'}
[8.683710] (custom_interfaces) StdoutLine: {'line': b'-- Installing: /home/colin/dockerfile_playground/install/custom_interfaces/lib/libcustom_interfaces__rosidl_generator_py.so\n'}
[8.684186] (custom_interfaces) StdoutLine: {'line': b'-- Set runtime path of "/home/colin/dockerfile_playground/install/custom_interfaces/lib/libcustom_interfaces__rosidl_generator_py.so" to ""\n'}
[8.685172] (custom_interfaces) StdoutLine: {'line': b'-- Installing: /home/colin/dockerfile_playground/install/custom_interfaces/share/custom_interfaces/msg/TargetPosePolar.idl\n'}
[8.685548] (custom_interfaces) StdoutLine: {'line': b'-- Installing: /home/colin/dockerfile_playground/install/custom_interfaces/share/custom_interfaces/msg/TargetPosePolar.msg\n'}
[8.686495] (custom_interfaces) StdoutLine: {'line': b'-- Installing: /home/colin/dockerfile_playground/install/custom_interfaces/share/ament_index/resource_index/package_run_dependencies/custom_interfaces\n'}
[8.687509] (custom_interfaces) StdoutLine: {'line': b'-- Installing: /home/colin/dockerfile_playground/install/custom_interfaces/share/ament_index/resource_index/parent_prefix_path/custom_interfaces\n'}
[8.687838] (custom_interfaces) StdoutLine: {'line': b'-- Installing: /home/colin/dockerfile_playground/install/custom_interfaces/share/custom_interfaces/environment/ament_prefix_path.sh\n'}
[8.688035] (custom_interfaces) StdoutLine: {'line': b'-- Installing: /home/colin/dockerfile_playground/install/custom_interfaces/share/custom_interfaces/environment/ament_prefix_path.dsv\n'}
[8.688367] (custom_interfaces) StdoutLine: {'line': b'-- Installing: /home/colin/dockerfile_playground/install/custom_interfaces/share/custom_interfaces/environment/path.sh\n'}
[8.688605] (custom_interfaces) StdoutLine: {'line': b'-- Installing: /home/colin/dockerfile_playground/install/custom_interfaces/share/custom_interfaces/environment/path.dsv\n'}
[8.688887] (custom_interfaces) StdoutLine: {'line': b'-- Installing: /home/colin/dockerfile_playground/install/custom_interfaces/share/custom_interfaces/local_setup.bash\n'}
[8.689217] (custom_interfaces) StdoutLine: {'line': b'-- Installing: /home/colin/dockerfile_playground/install/custom_interfaces/share/custom_interfaces/local_setup.sh\n'}
[8.689495] (custom_interfaces) StdoutLine: {'line': b'-- Installing: /home/colin/dockerfile_playground/install/custom_interfaces/share/custom_interfaces/local_setup.zsh\n'}
[8.689758] (custom_interfaces) StdoutLine: {'line': b'-- Installing: /home/colin/dockerfile_playground/install/custom_interfaces/share/custom_interfaces/local_setup.dsv\n'}
[8.690001] (custom_interfaces) StdoutLine: {'line': b'-- Installing: /home/colin/dockerfile_playground/install/custom_interfaces/share/custom_interfaces/package.dsv\n'}
[8.690782] (custom_interfaces) StdoutLine: {'line': b'-- Installing: /home/colin/dockerfile_playground/install/custom_interfaces/share/ament_index/resource_index/packages/custom_interfaces\n'}
[8.691757] (custom_interfaces) StdoutLine: {'line': b'-- Installing: /home/colin/dockerfile_playground/install/custom_interfaces/share/custom_interfaces/cmake/export_custom_interfaces__rosidl_generator_cExport.cmake\n'}
[8.692039] (custom_interfaces) StdoutLine: {'line': b'-- Installing: /home/colin/dockerfile_playground/install/custom_interfaces/share/custom_interfaces/cmake/export_custom_interfaces__rosidl_generator_cExport-noconfig.cmake\n'}
[8.692385] (custom_interfaces) StdoutLine: {'line': b'-- Installing: /home/colin/dockerfile_playground/install/custom_interfaces/share/custom_interfaces/cmake/export_custom_interfaces__rosidl_typesupport_fastrtps_cExport.cmake\n'}
[8.692650] (custom_interfaces) StdoutLine: {'line': b'-- Installing: /home/colin/dockerfile_playground/install/custom_interfaces/share/custom_interfaces/cmake/export_custom_interfaces__rosidl_typesupport_fastrtps_cExport-noconfig.cmake\n'}
[8.692952] (custom_interfaces) StdoutLine: {'line': b'-- Installing: /home/colin/dockerfile_playground/install/custom_interfaces/share/custom_interfaces/cmake/custom_interfaces__rosidl_typesupport_introspection_cExport.cmake\n'}
[8.693218] (custom_interfaces) StdoutLine: {'line': b'-- Installing: /home/colin/dockerfile_playground/install/custom_interfaces/share/custom_interfaces/cmake/custom_interfaces__rosidl_typesupport_introspection_cExport-noconfig.cmake\n'}
[8.693479] (custom_interfaces) StdoutLine: {'line': b'-- Installing: /home/colin/dockerfile_playground/install/custom_interfaces/share/custom_interfaces/cmake/custom_interfaces__rosidl_typesupport_cExport.cmake\n'}
[8.693755] (custom_interfaces) StdoutLine: {'line': b'-- Installing: /home/colin/dockerfile_playground/install/custom_interfaces/share/custom_interfaces/cmake/custom_interfaces__rosidl_typesupport_cExport-noconfig.cmake\n'}
[8.694156] (custom_interfaces) StdoutLine: {'line': b'-- Installing: /home/colin/dockerfile_playground/install/custom_interfaces/share/custom_interfaces/cmake/export_custom_interfaces__rosidl_generator_cppExport.cmake\n'}
[8.694427] (custom_interfaces) StdoutLine: {'line': b'-- Installing: /home/colin/dockerfile_playground/install/custom_interfaces/share/custom_interfaces/cmake/export_custom_interfaces__rosidl_typesupport_fastrtps_cppExport.cmake\n'}
[8.694684] (custom_interfaces) StdoutLine: {'line': b'-- Installing: /home/colin/dockerfile_playground/install/custom_interfaces/share/custom_interfaces/cmake/export_custom_interfaces__rosidl_typesupport_fastrtps_cppExport-noconfig.cmake\n'}
[8.695013] (custom_interfaces) StdoutLine: {'line': b'-- Installing: /home/colin/dockerfile_playground/install/custom_interfaces/share/custom_interfaces/cmake/custom_interfaces__rosidl_typesupport_introspection_cppExport.cmake\n'}
[8.695634] (custom_interfaces) StdoutLine: {'line': b'-- Installing: /home/colin/dockerfile_playground/install/custom_interfaces/share/custom_interfaces/cmake/custom_interfaces__rosidl_typesupport_introspection_cppExport-noconfig.cmake\n'}
[8.696369] (custom_interfaces) StdoutLine: {'line': b'-- Installing: /home/colin/dockerfile_playground/install/custom_interfaces/share/custom_interfaces/cmake/custom_interfaces__rosidl_typesupport_cppExport.cmake\n'}
[8.696648] (custom_interfaces) StdoutLine: {'line': b'-- Installing: /home/colin/dockerfile_playground/install/custom_interfaces/share/custom_interfaces/cmake/custom_interfaces__rosidl_typesupport_cppExport-noconfig.cmake\n'}
[8.696941] (custom_interfaces) StdoutLine: {'line': b'-- Installing: /home/colin/dockerfile_playground/install/custom_interfaces/share/custom_interfaces/cmake/export_custom_interfaces__rosidl_generator_pyExport.cmake\n'}
[8.697307] (custom_interfaces) StdoutLine: {'line': b'-- Installing: /home/colin/dockerfile_playground/install/custom_interfaces/share/custom_interfaces/cmake/export_custom_interfaces__rosidl_generator_pyExport-noconfig.cmake\n'}
[8.697567] (custom_interfaces) StdoutLine: {'line': b'-- Installing: /home/colin/dockerfile_playground/install/custom_interfaces/share/custom_interfaces/cmake/rosidl_cmake-extras.cmake\n'}
[8.697831] (custom_interfaces) StdoutLine: {'line': b'-- Installing: /home/colin/dockerfile_playground/install/custom_interfaces/share/custom_interfaces/cmake/ament_cmake_export_dependencies-extras.cmake\n'}
[8.698087] (custom_interfaces) StdoutLine: {'line': b'-- Installing: /home/colin/dockerfile_playground/install/custom_interfaces/share/custom_interfaces/cmake/ament_cmake_export_include_directories-extras.cmake\n'}
[8.698376] (custom_interfaces) StdoutLine: {'line': b'-- Installing: /home/colin/dockerfile_playground/install/custom_interfaces/share/custom_interfaces/cmake/ament_cmake_export_libraries-extras.cmake\n'}
[8.698665] (custom_interfaces) StdoutLine: {'line': b'-- Installing: /home/colin/dockerfile_playground/install/custom_interfaces/share/custom_interfaces/cmake/ament_cmake_export_targets-extras.cmake\n'}
[8.698898] (custom_interfaces) StdoutLine: {'line': b'-- Installing: /home/colin/dockerfile_playground/install/custom_interfaces/share/custom_interfaces/cmake/rosidl_cmake_export_typesupport_targets-extras.cmake\n'}
[8.699144] (custom_interfaces) StdoutLine: {'line': b'-- Installing: /home/colin/dockerfile_playground/install/custom_interfaces/share/custom_interfaces/cmake/rosidl_cmake_export_typesupport_libraries-extras.cmake\n'}
[8.699408] (custom_interfaces) StdoutLine: {'line': b'-- Installing: /home/colin/dockerfile_playground/install/custom_interfaces/share/custom_interfaces/cmake/custom_interfacesConfig.cmake\n'}
[8.699637] (custom_interfaces) StdoutLine: {'line': b'-- Installing: /home/colin/dockerfile_playground/install/custom_interfaces/share/custom_interfaces/cmake/custom_interfacesConfig-version.cmake\n'}
[8.699876] (custom_interfaces) StdoutLine: {'line': b'-- Installing: /home/colin/dockerfile_playground/install/custom_interfaces/share/custom_interfaces/package.xml\n'}
[8.703859] (custom_interfaces) CommandEnded: {'returncode': 0}
[8.723437] (custom_interfaces) JobEnded: {'identifier': 'custom_interfaces', 'rc': 0}
[8.724759] (mission) JobStarted: {'identifier': 'mission'}
[8.731813] (polar) JobStarted: {'identifier': 'polar'}
[8.757559] (-) TimerEvent: {}
[8.858457] (-) TimerEvent: {}
[8.959089] (-) TimerEvent: {}
[9.059720] (-) TimerEvent: {}
[9.161217] (-) TimerEvent: {}
[9.262039] (-) TimerEvent: {}
[9.362712] (-) TimerEvent: {}
[9.463339] (-) TimerEvent: {}
[9.564125] (-) TimerEvent: {}
[9.664581] (-) TimerEvent: {}
[9.765107] (-) TimerEvent: {}
[9.865654] (-) TimerEvent: {}
[9.966156] (-) TimerEvent: {}
[10.067565] (-) TimerEvent: {}
[10.169029] (-) TimerEvent: {}
[10.269616] (-) TimerEvent: {}
[10.354887] (mission) Command: {'cmd': ['/usr/bin/python3', '-W', 'ignore:setup.py install is deprecated', '-W', 'ignore:easy_install command is deprecated', 'setup.py', 'egg_info', '--egg-base', '../../../build/mission', 'build', '--build-base', '/home/colin/dockerfile_playground/build/mission/build', 'install', '--record', '/home/colin/dockerfile_playground/build/mission/install.log', '--single-version-externally-managed', 'install_data'], 'cwd': '/home/colin/dockerfile_playground/ros2_ws/src/mission', 'env': {'LESSOPEN': '| /usr/bin/lesspipe %s', 'USER': 'colin', 'GIT_ASKPASS': '/home/colin/.vscode-server/bin/e3550cfac4b63ca4eafca7b601f0d2885817fd1f/extensions/git/dist/askpass.sh', 'SHLVL': '1', 'LD_LIBRARY_PATH': '/home/colin/dockerfile_playground/install/custom_interfaces/lib:/opt/ros/humble/opt/rviz_ogre_vendor/lib:/opt/ros/humble/lib/x86_64-linux-gnu:/opt/ros/humble/lib', 'HOME': '/home/colin', 'TERM_PROGRAM_VERSION': '1.103.0', 'VSCODE_IPC_HOOK_CLI': '/run/user/1000/vscode-ipc-3e7a7990-4e04-461c-abec-717b25760553.sock', 'ROS_PYTHON_VERSION': '3', 'VSCODE_GIT_ASKPASS_MAIN': '/home/colin/.vscode-server/bin/e3550cfac4b63ca4eafca7b601f0d2885817fd1f/extensions/git/dist/askpass-main.js', 'VSCODE_GIT_ASKPASS_NODE': '/home/colin/.vscode-server/bin/e3550cfac4b63ca4eafca7b601f0d2885817fd1f/node', 'PYDEVD_DISABLE_FILE_VALIDATION': '1', 'BUNDLED_DEBUGPY_PATH': '/home/colin/.vscode-server/extensions/ms-python.debugpy-2025.10.0-linux-x64/bundled/libs/debugpy', 'DBUS_SESSION_BUS_ADDRESS': 'unix:path=/run/user/1000/bus', 'COLORTERM': 'truecolor', 'WSL_DISTRO_NAME': 'Ubuntu-22.04', 'WAYLAND_DISPLAY': 'wayland-0', 'ROS_DISTRO': 'humble', 'LOGNAME': 'colin', 'NAME': 'Pc', 'WSL_INTEROP': '/run/WSL/670_interop', 'PULSE_SERVER': 'unix:/mnt/wslg/PulseServer', '_': '/usr/bin/colcon', 'ROS_VERSION': '2', 'TERM': 'xterm-256color', 'ROS_LOCALHOST_ONLY': '0', 'PATH': '/home/colin/.vscode-server/bin/e3550cfac4b63ca4eafca7b601f0d2885817fd1f/bin/remote-cli:/home/colin/ardupilot/Tools/autotest:/usr/lib/ccache:/home/colin/ardupilot_sim/ardu_ws/src/ardupilot/Tools/autotest:/opt/gcc-arm-none-eabi-10-2020-q4-major/bin:/home/colin/.local/bin:/opt/ros/humble/bin:/usr/local/sbin:/usr/local/bin:/usr/sbin:/usr/bin:/sbin:/bin:/usr/games:/usr/local/games:/usr/lib/wsl/lib:/mnt/c/Program Files (x86)/NVIDIA Corporation/PhysX/Common:/mnt/c/WINDOWS/system32:/mnt/c/WINDOWS:/mnt/c/WINDOWS/System32/Wbem:/mnt/c/WINDOWS/System32/WindowsPowerShell/v1.0/:/mnt/c/WINDOWS/System32/OpenSSH/:/mnt/c/Users/Ordinateur/Desktop/Programmation/Git/cmd:/mnt/c/Program Files/dotnet/:/mnt/c/Program Files/Nookkin/MultiscreenBlank2:/mnt/c/Program Files (x86)/IVI Foundation/VISA/WinNT/Bin/:/mnt/c/Program Files/IVI Foundation/VISA/Win64/Bin/:/mnt/c/Program Files (x86)/National Instruments/Shared/LabVIEW CLI:/mnt/c/Program Files (x86)/IVI Foundation/VISA/WinNT/Bin:/mnt/c/Program Files/NVIDIA Corporation/NVIDIA app/NvDLISR:/mnt/c/Program Files/Microsoft VS Code/bin:/mnt/c/Program Files/MiKTeX/miktex/bin/x64/:/mnt/c/Program Files (x86)/Windows Kits/8.1/Windows Performance Toolkit/:/mnt/c/WINDOWS/system32:/mnt/c/WINDOWS:/mnt/c/WINDOWS/System32/Wbem:/mnt/c/WINDOWS/System32/WindowsPowerShell/v1.0/:/mnt/c/WINDOWS/System32/OpenSSH/:/mnt/c/Users/Ordinateur/Desktop/Programmation/Git/cmd:/mnt/c/Program Files/dotnet/:/mnt/c/Program Files/Nookkin/MultiscreenBlank2:/mnt/c/Program Files (x86)/IVI Foundation/VISA/WinNT/Bin/:/mnt/c/Program Files/IVI Foundation/VISA/Win64/Bin/:/mnt/c/Program Files (x86)/National Instruments/Shared/LabVIEW CLI:/mnt/c/Program Files (x86)/IVI Foundation/VISA/WinNT/Bin:/mnt/c/Program Files/NVIDIA Corporation/NVIDIA app/NvDLISR:/mnt/c/Program Files/Microsoft VS Code/bin:/mnt/c/Users/Ordinateur/AppData/Local/Microsoft/WindowsApps:/mnt/c/Users/Ordinateur/AppData/Local/Programs/Microsoft VS Code/bin:/mnt/c/Users/Ordinateur/AppData/Local/Packages/PythonSoftwareFoundation.Python.3.11_qbz5n2kfra8p0/LocalCache/local-packages/Python311/Scripts:/mnt/c/Users/Ordinateur/AppData/Local/Packages/PythonSoftwareFoundation.Python.3.11_qbz5n2kfra8p0/LocalCache/local-packages/Python311/Scripts:/mnt/c/Users/Ordinateur/.dotnet/tools:/mnt/c/Program Files/MiKTeX/miktex/bin/x64:/snap/bin:/home/colin/.vscode-server/extensions/ms-python.debugpy-2025.10.0-linux-x64/bundled/scripts/noConfigScripts:/home/colin/.vscode-server/data/User/globalStorage/github.copilot-chat/debugCommand', 'XDG_RUNTIME_DIR': '/run/user/1000/', 'DISPLAY': ':0', 'VSCODE_DEBUGPY_ADAPTER_ENDPOINTS': '/home/colin/.vscode-server/extensions/ms-python.debugpy-2025.10.0-linux-x64/.noConfigDebugAdapterEndpoints/endpoint-5785ce27e3ec93d4.txt', 'LANG': 'en_US.UTF-8', 'LS_COLORS': 'rs=0:di=01;34:ln=01;36:mh=00:pi=40;33:so=01;35:do=01;35:bd=40;33;01:cd=40;33;01:or=40;31;01:mi=00:su=37;41:sg=30;43:ca=30;41:tw=30;42:ow=34;42:st=37;44:ex=01;32:*.tar=01;31:*.tgz=01;31:*.arc=01;31:*.arj=01;31:*.taz=01;31:*.lha=01;31:*.lz4=01;31:*.lzh=01;31:*.lzma=01;31:*.tlz=01;31:*.txz=01;31:*.tzo=01;31:*.t7z=01;31:*.zip=01;31:*.z=01;31:*.dz=01;31:*.gz=01;31:*.lrz=01;31:*.lz=01;31:*.lzo=01;31:*.xz=01;31:*.zst=01;31:*.tzst=01;31:*.bz2=01;31:*.bz=01;31:*.tbz=01;31:*.tbz2=01;31:*.tz=01;31:*.deb=01;31:*.rpm=01;31:*.jar=01;31:*.war=01;31:*.ear=01;31:*.sar=01;31:*.rar=01;31:*.alz=01;31:*.ace=01;31:*.zoo=01;31:*.cpio=01;31:*.7z=01;31:*.rz=01;31:*.cab=01;31:*.wim=01;31:*.swm=01;31:*.dwm=01;31:*.esd=01;31:*.jpg=01;35:*.jpeg=01;35:*.mjpg=01;35:*.mjpeg=01;35:*.gif=01;35:*.bmp=01;35:*.pbm=01;35:*.pgm=01;35:*.ppm=01;35:*.tga=01;35:*.xbm=01;35:*.xpm=01;35:*.tif=01;35:*.tiff=01;35:*.png=01;35:*.svg=01;35:*.svgz=01;35:*.mng=01;35:*.pcx=01;35:*.mov=01;35:*.mpg=01;35:*.mpeg=01;35:*.m2v=01;35:*.mkv=01;35:*.webm=01;35:*.webp=01;35:*.ogm=01;35:*.mp4=01;35:*.m4v=01;35:*.mp4v=01;35:*.vob=01;35:*.qt=01;35:*.nuv=01;35:*.wmv=01;35:*.asf=01;35:*.rm=01;35:*.rmvb=01;35:*.flc=01;35:*.avi=01;35:*.fli=01;35:*.flv=01;35:*.gl=01;35:*.dl=01;35:*.xcf=01;35:*.xwd=01;35:*.yuv=01;35:*.cgm=01;35:*.emf=01;35:*.ogv=01;35:*.ogx=01;35:*.aac=00;36:*.au=00;36:*.flac=00;36:*.m4a=00;36:*.mid=00;36:*.midi=00;36:*.mka=00;36:*.mp3=00;36:*.mpc=00;36:*.ogg=00;36:*.ra=00;36:*.wav=00;36:*.oga=00;36:*.opus=00;36:*.spx=00;36:*.xspf=00;36:', 'VSCODE_GIT_IPC_HANDLE': '/run/user/1000/vscode-git-b329096974.sock', 'ROS_ROOT': '/opt/ros/humble', 'TERM_PROGRAM': 'vscode', 'ROS_DOMAIN_ID': '1source', 'AMENT_PREFIX_PATH': '/home/colin/dockerfile_playground/install/custom_interfaces:/opt/ros/humble', 'SHELL': '/bin/bash', 'LESSCLOSE': '/usr/bin/lesspipe %s %s', 'GZ_VERSION': 'harmonic', 'VSCODE_GIT_ASKPASS_EXTRA_ARGS': '', 'PWD': '/home/colin/dockerfile_playground/build/mission', 'XDG_DATA_DIRS': '/usr/local/share:/usr/share:/var/lib/snapd/desktop', 'PYTHONPATH': '/home/colin/dockerfile_playground/build/mission/prefix_override:/usr/lib/python3/dist-packages/colcon_core/task/python/colcon_distutils_commands:/home/colin/dockerfile_playground/install/mission/lib/python3.10/site-packages:/home/colin/dockerfile_playground/install/custom_interfaces/local/lib/python3.10/dist-packages:/opt/ros/humble/lib/python3.10/site-packages:/opt/ros/humble/local/lib/python3.10/dist-packages', 'COLCON': '1', 'WSL2_GUI_APPS_ENABLED': '1', 'HOSTTYPE': 'x86_64', 'WSLENV': 'VSCODE_WSL_EXT_LOCATION/up', 'CMAKE_PREFIX_PATH': '/home/colin/dockerfile_playground/install/custom_interfaces'}, 'shell': False}
[10.369903] (-) TimerEvent: {}
[10.449692] (polar) Command: {'cmd': ['/usr/bin/python3', '-W', 'ignore:setup.py install is deprecated', '-W', 'ignore:easy_install command is deprecated', 'setup.py', 'egg_info', '--egg-base', '../../../build/polar', 'build', '--build-base', '/home/colin/dockerfile_playground/build/polar/build', 'install', '--record', '/home/colin/dockerfile_playground/build/polar/install.log', '--single-version-externally-managed', 'install_data'], 'cwd': '/home/colin/dockerfile_playground/ros2_ws/src/polar', 'env': {'LESSOPEN': '| /usr/bin/lesspipe %s', 'USER': 'colin', 'GIT_ASKPASS': '/home/colin/.vscode-server/bin/e3550cfac4b63ca4eafca7b601f0d2885817fd1f/extensions/git/dist/askpass.sh', 'SHLVL': '1', 'LD_LIBRARY_PATH': '/home/colin/dockerfile_playground/install/custom_interfaces/lib:/opt/ros/humble/opt/rviz_ogre_vendor/lib:/opt/ros/humble/lib/x86_64-linux-gnu:/opt/ros/humble/lib', 'HOME': '/home/colin', 'TERM_PROGRAM_VERSION': '1.103.0', 'VSCODE_IPC_HOOK_CLI': '/run/user/1000/vscode-ipc-3e7a7990-4e04-461c-abec-717b25760553.sock', 'ROS_PYTHON_VERSION': '3', 'VSCODE_GIT_ASKPASS_MAIN': '/home/colin/.vscode-server/bin/e3550cfac4b63ca4eafca7b601f0d2885817fd1f/extensions/git/dist/askpass-main.js', 'VSCODE_GIT_ASKPASS_NODE': '/home/colin/.vscode-server/bin/e3550cfac4b63ca4eafca7b601f0d2885817fd1f/node', 'PYDEVD_DISABLE_FILE_VALIDATION': '1', 'BUNDLED_DEBUGPY_PATH': '/home/colin/.vscode-server/extensions/ms-python.debugpy-2025.10.0-linux-x64/bundled/libs/debugpy', 'DBUS_SESSION_BUS_ADDRESS': 'unix:path=/run/user/1000/bus', 'COLORTERM': 'truecolor', 'WSL_DISTRO_NAME': 'Ubuntu-22.04', 'WAYLAND_DISPLAY': 'wayland-0', 'ROS_DISTRO': 'humble', 'LOGNAME': 'colin', 'NAME': 'Pc', 'WSL_INTEROP': '/run/WSL/670_interop', 'PULSE_SERVER': 'unix:/mnt/wslg/PulseServer', '_': '/usr/bin/colcon', 'ROS_VERSION': '2', 'TERM': 'xterm-256color', 'ROS_LOCALHOST_ONLY': '0', 'PATH': '/home/colin/.vscode-server/bin/e3550cfac4b63ca4eafca7b601f0d2885817fd1f/bin/remote-cli:/home/colin/ardupilot/Tools/autotest:/usr/lib/ccache:/home/colin/ardupilot_sim/ardu_ws/src/ardupilot/Tools/autotest:/opt/gcc-arm-none-eabi-10-2020-q4-major/bin:/home/colin/.local/bin:/opt/ros/humble/bin:/usr/local/sbin:/usr/local/bin:/usr/sbin:/usr/bin:/sbin:/bin:/usr/games:/usr/local/games:/usr/lib/wsl/lib:/mnt/c/Program Files (x86)/NVIDIA Corporation/PhysX/Common:/mnt/c/WINDOWS/system32:/mnt/c/WINDOWS:/mnt/c/WINDOWS/System32/Wbem:/mnt/c/WINDOWS/System32/WindowsPowerShell/v1.0/:/mnt/c/WINDOWS/System32/OpenSSH/:/mnt/c/Users/Ordinateur/Desktop/Programmation/Git/cmd:/mnt/c/Program Files/dotnet/:/mnt/c/Program Files/Nookkin/MultiscreenBlank2:/mnt/c/Program Files (x86)/IVI Foundation/VISA/WinNT/Bin/:/mnt/c/Program Files/IVI Foundation/VISA/Win64/Bin/:/mnt/c/Program Files (x86)/National Instruments/Shared/LabVIEW CLI:/mnt/c/Program Files (x86)/IVI Foundation/VISA/WinNT/Bin:/mnt/c/Program Files/NVIDIA Corporation/NVIDIA app/NvDLISR:/mnt/c/Program Files/Microsoft VS Code/bin:/mnt/c/Program Files/MiKTeX/miktex/bin/x64/:/mnt/c/Program Files (x86)/Windows Kits/8.1/Windows Performance Toolkit/:/mnt/c/WINDOWS/system32:/mnt/c/WINDOWS:/mnt/c/WINDOWS/System32/Wbem:/mnt/c/WINDOWS/System32/WindowsPowerShell/v1.0/:/mnt/c/WINDOWS/System32/OpenSSH/:/mnt/c/Users/Ordinateur/Desktop/Programmation/Git/cmd:/mnt/c/Program Files/dotnet/:/mnt/c/Program Files/Nookkin/MultiscreenBlank2:/mnt/c/Program Files (x86)/IVI Foundation/VISA/WinNT/Bin/:/mnt/c/Program Files/IVI Foundation/VISA/Win64/Bin/:/mnt/c/Program Files (x86)/National Instruments/Shared/LabVIEW CLI:/mnt/c/Program Files (x86)/IVI Foundation/VISA/WinNT/Bin:/mnt/c/Program Files/NVIDIA Corporation/NVIDIA app/NvDLISR:/mnt/c/Program Files/Microsoft VS Code/bin:/mnt/c/Users/Ordinateur/AppData/Local/Microsoft/WindowsApps:/mnt/c/Users/Ordinateur/AppData/Local/Programs/Microsoft VS Code/bin:/mnt/c/Users/Ordinateur/AppData/Local/Packages/PythonSoftwareFoundation.Python.3.11_qbz5n2kfra8p0/LocalCache/local-packages/Python311/Scripts:/mnt/c/Users/Ordinateur/AppData/Local/Packages/PythonSoftwareFoundation.Python.3.11_qbz5n2kfra8p0/LocalCache/local-packages/Python311/Scripts:/mnt/c/Users/Ordinateur/.dotnet/tools:/mnt/c/Program Files/MiKTeX/miktex/bin/x64:/snap/bin:/home/colin/.vscode-server/extensions/ms-python.debugpy-2025.10.0-linux-x64/bundled/scripts/noConfigScripts:/home/colin/.vscode-server/data/User/globalStorage/github.copilot-chat/debugCommand', 'XDG_RUNTIME_DIR': '/run/user/1000/', 'DISPLAY': ':0', 'VSCODE_DEBUGPY_ADAPTER_ENDPOINTS': '/home/colin/.vscode-server/extensions/ms-python.debugpy-2025.10.0-linux-x64/.noConfigDebugAdapterEndpoints/endpoint-5785ce27e3ec93d4.txt', 'LANG': 'en_US.UTF-8', 'LS_COLORS': 'rs=0:di=01;34:ln=01;36:mh=00:pi=40;33:so=01;35:do=01;35:bd=40;33;01:cd=40;33;01:or=40;31;01:mi=00:su=37;41:sg=30;43:ca=30;41:tw=30;42:ow=34;42:st=37;44:ex=01;32:*.tar=01;31:*.tgz=01;31:*.arc=01;31:*.arj=01;31:*.taz=01;31:*.lha=01;31:*.lz4=01;31:*.lzh=01;31:*.lzma=01;31:*.tlz=01;31:*.txz=01;31:*.tzo=01;31:*.t7z=01;31:*.zip=01;31:*.z=01;31:*.dz=01;31:*.gz=01;31:*.lrz=01;31:*.lz=01;31:*.lzo=01;31:*.xz=01;31:*.zst=01;31:*.tzst=01;31:*.bz2=01;31:*.bz=01;31:*.tbz=01;31:*.tbz2=01;31:*.tz=01;31:*.deb=01;31:*.rpm=01;31:*.jar=01;31:*.war=01;31:*.ear=01;31:*.sar=01;31:*.rar=01;31:*.alz=01;31:*.ace=01;31:*.zoo=01;31:*.cpio=01;31:*.7z=01;31:*.rz=01;31:*.cab=01;31:*.wim=01;31:*.swm=01;31:*.dwm=01;31:*.esd=01;31:*.jpg=01;35:*.jpeg=01;35:*.mjpg=01;35:*.mjpeg=01;35:*.gif=01;35:*.bmp=01;35:*.pbm=01;35:*.pgm=01;35:*.ppm=01;35:*.tga=01;35:*.xbm=01;35:*.xpm=01;35:*.tif=01;35:*.tiff=01;35:*.png=01;35:*.svg=01;35:*.svgz=01;35:*.mng=01;35:*.pcx=01;35:*.mov=01;35:*.mpg=01;35:*.mpeg=01;35:*.m2v=01;35:*.mkv=01;35:*.webm=01;35:*.webp=01;35:*.ogm=01;35:*.mp4=01;35:*.m4v=01;35:*.mp4v=01;35:*.vob=01;35:*.qt=01;35:*.nuv=01;35:*.wmv=01;35:*.asf=01;35:*.rm=01;35:*.rmvb=01;35:*.flc=01;35:*.avi=01;35:*.fli=01;35:*.flv=01;35:*.gl=01;35:*.dl=01;35:*.xcf=01;35:*.xwd=01;35:*.yuv=01;35:*.cgm=01;35:*.emf=01;35:*.ogv=01;35:*.ogx=01;35:*.aac=00;36:*.au=00;36:*.flac=00;36:*.m4a=00;36:*.mid=00;36:*.midi=00;36:*.mka=00;36:*.mp3=00;36:*.mpc=00;36:*.ogg=00;36:*.ra=00;36:*.wav=00;36:*.oga=00;36:*.opus=00;36:*.spx=00;36:*.xspf=00;36:', 'VSCODE_GIT_IPC_HANDLE': '/run/user/1000/vscode-git-b329096974.sock', 'ROS_ROOT': '/opt/ros/humble', 'TERM_PROGRAM': 'vscode', 'ROS_DOMAIN_ID': '1source', 'AMENT_PREFIX_PATH': '/home/colin/dockerfile_playground/install/custom_interfaces:/opt/ros/humble', 'SHELL': '/bin/bash', 'LESSCLOSE': '/usr/bin/lesspipe %s %s', 'GZ_VERSION': 'harmonic', 'VSCODE_GIT_ASKPASS_EXTRA_ARGS': '', 'PWD': '/home/colin/dockerfile_playground/build/polar', 'XDG_DATA_DIRS': '/usr/local/share:/usr/share:/var/lib/snapd/desktop', 'PYTHONPATH': '/home/colin/dockerfile_playground/build/polar/prefix_override:/usr/lib/python3/dist-packages/colcon_core/task/python/colcon_distutils_commands:/home/colin/dockerfile_playground/install/polar/lib/python3.10/site-packages:/home/colin/dockerfile_playground/install/custom_interfaces/local/lib/python3.10/dist-packages:/opt/ros/humble/lib/python3.10/site-packages:/opt/ros/humble/local/lib/python3.10/dist-packages', 'COLCON': '1', 'WSL2_GUI_APPS_ENABLED': '1', 'HOSTTYPE': 'x86_64', 'WSLENV': 'VSCODE_WSL_EXT_LOCATION/up', 'CMAKE_PREFIX_PATH': '/home/colin/dockerfile_playground/install/custom_interfaces'}, 'shell': False}
[10.470149] (-) TimerEvent: {}
[10.570599] (-) TimerEvent: {}
[10.594935] (mission) StderrLine: {'line': b"/home/colin/.local/lib/python3.10/site-packages/setuptools/_distutils/dist.py:289: UserWarning: Unknown distribution option: 'tests_require'\n"}
[10.595187] (mission) StderrLine: {'line': b'  warnings.warn(msg)\n'}
[10.643949] (polar) StderrLine: {'line': b"/home/colin/.local/lib/python3.10/site-packages/setuptools/_distutils/dist.py:289: UserWarning: Unknown distribution option: 'tests_require'\n"}
[10.644255] (polar) StderrLine: {'line': b'  warnings.warn(msg)\n'}
[10.671064] (-) TimerEvent: {}
[10.714752] (mission) StdoutLine: {'line': b'running egg_info\n'}
[10.736100] (mission) StdoutLine: {'line': b'creating ../../../build/mission/mission.egg-info\n'}
[10.737902] (mission) StdoutLine: {'line': b'writing ../../../build/mission/mission.egg-info/PKG-INFO\n'}
[10.738583] (mission) StdoutLine: {'line': b'writing dependency_links to ../../../build/mission/mission.egg-info/dependency_links.txt\n'}
[10.739069] (mission) StdoutLine: {'line': b'writing entry points to ../../../build/mission/mission.egg-info/entry_points.txt\n'}
[10.739318] (mission) StdoutLine: {'line': b'writing requirements to ../../../build/mission/mission.egg-info/requires.txt\n'}
[10.739523] (mission) StdoutLine: {'line': b'writing top-level names to ../../../build/mission/mission.egg-info/top_level.txt\n'}
[10.739788] (mission) StdoutLine: {'line': b"writing manifest file '../../../build/mission/mission.egg-info/SOURCES.txt'\n"}
[10.764766] (mission) StdoutLine: {'line': b"reading manifest file '../../../build/mission/mission.egg-info/SOURCES.txt'\n"}
[10.766059] (mission) StdoutLine: {'line': b"writing manifest file '../../../build/mission/mission.egg-info/SOURCES.txt'\n"}
[10.766359] (mission) StdoutLine: {'line': b'running build\n'}
[10.766506] (mission) StdoutLine: {'line': b'running build_py\n'}
[10.766589] (mission) StdoutLine: {'line': b'[DEBUG] Generating interface from: /home/colin/dockerfile_playground/ros2_ws/src/mission/mission/control_interface/control_config.json\n'}
[10.771395] (-) TimerEvent: {}
[10.776741] (mission) StdoutLine: {'line': b'[DEBUG] Successfully generated: /home/colin/dockerfile_playground/ros2_ws/src/mission/mission/control_interface/index.html\n'}
[10.777424] (mission) StdoutLine: {'line': b'creating /home/colin/dockerfile_playground/build/mission/build/lib/mission\n'}
[10.780586] (mission) StdoutLine: {'line': b'copying mission/abort_brake_node.py -> /home/colin/dockerfile_playground/build/mission/build/lib/mission\n'}
[10.780950] (mission) StdoutLine: {'line': b'copying mission/web_manual_control_node.py -> /home/colin/dockerfile_playground/build/mission/build/lib/mission\n'}
[10.781307] (mission) StdoutLine: {'line': b'copying mission/drop.py -> /home/colin/dockerfile_playground/build/mission/build/lib/mission\n'}
[10.781661] (mission) StdoutLine: {'line': b'copying mission/machine_vision.py -> /home/colin/dockerfile_playground/build/mission/build/lib/mission\n'}
[10.782276] (mission) StdoutLine: {'line': b'copying mission/state_node_advanced.py -> /home/colin/dockerfile_playground/build/mission/build/lib/mission\n'}
[10.782662] (mission) StdoutLine: {'line': b'copying mission/approach_node_raw.py -> /home/colin/dockerfile_playground/build/mission/build/lib/mission\n'}
[10.783007] (mission) StdoutLine: {'line': b'copying mission/other_machine_vision.py -> /home/colin/dockerfile_playground/build/mission/build/lib/mission\n'}
[10.783354] (mission) StdoutLine: {'line': b'copying mission/__init__.py -> /home/colin/dockerfile_playground/build/mission/build/lib/mission\n'}
[10.783721] (mission) StdoutLine: {'line': b'copying mission/cam2.py -> /home/colin/dockerfile_playground/build/mission/build/lib/mission\n'}
[10.784048] (mission) StdoutLine: {'line': b'copying mission/graph_node.py -> /home/colin/dockerfile_playground/build/mission/build/lib/mission\n'}
[10.784439] (mission) StdoutLine: {'line': b'copying mission/approach_node.py -> /home/colin/dockerfile_playground/build/mission/build/lib/mission\n'}
[10.784743] (mission) StdoutLine: {'line': b'copying mission/valve_control.py -> /home/colin/dockerfile_playground/build/mission/build/lib/mission\n'}
[10.785243] (mission) StdoutLine: {'line': b'copying mission/target_publisher_node.py -> /home/colin/dockerfile_playground/build/mission/build/lib/mission\n'}
[10.785772] (mission) StdoutLine: {'line': b'copying mission/cam_pub.py -> /home/colin/dockerfile_playground/build/mission/build/lib/mission\n'}
[10.786463] (mission) StdoutLine: {'line': b'creating /home/colin/dockerfile_playground/build/mission/build/lib/mission/control_interface\n'}
[10.787372] (mission) StdoutLine: {'line': b'copying mission/control_interface/index.html -> /home/colin/dockerfile_playground/build/mission/build/lib/mission/control_interface\n'}
[10.787702] (polar) StdoutLine: {'line': b'running egg_info\n'}
[10.788126] (mission) StdoutLine: {'line': b'copying mission/control_interface/control_config.json -> /home/colin/dockerfile_playground/build/mission/build/lib/mission/control_interface\n'}
[10.788237] (mission) StdoutLine: {'line': b'creating /home/colin/dockerfile_playground/build/mission/build/lib/mission/control_interface/static\n'}
[10.789050] (mission) StdoutLine: {'line': b'copying mission/control_interface/static/style.css -> /home/colin/dockerfile_playground/build/mission/build/lib/mission/control_interface/static\n'}
[10.789739] (mission) StdoutLine: {'line': b'copying mission/control_interface/static/index.js -> /home/colin/dockerfile_playground/build/mission/build/lib/mission/control_interface/static\n'}
[10.790523] (mission) StdoutLine: {'line': b'running install\n'}
[10.794382] (mission) StdoutLine: {'line': b'running install_lib\n'}
[10.809181] (polar) StdoutLine: {'line': b'creating ../../../build/polar/polar.egg-info\n'}
[10.810292] (polar) StdoutLine: {'line': b'writing ../../../build/polar/polar.egg-info/PKG-INFO\n'}
[10.811219] (polar) StdoutLine: {'line': b'writing dependency_links to ../../../build/polar/polar.egg-info/dependency_links.txt\n'}
[10.811716] (polar) StdoutLine: {'line': b'writing entry points to ../../../build/polar/polar.egg-info/entry_points.txt\n'}
[10.811876] (polar) StdoutLine: {'line': b'writing requirements to ../../../build/polar/polar.egg-info/requires.txt\n'}
[10.812259] (polar) StdoutLine: {'line': b'writing top-level names to ../../../build/polar/polar.egg-info/top_level.txt\n'}
[10.812344] (polar) StdoutLine: {'line': b"writing manifest file '../../../build/polar/polar.egg-info/SOURCES.txt'\n"}
[10.816791] (mission) StdoutLine: {'line': b'creating /home/colin/dockerfile_playground/install/mission/lib/python3.10/site-packages/mission\n'}
[10.817573] (mission) StdoutLine: {'line': b'copying /home/colin/dockerfile_playground/build/mission/build/lib/mission/abort_brake_node.py -> /home/colin/dockerfile_playground/install/mission/lib/python3.10/site-packages/mission\n'}
[10.817965] (mission) StdoutLine: {'line': b'copying /home/colin/dockerfile_playground/build/mission/build/lib/mission/web_manual_control_node.py -> /home/colin/dockerfile_playground/install/mission/lib/python3.10/site-packages/mission\n'}
[10.818290] (mission) StdoutLine: {'line': b'copying /home/colin/dockerfile_playground/build/mission/build/lib/mission/drop.py -> /home/colin/dockerfile_playground/install/mission/lib/python3.10/site-packages/mission\n'}
[10.818566] (mission) StdoutLine: {'line': b'copying /home/colin/dockerfile_playground/build/mission/build/lib/mission/machine_vision.py -> /home/colin/dockerfile_playground/install/mission/lib/python3.10/site-packages/mission\n'}
[10.818987] (mission) StdoutLine: {'line': b'copying /home/colin/dockerfile_playground/build/mission/build/lib/mission/state_node_advanced.py -> /home/colin/dockerfile_playground/install/mission/lib/python3.10/site-packages/mission\n'}
[10.819254] (mission) StdoutLine: {'line': b'copying /home/colin/dockerfile_playground/build/mission/build/lib/mission/approach_node_raw.py -> /home/colin/dockerfile_playground/install/mission/lib/python3.10/site-packages/mission\n'}
[10.819576] (mission) StdoutLine: {'line': b'copying /home/colin/dockerfile_playground/build/mission/build/lib/mission/other_machine_vision.py -> /home/colin/dockerfile_playground/install/mission/lib/python3.10/site-packages/mission\n'}
[10.819983] (mission) StdoutLine: {'line': b'copying /home/colin/dockerfile_playground/build/mission/build/lib/mission/__init__.py -> /home/colin/dockerfile_playground/install/mission/lib/python3.10/site-packages/mission\n'}
[10.820166] (mission) StdoutLine: {'line': b'creating /home/colin/dockerfile_playground/install/mission/lib/python3.10/site-packages/mission/control_interface\n'}
[10.820691] (mission) StdoutLine: {'line': b'copying /home/colin/dockerfile_playground/build/mission/build/lib/mission/control_interface/index.html -> /home/colin/dockerfile_playground/install/mission/lib/python3.10/site-packages/mission/control_interface\n'}
[10.820998] (mission) StdoutLine: {'line': b'creating /home/colin/dockerfile_playground/install/mission/lib/python3.10/site-packages/mission/control_interface/static\n'}
[10.821610] (mission) StdoutLine: {'line': b'copying /home/colin/dockerfile_playground/build/mission/build/lib/mission/control_interface/static/style.css -> /home/colin/dockerfile_playground/install/mission/lib/python3.10/site-packages/mission/control_interface/static\n'}
[10.821866] (mission) StdoutLine: {'line': b'copying /home/colin/dockerfile_playground/build/mission/build/lib/mission/control_interface/static/index.js -> /home/colin/dockerfile_playground/install/mission/lib/python3.10/site-packages/mission/control_interface/static\n'}
[10.822071] (mission) StdoutLine: {'line': b'copying /home/colin/dockerfile_playground/build/mission/build/lib/mission/control_interface/control_config.json -> /home/colin/dockerfile_playground/install/mission/lib/python3.10/site-packages/mission/control_interface\n'}
[10.822258] (mission) StdoutLine: {'line': b'copying /home/colin/dockerfile_playground/build/mission/build/lib/mission/cam2.py -> /home/colin/dockerfile_playground/install/mission/lib/python3.10/site-packages/mission\n'}
[10.822477] (mission) StdoutLine: {'line': b'copying /home/colin/dockerfile_playground/build/mission/build/lib/mission/graph_node.py -> /home/colin/dockerfile_playground/install/mission/lib/python3.10/site-packages/mission\n'}
[10.822692] (mission) StdoutLine: {'line': b'copying /home/colin/dockerfile_playground/build/mission/build/lib/mission/approach_node.py -> /home/colin/dockerfile_playground/install/mission/lib/python3.10/site-packages/mission\n'}
[10.822946] (mission) StdoutLine: {'line': b'copying /home/colin/dockerfile_playground/build/mission/build/lib/mission/valve_control.py -> /home/colin/dockerfile_playground/install/mission/lib/python3.10/site-packages/mission\n'}
[10.823116] (mission) StdoutLine: {'line': b'copying /home/colin/dockerfile_playground/build/mission/build/lib/mission/target_publisher_node.py -> /home/colin/dockerfile_playground/install/mission/lib/python3.10/site-packages/mission\n'}
[10.823356] (mission) StdoutLine: {'line': b'copying /home/colin/dockerfile_playground/build/mission/build/lib/mission/cam_pub.py -> /home/colin/dockerfile_playground/install/mission/lib/python3.10/site-packages/mission\n'}
[10.824019] (mission) StdoutLine: {'line': b'byte-compiling /home/colin/dockerfile_playground/install/mission/lib/python3.10/site-packages/mission/abort_brake_node.py to abort_brake_node.cpython-310.pyc\n'}
[10.825362] (mission) StdoutLine: {'line': b'byte-compiling /home/colin/dockerfile_playground/install/mission/lib/python3.10/site-packages/mission/web_manual_control_node.py to web_manual_control_node.cpython-310.pyc\n'}
[10.828066] (mission) StdoutLine: {'line': b'byte-compiling /home/colin/dockerfile_playground/install/mission/lib/python3.10/site-packages/mission/drop.py to drop.cpython-310.pyc\n'}
[10.829874] (mission) StdoutLine: {'line': b'byte-compiling /home/colin/dockerfile_playground/install/mission/lib/python3.10/site-packages/mission/machine_vision.py to machine_vision.cpython-310.pyc\n'}
[10.831076] (mission) StdoutLine: {'line': b'byte-compiling /home/colin/dockerfile_playground/install/mission/lib/python3.10/site-packages/mission/state_node_advanced.py to state_node_advanced.cpython-310.pyc\n'}
[10.833221] (mission) StdoutLine: {'line': b'byte-compiling /home/colin/dockerfile_playground/install/mission/lib/python3.10/site-packages/mission/approach_node_raw.py to approach_node_raw.cpython-310.pyc\n'}
[10.834654] (mission) StdoutLine: {'line': b'byte-compiling /home/colin/dockerfile_playground/install/mission/lib/python3.10/site-packages/mission/other_machine_vision.py to other_machine_vision.cpython-310.pyc\n'}
[10.835512] (mission) StdoutLine: {'line': b'byte-compiling /home/colin/dockerfile_playground/install/mission/lib/python3.10/site-packages/mission/__init__.py to __init__.cpython-310.pyc\n'}
[10.835872] (mission) StdoutLine: {'line': b'byte-compiling /home/colin/dockerfile_playground/install/mission/lib/python3.10/site-packages/mission/cam2.py to cam2.cpython-310.pyc\n'}
[10.836602] (mission) StdoutLine: {'line': b'byte-compiling /home/colin/dockerfile_playground/install/mission/lib/python3.10/site-packages/mission/graph_node.py to graph_node.cpython-310.pyc\n'}
[10.837735] (mission) StdoutLine: {'line': b'byte-compiling /home/colin/dockerfile_playground/install/mission/lib/python3.10/site-packages/mission/approach_node.py to approach_node.cpython-310.pyc\n'}
[10.839121] (mission) StdoutLine: {'line': b'byte-compiling /home/colin/dockerfile_playground/install/mission/lib/python3.10/site-packages/mission/valve_control.py to valve_control.cpython-310.pyc\n'}
[10.840141] (mission) StdoutLine: {'line': b'byte-compiling /home/colin/dockerfile_playground/install/mission/lib/python3.10/site-packages/mission/target_publisher_node.py to target_publisher_node.cpython-310.pyc\n'}
[10.841117] (mission) StdoutLine: {'line': b'byte-compiling /home/colin/dockerfile_playground/install/mission/lib/python3.10/site-packages/mission/cam_pub.py to cam_pub.cpython-310.pyc\n'}
[10.841857] (mission) StdoutLine: {'line': b'running install_data\n'}
[10.842250] (mission) StdoutLine: {'line': b'creating /home/colin/dockerfile_playground/install/mission/share/ament_index/resource_index/packages\n'}
[10.844195] (mission) StdoutLine: {'line': b'copying resource/mission -> /home/colin/dockerfile_playground/install/mission/share/ament_index/resource_index/packages\n'}
[10.844537] (mission) StdoutLine: {'line': b'copying package.xml -> /home/colin/dockerfile_playground/install/mission/share/mission\n'}
[10.844786] (mission) StdoutLine: {'line': b'creating /home/colin/dockerfile_playground/install/mission/share/mission/msg\n'}
[10.845457] (mission) StdoutLine: {'line': b'creating /home/colin/dockerfile_playground/install/mission/share/mission/control_interface\n'}
[10.846138] (mission) StdoutLine: {'line': b'copying mission/control_interface/index.html -> /home/colin/dockerfile_playground/install/mission/share/mission/control_interface\n'}
[10.846380] (mission) StdoutLine: {'line': b'creating /home/colin/dockerfile_playground/install/mission/share/mission/control_interface/static\n'}
[10.847192] (mission) StdoutLine: {'line': b'copying mission/control_interface/static/style.css -> /home/colin/dockerfile_playground/install/mission/share/mission/control_interface/static\n'}
[10.847430] (mission) StdoutLine: {'line': b'copying mission/control_interface/static/index.js -> /home/colin/dockerfile_playground/install/mission/share/mission/control_interface/static\n'}
[10.847611] (mission) StdoutLine: {'line': b'running install_egg_info\n'}
[10.866224] (polar) StdoutLine: {'line': b"reading manifest file '../../../build/polar/polar.egg-info/SOURCES.txt'\n"}
[10.867312] (polar) StdoutLine: {'line': b"writing manifest file '../../../build/polar/polar.egg-info/SOURCES.txt'\n"}
[10.867544] (polar) StdoutLine: {'line': b'running build\n'}
[10.867657] (polar) StdoutLine: {'line': b'running build_py\n'}
[10.868004] (polar) StdoutLine: {'line': b'creating /home/colin/dockerfile_playground/build/polar/build/lib/polar\n'}
[10.869220] (mission) StdoutLine: {'line': b'Copying ../../../build/mission/mission.egg-info to /home/colin/dockerfile_playground/install/mission/lib/python3.10/site-packages/mission-0.0.0-py3.10.egg-info\n'}
[10.871473] (polar) StdoutLine: {'line': b'copying polar/target_pose_estimator.py -> /home/colin/dockerfile_playground/build/polar/build/lib/polar\n'}
[10.871576] (-) TimerEvent: {}
[10.871861] (mission) StdoutLine: {'line': b'running install_scripts\n'}
[10.872158] (polar) StdoutLine: {'line': b'copying polar/position.py -> /home/colin/dockerfile_playground/build/polar/build/lib/polar\n'}
[10.872269] (polar) StdoutLine: {'line': b'copying polar/teleop.py -> /home/colin/dockerfile_playground/build/polar/build/lib/polar\n'}
[10.872443] (polar) StdoutLine: {'line': b'copying polar/__init__.py -> /home/colin/dockerfile_playground/build/polar/build/lib/polar\n'}
[10.872675] (polar) StdoutLine: {'line': b'copying polar/look_target.py -> /home/colin/dockerfile_playground/build/polar/build/lib/polar\n'}
[10.873191] (polar) StdoutLine: {'line': b'running install\n'}
[10.877196] (polar) StdoutLine: {'line': b'running install_lib\n'}
[10.905127] (polar) StdoutLine: {'line': b'creating /home/colin/dockerfile_playground/install/polar/lib/python3.10/site-packages/polar\n'}
[10.906018] (polar) StdoutLine: {'line': b'copying /home/colin/dockerfile_playground/build/polar/build/lib/polar/target_pose_estimator.py -> /home/colin/dockerfile_playground/install/polar/lib/python3.10/site-packages/polar\n'}
[10.906274] (polar) StdoutLine: {'line': b'copying /home/colin/dockerfile_playground/build/polar/build/lib/polar/position.py -> /home/colin/dockerfile_playground/install/polar/lib/python3.10/site-packages/polar\n'}
[10.906557] (polar) StdoutLine: {'line': b'copying /home/colin/dockerfile_playground/build/polar/build/lib/polar/teleop.py -> /home/colin/dockerfile_playground/install/polar/lib/python3.10/site-packages/polar\n'}
[10.906773] (polar) StdoutLine: {'line': b'copying /home/colin/dockerfile_playground/build/polar/build/lib/polar/__init__.py -> /home/colin/dockerfile_playground/install/polar/lib/python3.10/site-packages/polar\n'}
[10.906955] (polar) StdoutLine: {'line': b'copying /home/colin/dockerfile_playground/build/polar/build/lib/polar/look_target.py -> /home/colin/dockerfile_playground/install/polar/lib/python3.10/site-packages/polar\n'}
[10.907668] (polar) StdoutLine: {'line': b'byte-compiling /home/colin/dockerfile_playground/install/polar/lib/python3.10/site-packages/polar/target_pose_estimator.py to target_pose_estimator.cpython-310.pyc\n'}
[10.909538] (polar) StdoutLine: {'line': b'byte-compiling /home/colin/dockerfile_playground/install/polar/lib/python3.10/site-packages/polar/position.py to position.cpython-310.pyc\n'}
[10.911379] (polar) StdoutLine: {'line': b'byte-compiling /home/colin/dockerfile_playground/install/polar/lib/python3.10/site-packages/polar/teleop.py to teleop.cpython-310.pyc\n'}
[10.912206] (polar) StdoutLine: {'line': b'byte-compiling /home/colin/dockerfile_playground/install/polar/lib/python3.10/site-packages/polar/__init__.py to __init__.cpython-310.pyc\n'}
[10.912421] (polar) StdoutLine: {'line': b'byte-compiling /home/colin/dockerfile_playground/install/polar/lib/python3.10/site-packages/polar/look_target.py to look_target.cpython-310.pyc\n'}
[10.912743] (polar) StderrLine: {'line': b'  File "/home/colin/dockerfile_playground/install/polar/lib/python3.10/site-packages/polar/look_target.py", line 3\n'}
[10.912973] (polar) StderrLine: {'line': b'    from mavros_msgs.msg import AttitudeTarget  \xc3\xa0\n'}
[10.913108] (polar) StderrLine: {'line': b'                                                ^^\n'}
[10.913316] (polar) StderrLine: {'line': b'SyntaxError: invalid syntax\n'}
[10.913415] (polar) StderrLine: {'line': b'\n'}
[10.913509] (polar) StdoutLine: {'line': b'running install_data\n'}
[10.913608] (polar) StdoutLine: {'line': b'creating /home/colin/dockerfile_playground/install/polar/share/ament_index/resource_index/packages\n'}
[10.914997] (polar) StdoutLine: {'line': b'copying resource/polar -> /home/colin/dockerfile_playground/install/polar/share/ament_index/resource_index/packages\n'}
[10.915324] (polar) StdoutLine: {'line': b'copying package.xml -> /home/colin/dockerfile_playground/install/polar/share/polar\n'}
[10.915572] (polar) StdoutLine: {'line': b'running install_egg_info\n'}
[10.921580] (mission) StdoutLine: {'line': b'Installing abort script to /home/colin/dockerfile_playground/install/mission/lib/mission\n'}
[10.922451] (mission) StdoutLine: {'line': b'Installing approach script to /home/colin/dockerfile_playground/install/mission/lib/mission\n'}
[10.922695] (mission) StdoutLine: {'line': b'Installing approach_raw script to /home/colin/dockerfile_playground/install/mission/lib/mission\n'}
[10.923023] (mission) StdoutLine: {'line': b'Installing camera script to /home/colin/dockerfile_playground/install/mission/lib/mission\n'}
[10.923131] (mission) StdoutLine: {'line': b'Installing control script to /home/colin/dockerfile_playground/install/mission/lib/mission\n'}
[10.923321] (mission) StdoutLine: {'line': b'Installing graph script to /home/colin/dockerfile_playground/install/mission/lib/mission\n'}
[10.923594] (mission) StdoutLine: {'line': b'Installing state script to /home/colin/dockerfile_playground/install/mission/lib/mission\n'}
[10.923898] (mission) StdoutLine: {'line': b'Installing targets script to /home/colin/dockerfile_playground/install/mission/lib/mission\n'}
[10.924057] (mission) StdoutLine: {'line': b'Installing valve script to /home/colin/dockerfile_playground/install/mission/lib/mission\n'}
[10.924212] (mission) StdoutLine: {'line': b'Installing vision script to /home/colin/dockerfile_playground/install/mission/lib/mission\n'}
[10.924401] (mission) StdoutLine: {'line': b'Installing water script to /home/colin/dockerfile_playground/install/mission/lib/mission\n'}
[10.925108] (mission) StdoutLine: {'line': b"writing list of installed files to '/home/colin/dockerfile_playground/build/mission/install.log'\n"}
[10.938401] (polar) StdoutLine: {'line': b'Copying ../../../build/polar/polar.egg-info to /home/colin/dockerfile_playground/install/polar/lib/python3.10/site-packages/polar-0.0.0-py3.10.egg-info\n'}
[10.941472] (polar) StdoutLine: {'line': b'running install_scripts\n'}
[10.964415] (mission) CommandEnded: {'returncode': 0}
[10.971926] (-) TimerEvent: {}
[10.972527] (mission) JobEnded: {'identifier': 'mission', 'rc': 0}
[10.994942] (polar) StdoutLine: {'line': b'Installing look_inwards script to /home/colin/dockerfile_playground/install/polar/lib/polar\n'}
[10.995730] (polar) StdoutLine: {'line': b'Installing position script to /home/colin/dockerfile_playground/install/polar/lib/polar\n'}
[10.996010] (polar) StdoutLine: {'line': b'Installing teleop script to /home/colin/dockerfile_playground/install/polar/lib/polar\n'}
[10.996812] (polar) StdoutLine: {'line': b"writing list of installed files to '/home/colin/dockerfile_playground/build/polar/install.log'\n"}
[11.024826] (polar) CommandEnded: {'returncode': 0}
[11.033657] (polar) JobEnded: {'identifier': 'polar', 'rc': 0}
[11.035595] (-) EventReactorShutdown: {}
