pos_x,pos_y,pos_z,tar_x,tar_y,tar_z,time
-1.6395330429077148,-3.0112345218658447,10.538259506225586,0.0,0.0,8.0,0.10996055603027344
-1.614628553390503,-3.0341978073120117,10.543392181396484,3.0,0.0,8.0,0.31094813346862793
-1.592756748199463,-3.0066330432891846,10.537236213684082,3.0,0.0,8.0,0.5592021942138672
-1.5307129621505737,-2.9052305221557617,10.470661163330078,3.0,0.0,8.0,0.8094174861907959
-1.3987313508987427,-2.7356269359588623,10.311833381652832,3.0,0.0,8.0,1.059295892715454
-1.1811203956604004,-2.5086734294891357,10.041818618774414,3.0,0.0,8.0,1.3088116645812988
-0.9398374557495117,-2.29886531829834,9.75843334197998,3.0,0.0,8.0,1.5089776515960693
-0.6411037445068359,-2.0714468955993652,9.42171573638916,3.0,0.0,8.0,1.7109673023223877
-0.20503249764442444,-1.7783862352371216,8.982192039489746,3.0,0.0,8.0,1.9591853618621826
0.2890404164791107,-1.477704644203186,8.618474006652832,3.0,0.0,8.0,2.2091808319091797
0.692582905292511,-1.2548707723617554,8.413137435913086,3.0,0.0,8.0,2.40960693359375
1.0646393299102783,-1.0703482627868652,8.280688285827637,3.0,0.0,8.0,2.6115987300872803
1.4483181238174438,-0.8937533497810364,8.226028442382812,3.0,0.0,8.0,2.8615262508392334
1.725793719291687,-0.7586060166358948,8.271797180175781,3.0,0.0,8.0,3.109254837036133
1.8931232690811157,-0.6713473796844482,8.338315963745117,3.0,0.0,8.0,3.3093271255493164
2.0423502922058105,-0.6027293801307678,8.409411430358887,3.0,0.0,8.0,3.5594780445098877
2.1531875133514404,-0.5755133032798767,8.438239097595215,3.0,0.0,8.0,3.8093693256378174
2.245347023010254,-0.553714394569397,8.408069610595703,3.0,0.0,8.0,4.0104804039001465
2.368563175201416,-0.5128114819526672,8.3433198928833,3.0,0.0,8.0,4.2616798877716064
2.4722440242767334,-0.45255082845687866,8.27245807647705,3.0,0.0,8.0,4.511393070220947
2.5513052940368652,-0.3898569941520691,8.21267318725586,3.0,0.0,8.0,4.759491205215454
2.6173958778381348,-0.3438033163547516,8.17228889465332,3.0,0.0,8.0,5.011168956756592
2.6822752952575684,-0.31245458126068115,8.161630630493164,3.0,0.0,8.0,5.259831666946411
2.750257730484009,-0.2872743606567383,8.143624305725098,3.0,0.0,8.0,5.5093066692352295
2.8287487030029297,-0.2652042806148529,8.114750862121582,3.0,0.0,8.0,5.759220600128174
2.8884496688842773,-0.24901974201202393,8.09447956085205,3.0,0.0,8.0,5.959279775619507
2.9368245601654053,-0.2373441904783249,8.080002784729004,0.0,0.0,8.0,6.159294605255127
2.9682586193084717,-0.23063428699970245,8.070090293884277,0.0,0.0,8.0,6.359360456466675
2.9585204124450684,-0.2237348109483719,8.060697555541992,0.0,0.0,8.0,6.559909820556641
2.849548578262329,-0.21710051596164703,8.060004234313965,0.0,0.0,8.0,6.8092827796936035
2.6824698448181152,-0.1979985535144806,8.066014289855957,0.0,0.0,8.0,7.010189533233643
2.4498255252838135,-0.16784118115901947,8.08410930633545,0.0,0.0,8.0,7.210635185241699
2.106579303741455,-0.11906034499406815,8.12239933013916,0.0,0.0,8.0,7.459611892700195
1.7491332292556763,-0.081698939204216,8.148079872131348,0.0,0.0,8.0,7.709704875946045
1.4898604154586792,-0.0651957094669342,8.150589942932129,0.0,0.0,8.0,7.912366628646851
1.220526099205017,-0.059698302298784256,8.115777015686035,0.0,0.0,8.0,8.159339189529419
1.0613467693328857,-0.058578453958034515,8.05453872680664,0.0,0.0,8.0,8.359496116638184
0.920244038105011,-0.06267017871141434,7.975249767303467,0.0,0.0,8.0,8.610469102859497
0.8251979351043701,-0.06874065101146698,7.915052890777588,0.0,0.0,8.0,8.81164813041687
0.7119815945625305,-0.055531520396471024,7.906655311584473,0.0,0.0,8.0,9.059281349182129
0.6293976306915283,-0.02810133807361126,7.943911075592041,0.0,0.0,8.0,9.25956654548645
0.5690776109695435,-0.004930246155709028,7.994224548339844,0.0,0.0,8.0,9.461484670639038
0.5417311787605286,0.01365339569747448,8.044879913330078,0.0,0.0,8.0,9.663581371307373
0.5227094292640686,0.02225971780717373,8.082053184509277,0.0,0.0,8.0,9.909660339355469
0.4649963080883026,0.013593707233667374,8.115456581115723,0.0,0.0,8.0,10.160307884216309
0.38871580362319946,0.006603984162211418,8.114851951599121,0.0,0.0,8.0,10.411678552627563
0.32760560512542725,0.009055146016180515,8.0774507522583,0.0,0.0,8.0,10.659376382827759
0.2740025818347931,0.0191482100635767,8.031776428222656,0.0,0.0,8.0,10.910635709762573
0.24205391108989716,0.029402846470475197,8.024514198303223,0.0,0.0,8.0,11.159518718719482
0.2257908135652542,0.029541293159127235,8.087503433227539,0.0,0.0,8.0,11.36064624786377
0.2085859626531601,0.013806203380227089,8.140961647033691,0.0,0.0,8.0,11.563952445983887
0.19746947288513184,-0.011858364567160606,8.158193588256836,0.0,0.0,8.0,11.810087442398071
0.18717201054096222,-0.029672745615243912,8.114593505859375,0.0,0.0,8.0,12.010732412338257
0.16290543973445892,-0.045728955417871475,8.014999389648438,3.0,0.0,8.0,12.213314533233643
0.12333554774522781,-0.07069601863622665,7.9145941734313965,3.0,0.0,8.0,12.413556337356567
0.11146725714206696,-0.09708153456449509,7.862695217132568,3.0,0.0,8.0,12.661452531814575
0.19428180158138275,-0.12155655771493912,7.880476474761963,3.0,0.0,8.0,12.91270399093628
0.3780919015407562,-0.1444784253835678,7.964601993560791,3.0,0.0,8.0,13.161343574523926
0.5760177969932556,-0.15115012228488922,8.043083190917969,3.0,0.0,8.0,13.362282037734985
0.8524368405342102,-0.14325158298015594,8.144543647766113,3.0,0.0,8.0,13.613820791244507
1.0886214971542358,-0.13021649420261383,8.158483505249023,3.0,0.0,8.0,13.815283060073853
1.3349206447601318,-0.10903506726026535,8.095914840698242,3.0,0.0,8.0,14.016774892807007
1.623786211013794,-0.0908348336815834,7.99498176574707,3.0,0.0,8.0,14.259661197662354
1.8188592195510864,-0.07676763087511063,7.916276454925537,3.0,0.0,8.0,14.461459636688232
1.9899545907974243,-0.059118181467056274,7.882603168487549,3.0,0.0,8.0,14.709706783294678
2.083914041519165,-0.04412971809506416,7.857611656188965,3.0,0.0,8.0,14.910266637802124
2.194608211517334,-0.015836838632822037,7.83463191986084,3.0,0.0,8.0,15.163683414459229
2.2753236293792725,0.004097859375178814,7.870437145233154,3.0,0.0,8.0,15.364623785018921
2.3433520793914795,0.022976189851760864,7.91079568862915,3.0,0.0,8.0,15.565010786056519
2.4411072731018066,0.03697908669710159,7.899685859680176,3.0,0.0,8.0,15.81951355934143
2.567614793777466,0.033602308481931686,7.848777770996094,3.0,0.0,8.0,16.063735246658325
2.6981282234191895,0.013846222311258316,7.809113025665283,3.0,0.0,8.0,16.3118314743042
2.7843432426452637,-0.015949266031384468,7.764184951782227,3.0,0.0,8.0,16.514207363128662
2.8586912155151367,-0.06331515312194824,7.707483291625977,3.0,0.0,8.0,16.761505126953125
2.883120059967041,-0.1048957109451294,7.685293674468994,3.0,0.0,8.0,16.961681127548218
2.890122890472412,-0.13243728876113892,7.711582660675049,3.0,0.0,8.0,17.17156195640564
2.888101100921631,-0.13488328456878662,7.791308403015137,3.0,0.0,8.0,17.415292978286743
2.88912296295166,-0.11794034391641617,7.890552997589111,3.0,0.0,8.0,17.66384506225586
2.880577564239502,-0.10641305893659592,7.996331214904785,3.0,0.0,8.0,17.912044525146484
2.8596532344818115,-0.11137210577726364,8.073163986206055,3.0,0.0,8.0,18.115423679351807
2.8215882778167725,-0.11869192123413086,8.128410339355469,0.0,0.0,8.0,18.364403247833252
2.7687742710113525,-0.11800918728113174,8.128130912780762,0.0,0.0,8.0,18.61279797554016
2.6586248874664307,-0.11235187202692032,8.087825775146484,0.0,0.0,8.0,18.85997486114502
2.4958765506744385,-0.10616901516914368,8.044119834899902,0.0,0.0,8.0,19.064568042755127
2.2035953998565674,-0.09347057342529297,7.995367050170898,0.0,0.0,8.0,19.31022334098816
1.926335334777832,-0.07118307799100876,7.951014041900635,0.0,0.0,8.0,19.510737419128418
1.650246500968933,-0.046800535172224045,7.927277565002441,0.0,0.0,8.0,19.713749885559082
1.3576141595840454,-0.010696847923099995,7.918524265289307,0.0,0.0,8.0,19.96105432510376
1.1508233547210693,0.01645662821829319,7.928206443786621,0.0,0.0,8.0,20.212857723236084
1.0356756448745728,0.02787209302186966,7.950033187866211,0.0,0.0,8.0,20.462238788604736
0.983610987663269,0.036012113094329834,7.98107385635376,0.0,0.0,8.0,20.662991762161255
0.9163891673088074,0.0525326170027256,8.039268493652344,0.0,0.0,8.0,20.910728216171265
0.8452922701835632,0.07426632940769196,8.085359573364258,0.0,0.0,8.0,21.111548900604248
0.7426396608352661,0.10759801417589188,8.116074562072754,0.0,0.0,8.0,21.361872911453247
0.6313565373420715,0.12408875674009323,8.11671257019043,0.0,0.0,8.0,21.61091160774231
0.5547490119934082,0.11895302683115005,8.090645790100098,0.0,0.0,8.0,21.81097388267517
0.4644007682800293,0.10439303517341614,8.053584098815918,0.0,0.0,8.0,22.05999755859375
0.387542724609375,0.08961653709411621,8.020830154418945,0.0,0.0,8.0,22.312508583068848
0.3319465219974518,0.0716506764292717,7.964188098907471,0.0,0.0,8.0,22.562365531921387
0.2983534634113312,0.05824504792690277,7.920669078826904,0.0,0.0,8.0,22.810701370239258
0.28109174966812134,0.049942515790462494,7.898740291595459,0.0,0.0,8.0,23.01104474067688
0.26808419823646545,0.043527502566576004,7.901474475860596,0.0,0.0,8.0,23.211987733840942
0.2456883192062378,0.035957805812358856,7.940054893493652,0.0,0.0,8.0,23.46013355255127
0.22975365817546844,0.03826528042554855,7.9844889640808105,0.0,0.0,8.0,23.662892818450928
0.20383624732494354,0.05612139403820038,8.05838394165039,0.0,0.0,8.0,23.91192126274109
0.17549732327461243,0.07400298863649368,8.097148895263672,0.0,0.0,8.0,24.116025686264038
0.15434813499450684,0.10852454602718353,8.109886169433594,3.0,3.0,8.0,24.3606116771698
0.13871589303016663,0.16390271484851837,8.094719886779785,3.0,3.0,8.0,24.610241651535034
0.14635330438613892,0.25033822655677795,8.094061851501465,3.0,3.0,8.0,24.811745166778564
0.2281259149312973,0.41598087549209595,8.093791961669922,3.0,3.0,8.0,25.0609130859375
0.417327344417572,0.6014821529388428,8.063861846923828,3.0,3.0,8.0,25.310229539871216
0.6474166512489319,0.7523689866065979,8.018267631530762,3.0,3.0,8.0,25.51139998435974
0.9230129718780518,0.9212034344673157,7.973861217498779,3.0,3.0,8.0,25.71219491958618
1.2840572595596313,1.1600499153137207,7.920014381408691,3.0,3.0,8.0,25.960349559783936
1.5963828563690186,1.4093334674835205,7.874880790710449,3.0,3.0,8.0,26.211520195007324
1.8092132806777954,1.6470242738723755,7.854055881500244,3.0,3.0,8.0,26.460241317749023
1.9260146617889404,1.8333271741867065,7.87380313873291,3.0,3.0,8.0,26.71331787109375
2.0189740657806396,1.945469856262207,7.900358200073242,3.0,3.0,8.0,26.962566137313843
2.133297920227051,2.014927387237549,7.9466962814331055,3.0,3.0,8.0,27.21355366706848
2.2739977836608887,2.086648941040039,8.03675365447998,3.0,3.0,8.0,27.460225582122803
2.3734290599823,2.1613266468048096,8.097261428833008,3.0,3.0,8.0,27.66033959388733
2.4613258838653564,2.29067063331604,8.144691467285156,3.0,3.0,8.0,27.911717414855957
2.523089647293091,2.429687976837158,8.144529342651367,3.0,3.0,8.0,28.160517930984497
2.5764222145080566,2.53503680229187,8.097269058227539,3.0,3.0,8.0,28.410698890686035
2.6267988681793213,2.6013612747192383,8.034265518188477,3.0,3.0,8.0,28.662294387817383
2.6598799228668213,2.639533042907715,7.985843181610107,3.0,3.0,8.0,28.912638902664185
2.6684327125549316,2.683590888977051,7.983711242675781,3.0,3.0,8.0,29.161774396896362
2.6743710041046143,2.7240426540374756,8.013673782348633,3.0,3.0,8.0,29.362713098526
2.6897976398468018,2.764620780944824,8.052620887756348,3.0,3.0,8.0,29.562944412231445
2.721205711364746,2.8045759201049805,8.092037200927734,3.0,3.0,8.0,29.810322999954224
2.7488951683044434,2.826136827468872,8.09768295288086,3.0,3.0,8.0,30.011062622070312
2.7736222743988037,2.832543134689331,8.08506965637207,3.0,3.0,8.0,30.260451793670654
2.791125774383545,2.8255960941314697,8.067827224731445,0.0,0.0,8.0,30.460593938827515
2.804828643798828,2.800966262817383,8.040253639221191,0.0,0.0,8.0,30.71115207672119
2.778465747833252,2.7407851219177246,8.015384674072266,0.0,0.0,8.0,30.91240644454956
2.6947855949401855,2.6282691955566406,7.984363555908203,0.0,0.0,8.0,31.11385679244995
2.51582407951355,2.4222724437713623,7.956399917602539,0.0,0.0,8.0,31.360538721084595
2.280151128768921,2.1562418937683105,7.951552867889404,0.0,0.0,8.0,31.611360549926758
2.017305374145508,1.8704036474227905,7.980391979217529,0.0,0.0,8.0,31.86044716835022
1.770156979560852,1.5937522649765015,8.056580543518066,0.0,0.0,8.0,32.11259174346924
1.5623390674591064,1.3387631177902222,8.150485038757324,0.0,0.0,8.0,32.36056709289551
1.3659980297088623,1.1369783878326416,8.222408294677734,0.0,0.0,8.0,32.61151647567749
1.1566420793533325,1.0111463069915771,8.223275184631348,0.0,0.0,8.0,32.86594223976135
0.9445427656173706,0.9431993365287781,8.1266508102417,0.0,0.0,8.0,33.11041259765625
0.7966269254684448,0.9074304103851318,8.008927345275879,0.0,0.0,8.0,33.31147503852844
0.666048526763916,0.837241530418396,7.85994815826416,0.0,0.0,8.0,33.563114643096924
0.6031126976013184,0.7242773771286011,7.7714738845825195,0.0,0.0,8.0,33.81240248680115
0.536223292350769,0.6057955622673035,7.80388879776001,0.0,0.0,8.0,34.06047964096069
0.4605027437210083,0.5334893465042114,7.8810200691223145,0.0,0.0,8.0,34.260679960250854
0.3884395360946655,0.4826434254646301,7.950772285461426,0.0,0.0,8.0,34.460750579833984
0.3348199427127838,0.42894354462623596,8.00258731842041,0.0,0.0,8.0,34.711042404174805
0.3325691223144531,0.3785361051559448,8.028100967407227,0.0,0.0,8.0,34.96361589431763
0.34926941990852356,0.33937591314315796,8.02157974243164,0.0,0.0,8.0,35.21174073219299
0.3475814759731293,0.31379634141921997,8.003060340881348,0.0,0.0,8.0,35.41374969482422
0.3222939968109131,0.28753840923309326,7.968973159790039,0.0,0.0,8.0,35.660728454589844
0.28070321679115295,0.26751506328582764,7.938725471496582,0.0,0.0,8.0,35.91105675697327
0.2451595962047577,0.25457724928855896,7.921149253845215,0.0,0.0,8.0,36.11295557022095
0.20596474409103394,0.23906944692134857,7.91156005859375,3.0,3.0,8.0,36.363856077194214
0.1700206845998764,0.21778935194015503,7.913945198059082,3.0,3.0,8.0,36.6124210357666
0.15099221467971802,0.21596035361289978,7.957094669342041,3.0,3.0,8.0,36.86091756820679
0.17584417760372162,0.257632851600647,8.002845764160156,3.0,3.0,8.0,37.0674684047699
0.2880392074584961,0.3697293996810913,8.043251037597656,3.0,3.0,8.0,37.313796043395996
0.4846418499946594,0.5333906412124634,8.072521209716797,3.0,3.0,8.0,37.5614869594574
0.724901020526886,0.7360799312591553,8.092789649963379,3.0,3.0,8.0,37.81146740913391
0.999188244342804,0.9801768064498901,8.069498062133789,3.0,3.0,8.0,38.06373858451843
1.2894004583358765,1.2444974184036255,8.001626968383789,3.0,3.0,8.0,38.31081032752991
1.506760835647583,1.4565174579620361,7.954960346221924,3.0,3.0,8.0,38.51124620437622
1.7364563941955566,1.702256202697754,7.932783126831055,3.0,3.0,8.0,38.76294207572937
1.9179874658584595,1.9063411951065063,7.945347309112549,3.0,3.0,8.0,39.01269841194153
2.055058479309082,2.051490068435669,7.948274612426758,3.0,3.0,8.0,39.261136054992676
2.158803939819336,2.1351265907287598,7.956812381744385,3.0,3.0,8.0,39.46124029159546
2.2979981899261475,2.224409341812134,7.97954797744751,3.0,3.0,8.0,39.71360421180725
2.4591164588928223,2.3172414302825928,8.008455276489258,3.0,3.0,8.0,39.96066498756409
2.58463716506958,2.3986117839813232,8.028318405151367,3.0,3.0,8.0,40.1609423160553
2.694646120071411,2.4789788722991943,8.03772258758545,3.0,3.0,8.0,40.36108446121216
2.779287099838257,2.551085948944092,8.038790702819824,3.0,3.0,8.0,40.56108570098877
2.8402018547058105,2.6138575077056885,8.034899711608887,3.0,3.0,8.0,40.76128435134888
2.8784427642822266,2.6697781085968018,8.031575202941895,3.0,3.0,8.0,40.96153545379639
2.893568754196167,2.7203428745269775,8.032469749450684,3.0,3.0,8.0,41.16754221916199
2.8822755813598633,2.7780308723449707,8.03968334197998,3.0,3.0,8.0,41.41112303733826
2.862468719482422,2.822230815887451,8.053252220153809,3.0,3.0,8.0,41.61125564575195
2.8376240730285645,2.8607540130615234,8.06351089477539,3.0,3.0,8.0,41.8112907409668
2.8207480907440186,2.8840384483337402,8.049787521362305,3.0,3.0,8.0,42.0115020275116
2.8070592880249023,2.896625280380249,8.03464412689209,3.0,3.0,8.0,42.21326565742493
2.802657127380371,2.9297709465026855,8.024764060974121,0.0,0.0,8.0,42.461491107940674
2.8256373405456543,2.97048282623291,7.987277984619141,0.0,0.0,8.0,42.71250534057617
2.8419156074523926,2.935696601867676,7.921280860900879,0.0,0.0,8.0,42.96105933189392
2.8044605255126953,2.8031747341156006,7.869058132171631,0.0,0.0,8.0,43.16121792793274
2.67350697517395,2.5274341106414795,7.863515853881836,0.0,0.0,8.0,43.41395878791809
2.5235819816589355,2.2686989307403564,7.916654109954834,0.0,0.0,8.0,43.61587929725647
2.30429744720459,1.9437066316604614,8.002584457397461,0.0,0.0,8.0,43.86114478111267
2.1130313873291016,1.6882027387619019,8.041265487670898,0.0,0.0,8.0,44.06240439414978
1.850968599319458,1.3896564245224,8.05823040008545,0.0,0.0,8.0,44.31130838394165
1.635104775428772,1.1782275438308716,8.074129104614258,0.0,0.0,8.0,44.512754678726196
1.3837546110153198,0.9567142724990845,8.121442794799805,0.0,0.0,8.0,44.761001110076904
1.2188385725021362,0.838556706905365,8.162617683410645,0.0,0.0,8.0,44.96173095703125
1.037912130355835,0.7901281118392944,8.165185928344727,0.0,0.0,8.0,45.2113983631134
0.8962233662605286,0.8096451163291931,8.091742515563965,0.0,0.0,8.0,45.41839337348938
0.6870843768119812,0.8503772616386414,7.950585842132568,0.0,0.0,8.0,45.66107249259949
0.4858337342739105,0.8735694885253906,7.872076511383057,0.0,0.0,8.0,45.86107897758484
0.30645933747291565,0.876909077167511,7.850757598876953,0.0,0.0,8.0,46.063042879104614
0.18694531917572021,0.8474892377853394,7.894134044647217,0.0,0.0,8.0,46.263073444366455
0.13475537300109863,0.7775911688804626,8.034131050109863,0.0,0.0,8.0,46.51174855232239
0.15204358100891113,0.6961858868598938,8.142587661743164,0.0,0.0,8.0,46.71341681480408
0.19839957356452942,0.5960503816604614,8.20657730102539,0.0,0.0,8.0,46.91614866256714
0.26864632964134216,0.46309858560562134,8.197061538696289,0.0,0.0,8.0,47.161574363708496
0.3136827051639557,0.3276759088039398,8.116720199584961,0.0,0.0,8.0,47.41672229766846
0.3066529333591461,0.22740909457206726,8.051738739013672,0.0,0.0,8.0,47.66349482536316
0.2779545187950134,0.16926661133766174,8.024850845336914,0.0,0.0,8.0,47.916781187057495
0.26945242285728455,0.14521640539169312,8.010793685913086,0.0,0.0,8.0,48.16452240943909
0.25138431787490845,0.11960194259881973,7.9449872970581055,3.0,3.0,11.0,48.41769027709961
0.2054453045129776,0.09241802245378494,7.855160236358643,3.0,3.0,11.0,48.66205978393555
0.1601552516222,0.09797663241624832,7.809545040130615,3.0,3.0,11.0,48.91969585418701
0.17610089480876923,0.15864062309265137,7.833734512329102,3.0,3.0,11.0,49.16439461708069
0.2902340888977051,0.29168516397476196,7.939446926116943,3.0,3.0,11.0,49.413962841033936
0.427931010723114,0.45913103222846985,8.102118492126465,3.0,3.0,11.0,49.614142417907715
0.6636135578155518,0.7677608132362366,8.414410591125488,3.0,3.0,11.0,49.86202335357666
0.975425124168396,1.1339267492294312,8.817076683044434,3.0,3.0,11.0,50.112507820129395
1.303291916847229,1.4634116888046265,9.223628044128418,3.0,3.0,11.0,50.361639976501465
1.5343310832977295,1.6749650239944458,9.556200981140137,3.0,3.0,11.0,50.56200623512268
1.774726390838623,1.871455430984497,9.919676780700684,3.0,3.0,11.0,50.8117401599884
1.9288899898529053,1.981546401977539,10.169589042663574,3.0,3.0,11.0,51.01266813278198
2.080286979675293,2.079483985900879,10.42000961303711,3.0,3.0,11.0,51.26192283630371
2.173692226409912,2.1435675621032715,10.565065383911133,3.0,3.0,11.0,51.46371603012085
2.285208225250244,2.236572504043579,10.67556095123291,3.0,3.0,11.0,51.71347784996033
2.3735709190368652,2.32013201713562,10.712183952331543,3.0,3.0,11.0,51.92394208908081
2.477705478668213,2.4269630908966064,10.701641082763672,3.0,3.0,11.0,52.16417956352234
2.5561611652374268,2.510141134262085,10.689388275146484,3.0,3.0,11.0,52.36565089225769
2.6351752281188965,2.602041482925415,10.69357681274414,3.0,3.0,11.0,52.61216855049133
2.6810708045959473,2.6718761920928955,10.724567413330078,3.0,3.0,11.0,52.86180520057678
2.7062723636627197,2.7237534523010254,10.77293586730957,3.0,3.0,11.0,53.061824798583984
2.740687608718872,2.7763168811798096,10.833805084228516,3.0,3.0,11.0,53.26425218582153
2.7989063262939453,2.8229987621307373,10.901056289672852,3.0,3.0,11.0,53.51178240776062
2.847902774810791,2.833519220352173,10.949060440063477,3.0,3.0,11.0,53.71255803108215
2.8947227001190186,2.823349714279175,10.99245834350586,3.0,3.0,11.0,53.91687273979187
2.942403554916382,2.8115625381469727,11.027252197265625,3.0,3.0,11.0,54.163596868515015
2.964921474456787,2.8131370544433594,11.059233665466309,0.0,0.0,8.0,54.41897797584534
2.95940899848938,2.8240058422088623,11.072731971740723,0.0,0.0,8.0,54.661723613739014
2.9053947925567627,2.814931631088257,11.04529094696045,0.0,0.0,8.0,54.919140577316284
2.7816083431243896,2.7527201175689697,10.978850364685059,0.0,0.0,8.0,55.1628634929657
2.609515428543091,2.6693122386932373,10.903511047363281,0.0,0.0,8.0,55.36399841308594
2.3202850818634033,2.5237185955047607,10.797771453857422,0.0,0.0,8.0,55.61517381668091
2.003214120864868,2.294105052947998,10.59345817565918,0.0,0.0,8.0,55.86344051361084
1.698075294494629,1.9730151891708374,10.248659133911133,0.0,0.0,8.0,56.11245894432068
1.4735349416732788,1.688223958015442,9.912997245788574,0.0,0.0,8.0,56.313177824020386
1.2375264167785645,1.351989507675171,9.463787078857422,0.0,0.0,8.0,56.561598777770996
1.0549192428588867,1.0719385147094727,9.026800155639648,0.0,0.0,8.0,56.81162977218628
0.9431436061859131,0.9022711515426636,8.680154800415039,0.0,0.0,8.0,57.01403784751892
0.8150373101234436,0.7996910810470581,8.299847602844238,0.0,0.0,8.0,57.262876987457275
0.6858412027359009,0.7418229579925537,7.993376731872559,0.0,0.0,8.0,57.51184129714966
0.5735685229301453,0.656859815120697,7.82730770111084,0.0,0.0,8.0,57.713279008865356
0.45674458146095276,0.549037516117096,7.756118297576904,0.0,0.0,8.0,57.91681790351868
0.33713510632514954,0.43851903080940247,7.7872209548950195,0.0,0.0,8.0,58.162174224853516
0.25986671447753906,0.36441561579704285,7.912262916564941,0.0,0.0,8.0,58.414836406707764
0.21480241417884827,0.32065683603286743,8.032963752746582,0.0,0.0,8.0,58.61625790596008
0.16554440557956696,0.2823338210582733,8.174907684326172,0.0,0.0,8.0,58.86197328567505
0.13037288188934326,0.2669968605041504,8.232993125915527,0.0,0.0,8.0,59.064032793045044
0.11015155911445618,0.2608819901943207,8.213480949401855,0.0,0.0,8.0,59.31618642807007
0.11380968242883682,0.2609840929508209,8.117669105529785,0.0,0.0,8.0,59.56211066246033
0.12211240082979202,0.25792810320854187,8.00311279296875,0.0,0.0,8.0,59.816591024398804
0.14198167622089386,0.25116631388664246,7.9030914306640625,0.0,0.0,8.0,60.06282615661621
0.16871406137943268,0.2238456755876541,7.84930419921875,0.0,0.0,8.0,60.26584577560425
0.20410074293613434,0.15284623205661774,7.826836585998535,3.0,3.0,11.0,60.51247787475586
0.22689640522003174,0.09022992104291916,7.84845495223999,3.0,3.0,11.0,60.71400308609009
0.27371490001678467,0.04848494008183479,7.913449764251709,3.0,3.0,11.0,60.917486906051636
0.40607085824012756,0.05693871155381203,8.054805755615234,3.0,3.0,11.0,61.16461992263794
0.6845396757125854,0.11648499965667725,8.279729843139648,3.0,3.0,11.0,61.41727685928345
0.9285879731178284,0.3258243501186371,8.617342948913574,3.0,3.0,11.0,61.661869525909424
1.1058944463729858,0.5983603000640869,8.966044425964355,3.0,3.0,11.0,61.86220979690552
1.3226889371871948,1.0074121952056885,9.428302764892578,3.0,3.0,11.0,62.11278319358826
1.5078169107437134,1.3361644744873047,9.776111602783203,3.0,3.0,11.0,62.312803745269775
1.6941653490066528,1.6284849643707275,10.07170581817627,3.0,3.0,11.0,62.512815713882446
1.8664790391921997,1.876340389251709,10.28287410736084,3.0,3.0,11.0,62.713428020477295
2.021733283996582,2.0758628845214844,10.40764045715332,3.0,3.0,11.0,62.917617321014404
2.1633877754211426,2.243344306945801,10.46806812286377,3.0,3.0,11.0,63.162320613861084
2.236175537109375,2.3214008808135986,10.480079650878906,3.0,3.0,11.0,63.363449573516846
2.279724597930908,2.3723301887512207,10.498887062072754,3.0,3.0,11.0,63.563661336898804
2.341214656829834,2.4388551712036133,10.56105899810791,3.0,3.0,11.0,63.81221032142639
2.4039721488952637,2.509347677230835,10.632414817810059,3.0,3.0,11.0,64.01351928710938
2.478586435317993,2.58933687210083,10.722756385803223,3.0,3.0,11.0,64.2619640827179
2.532458543777466,2.647653818130493,10.78598403930664,3.0,3.0,11.0,64.46237349510193
2.580869674682617,2.6937255859375,10.826107025146484,3.0,3.0,11.0,64.66374468803406
2.62418532371521,2.7267496585845947,10.841476440429688,3.0,3.0,11.0,64.86468362808228
2.655010223388672,2.747288227081299,10.852007865905762,3.0,3.0,11.0,65.06476259231567
2.682140350341797,2.7628610134124756,10.866747856140137,3.0,3.0,11.0,65.31628489494324
2.70793080329895,2.769990921020508,10.86955451965332,3.0,3.0,11.0,65.56231832504272
2.729980230331421,2.7689876556396484,10.866402626037598,3.0,3.0,11.0,65.7631413936615
2.7567765712738037,2.760141611099243,10.894272804260254,3.0,3.0,11.0,66.01544523239136
2.786121129989624,2.7619800567626953,10.952213287353516,3.0,3.0,11.0,66.26235175132751
2.80464243888855,2.772364377975464,10.997027397155762,3.0,3.0,11.0,66.4624171257019
2.818477153778076,2.7926526069641113,11.025065422058105,3.0,3.0,10.0,66.6646819114685
2.819033622741699,2.8308188915252686,11.026971817016602,3.0,3.0,10.0,66.91831541061401
2.819847822189331,2.8705661296844482,10.952467918395996,3.0,3.0,10.0,67.16234970092773
2.8301596641540527,2.8972864151000977,10.786151885986328,3.0,3.0,10.0,67.41510081291199
2.847428321838379,2.8982717990875244,10.568167686462402,3.0,3.0,10.0,67.66236758232117
2.8693735599517822,2.8730432987213135,10.383234024047852,3.0,3.0,10.0,67.8625237941742
2.891511917114258,2.8270692825317383,10.234384536743164,3.0,3.0,10.0,68.06267642974854
2.924515724182129,2.7796835899353027,10.145855903625488,3.0,3.0,10.0,68.2635817527771
2.9754154682159424,2.7447595596313477,10.135066986083984,3.0,3.0,10.0,68.51414680480957
3.020318031311035,2.753575086593628,10.20703125,3.0,3.0,10.0,68.76250123977661
3.033803701400757,2.800096035003662,10.300769805908203,3.0,3.0,10.0,69.01289701461792
3.024209976196289,2.845515727996826,10.343295097351074,3.0,3.0,10.0,69.21396517753601
3.000138521194458,2.8836441040039062,10.335294723510742,3.0,3.0,10.0,69.4152946472168
2.962904214859009,2.907735586166382,10.271096229553223,3.0,3.0,10.0,69.66266083717346
2.9329910278320312,2.917959213256836,10.19929313659668,3.0,3.0,10.0,69.86635208129883
2.9041357040405273,2.9227418899536133,10.098623275756836,3.0,3.0,10.0,70.11437463760376
2.8973350524902344,2.935685157775879,10.01479434967041,3.0,3.0,10.0,70.36345648765564
2.9106948375701904,2.969252586364746,9.928174018859863,3.0,3.0,10.0,70.61272811889648
2.957878828048706,3.036846876144409,9.870877265930176,3.0,3.0,10.0,70.86290955543518
3.0207366943359375,3.111633062362671,9.86657428741455,3.0,3.0,10.0,71.06325483322144
3.1017463207244873,3.18852162361145,9.891534805297852,3.0,3.0,10.0,71.31557965278625
3.154350519180298,3.213336229324341,9.930331230163574,3.0,3.0,10.0,71.56441020965576
3.173945188522339,3.1979503631591797,9.981558799743652,3.0,3.0,10.0,71.81383776664734
3.175142288208008,3.1680734157562256,10.042611122131348,3.0,3.0,10.0,72.06272435188293
3.1719233989715576,3.131044864654541,10.074894905090332,3.0,3.0,10.0,72.26347160339355
3.156222105026245,3.088927745819092,10.084038734436035,3.0,3.0,10.0,72.46725630760193
3.115464687347412,3.067091941833496,10.071981430053711,3.0,3.0,9.0,72.71304368972778
3.0659470558166504,3.0767271518707275,10.048032760620117,3.0,3.0,9.0,72.92135238647461
3.002711057662964,3.0745623111724854,9.960442543029785,3.0,3.0,9.0,73.16300702095032
2.9486207962036133,3.028252124786377,9.79487133026123,3.0,3.0,9.0,73.41540479660034
2.9121458530426025,2.9763312339782715,9.597637176513672,3.0,3.0,9.0,73.66273713111877
2.8873274326324463,2.9583170413970947,9.408990859985352,3.0,3.0,9.0,73.91939687728882
2.880230188369751,2.9496982097625732,9.278548240661621,3.0,3.0,9.0,74.16268706321716
2.894235372543335,2.940948724746704,9.230865478515625,3.0,3.0,9.0,74.36323022842407
2.9272618293762207,2.938615560531616,9.229315757751465,3.0,3.0,9.0,74.61341142654419
2.9475865364074707,2.950652837753296,9.255829811096191,3.0,3.0,9.0,74.81605696678162
2.9578921794891357,2.9761815071105957,9.281498908996582,3.0,3.0,9.0,75.06367778778076
2.952636241912842,3.0063393115997314,9.284638404846191,3.0,3.0,9.0,75.31407833099365
2.9397130012512207,3.022163152694702,9.26593017578125,3.0,3.0,9.0,75.51555919647217
2.9300150871276855,3.0309760570526123,9.221309661865234,3.0,3.0,9.0,75.762943983078
2.920435905456543,3.0234947204589844,9.163349151611328,3.0,3.0,9.0,76.0140495300293
2.9223239421844482,3.0095326900482178,9.110694885253906,3.0,3.0,9.0,76.26306128501892
2.935507297515869,3.007375717163086,9.078207969665527,3.0,3.0,9.0,76.51562595367432
2.9470717906951904,3.025714874267578,9.062714576721191,3.0,3.0,9.0,76.76429724693298
2.9522528648376465,3.045440673828125,9.037888526916504,3.0,3.0,9.0,77.0150773525238
2.950014352798462,3.057666063308716,9.012660026550293,3.0,3.0,9.0,77.2161717414856
2.9378318786621094,3.064418077468872,8.966630935668945,3.0,3.0,9.0,77.41921663284302
2.921386957168579,3.0686020851135254,8.9076566696167,3.0,3.0,9.0,77.66315078735352
2.915950059890747,3.066845417022705,8.883901596069336,3.0,3.0,9.0,77.86317253112793
2.923675537109375,3.0548908710479736,8.878718376159668,3.0,3.0,9.0,78.06533408164978
2.9676475524902344,3.0337154865264893,8.89305591583252,3.0,3.0,9.0,78.3152334690094
2.9982850551605225,3.0165576934814453,8.922685623168945,3.0,3.0,9.0,78.51593112945557
3.00901460647583,2.9894111156463623,8.979595184326172,3.0,3.0,8.0,78.76350688934326
3.0206427574157715,2.9795713424682617,9.03482437133789,3.0,3.0,8.0,79.01495480537415
3.0324387550354004,2.981123685836792,9.034270286560059,3.0,3.0,8.0,79.21680068969727
3.0429646968841553,2.986818790435791,8.952359199523926,3.0,3.0,8.0,79.46307349205017
3.0431127548217773,3.0023233890533447,8.791156768798828,3.0,3.0,8.0,79.71528935432434
3.036245822906494,3.0178868770599365,8.621720314025879,3.0,3.0,8.0,79.91574192047119
3.010251998901367,3.0326426029205322,8.421222686767578,3.0,3.0,8.0,80.16296911239624
2.9856581687927246,3.0345163345336914,8.309558868408203,3.0,3.0,8.0,80.36299991607666
2.9587202072143555,3.026644229888916,8.2638521194458,3.0,3.0,8.0,80.61551976203918
2.948227882385254,3.017504930496216,8.288898468017578,3.0,3.0,8.0,80.86327004432678
2.94323468208313,3.0085012912750244,8.32274055480957,3.0,3.0,8.0,81.0632872581482
2.942533016204834,2.996842622756958,8.343222618103027,3.0,3.0,8.0,81.2633228302002
2.942995071411133,2.9827041625976562,8.339845657348633,3.0,3.0,8.0,81.46533703804016
2.954638957977295,2.9668357372283936,8.302942276000977,3.0,3.0,8.0,81.71290731430054
2.97485613822937,2.958624839782715,8.248222351074219,3.0,3.0,8.0,81.91642117500305
2.9998133182525635,2.955610990524292,8.191814422607422,3.0,3.0,8.0,82.11822438240051
3.0326523780822754,2.9614932537078857,8.141263961791992,3.0,3.0,8.0,82.36306834220886
3.0462262630462646,2.9639358520507812,8.109248161315918,3.0,3.0,8.0,82.61654734611511
3.046518325805664,2.962831735610962,8.08838176727295,3.0,3.0,8.0,82.86479783058167
3.041797399520874,2.955490827560425,8.075797080993652,3.0,3.0,8.0,83.11632108688354
3.0422141551971436,2.9451136589050293,8.059306144714355,3.0,3.0,8.0,83.3633131980896
3.0516979694366455,2.9308061599731445,8.041741371154785,3.0,3.0,8.0,83.61572098731995
3.0701189041137695,2.9246666431427,8.040304183959961,3.0,3.0,8.0,83.863352060318
3.09424090385437,2.9364230632781982,8.048798561096191,3.0,3.0,8.0,84.06563544273376
3.1284966468811035,2.9611077308654785,8.068334579467773,3.0,3.0,8.0,84.3132495880127
3.14678955078125,2.9774513244628906,8.075166702270508,3.0,3.0,8.0,84.51496934890747
3.1383633613586426,2.9845168590545654,8.068338394165039,3.0,3.0,7.0,84.76502346992493
3.092317581176758,2.98470401763916,8.038673400878906,3.0,3.0,7.0,85.01555609703064
3.037334680557251,2.9897921085357666,7.948420524597168,3.0,3.0,7.0,85.26345705986023
2.9993581771850586,2.995537757873535,7.781799793243408,3.0,3.0,7.0,85.51568126678467
2.974858522415161,2.9998323917388916,7.611691951751709,3.0,3.0,7.0,85.71573495864868
2.960597276687622,3.004577875137329,7.433404922485352,3.0,3.0,7.0,85.9162802696228
2.955174446105957,3.0338149070739746,7.225890159606934,3.0,3.0,7.0,86.21594214439392
2.9655163288116455,3.0585391521453857,7.152714252471924,3.0,3.0,7.0,86.41751217842102
2.994112730026245,3.09362530708313,7.143951892852783,3.0,3.0,7.0,86.66371417045593
3.031071901321411,3.118412494659424,7.173354625701904,3.0,3.0,7.0,86.91586470603943
3.0727367401123047,3.129918098449707,7.192198276519775,3.0,3.0,7.0,87.11589002609253
3.1066553592681885,3.128190517425537,7.202556610107422,3.0,3.0,7.0,87.31665778160095
3.1180505752563477,3.1114022731781006,7.211513519287109,3.0,3.0,7.0,87.56337976455688
3.1020209789276123,3.09770131111145,7.218535900115967,3.0,3.0,7.0,87.77007412910461
3.0517830848693848,3.089996337890625,7.218984127044678,3.0,3.0,7.0,88.01662969589233
3.000410318374634,3.0877599716186523,7.171836853027344,3.0,3.0,7.0,88.2634871006012
2.9787440299987793,3.063502788543701,7.087137222290039,3.0,3.0,7.0,88.51607346534729
3.001821994781494,3.0005831718444824,7.052691459655762,3.0,3.0,7.0,88.71780729293823
3.073883056640625,2.900780439376831,7.129443168640137,3.0,3.0,7.0,88.91835141181946
3.178424835205078,2.785834789276123,7.250738620758057,3.0,3.0,7.0,89.16357398033142
3.229302406311035,2.747945547103882,7.3543195724487305,3.0,3.0,7.0,89.36362099647522
3.250610589981079,2.765994071960449,7.426539897918701,3.0,3.0,7.0,89.61602902412415
3.2407820224761963,2.814363718032837,7.383960247039795,3.0,3.0,7.0,89.863765001297
3.2045586109161377,2.8590571880340576,7.305487632751465,3.0,3.0,7.0,90.0661883354187
3.145144462585449,2.9116735458374023,7.200087547302246,3.0,3.0,7.0,90.26860976219177
3.05325984954834,2.9834866523742676,7.106311798095703,3.0,3.0,7.0,90.51792430877686
2.9289371967315674,3.0632636547088623,7.130759239196777,3.0,3.0,10.0,90.76359009742737
2.837153196334839,3.1115975379943848,7.055211544036865,3.0,3.0,10.0,90.96594595909119
2.742784261703491,3.1091830730438232,6.927341938018799,3.0,3.0,10.0,91.22750067710876
2.704948663711548,3.0521910190582275,6.870199203491211,3.0,3.0,10.0,91.4674711227417
2.741558790206909,2.985304117202759,6.977141380310059,3.0,3.0,10.0,91.71735906600952
2.7927615642547607,2.9281983375549316,7.1987504959106445,3.0,3.0,10.0,91.91949772834778
2.855801582336426,2.8747973442077637,7.611727714538574,3.0,3.0,10.0,92.16352605819702
2.890758991241455,2.847928047180176,8.017794609069824,3.0,3.0,10.0,92.36363196372986
2.9068539142608643,2.8375422954559326,8.51502799987793,3.0,3.0,10.0,92.61578679084778
2.89404296875,2.8618509769439697,8.866917610168457,3.0,3.0,10.0,92.8637146949768
2.8784356117248535,2.905031681060791,9.065021514892578,3.0,3.0,10.0,93.06528568267822
2.8795623779296875,2.981253147125244,9.258501052856445,3.0,3.0,10.0,93.31595873832703
2.904489755630493,3.0516481399536133,9.400574684143066,3.0,3.0,10.0,93.51637721061707
2.95607590675354,3.1449575424194336,9.58037281036377,3.0,3.0,10.0,93.76361441612244
3.005934715270996,3.2166800498962402,9.710402488708496,3.0,3.0,10.0,94.0156466960907
3.0465962886810303,3.2445125579833984,9.778493881225586,3.0,3.0,10.0,94.21608400344849
3.094266414642334,3.252016067504883,9.818517684936523,3.0,3.0,10.0,94.41887044906616
3.1270763874053955,3.237330913543701,9.803738594055176,3.0,3.0,10.0,94.66434168815613
3.126087188720703,3.195931911468506,9.744333267211914,3.0,3.0,10.0,94.91684246063232
3.116020441055298,3.1417057514190674,9.718792915344238,3.0,3.0,10.0,95.1173665523529
3.101243019104004,3.0721566677093506,9.722503662109375,3.0,3.0,10.0,95.32603478431702
3.088423013687134,3.002876043319702,9.79005241394043,3.0,3.0,10.0,95.56396126747131
3.0920090675354004,2.9872584342956543,9.895885467529297,3.0,3.0,10.0,95.76557517051697
3.0874531269073486,2.9984593391418457,10.020058631896973,3.0,3.0,10.0,96.01466226577759
3.081876039505005,3.023252487182617,10.072131156921387,3.0,3.0,10.0,96.26376700401306
3.073176860809326,3.047163963317871,10.075085639953613,3.0,3.0,10.0,96.46431016921997
3.064612627029419,3.066626787185669,10.038008689880371,3.0,3.0,9.0,96.7163257598877
3.0599117279052734,3.0679173469543457,9.989103317260742,3.0,3.0,9.0,96.91949248313904
3.020099401473999,3.061105966567993,9.851395606994629,3.0,3.0,9.0,97.26592803001404
2.959047555923462,3.0668909549713135,9.689837455749512,3.0,3.0,9.0,97.51731729507446
2.88844633102417,3.071293354034424,9.482985496520996,3.0,3.0,9.0,97.76387023925781
2.8471157550811768,3.0610098838806152,9.177474021911621,3.0,3.0,9.0,98.3115873336792
2.8568742275238037,3.0305159091949463,9.119104385375977,3.0,3.0,9.0,98.56307244300842
2.906018018722534,2.9648544788360596,9.16616439819336,3.0,3.0,9.0,99.01786851882935
2.926844596862793,2.9392404556274414,9.20737075805664,3.0,3.0,9.0,99.21826577186584
2.9327192306518555,2.908935785293579,9.233176231384277,3.0,3.0,9.0,99.46705794334412
2.914679765701294,2.8888018131256104,9.223634719848633,3.0,3.0,9.0,99.71645426750183
2.897655725479126,2.8835482597351074,9.186742782592773,3.0,3.0,9.0,99.91760849952698
2.8834424018859863,2.885918140411377,9.147322654724121,3.0,3.0,9.0,100.16387224197388
2.88667631149292,2.8965823650360107,9.120501518249512,3.0,3.0,9.0,100.36397862434387
2.9172298908233643,2.922213554382324,9.075639724731445,3.0,3.0,9.0,100.61526846885681
2.966585874557495,2.954730749130249,9.021056175231934,3.0,3.0,9.0,100.86411905288696
3.0125439167022705,2.969555377960205,8.945714950561523,3.0,3.0,9.0,101.06630802154541
3.0757884979248047,2.9680724143981934,8.843457221984863,3.0,3.0,9.0,101.31641054153442
3.126255989074707,2.9466516971588135,8.781582832336426,3.0,3.0,9.0,101.51997804641724
3.1772680282592773,2.895561695098877,8.756155014038086,3.0,3.0,9.0,101.81436777114868
3.1618118286132812,2.865495443344116,8.834527969360352,3.0,3.0,9.0,102.0641233921051
3.1286091804504395,2.865506172180176,8.943695068359375,3.0,3.0,9.0,102.2652325630188
3.084366798400879,2.87872052192688,9.084425926208496,3.0,3.0,9.0,102.51747798919678
3.056882858276367,2.8914225101470947,9.157920837402344,3.0,3.0,8.0,102.7189998626709
3.0379385948181152,2.90401029586792,9.178278923034668,3.0,3.0,8.0,102.96437215805054
3.031764030456543,2.9087493419647217,9.123651504516602,3.0,3.0,8.0,103.16601490974426
3.0195860862731934,2.9099791049957275,8.972885131835938,3.0,3.0,8.0,103.41878199577332
2.9955992698669434,2.9206671714782715,8.792243003845215,3.0,3.0,8.0,103.66605353355408
2.974390983581543,2.960545063018799,8.619266510009766,3.0,3.0,8.0,103.91774797439575
2.970066785812378,3.03591251373291,8.366642951965332,3.0,3.0,8.0,104.36456537246704
3.053126335144043,3.0693655014038086,8.167638778686523,3.0,3.0,8.0,104.81415224075317
3.0824050903320312,3.0890352725982666,8.14091682434082,3.0,3.0,8.0,105.06554412841797
3.0950984954833984,3.10343337059021,8.15613842010498,3.0,3.0,8.0,105.26617312431335
3.1150262355804443,3.0925252437591553,8.146167755126953,3.0,3.0,8.0,105.51758074760437
3.132077693939209,3.044064998626709,8.096108436584473,3.0,3.0,8.0,105.76416563987732
3.119629144668579,2.994676113128662,8.066920280456543,3.0,3.0,8.0,105.96424508094788
3.060791254043579,2.955232620239258,8.059889793395996,3.0,3.0,8.0,106.2218451499939
2.99002742767334,2.9588024616241455,8.067704200744629,3.0,3.0,8.0,106.46638011932373
2.93306565284729,2.9828414916992188,8.083799362182617,3.0,3.0,8.0,106.71477842330933
2.918694019317627,2.9972667694091797,8.091531753540039,3.0,3.0,8.0,106.91735577583313
2.946246862411499,2.9963762760162354,8.081766128540039,3.0,3.0,8.0,107.16785740852356
2.9931252002716064,2.987046480178833,8.04758071899414,3.0,3.0,8.0,107.41723108291626
3.0251283645629883,2.981447696685791,8.023862838745117,3.0,3.0,8.0,107.61736154556274
3.0659987926483154,2.9820666313171387,8.084319114685059,3.0,3.0,8.0,107.86523294448853
3.1151368618011475,2.9898078441619873,8.121458053588867,3.0,3.0,8.0,108.11936330795288
3.1322317123413086,2.988661766052246,8.09647274017334,3.0,3.0,8.0,108.36652278900146
3.096801996231079,2.9827990531921387,8.063124656677246,3.0,3.0,8.0,108.61772131919861
3.047518253326416,2.9833924770355225,8.019146919250488,3.0,3.0,7.0,108.86455583572388
3.0111589431762695,2.9941399097442627,7.971006393432617,3.0,3.0,7.0,109.11779260635376
2.996737003326416,3.003073215484619,7.875783920288086,3.0,3.0,7.0,109.36458110809326
2.9944145679473877,2.9965803623199463,7.71201753616333,3.0,3.0,7.0,109.61458826065063
3.0026943683624268,2.970828056335449,7.540136337280273,3.0,3.0,7.0,109.81512427330017
3.0223143100738525,2.9124157428741455,7.314022064208984,3.0,3.0,7.0,110.06609296798706
3.0262300968170166,2.8613266944885254,7.15577507019043,3.0,3.0,7.0,110.26652979850769
3.012460231781006,2.8181779384613037,7.031659126281738,3.0,3.0,7.0,110.51534104347229
2.9874510765075684,2.7963790893554688,6.98760986328125,3.0,3.0,7.0,110.71769309043884
2.948690176010132,2.7841410636901855,6.99126672744751,3.0,3.0,7.0,110.9643304347992
2.912144899368286,2.7885303497314453,7.0259222984313965,3.0,3.0,7.0,111.16447019577026
2.8736770153045654,2.809931993484497,7.094755172729492,3.0,3.0,7.0,111.36458253860474
2.834357976913452,2.848336696624756,7.17842435836792,3.0,3.0,7.0,111.61448645591736
2.81813383102417,2.893792152404785,7.207884788513184,3.0,3.0,7.0,111.81498408317566
2.81929874420166,2.98281192779541,7.193095684051514,3.0,3.0,7.0,112.06815385818481
2.840153217315674,3.1145825386047363,7.1409430503845215,3.0,3.0,7.0,112.31728839874268
2.8761212825775146,3.2304024696350098,7.076766490936279,3.0,3.0,7.0,112.56431341171265
2.889606237411499,3.2882747650146484,7.01849889755249,3.0,3.0,7.0,112.7646734714508
2.8923532962799072,3.3155577182769775,6.936466693878174,3.0,3.0,7.0,112.96480965614319
2.90578293800354,3.3106532096862793,6.839240074157715,3.0,3.0,7.0,113.2158100605011
2.929137706756592,3.2810423374176025,6.805536270141602,3.0,3.0,7.0,113.41772508621216
2.9534425735473633,3.232825756072998,6.830637454986572,3.0,3.0,7.0,113.66883373260498
2.9695069789886475,3.1919591426849365,6.931041240692139,3.0,3.0,7.0,113.92003393173218
2.9779040813446045,3.1588284969329834,7.048425674438477,3.0,3.0,7.0,114.1644389629364
2.981624126434326,3.1275177001953125,7.130939483642578,3.0,3.0,7.0,114.3645589351654
2.9895777702331543,3.0933377742767334,7.18032693862915,3.0,3.0,7.0,114.56458330154419
3.0038654804229736,3.051849365234375,7.1838836669921875,0.0,0.0,8.0,114.81501054763794
3.022315740585327,3.0214641094207764,7.1608967781066895,0.0,0.0,8.0,115.01503586769104
3.0302748680114746,2.969670057296753,7.1297807693481445,0.0,0.0,8.0,115.21511006355286
2.9984521865844727,2.8684990406036377,7.112143039703369,0.0,0.0,8.0,115.41889667510986
2.8641562461853027,2.6681878566741943,7.160579204559326,0.0,0.0,8.0,115.66753768920898
2.622309923171997,2.3951549530029297,7.304469108581543,0.0,0.0,8.0,115.91739130020142
2.3728015422821045,2.1443848609924316,7.462756156921387,0.0,0.0,8.0,116.11770391464233
2.0347301959991455,1.814780592918396,7.68243932723999,0.0,0.0,8.0,116.3649275302887
1.7750966548919678,1.5492660999298096,7.837787628173828,0.0,0.0,8.0,116.56523728370667
1.490273356437683,1.2460103034973145,7.956300735473633,0.0,0.0,8.0,116.81545090675354
1.24794340133667,1.0115530490875244,7.991806983947754,0.0,0.0,8.0,117.06493711471558
1.0978045463562012,0.889789342880249,7.943765640258789,0.0,0.0,8.0,117.26617693901062
0.9671465158462524,0.8032249808311462,7.793176651000977,0.0,0.0,8.0,117.51904463768005
0.8727249503135681,0.7545586228370667,7.6215362548828125,0.0,0.0,8.0,117.76518750190735
0.7842882871627808,0.7094695568084717,7.5140228271484375,0.0,0.0,8.0,118.01500487327576
0.701055645942688,0.6556124091148376,7.526182174682617,0.0,0.0,8.0,118.21905875205994
0.6011487245559692,0.5889247059822083,7.6337761878967285,0.0,0.0,8.0,118.42335510253906
0.46032223105430603,0.5160895586013794,7.830495834350586,0.0,0.0,8.0,118.66833424568176
0.362207293510437,0.4658757448196411,7.9846978187561035,0.0,0.0,8.0,118.86840748786926
0.25951308012008667,0.4019094705581665,8.126324653625488,0.0,0.0,8.0,119.1196517944336
0.18309149146080017,0.3430197536945343,8.175652503967285,0.0,0.0,8.0,119.36807417869568
0.14193618297576904,0.29764121770858765,8.139144897460938,0.0,0.0,8.0,119.62041640281677
0.13354837894439697,0.2709507346153259,8.0543851852417,0.0,0.0,8.0,119.8672468662262
0.13735483586788177,0.2673751711845398,7.981052398681641,0.0,0.0,8.0,120.07306432723999
0.1445939540863037,0.2776421010494232,7.901755332946777,0.0,0.0,8.0,120.31919431686401
0.14499270915985107,0.28932854533195496,7.882438659667969,0.0,0.0,8.0,120.56509041786194
0.14204472303390503,0.2843376100063324,7.89866828918457,0.0,0.0,8.0,120.7651960849762
0.1483747959136963,0.2578772306442261,7.959178924560547,3.0,0.0,8.0,121.01541590690613
0.16618293523788452,0.2230624258518219,8.022395133972168,3.0,0.0,8.0,121.21779441833496
0.24058428406715393,0.1876329481601715,8.078039169311523,3.0,0.0,8.0,121.41887831687927
0.411057710647583,0.1445508748292923,8.103843688964844,3.0,0.0,8.0,121.66717624664307
0.6757435202598572,0.09917853772640228,8.091706275939941,3.0,0.0,8.0,121.91864204406738
0.9991046190261841,0.051221881061792374,8.067825317382812,3.0,0.0,8.0,122.16506266593933
1.2894086837768555,0.017381729558110237,8.036301612854004,3.0,0.0,8.0,122.36541366577148
1.6327961683273315,-0.0033734983298927546,8.017212867736816,3.0,0.0,8.0,122.61516094207764
1.8658208847045898,0.004526822362095118,8.032816886901855,3.0,0.0,8.0,122.81517577171326
2.0583066940307617,0.017084229737520218,8.03940486907959,3.0,0.0,8.0,123.01536083221436
2.212742328643799,0.01804676651954651,8.024527549743652,3.0,0.0,8.0,123.21770524978638
2.3405141830444336,0.010035103186964989,7.99595832824707,3.0,0.0,8.0,123.41897177696228
2.4703454971313477,-0.004738971125334501,7.962605953216553,3.0,0.0,8.0,123.66637086868286
2.5875871181488037,-0.01935797929763794,7.943300247192383,3.0,0.0,8.0,123.91794729232788
2.6649584770202637,-0.022327739745378494,7.955291748046875,3.0,0.0,8.0,124.16524004936218
2.699453592300415,-0.01548389159142971,7.975771903991699,3.0,0.0,8.0,124.3656542301178
2.7228617668151855,-0.007816486991941929,8.012717247009277,3.0,0.0,8.0,124.61893701553345
2.7054271697998047,-0.00956850778311491,8.038919448852539,3.0,0.0,8.0,124.86907887458801
2.6654133796691895,0.005380505695939064,8.036297798156738,3.0,0.0,8.0,125.11744379997253
2.635605573654175,0.02404710091650486,8.013650894165039,3.0,0.0,8.0,125.31923532485962
2.6216542720794678,0.041414257138967514,7.97173547744751,3.0,0.0,8.0,125.56541442871094
2.6533079147338867,0.04038265720009804,7.923532485961914,3.0,0.0,8.0,125.76566219329834
2.7337839603424072,0.019636591896414757,7.875543594360352,3.0,0.0,8.0,126.01914501190186
2.8196234703063965,-0.007832350209355354,7.84078311920166,3.0,0.0,8.0,126.26754641532898
2.8739027976989746,-0.022278163582086563,7.842216968536377,3.0,0.0,8.0,126.51915454864502
2.9027602672576904,-0.005763019900768995,7.882187366485596,3.0,0.0,8.0,126.76516723632812
2.921590805053711,0.022158263251185417,7.9286723136901855,0.0,0.0,8.0,127.0153238773346
2.9106695652008057,0.0404767245054245,7.957098007202148,0.0,0.0,8.0,127.2180290222168
2.8468730449676514,0.04549027979373932,7.98435640335083,0.0,0.0,8.0,127.41862916946411
2.6553637981414795,0.04419977217912674,8.015312194824219,0.0,0.0,8.0,127.66590023040771
2.409855365753174,0.04278275743126869,8.045743942260742,0.0,0.0,8.0,127.86756181716919
2.100426435470581,0.04233986511826515,8.104878425598145,0.0,0.0,8.0,128.070228099823
1.692034363746643,0.04326552152633667,8.202984809875488,0.0,0.0,8.0,128.31945180892944
1.31375253200531,0.021858375519514084,8.275105476379395,0.0,0.0,8.0,128.565283536911
1.0296168327331543,-0.023195896297693253,8.249770164489746,0.0,0.0,8.0,128.81884455680847
0.8836326003074646,-0.08157873153686523,8.1753568649292,0.0,0.0,8.0,129.0197241306305
0.8122267127037048,-0.16513991355895996,8.039204597473145,0.0,0.0,8.0,129.26835250854492
0.7872151136398315,-0.2175392061471939,7.888514518737793,0.0,0.0,8.0,129.51802468299866
0.7120493650436401,-0.2010207623243332,7.787094593048096,0.0,0.0,8.0,129.7653181552887
0.625400185585022,-0.1596861332654953,7.744808673858643,0.0,0.0,8.0,129.96684789657593
0.5058915019035339,-0.1104087233543396,7.749383926391602,0.0,0.0,8.0,130.21932411193848
0.40342676639556885,-0.0665706917643547,7.805325984954834,0.0,0.0,8.0,130.46633529663086
0.3420734107494354,-0.03933857008814812,7.873642921447754,0.0,0.0,8.0,130.66681003570557
0.2905239164829254,-0.02353714220225811,7.949634075164795,0.0,0.0,8.0,130.86732459068298
0.24610157310962677,-0.008126147091388702,8.03061294555664,0.0,0.0,8.0,131.069819688797
0.20220014452934265,0.006638481747359037,8.092833518981934,0.0,0.0,8.0,131.271892786026
0.1495651751756668,0.026296788826584816,8.118003845214844,0.0,0.0,8.0,131.51538515090942
0.11304011940956116,0.04228535667061806,8.097103118896484,0.0,0.0,8.0,131.71560645103455
0.08766064047813416,0.060568295419216156,8.04953670501709,0.0,0.0,8.0,131.9189474582672
0.09034792333841324,0.08485392481088638,7.960037708282471,0.0,0.0,8.0,132.16535139083862
0.11015618592500687,0.09921471774578094,7.870843410491943,0.0,0.0,8.0,132.3655550479889
0.13115599751472473,0.10177483409643173,7.815061092376709,0.0,0.0,8.0,132.56557869911194
0.14015565812587738,0.0929594337940216,7.812097072601318,0.0,0.0,8.0,132.76564502716064
0.13515858352184296,0.07082820683717728,7.863382339477539,3.0,0.0,8.0,132.96566343307495
0.14213743805885315,0.0465519018471241,7.943698883056641,3.0,0.0,8.0,133.166086435318
0.22192800045013428,0.02257063053548336,8.053790092468262,3.0,0.0,8.0,133.41909456253052
0.4037892818450928,0.005928019993007183,8.126977920532227,3.0,0.0,8.0,133.66927552223206
0.6794192790985107,-0.00682014599442482,8.153621673583984,3.0,0.0,8.0,133.9182767868042
0.9336797595024109,-0.013173156417906284,8.132209777832031,3.0,0.0,8.0,134.11902952194214
1.2610968351364136,-0.01867533102631569,8.058591842651367,3.0,0.0,8.0,134.36583352088928
1.483667254447937,-0.017684925347566605,7.9972686767578125,3.0,0.0,8.0,134.56593823432922
1.7057973146438599,0.005155364982783794,7.942240238189697,3.0,0.0,8.0,134.81714129447937
1.8279205560684204,0.03749037906527519,7.930717468261719,3.0,0.0,8.0,135.01905846595764
1.9359413385391235,0.07477246969938278,7.941548824310303,3.0,0.0,8.0,135.2678997516632
2.03960919380188,0.09257575124502182,7.9576215744018555,3.0,0.0,8.0,135.51577639579773
2.159243106842041,0.09693831950426102,7.975599765777588,3.0,0.0,8.0,135.76581239700317
2.2457938194274902,0.09448017179965973,8.000800132751465,3.0,0.0,8.0,135.9658567905426
2.347459554672241,0.09251845628023148,8.03573989868164,3.0,0.0,8.0,136.21563386917114
2.4186296463012695,0.09402389079332352,8.059720039367676,3.0,0.0,8.0,136.41608119010925
2.5069503784179688,0.10165424644947052,8.080446243286133,3.0,0.0,8.0,136.66664862632751
2.565439462661743,0.10705230385065079,8.09416675567627,3.0,0.0,8.0,136.86786222457886
2.612243175506592,0.10530728101730347,8.101761817932129,3.0,0.0,8.0,137.1160650253296
2.6470141410827637,0.10376687347888947,8.094786643981934,3.0,0.0,8.0,137.31617498397827
2.708613157272339,0.10155504941940308,8.048945426940918,3.0,0.0,8.0,137.56564331054688
2.773153066635132,0.103105328977108,8.016510963439941,3.0,0.0,8.0,137.76567912101746
2.8350284099578857,0.10853231698274612,8.042048454284668,3.0,0.0,8.0,138.01646852493286
2.8604660034179688,0.1065351739525795,8.083958625793457,3.0,0.0,8.0,138.21816515922546
2.8837711811065674,0.0984756201505661,8.110772132873535,3.0,0.0,8.0,138.41910123825073
2.9094324111938477,0.08820894360542297,8.13060188293457,3.0,0.0,8.0,138.62315821647644
2.9463400840759277,0.07805223017930984,8.141430854797363,0.0,0.0,8.0,138.86770009994507
2.9446146488189697,0.06668954342603683,8.13040542602539,0.0,0.0,8.0,139.06930589675903
2.872760534286499,0.03614386171102524,8.108955383300781,0.0,0.0,8.0,139.2713484764099
2.6588566303253174,-0.02162657305598259,8.083662033081055,0.0,0.0,8.0,139.5269901752472
2.3394434452056885,-0.06961244344711304,8.064023971557617,0.0,0.0,8.0,139.76568031311035
2.045250654220581,-0.09210185706615448,8.075860023498535,0.0,0.0,8.0,139.9661717414856
1.6769438982009888,-0.1151648610830307,8.108569145202637,0.0,0.0,8.0,140.21641302108765
1.4379656314849854,-0.13135625422000885,8.138851165771484,0.0,0.0,8.0,140.41975617408752
1.2387003898620605,-0.13200928270816803,8.188780784606934,0.0,0.0,8.0,140.66781663894653
1.1376636028289795,-0.10464219003915787,8.228673934936523,0.0,0.0,8.0,140.86869430541992
1.0582365989685059,-0.07439213991165161,8.213103294372559,0.0,0.0,8.0,141.0694968700409
0.9795761108398438,-0.0684981495141983,8.141606330871582,0.0,0.0,8.0,141.3164963722229
0.9131888151168823,-0.05371979624032974,8.151473999023438,0.0,0.0,8.0,141.56640100479126
0.8535500168800354,-0.0036173637490719557,8.172615051269531,0.0,0.0,8.0,141.81803393363953
0.8088091015815735,0.030123792588710785,8.132896423339844,0.0,0.0,8.0,142.01822519302368
0.7500544786453247,0.03116634115576744,8.064661979675293,0.0,0.0,8.0,142.21941328048706
0.669198215007782,-0.007279224693775177,8.009079933166504,0.0,0.0,8.0,142.42120027542114
0.5900768637657166,-0.05726396664977074,8.033629417419434,0.0,0.0,8.0,142.62187576293945
0.506227433681488,-0.11006747931241989,8.0773344039917,0.0,0.0,8.0,142.86625242233276
0.4516274631023407,-0.12951868772506714,8.062847137451172,0.0,0.0,8.0,143.06787943840027
0.38894549012184143,-0.14017672836780548,7.994619369506836,0.0,0.0,8.0,143.31768345832825
0.33813345432281494,-0.15327134728431702,7.950572967529297,0.0,0.0,8.0,143.56589722633362
0.3085831105709076,-0.16057617962360382,7.927708625793457,0.0,0.0,8.0,143.76624655723572
0.291860967874527,-0.16535328328609467,7.883563995361328,0.0,0.0,8.0,144.0179431438446
0.27657487988471985,-0.13825181126594543,7.820441722869873,0.0,0.0,8.0,144.2673795223236
0.23502060770988464,-0.08866224437952042,7.801783561706543,0.0,0.0,8.0,144.51583552360535
0.19101588428020477,-0.032985616475343704,7.854943752288818,0.0,0.0,8.0,144.71634221076965
0.15177373588085175,0.01974102295935154,7.927278518676758,3.0,3.0,8.0,144.9164662361145
0.1164165660738945,0.05950579419732094,7.9678168296813965,3.0,3.0,8.0,145.1174120903015
0.10312005132436752,0.09680343419313431,7.959190845489502,3.0,3.0,8.0,145.31970262527466
0.13989976048469543,0.17885521054267883,7.873927116394043,3.0,3.0,8.0,145.56631684303284
0.25393369793891907,0.3085072338581085,7.71359920501709,3.0,3.0,8.0,145.8165397644043
0.40410932898521423,0.4575173854827881,7.592184543609619,3.0,3.0,8.0,146.01772212982178
0.6764395833015442,0.7154814004898071,7.542716026306152,3.0,3.0,8.0,146.26658034324646
0.955247700214386,0.9946151375770569,7.6367998123168945,3.0,3.0,8.0,146.46662163734436
1.2454090118408203,1.3182880878448486,7.80007266998291,3.0,3.0,8.0,146.6671588420868
1.5576412677764893,1.7277361154556274,7.944418430328369,3.0,3.0,8.0,146.9191472530365
1.8520244359970093,2.111063003540039,7.9544758796691895,3.0,3.0,8.0,147.21895360946655
2.0417184829711914,2.2723116874694824,7.920348644256592,3.0,3.0,8.0,147.41901564598083
2.247983455657959,2.383507013320923,7.880568027496338,3.0,3.0,8.0,147.66819596290588
2.380080461502075,2.419419527053833,7.808334827423096,3.0,3.0,8.0,147.91641092300415
2.4218554496765137,2.4054226875305176,7.74954891204834,3.0,3.0,8.0,148.11755228042603
2.4597256183624268,2.361865997314453,7.706748962402344,3.0,3.0,8.0,148.36619806289673
2.558159112930298,2.3493473529815674,7.729982852935791,3.0,3.0,8.0,148.61671543121338
2.6561715602874756,2.369443655014038,7.776327610015869,3.0,3.0,8.0,148.81897282600403
2.718468427658081,2.415745735168457,7.850200176239014,3.0,3.0,8.0,149.02162146568298
2.7514028549194336,2.514847993850708,7.99440860748291,3.0,3.0,8.0,149.26626896858215
2.764087200164795,2.596193790435791,8.11917495727539,3.0,3.0,8.0,149.46852278709412
2.7799713611602783,2.6828713417053223,8.229424476623535,3.0,3.0,8.0,149.7169954776764
2.791613817214966,2.752934455871582,8.2678804397583,3.0,3.0,8.0,149.9662115573883
2.7964019775390625,2.8073487281799316,8.245049476623535,3.0,3.0,8.0,150.16658759117126
2.7995893955230713,2.85396409034729,8.197905540466309,3.0,3.0,8.0,150.36737823486328
2.8183417320251465,2.9025001525878906,8.122785568237305,3.0,3.0,8.0,150.6163194179535
2.835744857788086,2.930767059326172,8.082307815551758,3.0,3.0,8.0,150.81663966178894
2.839604377746582,2.9539453983306885,8.078104019165039,0.0,0.0,8.0,151.01798582077026
2.7824888229370117,2.9612932205200195,8.115697860717773,0.0,0.0,8.0,151.36652970314026
2.6916840076446533,2.9096407890319824,8.13350772857666,0.0,0.0,8.0,151.56834483146667
2.509385824203491,2.7646853923797607,8.148584365844727,0.0,0.0,8.0,151.8174238204956
2.319453239440918,2.586513042449951,8.167471885681152,0.0,0.0,8.0,152.02011060714722
1.9250389337539673,2.139820098876953,8.310185432434082,0.0,0.0,8.0,152.41814756393433
1.7507686614990234,1.8836112022399902,8.42038345336914,0.0,0.0,8.0,152.62229347229004
1.5503668785095215,1.5577998161315918,8.535585403442383,0.0,0.0,8.0,152.86724638938904
1.3966643810272217,1.3081659078598022,8.589327812194824,0.0,0.0,8.0,153.0677089691162
1.2498271465301514,1.0949428081512451,8.555744171142578,0.0,0.0,8.0,153.27024459838867
1.0784519910812378,0.8924494981765747,8.396504402160645,0.0,0.0,8.0,153.51945233345032
0.9584711194038391,0.7792315483093262,8.173443794250488,0.0,0.0,8.0,153.7216911315918
0.8714386224746704,0.6959255337715149,7.922598838806152,0.0,0.0,8.0,153.9223074913025
0.809657871723175,0.6220635771751404,7.711472511291504,0.0,0.0,8.0,154.1675353050232
0.7683556079864502,0.5503137707710266,7.623201370239258,0.0,0.0,8.0,154.41769289970398
0.674586296081543,0.4837888479232788,7.669222831726074,0.0,0.0,8.0,154.66860151290894
0.5162228941917419,0.44320255517959595,7.74372673034668,0.0,0.0,8.0,154.91725039482117
0.34142833948135376,0.41511428356170654,7.778072357177734,0.0,0.0,8.0,155.16684651374817
0.18056850135326385,0.39641350507736206,7.80111026763916,0.0,0.0,8.0,155.4180154800415
0.09478854387998581,0.3796769976615906,7.808168411254883,0.0,0.0,8.0,155.62365818023682
0.040160998702049255,0.3261488676071167,7.782841205596924,0.0,0.0,8.0,155.87435913085938
0.013493400998413563,0.2612989842891693,7.742457866668701,0.0,0.0,8.0,156.11666822433472
0.010946052148938179,0.21661001443862915,7.730345726013184,0.0,0.0,8.0,156.31690120697021
0.028140520676970482,0.1917356699705124,7.751951694488525,0.0,0.0,8.0,156.5195450782776
0.051948729902505875,0.19411037862300873,7.796362400054932,0.0,0.0,8.0,156.76709651947021
0.07301083207130432,0.2242223173379898,7.84917688369751,3.0,3.0,8.0,157.01919388771057
0.13488154113292694,0.2655915915966034,7.931784152984619,3.0,3.0,8.0,157.26698279380798
0.2354842871427536,0.3136226236820221,8.012954711914062,3.0,3.0,8.0,157.46938157081604
0.5928996801376343,0.5826783776283264,8.12873363494873,3.0,3.0,8.0,157.91760540008545
0.843902587890625,0.8222395777702332,8.112168312072754,3.0,3.0,8.0,158.16737842559814
1.113912582397461,1.098690152168274,8.021318435668945,3.0,3.0,8.0,158.4173219203949
1.3299473524093628,1.3411797285079956,7.917682647705078,3.0,3.0,8.0,158.6177155971527
1.5299935340881348,1.5774660110473633,7.826093673706055,3.0,3.0,8.0,158.82146739959717
1.7503899335861206,1.8215680122375488,7.7309088706970215,3.0,3.0,8.0,159.0717179775238
1.9342442750930786,1.9688944816589355,7.7190961837768555,3.0,3.0,8.0,159.3176109790802
2.046617031097412,2.030438184738159,7.791175842285156,3.0,3.0,8.0,159.5176386833191
2.1333770751953125,2.07387375831604,7.941709518432617,3.0,3.0,8.0,159.76750493049622
2.225593090057373,2.1421117782592773,8.09302806854248,3.0,3.0,8.0,160.01725220680237
2.32558274269104,2.235809803009033,8.207921028137207,3.0,3.0,8.0,160.26732397079468
2.410479784011841,2.3137340545654297,8.253561019897461,3.0,3.0,8.0,160.47070956230164
2.4969589710235596,2.402848958969116,8.227425575256348,3.0,3.0,8.0,160.71697759628296
2.5453577041625977,2.4619202613830566,8.163801193237305,3.0,3.0,8.0,160.9176573753357
2.593862771987915,2.524872303009033,8.077982902526855,3.0,3.0,8.0,161.1669921875
2.640218496322632,2.575235605239868,8.003387451171875,3.0,3.0,8.0,161.42123460769653
2.696274995803833,2.61480975151062,7.946530818939209,3.0,3.0,8.0,161.67007422447205
2.7508304119110107,2.646028757095337,7.938292980194092,3.0,3.0,8.0,161.91790413856506
2.7995495796203613,2.6771702766418457,7.96713399887085,3.0,3.0,8.0,162.16743111610413
2.823106527328491,2.7053637504577637,8.012019157409668,3.0,3.0,8.0,162.37170600891113
2.844242572784424,2.7399561405181885,8.077787399291992,3.0,3.0,8.0,162.6173758506775
2.857377290725708,2.763857126235962,8.12102222442627,3.0,3.0,8.0,162.81791877746582
2.8686654567718506,2.785301446914673,8.139482498168945,0.0,0.0,8.0,163.01987767219543
2.8745429515838623,2.8079493045806885,8.130050659179688,0.0,0.0,8.0,163.2711741924286
2.849022388458252,2.797403335571289,8.089828491210938,0.0,0.0,8.0,163.51732635498047
2.7798054218292236,2.7392921447753906,8.050344467163086,0.0,0.0,8.0,163.71879267692566
2.3982932567596436,2.3988986015319824,8.095083236694336,0.0,0.0,8.0,164.21765565872192
2.081317663192749,2.06960391998291,8.217352867126465,0.0,0.0,8.0,164.52777934074402
1.7850390672683716,1.7262269258499146,8.315566062927246,0.0,0.0,8.0,164.76749300956726
1.535871982574463,1.4356340169906616,8.34571361541748,0.0,0.0,8.0,164.9676034450531
1.282005786895752,1.162793517112732,8.318153381347656,0.0,0.0,8.0,165.16946649551392
0.9915202856063843,0.9067395329475403,8.211064338684082,0.0,0.0,8.0,165.4190332889557
0.7504175901412964,0.7565305829048157,8.049915313720703,0.0,0.0,8.0,165.66895866394043
0.510391116142273,0.6656017303466797,7.814096927642822,0.0,0.0,8.0,166.0208864212036
0.3198302388191223,0.5585296750068665,7.762272357940674,0.0,0.0,8.0,166.51785969734192
0.23847627639770508,0.4715528190135956,7.822982311248779,0.0,0.0,8.0,166.71787929534912
0.14633648097515106,0.3687986731529236,7.8846893310546875,0.0,0.0,8.0,166.91895627975464
0.04901343211531639,0.2597520351409912,7.977718353271484,0.0,0.0,8.0,167.16727805137634
0.001208345522172749,0.20602229237556458,8.04015064239502,0.0,0.0,8.0,167.36757349967957
-0.018882781267166138,0.1796431988477707,8.072696685791016,0.0,0.0,8.0,167.567640542984
-0.008540106937289238,0.17777739465236664,8.054852485656738,0.0,0.0,8.0,167.7677366733551
0.03893508017063141,0.1975104957818985,8.002326011657715,0.0,0.0,8.0,168.01770162582397
0.10755648463964462,0.22478167712688446,7.970163345336914,0.0,0.0,8.0,168.2674241065979
0.16400687396526337,0.2509258985519409,7.973605632781982,0.0,0.0,8.0,168.4704966545105
0.2189597636461258,0.277407169342041,7.9807820320129395,0.0,0.0,8.0,168.720055103302
0.2473306953907013,0.28379666805267334,7.983990669250488,3.0,3.0,11.0,168.96743154525757
0.2588488757610321,0.26043984293937683,7.993873596191406,3.0,3.0,11.0,169.22030186653137
0.2947881519794464,0.248055100440979,8.03799819946289,3.0,3.0,11.0,169.4697334766388
0.3853611648082733,0.287539541721344,8.095075607299805,3.0,3.0,11.0,169.67216277122498
0.5862127542495728,0.4188627302646637,8.201322555541992,3.0,3.0,11.0,169.91897439956665
0.868950605392456,0.6366853713989258,8.384703636169434,3.0,3.0,11.0,170.16754984855652
1.1147499084472656,0.8555452227592468,8.595194816589355,3.0,3.0,11.0,170.36758041381836
1.397130012512207,1.1575485467910767,8.94686508178711,3.0,3.0,11.0,170.6175663471222
1.5739970207214355,1.3959733247756958,9.288961410522461,3.0,3.0,11.0,170.8205955028534
1.7495698928833008,1.647735834121704,9.714692115783691,3.0,3.0,11.0,171.06927943229675
1.8439526557922363,1.7914111614227295,10.018031120300293,3.0,3.0,11.0,171.27134251594543
1.9190622568130493,1.8863162994384766,10.335680961608887,3.0,3.0,11.0,171.5177562236786
1.959590196609497,1.929489254951477,10.52155590057373,3.0,3.0,11.0,171.71914434432983
2.0095646381378174,1.9846603870391846,10.695195198059082,3.0,3.0,11.0,171.96874737739563
2.0854415893554688,2.0726962089538574,10.791869163513184,3.0,3.0,11.0,172.21780920028687
2.171809673309326,2.1717448234558105,10.80245304107666,3.0,3.0,11.0,172.41889595985413
2.312243938446045,2.320739269256592,10.755086898803711,3.0,3.0,11.0,172.66847848892212
2.4299190044403076,2.443279266357422,10.715288162231445,3.0,3.0,11.0,172.8703269958496
2.543705940246582,2.5738983154296875,10.699504852294922,3.0,3.0,11.0,173.11903977394104
2.6290667057037354,2.662719488143921,10.690120697021484,3.0,3.0,11.0,173.36827087402344
2.7247838973999023,2.7139124870300293,10.706977844238281,3.0,3.0,11.0,173.61797738075256
2.8103153705596924,2.744375228881836,10.740899085998535,3.0,3.0,11.0,173.81890559196472
2.9199655055999756,2.787560224533081,10.81470012664795,3.0,3.0,11.0,174.0712125301361
2.9959280490875244,2.8291149139404297,10.88017749786377,3.0,3.0,11.0,174.31787300109863
3.0107340812683105,2.847071886062622,10.916842460632324,3.0,3.0,11.0,174.51890063285828
3.011824131011963,2.8562216758728027,10.928983688354492,3.0,3.0,11.0,174.7692687511444
3.0061471462249756,2.85416841506958,10.93864631652832,0.0,0.0,8.0,175.0232172012329
2.9741244316101074,2.828808069229126,10.969359397888184,0.0,0.0,8.0,175.26888179779053
2.8852012157440186,2.755838632583618,10.983590126037598,0.0,0.0,8.0,175.51870679855347
2.7589759826660156,2.6542882919311523,10.949630737304688,0.0,0.0,8.0,175.71942281723022
2.58349609375,2.5208632946014404,10.857648849487305,0.0,0.0,8.0,175.92327451705933
2.2109920978546143,2.206557273864746,10.519754409790039,0.0,0.0,8.0,176.2683961391449
1.9703623056411743,1.9670677185058594,10.251694679260254,0.0,0.0,8.0,176.46947956085205
1.6581718921661377,1.6200330257415771,9.89474105834961,0.0,0.0,8.0,176.71874737739563
1.2028229236602783,0.9883632659912109,9.258691787719727,0.0,0.0,8.0,177.16778254508972
1.041442632675171,0.7424277067184448,8.968812942504883,0.0,0.0,8.0,177.36779522895813
0.8884053826332092,0.5407109260559082,8.670886993408203,0.0,0.0,8.0,177.56810593605042
0.7398355603218079,0.4099700152873993,8.407362937927246,0.0,0.0,8.0,177.76925921440125
0.5922039747238159,0.3585256338119507,8.167220115661621,0.0,0.0,8.0,177.97100377082825
0.4278639256954193,0.4111362099647522,7.933146953582764,0.0,0.0,8.0,178.219908952713
0.30928483605384827,0.4762042462825775,7.776620388031006,0.0,0.0,8.0,178.42212295532227
0.20975954830646515,0.5165715217590332,7.671477794647217,0.0,0.0,8.0,178.67049598693848
0.17336979508399963,0.5423895120620728,7.890194416046143,0.0,0.0,8.0,178.92085552215576
0.11606887727975845,0.569916844367981,8.421971321105957,0.0,0.0,8.0,179.16821551322937
0.04947155341506004,0.589830756187439,8.872357368469238,0.0,0.0,8.0,179.42166447639465
0.0018389708129689097,0.5846045613288879,8.971906661987305,0.0,0.0,8.0,179.66860914230347
0.009590334258973598,0.5176016688346863,8.714561462402344,0.0,0.0,8.0,179.92266058921814
0.08629807084798813,0.34842899441719055,8.237288475036621,0.0,0.0,8.0,180.16824889183044
0.1765109896659851,0.08999429643154144,7.736457824707031,0.0,0.0,8.0,180.42048287391663
0.22901415824890137,-0.14576993882656097,7.38385534286499,0.0,0.0,8.0,180.66911602020264
0.2176632434129715,-0.24836178123950958,7.282000541687012,0.0,0.0,8.0,180.870183467865
0.17364807426929474,-0.27035006880760193,7.353610515594482,3.0,3.0,11.0,181.07099080085754
0.0918779969215393,-0.2499220222234726,7.581565856933594,3.0,3.0,11.0,181.3189661502838
0.053897883743047714,-0.19639259576797485,7.83630895614624,3.0,3.0,11.0,181.52197337150574
0.1353389173746109,-0.03076522797346115,8.229652404785156,3.0,3.0,11.0,181.7682867050171
0.33721521496772766,0.25589504837989807,8.603050231933594,3.0,3.0,11.0,182.01847863197327
0.5947259664535522,0.6218698620796204,8.949626922607422,3.0,3.0,11.0,182.2688353061676
0.8381133675575256,0.9231097102165222,9.202207565307617,3.0,3.0,11.0,182.4704086780548
1.1866365671157837,1.2673102617263794,9.480474472045898,3.0,3.0,11.0,182.71906781196594
1.4918428659439087,1.4967079162597656,9.659355163574219,3.0,3.0,11.0,182.92342734336853
1.8195080757141113,1.714888334274292,9.839455604553223,3.0,3.0,11.0,183.16826629638672
2.0020499229431152,1.8641999959945679,9.967228889465332,3.0,3.0,11.0,183.36851406097412
2.1038620471954346,1.9967604875564575,10.086477279663086,3.0,3.0,11.0,183.56936526298523
2.149892568588257,2.0986833572387695,10.184280395507812,3.0,3.0,11.0,183.7695188522339
2.2027058601379395,2.1893270015716553,10.285609245300293,3.0,3.0,11.0,184.02023148536682
2.272202968597412,2.2484657764434814,10.376884460449219,3.0,3.0,11.0,184.22083163261414
2.3718535900115967,2.307713508605957,10.466196060180664,3.0,3.0,11.0,184.42125844955444
2.506676435470581,2.3895158767700195,10.568735122680664,3.0,3.0,11.0,184.67137455940247
2.631937265396118,2.476008892059326,10.640604019165039,3.0,3.0,11.0,184.92130279541016
2.737868547439575,2.5448484420776367,10.693197250366211,3.0,3.0,11.0,185.16926789283752
2.817596197128296,2.5781407356262207,10.729573249816895,3.0,3.0,11.0,185.42121601104736
2.896681547164917,2.589785099029541,10.75992488861084,3.0,3.0,11.0,185.71917867660522
2.950310707092285,2.5992352962493896,10.77634334564209,3.0,3.0,11.0,185.92317962646484
2.990654706954956,2.63468074798584,10.796653747558594,3.0,3.0,11.0,186.17156720161438
2.9958508014678955,2.7296931743621826,10.825384140014648,3.0,3.0,11.0,186.71411323547363
2.9604527950286865,2.8280065059661865,10.879451751708984,3.0,3.0,11.0,186.92272901535034
2.9342141151428223,2.895024061203003,10.92693042755127,3.0,3.0,10.0,187.16821599006653
2.922900676727295,2.950547456741333,10.9595308303833,3.0,3.0,10.0,187.36841201782227
2.9106907844543457,2.9924850463867188,10.960243225097656,3.0,3.0,10.0,187.56847643852234
2.885592222213745,3.0235683917999268,10.920841217041016,3.0,3.0,10.0,187.8217067718506
2.856532335281372,3.031268358230591,10.81950855255127,3.0,3.0,10.0,188.06881427764893
2.852259397506714,3.0298047065734863,10.694107055664062,3.0,3.0,10.0,188.26939392089844
2.8597869873046875,3.039374828338623,10.548405647277832,3.0,3.0,10.0,188.4703826904297
2.884687662124634,3.0505425930023193,10.355576515197754,3.0,3.0,10.0,188.71838426589966
2.9056665897369385,3.051457405090332,10.22142505645752,3.0,3.0,10.0,188.9295551776886
2.9158647060394287,3.049116611480713,10.14598274230957,3.0,3.0,10.0,189.16843223571777
2.9053940773010254,3.056443214416504,10.143743515014648,3.0,3.0,10.0,189.36877846717834
2.8885788917541504,3.068061590194702,10.180747032165527,3.0,3.0,10.0,189.5691738128662
2.8649044036865234,3.070490837097168,10.243489265441895,3.0,3.0,10.0,189.8186547756195
2.8489480018615723,3.053422212600708,10.268820762634277,3.0,3.0,10.0,190.01869177818298
2.8271238803863525,3.0244758129119873,10.261910438537598,3.0,3.0,10.0,190.21887731552124
2.812349557876587,2.987473964691162,10.223358154296875,3.0,3.0,10.0,190.42450785636902
2.8208742141723633,2.941030263900757,10.151270866394043,3.0,3.0,10.0,190.6700258255005
2.8920180797576904,2.921933889389038,10.063539505004883,3.0,3.0,10.0,191.0230689048767
2.9520366191864014,2.9661295413970947,10.031143188476562,3.0,3.0,10.0,191.26894545555115
2.9808099269866943,3.03271222114563,10.023323059082031,3.0,3.0,10.0,191.46977949142456
2.9917221069335938,3.102431297302246,10.031091690063477,3.0,3.0,10.0,191.67021560668945
2.9919700622558594,3.1461634635925293,10.052196502685547,3.0,3.0,10.0,191.92132806777954
2.992677688598633,3.1339337825775146,10.078128814697266,3.0,3.0,10.0,192.1710331439972
3.0150132179260254,3.083204507827759,10.105462074279785,3.0,3.0,10.0,192.5206196308136
3.022829055786133,3.0149874687194824,10.087681770324707,3.0,3.0,10.0,192.76876163482666
2.962099313735962,2.903995990753174,9.967279434204102,3.0,3.0,9.0,193.36871218681335
2.932532548904419,2.944622278213501,9.913351058959961,3.0,3.0,9.0,193.61907076835632
2.919729709625244,3.0182113647460938,9.850736618041992,3.0,3.0,9.0,193.8192241191864
2.9111990928649902,3.1461400985717773,9.731823921203613,3.0,3.0,9.0,194.06985926628113
2.9092652797698975,3.2733540534973145,9.564892768859863,3.0,3.0,9.0,194.31887793540955
2.9215009212493896,3.342864990234375,9.419058799743652,3.0,3.0,9.0,194.51900672912598
2.950348377227783,3.3772435188293457,9.288139343261719,3.0,3.0,9.0,194.71983456611633
2.9815053939819336,3.385692834854126,9.193942070007324,3.0,3.0,9.0,194.92286443710327
2.995584726333618,3.3544461727142334,9.146233558654785,3.0,3.0,9.0,195.17221784591675
3.006122589111328,3.2841367721557617,9.1510648727417,3.0,3.0,9.0,195.42146801948547
3.0214030742645264,3.1912004947662354,9.171483039855957,3.0,3.0,9.0,195.67033433914185
3.0283141136169434,3.1128783226013184,9.196172714233398,3.0,3.0,9.0,195.8710536956787
3.0375049114227295,3.017659902572632,9.220746040344238,3.0,3.0,9.0,196.11881375312805
3.0427441596984863,2.953364849090576,9.232564926147461,3.0,3.0,9.0,196.32014203071594
3.045733690261841,2.8956193923950195,9.21865463256836,3.0,3.0,9.0,196.56890320777893
3.050092935562134,2.842874050140381,9.183331489562988,3.0,3.0,9.0,196.8194591999054
3.0720396041870117,2.77601957321167,9.111603736877441,3.0,3.0,9.0,197.07005071640015
3.119896173477173,2.693993091583252,9.011387825012207,3.0,3.0,9.0,197.36931777000427
3.1535086631774902,2.6645936965942383,8.956198692321777,3.0,3.0,9.0,197.61897158622742
3.1638450622558594,2.671020269393921,8.935233116149902,3.0,3.0,9.0,197.86950421333313
3.154484272003174,2.6942789554595947,8.934109687805176,3.0,3.0,9.0,198.0705168247223
3.1196112632751465,2.738196611404419,8.943775177001953,3.0,3.0,9.0,198.3188600540161
3.073615312576294,2.77931809425354,8.966150283813477,3.0,3.0,9.0,198.51901507377625
3.0287742614746094,2.8223986625671387,8.992366790771484,3.0,3.0,9.0,198.7191460132599
2.992537498474121,2.8592984676361084,9.025084495544434,3.0,3.0,9.0,198.92198848724365
2.9609174728393555,2.888099193572998,9.071091651916504,3.0,3.0,8.0,199.1698718070984
2.945383310317993,2.8924872875213623,9.087716102600098,3.0,3.0,8.0,199.37329268455505
2.9250147342681885,2.8995511531829834,9.046226501464844,3.0,3.0,8.0,199.6192684173584
2.9119529724121094,2.926523447036743,8.96623420715332,3.0,3.0,8.0,199.82053065299988
2.899242401123047,2.97656512260437,8.803980827331543,3.0,3.0,8.0,200.07160878181458
2.9065616130828857,3.025707244873047,8.570784568786621,3.0,3.0,8.0,200.31904911994934
2.9306271076202393,3.0604987144470215,8.316412925720215,3.0,3.0,8.0,200.6338222026825
2.963327646255493,3.1228768825531006,8.030129432678223,3.0,3.0,8.0,200.92504453659058
2.970506429672241,3.1962661743164062,7.963361740112305,3.0,3.0,8.0,201.16993308067322
2.969188928604126,3.247682809829712,7.973585605621338,3.0,3.0,8.0,201.37645864486694
2.9525487422943115,3.2727935314178467,8.029356002807617,3.0,3.0,8.0,201.62373661994934
2.93528151512146,3.2623157501220703,8.11184024810791,3.0,3.0,8.0,201.82532501220703
2.9094507694244385,3.234452486038208,8.220773696899414,3.0,3.0,8.0,202.07766938209534
2.89042067527771,3.2085251808166504,8.264617919921875,3.0,3.0,8.0,202.31928420066833
2.8825693130493164,3.193267822265625,8.240212440490723,3.0,3.0,8.0,202.52366185188293
2.88744854927063,3.180007219314575,8.156185150146484,3.0,3.0,8.0,202.77383589744568
2.931999683380127,3.162886619567871,8.03786849975586,3.0,3.0,8.0,203.0202353000641
2.991001844406128,3.1282615661621094,7.942386627197266,3.0,3.0,8.0,203.22449040412903
3.0741076469421387,3.047978162765503,7.834741115570068,3.0,3.0,8.0,203.47295093536377
3.124272584915161,2.9685864448547363,7.794978141784668,3.0,3.0,8.0,203.67571830749512
3.1570186614990234,2.9020934104919434,7.811032772064209,3.0,3.0,8.0,203.88381361961365
3.1601412296295166,2.8514528274536133,7.884049415588379,3.0,3.0,8.0,204.11975932121277
3.139390230178833,2.8439300060272217,7.9967451095581055,3.0,3.0,8.0,204.4223837852478
3.1095471382141113,2.874823570251465,8.09592056274414,3.0,3.0,8.0,204.67188024520874
3.0686721801757812,2.9285061359405518,8.162154197692871,3.0,3.0,8.0,204.92633080482483
3.0373218059539795,2.981605291366577,8.164570808410645,3.0,3.0,7.0,205.1694610118866
3.0135109424591064,3.0223824977874756,8.11663818359375,3.0,3.0,7.0,205.42189812660217
2.993551731109619,3.0584869384765625,7.988369941711426,3.0,3.0,7.0,205.7193672657013
2.974904775619507,3.0730268955230713,7.849806785583496,3.0,3.0,7.0,205.92214274406433
2.9574875831604004,3.090527296066284,7.638851165771484,3.0,3.0,7.0,206.17578220367432
2.9314565658569336,3.099055528640747,7.425674915313721,3.0,3.0,7.0,206.42395162582397
2.907503604888916,3.113809108734131,7.261831283569336,3.0,3.0,7.0,206.670738697052
2.8996522426605225,3.130366563796997,7.192481994628906,3.0,3.0,7.0,206.92210793495178
2.8963003158569336,3.1265923976898193,7.214502811431885,3.0,3.0,7.0,207.16939759254456
2.9008028507232666,3.1117258071899414,7.260523319244385,3.0,3.0,7.0,207.37231945991516
2.9081337451934814,3.082045078277588,7.316529273986816,3.0,3.0,7.0,207.62106037139893
2.9091262817382812,3.053389072418213,7.337955474853516,3.0,3.0,7.0,207.82190608978271
2.903916120529175,3.022494316101074,7.325929641723633,3.0,3.0,7.0,208.07185530662537
2.9143810272216797,3.00984787940979,7.250661849975586,3.0,3.0,7.0,208.3701195716858
2.9425907135009766,3.0000815391540527,7.131951808929443,3.0,3.0,7.0,208.6196596622467
2.9939560890197754,2.978806972503662,7.023799419403076,3.0,3.0,7.0,208.82303023338318
3.0550763607025146,2.9405970573425293,6.8964996337890625,3.0,3.0,7.0,209.07168221473694
3.1858620643615723,2.8974547386169434,7.001245498657227,3.0,3.0,7.0,209.71958780288696
3.2968568801879883,2.9010062217712402,7.248968601226807,3.0,3.0,7.0,209.9714252948761
3.5421104431152344,2.894634246826172,7.5909223556518555,3.0,3.0,7.0,210.51952457427979
3.5517492294311523,2.8857290744781494,7.560330867767334,3.0,3.0,7.0,210.7198247909546
3.48518967628479,2.8746047019958496,7.445429801940918,3.0,3.0,7.0,210.922545671463
3.3239269256591797,2.8896453380584717,7.305108070373535,3.0,3.0,7.0,211.17205119132996
3.1446192264556885,2.943450689315796,7.220568656921387,3.0,3.0,10.0,211.42300701141357
3.0383408069610596,2.9848244190216064,7.158947467803955,3.0,3.0,10.0,211.67106938362122
2.9687461853027344,2.991912364959717,7.1167378425598145,3.0,3.0,10.0,211.96980381011963
2.914257287979126,2.997659683227539,7.162087440490723,3.0,3.0,10.0,212.1700701713562
2.835284471511841,3.0209767818450928,7.267756938934326,3.0,3.0,10.0,212.37040281295776
2.6797280311584473,3.0848495960235596,7.57620906829834,3.0,3.0,10.0,212.72017621994019
2.67303466796875,3.0924623012542725,8.355704307556152,3.0,3.0,10.0,213.169762134552
2.757664203643799,3.0217032432556152,8.876544952392578,3.0,3.0,10.0,213.42308449745178
2.8353700637817383,2.929826259613037,9.319344520568848,3.0,3.0,10.0,213.67023348808289
2.882451057434082,2.8493688106536865,9.654463768005371,3.0,3.0,10.0,213.9226815700531
2.8584959506988525,2.771519660949707,9.932426452636719,3.0,3.0,10.0,214.27119874954224
2.851624011993408,2.761080026626587,10.030454635620117,3.0,3.0,10.0,214.47256779670715
2.8886470794677734,2.8165202140808105,10.090447425842285,3.0,3.0,10.0,214.92125487327576
2.943403720855713,3.0120229721069336,10.03558349609375,3.0,3.0,10.0,215.16977524757385
2.9660351276397705,3.166565179824829,9.974678039550781,3.0,3.0,10.0,215.36994123458862
2.9864792823791504,3.2989706993103027,9.905757904052734,3.0,3.0,10.0,215.56998491287231
3.0194506645202637,3.349242687225342,9.858217239379883,3.0,3.0,10.0,215.8713014125824
3.1837992668151855,3.2179582118988037,9.927189826965332,3.0,3.0,10.0,216.22014379501343
3.135671854019165,2.9472968578338623,10.238940238952637,3.0,3.0,9.0,218.2199432849884
3.080383062362671,2.91029953956604,9.989144325256348,3.0,3.0,9.0,218.42264652252197
2.8661539554595947,2.8756301403045654,9.007633209228516,3.0,3.0,9.0,219.2200527191162
2.7839720249176025,2.880171298980713,8.82774543762207,3.0,3.0,9.0,219.42385029792786
2.6913747787475586,2.8900442123413086,8.64351749420166,3.0,3.0,9.0,219.72008347511292
2.662994623184204,2.9066176414489746,8.616311073303223,3.0,3.0,9.0,220.0721664428711
2.712233066558838,2.9162447452545166,8.808765411376953,3.0,3.0,9.0,220.41554737091064
2.796093702316284,2.922369956970215,9.044485092163086,3.0,3.0,9.0,220.62124848365784
2.946719169616699,2.9172539710998535,9.330780029296875,3.0,3.0,9.0,221.0199315547943
3.0665102005004883,2.9060468673706055,9.36302661895752,3.0,3.0,9.0,221.32098579406738
3.137113571166992,2.8827319145202637,9.271620750427246,3.0,3.0,9.0,221.57018208503723
3.158264398574829,2.858142614364624,9.108511924743652,3.0,3.0,9.0,221.82293558120728
3.156590223312378,2.848844051361084,8.961188316345215,3.0,3.0,9.0,222.02382707595825
3.129528284072876,2.8611948490142822,8.808796882629395,3.0,3.0,9.0,222.2703423500061
2.9245123863220215,3.014472246170044,8.941241264343262,3.0,3.0,8.0,223.6837100982666
2.8964784145355225,2.9948935508728027,8.955612182617188,3.0,3.0,8.0,223.92301154136658
2.9468462467193604,2.9571328163146973,8.79030704498291,3.0,3.0,8.0,224.37137842178345
2.991074800491333,2.9354751110076904,8.635464668273926,3.0,3.0,8.0,224.67172145843506
2.981484889984131,3.045650005340576,8.035801887512207,3.0,3.0,8.0,225.22025537490845
2.9559695720672607,3.1366138458251953,7.8830437660217285,3.0,3.0,8.0,225.51258373260498
2.952528238296509,3.164950132369995,7.808907985687256,3.0,3.0,8.0,225.72051882743835
2.9555463790893555,3.139699935913086,7.802417755126953,3.0,3.0,8.0,225.92317390441895
2.9772722721099854,3.0933425426483154,7.860389232635498,3.0,3.0,8.0,226.1708025932312
2.9960148334503174,3.0635077953338623,7.970405578613281,3.0,3.0,8.0,226.37214946746826
3.021301746368408,3.028871774673462,8.090764045715332,3.0,3.0,8.0,226.62065982818604
3.028090238571167,3.0056416988372803,8.168872833251953,3.0,3.0,8.0,226.82322096824646
3.0253939628601074,2.9726452827453613,8.205365180969238,3.0,3.0,8.0,227.07049798965454
3.014603614807129,2.9506547451019287,8.179676055908203,3.0,3.0,8.0,227.2715117931366
2.995624542236328,2.9371747970581055,8.120521545410156,3.0,3.0,8.0,227.47242712974548
2.9626240730285645,2.950761318206787,8.029651641845703,3.0,3.0,8.0,227.72047209739685
2.943352699279785,2.9813501834869385,7.932234764099121,3.0,3.0,8.0,227.9236979484558
2.9369070529937744,3.026369333267212,7.832242488861084,3.0,3.0,8.0,228.17038297653198
2.940835475921631,3.0620546340942383,7.787755966186523,3.0,3.0,8.0,228.37276887893677
2.9554333686828613,3.109579563140869,7.795679092407227,3.0,3.0,8.0,228.62019228935242
2.960588216781616,3.1398673057556152,7.8422112464904785,3.0,3.0,8.0,228.82347798347473
2.96226167678833,3.1627633571624756,7.9334564208984375,3.0,3.0,8.0,229.07208037376404
2.966561794281006,3.173941135406494,8.03720474243164,3.0,3.0,7.0,229.3203067779541
2.9837608337402344,3.159837484359741,8.141748428344727,3.0,3.0,7.0,229.62175750732422
3.0076684951782227,3.145048141479492,8.150108337402344,3.0,3.0,7.0,229.8242585659027
3.031374931335449,3.125852108001709,8.064760208129883,3.0,3.0,7.0,230.0716667175293
3.0469932556152344,3.108938455581665,7.873385906219482,3.0,3.0,7.0,230.32037711143494
3.0575828552246094,3.097458839416504,7.6710662841796875,3.0,3.0,7.0,230.52045965194702
3.1334304809570312,3.0635621547698975,7.0798139572143555,3.0,3.0,7.0,231.22133088111877
3.1148064136505127,2.951962471008301,6.900544166564941,3.0,3.0,7.0,231.7208070755005
3.075244188308716,2.906912088394165,6.920398235321045,3.0,3.0,7.0,231.92340064048767
3.0231220722198486,2.872743844985962,6.961191177368164,3.0,3.0,7.0,232.17082333564758
2.984218120574951,2.871263265609741,7.021513938903809,3.0,3.0,7.0,232.42350816726685
2.955092668533325,2.888747453689575,7.088942527770996,3.0,3.0,7.0,232.67070937156677
2.937675714492798,2.903198003768921,7.125651836395264,3.0,3.0,7.0,232.87138748168945
2.9226036071777344,2.9282922744750977,7.138837814331055,3.0,3.0,7.0,233.12057399749756
2.915750503540039,2.9571170806884766,7.113619327545166,3.0,3.0,7.0,233.37256026268005
2.9102985858917236,2.9791979789733887,7.066834926605225,3.0,3.0,7.0,233.6204445362091
2.913811445236206,2.997040033340454,7.024830341339111,3.0,3.0,7.0,233.82087540626526
2.9346632957458496,3.015751361846924,6.981482982635498,3.0,3.0,7.0,234.02633690834045
2.9684462547302246,3.022017478942871,6.919893741607666,3.0,3.0,7.0,234.2709777355194
2.990070104598999,3.017965316772461,6.877278804779053,3.0,3.0,7.0,234.47108149528503
3.0002286434173584,3.0125656127929688,6.849264144897461,3.0,3.0,7.0,234.67132210731506
3.000333309173584,3.0090510845184326,6.858717441558838,3.0,3.0,7.0,234.8715901374817
2.9915084838867188,3.0124306678771973,6.901315689086914,3.0,3.0,7.0,235.07268571853638
2.966883897781372,3.015587329864502,6.973473072052002,0.0,0.0,8.0,235.32057285308838
2.934926748275757,3.0049216747283936,7.0313615798950195,0.0,0.0,8.0,235.52074456214905
2.893446207046509,2.9706227779388428,7.073147296905518,0.0,0.0,8.0,235.7211718559265
2.83015513420105,2.8855717182159424,7.1149749755859375,0.0,0.0,8.0,235.92375898361206
2.6949548721313477,2.7202706336975098,7.207862377166748,0.0,0.0,8.0,236.17083358764648
2.539956569671631,2.546497106552124,7.323923587799072,0.0,0.0,8.0,236.37112402915955
2.3496131896972656,2.3395450115203857,7.465744972229004,0.0,0.0,8.0,236.5723397731781
2.0858089923858643,2.0493626594543457,7.64255428314209,0.0,0.0,8.0,236.82341599464417
1.7951918840408325,1.7311664819717407,7.771492004394531,0.0,0.0,8.0,237.071759223938
1.5023763179779053,1.4302164316177368,7.830434799194336,0.0,0.0,8.0,237.3233528137207
1.2281461954116821,1.1825840473175049,7.8328657150268555,0.0,0.0,8.0,237.57113432884216
0.992953360080719,0.9977231621742249,7.811786651611328,0.0,0.0,8.0,237.82156682014465
0.8358349204063416,0.8728731870651245,7.7721781730651855,0.0,0.0,8.0,238.07114553451538
0.7651346921920776,0.8097389340400696,7.761387825012207,0.0,0.0,8.0,238.27123475074768
0.7088655829429626,0.7577566504478455,7.764530181884766,0.0,0.0,8.0,238.47188878059387
0.6412609815597534,0.6975240707397461,7.782825469970703,0.0,0.0,8.0,238.67352557182312
0.5604538917541504,0.6065927147865295,7.815152645111084,0.0,0.0,8.0,238.92426347732544
0.49546006321907043,0.5162048935890198,7.854190826416016,0.0,0.0,8.0,239.17341995239258
0.44641199707984924,0.4318051338195801,7.889448642730713,0.0,0.0,8.0,239.42397212982178
0.3970581293106079,0.3635070025920868,7.912289619445801,0.0,0.0,8.0,239.67222476005554
0.3592585623264313,0.30581021308898926,7.920433521270752,0.0,0.0,8.0,239.92563033103943
0.3346408009529114,0.25338104367256165,7.913632869720459,0.0,0.0,8.0,240.17110204696655
0.314231276512146,0.21783418953418732,7.907923221588135,0.0,0.0,8.0,240.37260580062866
0.28028255701065063,0.1824800670146942,7.9125142097473145,0.0,0.0,8.0,240.62136554718018
0.24309603869915009,0.16436229646205902,7.9166035652160645,0.0,0.0,8.0,240.87153935432434
0.21506768465042114,0.14775577187538147,7.921636581420898,0.0,0.0,8.0,241.07304692268372
0.19011643528938293,0.12890948355197906,7.927286624908447,0.0,0.0,8.0,241.32109808921814
0.17237482964992523,0.11345984041690826,7.935818672180176,3.0,0.0,8.0,241.5211455821991
0.1709911972284317,0.09352850168943405,7.957278251647949,3.0,0.0,8.0,241.77235889434814
0.24749770760536194,0.07104624062776566,7.973607063293457,3.0,0.0,8.0,242.02132034301758
0.4355951249599457,0.06164650246500969,7.992369651794434,3.0,0.0,8.0,242.2713804244995
0.664699912071228,0.061698783189058304,8.014337539672852,3.0,0.0,8.0,242.4717001914978
1.0047507286071777,0.06643952429294586,8.036418914794922,3.0,0.0,8.0,242.72303104400635
1.2850310802459717,0.07598501443862915,8.046093940734863,3.0,0.0,8.0,242.92418146133423
1.573457956314087,0.07903369516134262,8.057828903198242,3.0,0.0,8.0,243.17123818397522
1.8069056272506714,0.07887902855873108,8.055633544921875,3.0,0.0,8.0,243.4241509437561
1.965423822402954,0.07239557802677155,8.04403305053711,3.0,0.0,8.0,243.67137789726257
2.0584373474121094,0.0660337284207344,8.035334587097168,3.0,0.0,8.0,243.87217831611633
2.145442247390747,0.05458519607782364,8.023702621459961,3.0,0.0,8.0,244.07452774047852
2.2548398971557617,0.03028028830885887,8.006853103637695,3.0,0.0,8.0,244.32124948501587
2.3425333499908447,0.003939498215913773,7.9858198165893555,3.0,0.0,8.0,244.5240228176117
2.435458183288574,-0.023976439610123634,7.9697041511535645,3.0,0.0,8.0,244.77233719825745
2.4976298809051514,-0.0328812301158905,7.961122512817383,3.0,0.0,8.0,244.97252559661865
2.5507588386535645,-0.030828414484858513,7.964075565338135,3.0,0.0,8.0,245.1739480495453
2.6119887828826904,-0.022622371092438698,7.991518020629883,3.0,0.0,8.0,245.42396879196167
2.6532742977142334,-0.02280130609869957,8.018567085266113,3.0,0.0,8.0,245.67246413230896
2.6831114292144775,-0.03066878393292427,8.0321683883667,3.0,0.0,8.0,245.8728003501892
2.7112443447113037,-0.04165961965918541,8.043001174926758,3.0,0.0,8.0,246.12198114395142
2.724339246749878,-0.05241944268345833,8.042078018188477,3.0,0.0,8.0,246.37234783172607
2.7331159114837646,-0.05445269122719765,8.039578437805176,3.0,0.0,8.0,246.6211655139923
2.7397351264953613,-0.049647942185401917,8.039018630981445,3.0,0.0,8.0,246.8241491317749
2.744758129119873,-0.03469546511769295,8.036127090454102,3.0,0.0,8.0,247.07178735733032
2.752723455429077,-0.020463664084672928,8.023171424865723,3.0,0.0,8.0,247.27180862426758
2.7601118087768555,-0.004929489456117153,7.985944747924805,0.0,0.0,8.0,247.5234658718109
2.7416605949401855,0.008384167216718197,7.931803226470947,0.0,0.0,8.0,247.77130556106567
2.6750268936157227,0.014853854663670063,7.908395290374756,0.0,0.0,8.0,247.9715142250061
2.543637752532959,0.015950137749314308,7.905801296234131,0.0,0.0,8.0,248.17210459709167
2.2952234745025635,0.016264861449599266,7.927628993988037,0.0,0.0,8.0,248.42429304122925
1.9935941696166992,0.03232234716415405,7.9749627113342285,0.0,0.0,8.0,248.67156386375427
1.6918619871139526,0.0833054855465889,8.035621643066406,0.0,0.0,8.0,248.92398977279663
1.4533233642578125,0.13832730054855347,8.067170143127441,0.0,0.0,8.0,249.17436003684998
1.2963629961013794,0.1775067001581192,8.066232681274414,0.0,0.0,8.0,249.42482018470764
1.211861491203308,0.18791496753692627,8.041879653930664,0.0,0.0,8.0,249.67311477661133
1.1365491151809692,0.18242093920707703,8.018998146057129,0.0,0.0,8.0,249.9243562221527
1.0285452604293823,0.1676497608423233,8.00235652923584,0.0,0.0,8.0,250.17173552513123
0.8933025598526001,0.1501036286354065,7.988476753234863,0.0,0.0,8.0,250.42428350448608
0.7574408650398254,0.13267815113067627,7.977075099945068,0.0,0.0,8.0,250.6720952987671
0.6322840452194214,0.11559786647558212,7.974991798400879,0.0,0.0,8.0,250.9244978427887
0.5188270211219788,0.09535633772611618,7.993380546569824,0.0,0.0,8.0,251.17170453071594
0.4140292704105377,0.07425261288881302,8.014937400817871,0.0,0.0,8.0,251.42470169067383
0.33847445249557495,0.050052136182785034,8.015188217163086,0.0,0.0,8.0,251.67199182510376
0.29514190554618835,0.023374879732728004,7.998266220092773,0.0,0.0,8.0,251.92438912391663
0.2569463849067688,0.003958826884627342,7.976367473602295,0.0,0.0,8.0,252.1720016002655
0.2175736129283905,-0.011655764654278755,7.9432268142700195,0.0,0.0,8.0,252.42483377456665
0.18782910704612732,-0.024078158661723137,7.920185565948486,0.0,0.0,8.0,252.67168307304382
0.17712558805942535,-0.034026242792606354,7.920907497406006,0.0,0.0,8.0,252.87188482284546
0.17091403901576996,-0.04378104582428932,7.962211608886719,0.0,0.0,8.0,253.12198162078857
0.15023942291736603,-0.05636865273118019,8.022387504577637,0.0,0.0,8.0,253.3718500137329
0.1368599832057953,-0.06197261065244675,8.067784309387207,3.0,0.0,8.0,253.62267231941223
0.15818986296653748,-0.05214495584368706,8.084136962890625,3.0,0.0,8.0,253.82337760925293
0.2696927487850189,-0.026840733364224434,8.069291114807129,3.0,0.0,8.0,254.0716700553894
0.4391807019710541,-0.008163689635694027,8.040201187133789,3.0,0.0,8.0,254.27246928215027
0.6624996066093445,0.00704408623278141,8.004396438598633,3.0,0.0,8.0,254.47353291511536
0.9835394024848938,0.02148718573153019,7.965192794799805,3.0,0.0,8.0,254.72189164161682
1.2455863952636719,0.04097345471382141,7.959056377410889,3.0,0.0,8.0,254.92551112174988
1.5212962627410889,0.05748258903622627,7.980260848999023,3.0,0.0,8.0,255.1718933582306
1.6804051399230957,0.06293260306119919,8.002415657043457,3.0,0.0,8.0,255.37196254730225
1.7957966327667236,0.06124826520681381,8.02336597442627,3.0,0.0,8.0,255.57230067253113
1.9024789333343506,0.04089789837598801,8.04351806640625,3.0,0.0,8.0,255.82204604148865
2.002579689025879,0.022516286000609398,8.036507606506348,3.0,0.0,8.0,256.0238025188446
2.1792874336242676,0.000815609993878752,7.999211311340332,3.0,0.0,8.0,256.27215027809143
2.3535590171813965,-0.019057096913456917,7.974400997161865,3.0,0.0,8.0,256.4730498790741
2.567310094833374,-0.04767702519893646,7.961947917938232,3.0,0.0,8.0,256.72188925743103
2.692523956298828,-0.07578621804714203,7.958446502685547,3.0,0.0,8.0,256.9220838546753
2.767341136932373,-0.09817062318325043,7.971643924713135,3.0,0.0,8.0,257.12322998046875
2.8088631629943848,-0.10421893000602722,7.989090442657471,3.0,0.0,8.0,257.3236417770386
2.8224191665649414,-0.09006978571414948,7.996369361877441,3.0,0.0,8.0,257.572381734848
2.816983699798584,-0.0651041567325592,7.9929094314575195,3.0,0.0,8.0,257.7746195793152
2.780984878540039,-0.0030268006958067417,8.051451683044434,3.0,0.0,8.0,258.073365688324
2.736154079437256,0.033118847757577896,8.082698822021484,3.0,0.0,8.0,258.321923494339
2.706221342086792,0.03777860477566719,8.094117164611816,3.0,0.0,8.0,258.5237681865692
2.697514057159424,0.008729230612516403,8.102653503417969,3.0,0.0,8.0,258.7719805240631
2.7086081504821777,-0.05116923153400421,8.097097396850586,3.0,0.0,8.0,259.0235936641693
2.7313268184661865,-0.1260838657617569,8.078446388244629,3.0,0.0,8.0,259.2726638317108
2.761281728744507,-0.17905956506729126,8.049385070800781,0.0,0.0,8.0,259.57538390159607
2.727755069732666,-0.14414550364017487,8.038897514343262,0.0,0.0,8.0,259.97461223602295
2.6005945205688477,-0.07955911010503769,8.035905838012695,0.0,0.0,8.0,260.3756482601166
1.9568932056427002,0.06569824367761612,8.100539207458496,0.0,0.0,8.0,260.8248059749603
1.655128836631775,0.10295272618532181,8.189898490905762,0.0,0.0,8.0,261.0259544849396
1.256286382675171,0.17713986337184906,8.337690353393555,0.0,0.0,8.0,261.31402468681335
0.8988884091377258,0.26185446977615356,8.3661470413208,0.0,0.0,8.0,261.5220537185669
0.6714637279510498,0.31237557530403137,8.268388748168945,0.0,0.0,8.0,261.7221472263336
0.503442645072937,0.32338160276412964,8.10279369354248,0.0,0.0,8.0,261.9223153591156
0.4297815263271332,0.2789086103439331,7.8644185066223145,0.0,0.0,8.0,262.17212653160095
0.4609999358654022,0.2113090306520462,7.690263271331787,0.0,0.0,8.0,262.37238001823425
0.4943620264530182,0.11825011670589447,7.595605850219727,0.0,0.0,8.0,262.6235132217407
0.46384570002555847,0.05578804761171341,7.630311489105225,0.0,0.0,8.0,262.872407913208
0.39002540707588196,0.041199732571840286,7.758562088012695,0.0,0.0,8.0,263.1222388744354
0.32475605607032776,0.039235591888427734,7.841726303100586,0.0,0.0,8.0,263.3223216533661
0.2629271149635315,0.02784019708633423,7.903548717498779,0.0,0.0,8.0,263.5722346305847
0.22972334921360016,0.00781476590782404,7.933804512023926,0.0,0.0,8.0,263.7723186016083
0.19768059253692627,-0.015440045855939388,7.940777778625488,0.0,0.0,8.0,264.02284026145935
0.17220716178417206,-0.020794188603758812,7.901425361633301,0.0,0.0,8.0,264.2736756801605
0.14274151623249054,-0.007398306857794523,7.857450008392334,0.0,0.0,8.0,264.52487230300903
0.11130855977535248,0.010373947210609913,7.816962718963623,0.0,0.0,8.0,264.7722978591919
0.08574825525283813,0.0202796570956707,7.792713165283203,0.0,0.0,8.0,264.9723057746887
0.06168685853481293,0.025066746398806572,7.783003807067871,0.0,0.0,8.0,265.17256689071655
0.03665151074528694,0.026314640417695045,7.803752899169922,0.0,0.0,8.0,265.42524766921997
0.028229258954524994,0.027623409405350685,7.836793422698975,3.0,3.0,8.0,265.6254391670227
0.04603687673807144,0.03561768680810928,7.885677814483643,3.0,3.0,8.0,265.87288761138916
0.11079535633325577,0.07137049734592438,7.931141376495361,3.0,3.0,8.0,266.12233328819275
0.2148316204547882,0.1491224467754364,7.96625280380249,3.0,3.0,8.0,266.3226742744446
0.40791934728622437,0.31699270009994507,8.009064674377441,3.0,3.0,8.0,266.57231855392456
0.6515930891036987,0.5686332583427429,8.010931968688965,3.0,3.0,8.0,266.822386264801
0.9494467973709106,0.9016269445419312,7.984073162078857,3.0,3.0,8.0,267.07241702079773
1.2871390581130981,1.268648386001587,7.950997352600098,3.0,3.0,8.0,267.32284688949585
1.5456205606460571,1.5504069328308105,7.936984062194824,3.0,3.0,8.0,267.5232267379761
1.753913402557373,1.7814522981643677,7.949969291687012,3.0,3.0,8.0,267.72328996658325
1.9535882472991943,1.9795429706573486,7.984964847564697,3.0,3.0,8.0,267.9725694656372
2.080592155456543,2.07319712638855,8.028799057006836,3.0,3.0,8.0,268.22400999069214
2.150564193725586,2.1012961864471436,8.057899475097656,3.0,3.0,8.0,268.42511892318726
2.2354767322540283,2.1309900283813477,8.078827857971191,3.0,3.0,8.0,268.6739432811737
2.33351731300354,2.193415403366089,8.083670616149902,3.0,3.0,8.0,268.92386960983276
2.4416584968566895,2.277355432510376,8.074501037597656,3.0,3.0,8.0,269.1729509830475
2.553011178970337,2.3525614738464355,8.047112464904785,3.0,3.0,8.0,269.42295503616333
2.638934373855591,2.4047882556915283,8.025551795959473,3.0,3.0,8.0,269.62483739852905
2.7314348220825195,2.4750049114227295,8.003030776977539,3.0,3.0,8.0,269.872834444046
2.783764362335205,2.5331883430480957,7.981052875518799,3.0,3.0,8.0,270.07294487953186
2.8263888359069824,2.592548370361328,7.9459757804870605,3.0,3.0,8.0,270.2735755443573
2.8684351444244385,2.6671252250671387,7.914534568786621,3.0,3.0,8.0,270.5231308937073
2.885127067565918,2.7466232776641846,7.912844657897949,3.0,3.0,8.0,270.8253619670868
2.8494865894317627,2.80134916305542,7.969003677368164,3.0,3.0,8.0,271.0730776786804
2.765058994293213,2.9511375427246094,8.113737106323242,0.0,0.0,8.0,271.6232702732086
2.757279872894287,3.007720708847046,8.142369270324707,0.0,0.0,8.0,271.82353949546814
2.7721259593963623,3.049511432647705,8.133975982666016,0.0,0.0,8.0,272.0728302001953
2.774540424346924,3.0257084369659424,8.095483779907227,0.0,0.0,8.0,272.2741620540619
2.738710641860962,2.928278923034668,8.053827285766602,0.0,0.0,8.0,272.4773187637329
2.6188390254974365,2.714141368865967,8.022989273071289,0.0,0.0,8.0,272.7230529785156
2.4548635482788086,2.4845428466796875,8.021581649780273,0.0,0.0,8.0,272.9252943992615
2.186572790145874,2.161149740219116,8.033530235290527,0.0,0.0,8.0,273.1729402542114
1.8705073595046997,1.810603380203247,8.053149223327637,0.0,0.0,8.0,273.42547631263733
1.5581746101379395,1.4815146923065186,8.065264701843262,0.0,0.0,8.0,273.6762547492981
1.2789548635482788,1.198044776916504,8.077085494995117,0.0,0.0,8.0,273.92537927627563
1.0636855363845825,0.9573453068733215,8.118585586547852,0.0,0.0,8.0,274.22565817832947
0.9643452763557434,0.839434802532196,8.152132034301758,0.0,0.0,8.0,274.4285295009613
0.8546210527420044,0.7181103825569153,8.143576622009277,0.0,0.0,8.0,274.67738103866577
0.7263914346694946,0.6466487646102905,8.098090171813965,0.0,0.0,8.0,274.9277675151825
0.6159911155700684,0.6254069209098816,8.0628662109375,0.0,0.0,8.0,275.1279938220978
0.4828561246395111,0.5940102934837341,8.046262741088867,0.0,0.0,8.0,275.3728938102722
0.3726990818977356,0.5464549660682678,8.069573402404785,0.0,0.0,8.0,275.62287950515747
0.29069656133651733,0.49676233530044556,8.082300186157227,0.0,0.0,8.0,275.82495737075806
0.20194567739963531,0.4497452676296234,8.076904296875,0.0,0.0,8.0,276.0273678302765
0.10215487331151962,0.3850507438182831,8.044835090637207,0.0,0.0,8.0,276.2729151248932
0.057886913418769836,0.31461435556411743,7.99876594543457,0.0,0.0,8.0,276.4739181995392
0.05016876384615898,0.2190144956111908,7.961406707763672,0.0,0.0,8.0,276.7229251861572
0.06988458335399628,0.15464207530021667,7.97039270401001,0.0,0.0,8.0,276.92550325393677
0.0958554744720459,0.09873038530349731,7.984703063964844,0.0,0.0,8.0,277.17307472229004
0.11196666955947876,0.05270116776227951,7.995953559875488,0.0,0.0,8.0,277.42561769485474
0.11698907613754272,0.0178499985486269,7.998396873474121,3.0,3.0,8.0,277.6729416847229
0.11662372946739197,0.005686281248927116,7.9911603927612305,3.0,3.0,8.0,277.8749656677246
0.13039237260818481,0.028465023264288902,7.985086441040039,3.0,3.0,8.0,278.123327255249
0.20129412412643433,0.12527835369110107,7.9818902015686035,3.0,3.0,8.0,278.3728928565979
0.30670681595802307,0.2551156282424927,7.9864983558654785,3.0,3.0,8.0,278.57760787010193
0.49795350432395935,0.47853603959083557,8.008790016174316,3.0,3.0,8.0,278.8231210708618
0.7123914957046509,0.7121768593788147,8.032374382019043,3.0,3.0,8.0,279.02357268333435
1.0516695976257324,1.0589067935943604,8.074889183044434,3.0,3.0,8.0,279.27298879623413
1.3577651977539062,1.3512330055236816,8.090921401977539,3.0,3.0,8.0,279.47463274002075
1.7295092344284058,1.6797586679458618,8.085262298583984,3.0,3.0,8.0,279.72335481643677
2.0528228282928467,1.9500412940979004,8.029647827148438,3.0,3.0,8.0,280.013112783432
2.313525915145874,2.176781177520752,7.963882923126221,3.0,3.0,8.0,280.22319531440735
2.5529794692993164,2.395430088043213,7.8975067138671875,3.0,3.0,8.0,280.5231590270996
2.7402913570404053,2.6058881282806396,7.838287353515625,3.0,3.0,8.0,280.9281828403473
2.7778947353363037,2.689331531524658,7.866370677947998,3.0,3.0,8.0,281.223021030426
2.789336681365967,2.7297520637512207,7.931580066680908,3.0,3.0,8.0,281.62335324287415
2.7712228298187256,2.925558567047119,8.09600830078125,3.0,3.0,8.0,282.173113822937
2.7620952129364014,3.0419600009918213,8.097552299499512,3.0,3.0,8.0,282.523193359375
2.7542531490325928,3.1123530864715576,8.055169105529785,3.0,3.0,8.0,282.82332158088684
2.763368844985962,3.1040830612182617,7.951706886291504,3.0,3.0,8.0,283.07355213165283
2.774432420730591,3.0786285400390625,7.878503322601318,3.0,3.0,8.0,283.3077709674835
2.843672275543213,3.0473947525024414,7.764928340911865,0.0,0.0,8.0,283.6726224422455
2.968010425567627,3.011216402053833,7.738084316253662,0.0,0.0,8.0,283.9274482727051
2.989997386932373,2.944434881210327,7.802809715270996,0.0,0.0,8.0,284.17525458335876
2.809398651123047,2.7857277393341064,8.13251781463623,0.0,0.0,8.0,284.6455101966858
2.507537841796875,2.5967206954956055,8.373092651367188,0.0,0.0,8.0,284.8736717700958
2.266296863555908,2.419530153274536,8.492422103881836,0.0,0.0,8.0,285.0739862918854
1.9310427904129028,2.130507230758667,8.569622993469238,0.0,0.0,8.0,285.3236196041107
1.6004972457885742,1.7915781736373901,8.554275512695312,0.0,0.0,8.0,285.57338857650757
1.4756009578704834,1.6553163528442383,8.506712913513184,0.0,0.0,8.0,285.77379536628723
0.8470268249511719,0.98085618019104,8.099075317382812,0.0,0.0,8.0,286.2738313674927
-0.30717265605926514,-0.30839934945106506,7.369179725646973,0.0,0.0,8.0,287.67340564727783
-0.44403180480003357,-0.4904296100139618,7.394018173217773,0.0,0.0,8.0,287.8741726875305
-0.5907201170921326,-0.6676007509231567,7.4279937744140625,0.0,0.0,8.0,288.1236038208008
-0.6556522846221924,-0.7374846339225769,7.4525146484375,0.0,0.0,8.0,288.32429122924805
-0.6566341519355774,-0.721693217754364,7.492705821990967,0.0,0.0,8.0,288.5751008987427
-0.5868371725082397,-0.6224363446235657,7.544078350067139,0.0,0.0,8.0,288.82377767562866
-0.511335015296936,-0.5262970924377441,7.578047752380371,0.0,0.0,8.0,289.0237669944763
-0.44627630710601807,-0.4475911855697632,7.593445777893066,0.0,0.0,8.0,289.22590231895447
-0.39132049679756165,-0.39629432559013367,7.608948707580566,0.0,0.0,8.0,289.4261796474457
-0.3444473147392273,-0.376706063747406,7.634641170501709,0.0,0.0,8.0,289.62669801712036
-0.29137083888053894,-0.3681875169277191,7.688800811767578,3.0,3.0,11.0,289.87543082237244
-0.22377988696098328,-0.32755306363105774,7.78151798248291,3.0,3.0,11.0,290.12536334991455
-0.1002672091126442,-0.20751678943634033,7.929207801818848,3.0,3.0,11.0,290.3734941482544
0.07498148828744888,-0.03822789341211319,8.096747398376465,3.0,3.0,11.0,290.57464623451233
0.35917750000953674,0.24934077262878418,8.36400318145752,3.0,3.0,11.0,290.8241665363312
0.7079872488975525,0.5753446221351624,8.674674034118652,3.0,3.0,11.0,291.07372546195984
1.0191495418548584,0.8539959192276001,8.973468780517578,3.0,3.0,11.0,291.2737383842468
1.3320140838623047,1.1199501752853394,9.30321216583252,3.0,3.0,11.0,291.47424483299255
1.6948031187057495,1.4312593936920166,9.697153091430664,3.0,3.0,11.0,291.7236123085022
1.9563267230987549,1.6612250804901123,9.975988388061523,3.0,3.0,11.0,291.92639565467834
2.218940258026123,1.9126657247543335,10.22334098815918,3.0,3.0,11.0,292.1740086078644
2.365896463394165,2.0838205814361572,10.364877700805664,3.0,3.0,11.0,292.37518525123596
2.4815456867218018,2.2585511207580566,10.483855247497559,3.0,3.0,11.0,292.6241569519043
2.5307247638702393,2.375774383544922,10.580587387084961,3.0,3.0,11.0,292.8266956806183
2.5673012733459473,2.4920237064361572,10.739632606506348,3.0,3.0,11.0,293.0278174877167
2.605893850326538,2.612372875213623,10.951199531555176,3.0,3.0,11.0,293.3754405975342
2.672816753387451,2.791971206665039,11.247471809387207,3.0,3.0,11.0,293.57805943489075
2.7118771076202393,2.861232042312622,11.330751419067383,3.0,3.0,11.0,293.82614302635193
2.7266452312469482,2.890273332595825,11.303356170654297,3.0,3.0,11.0,294.07412934303284
2.7156355381011963,2.8917434215545654,11.216348648071289,3.0,3.0,11.0,294.27631068229675
2.678969144821167,2.8702635765075684,11.04709243774414,3.0,3.0,11.0,294.52374148368835
2.6318302154541016,2.839374542236328,10.847750663757324,3.0,3.0,11.0,294.7751877307892
2.5887656211853027,2.8170247077941895,10.68645191192627,3.0,3.0,11.0,295.0238256454468
2.5752112865448,2.821733236312866,10.649145126342773,3.0,3.0,11.0,295.2739214897156
2.5863277912139893,2.8393607139587402,10.711043357849121,3.0,3.0,11.0,295.47559928894043
2.616556406021118,2.842656135559082,10.827101707458496,3.0,3.0,11.0,295.72401571273804
2.646059036254883,2.8205654621124268,10.917122840881348,0.0,0.0,8.0,295.9265992641449
2.671541452407837,2.7578208446502686,10.982656478881836,0.0,0.0,8.0,296.1740233898163
2.658076763153076,2.6709492206573486,10.968704223632812,0.0,0.0,8.0,296.375696182251
2.588644027709961,2.5113654136657715,10.857370376586914,0.0,0.0,8.0,296.62392258644104
2.4669907093048096,2.312952756881714,10.633794784545898,0.0,0.0,8.0,296.8739769458771
2.3309683799743652,2.1330406665802,10.370590209960938,0.0,0.0,8.0,297.07470440864563
2.0011184215545654,1.764033555984497,9.753440856933594,0.0,0.0,8.0,297.42706871032715
1.7514920234680176,1.4986056089401245,9.30012321472168,0.0,0.0,8.0,297.67405557632446
1.549811840057373,1.2938097715377808,8.953362464904785,0.0,0.0,8.0,297.8744134902954
1.3603214025497437,1.125248908996582,8.639307975769043,0.0,0.0,8.0,298.0756118297577
1.1609586477279663,0.9875298738479614,8.301594734191895,0.0,0.0,8.0,298.32418179512024
1.04008150100708,0.9155197143554688,8.10832405090332,0.0,0.0,8.0,298.52487564086914
0.9249981641769409,0.8278123736381531,7.988940715789795,0.0,0.0,8.0,298.7745461463928
0.8361849188804626,0.7361876964569092,7.991582870483398,0.0,0.0,8.0,298.9755675792694
0.7216331958770752,0.6017277836799622,8.09083366394043,0.0,0.0,8.0,299.2241139411926
0.6362364888191223,0.5029423236846924,8.208701133728027,0.0,0.0,8.0,299.42673563957214
0.5415340662002563,0.4069635570049286,8.335235595703125,0.0,0.0,8.0,299.67429184913635
0.47941461205482483,0.35293418169021606,8.388555526733398,0.0,0.0,8.0,299.8744812011719
0.4274379312992096,0.31282132863998413,8.380244255065918,0.0,0.0,8.0,300.07664155960083
0.37401315569877625,0.2764795124530792,8.293580055236816,0.0,0.0,8.0,300.3238046169281
0.3409147560596466,0.25073108077049255,8.17119026184082,0.0,0.0,8.0,300.5240340232849
0.30807334184646606,0.22432494163513184,8.022176742553711,0.0,0.0,8.0,300.724280834198
0.270550012588501,0.20283450186252594,7.878211498260498,0.0,0.0,8.0,300.92705154418945
0.23727233707904816,0.18763647973537445,7.733166694641113,0.0,0.0,8.0,301.17458629608154
0.21143876016139984,0.17889314889907837,7.639162063598633,0.0,0.0,8.0,301.4266881942749
0.18390339612960815,0.17440670728683472,7.673696517944336,0.0,0.0,8.0,301.67470383644104
0.1607379913330078,0.17497731745243073,7.767928600311279,3.0,3.0,11.0,301.87518095970154
0.13549624383449554,0.18540887534618378,7.906883239746094,3.0,3.0,11.0,302.12409353256226
0.13270056247711182,0.21068154275417328,8.030235290527344,3.0,3.0,11.0,302.3242039680481
0.1794714331626892,0.2789527475833893,8.181441307067871,3.0,3.0,11.0,302.5246648788452
0.31481727957725525,0.4457830488681793,8.4014892578125,3.0,3.0,11.0,302.77453207969666
0.5316969752311707,0.697226881980896,8.661030769348145,3.0,3.0,11.0,303.0259358882904
0.7964164614677429,1.0107297897338867,8.969507217407227,3.0,3.0,11.0,303.276563167572
1.089081048965454,1.3497107028961182,9.33773136138916,3.0,3.0,11.0,303.52425813674927
1.3184635639190674,1.5982526540756226,9.647561073303223,3.0,3.0,11.0,303.72502183914185
1.5241320133209229,1.8045412302017212,9.94805908203125,3.0,3.0,11.0,303.9273645877838
1.7555885314941406,2.0019350051879883,10.265472412109375,3.0,3.0,11.0,304.1745204925537
1.9492183923721313,2.140263795852661,10.506638526916504,3.0,3.0,11.0,304.42677187919617
2.0710487365722656,2.218336343765259,10.634017944335938,3.0,3.0,11.0,304.67464447021484
2.1361379623413086,2.263395071029663,10.67094898223877,3.0,3.0,11.0,304.87491512298584
2.2108311653137207,2.3186545372009277,10.659139633178711,3.0,3.0,11.0,305.12453389167786
2.281703472137451,2.3648719787597656,10.629881858825684,3.0,3.0,11.0,305.3248028755188
2.3800079822540283,2.420609712600708,10.61088752746582,3.0,3.0,11.0,305.57439494132996
2.486591339111328,2.4811184406280518,10.633942604064941,3.0,3.0,11.0,305.8243622779846
2.5709874629974365,2.546757698059082,10.695926666259766,3.0,3.0,11.0,306.02517080307007
2.6437807083129883,2.621738910675049,10.78041934967041,3.0,3.0,11.0,306.22688150405884
2.7086780071258545,2.689901828765869,10.868252754211426,3.0,3.0,11.0,306.4270532131195
2.7717225551605225,2.7464165687561035,10.945564270019531,3.0,3.0,11.0,306.6756398677826
2.807999610900879,2.7646307945251465,10.986653327941895,3.0,3.0,11.0,306.87634539604187
2.8400096893310547,2.764857769012451,11.012776374816895,3.0,3.0,11.0,307.12453866004944
2.8631937503814697,2.7583789825439453,11.008132934570312,3.0,3.0,11.0,307.3269200325012
2.8954148292541504,2.7571768760681152,10.982881546020508,3.0,3.0,11.0,307.57451701164246
2.921456813812256,2.759908437728882,10.954585075378418,3.0,3.0,11.0,307.7746260166168
2.949676752090454,2.7488410472869873,10.936724662780762,3.0,3.0,10.0,308.0746943950653
2.953387975692749,2.726921558380127,10.92715835571289,3.0,3.0,10.0,308.2756941318512
2.9480056762695312,2.7039198875427246,10.877262115478516,3.0,3.0,10.0,308.5247733592987
2.935032367706299,2.7049472332000732,10.792610168457031,3.0,3.0,10.0,308.72541069984436
2.9177658557891846,2.7281858921051025,10.657902717590332,3.0,3.0,10.0,308.92794370651245
2.8576347827911377,2.8620824813842773,10.177451133728027,3.0,3.0,10.0,309.52479338645935
2.860429286956787,2.9292759895324707,10.008160591125488,3.0,3.0,10.0,309.8752405643463
2.8820948600769043,2.9645254611968994,9.97623348236084,3.0,3.0,10.0,310.1248438358307
2.9033079147338867,2.9932827949523926,10.002002716064453,3.0,3.0,10.0,310.3249397277832
2.916158676147461,3.0247223377227783,10.041311264038086,3.0,3.0,10.0,310.5250494480133
2.925846815109253,3.0711326599121094,10.101676940917969,3.0,3.0,10.0,310.77436876296997
2.935861110687256,3.1131768226623535,10.128747940063477,3.0,3.0,10.0,310.97626638412476
2.9477789402008057,3.171865224838257,10.12484359741211,3.0,3.0,10.0,311.2250761985779
2.955475091934204,3.202684164047241,10.085686683654785,3.0,3.0,10.0,311.425240278244
2.961261034011841,3.2168681621551514,10.032451629638672,3.0,3.0,10.0,311.6755301952362
2.972208261489868,3.2103285789489746,9.979402542114258,3.0,3.0,10.0,311.9746415615082
2.9913735389709473,3.198930025100708,9.96728801727295,3.0,3.0,10.0,312.22495126724243
3.002131700515747,3.1790754795074463,9.99411392211914,3.0,3.0,10.0,312.42502093315125
2.985970973968506,3.1290714740753174,10.042572975158691,3.0,3.0,10.0,312.6749632358551
2.9545462131500244,3.0737199783325195,10.084027290344238,3.0,3.0,10.0,312.87503814697266
2.927082061767578,3.0245256423950195,10.109701156616211,3.0,3.0,10.0,313.0752296447754
2.9156312942504883,2.9924936294555664,10.104514122009277,3.0,3.0,10.0,313.3246760368347
2.9200117588043213,2.9815635681152344,10.077523231506348,3.0,3.0,10.0,313.5248191356659
2.9260787963867188,2.9621493816375732,10.037317276000977,3.0,3.0,10.0,313.7748281955719
2.9338433742523193,2.942091703414917,10.010354995727539,3.0,3.0,9.0,314.02746510505676
2.9436709880828857,2.9333810806274414,10.005294799804688,3.0,3.0,9.0,314.22758769989014
2.9556591510772705,2.930633306503296,9.966328620910645,3.0,3.0,9.0,314.52508330345154
2.9630286693573,2.941915988922119,9.876426696777344,3.0,3.0,9.0,314.77523374557495
2.974801540374756,2.963956356048584,9.724678993225098,3.0,3.0,9.0,315.02479815483093
2.9778389930725098,2.9845376014709473,9.573284149169922,3.0,3.0,9.0,315.22490882873535
2.9723997116088867,2.9981682300567627,9.397285461425781,3.0,3.0,9.0,315.42603731155396
2.954627275466919,2.9992873668670654,9.202301025390625,3.0,3.0,9.0,315.6760606765747
2.972867965698242,2.9994730949401855,9.080924987792969,3.0,3.0,9.0,315.92534828186035
3.0028398036956787,2.9839303493499756,9.068225860595703,3.0,3.0,9.0,316.17493724823
3.021355152130127,2.9531736373901367,9.123488426208496,3.0,3.0,9.0,316.375075340271
3.0195343494415283,2.9057319164276123,9.209914207458496,3.0,3.0,9.0,316.6253750324249
3.0163376331329346,2.871701717376709,9.269428253173828,3.0,3.0,9.0,316.87523794174194
3.030221939086914,2.8598339557647705,9.272239685058594,3.0,3.0,9.0,317.07792830467224
3.0795602798461914,2.864487648010254,9.232213020324707,3.0,3.0,9.0,317.32509660720825
3.137716054916382,2.8827106952667236,9.14700698852539,3.0,3.0,9.0,317.65482878685
3.1742236614227295,2.90423583984375,9.066256523132324,3.0,3.0,9.0,317.87513732910156
3.2007808685302734,2.9350290298461914,9.014763832092285,3.0,3.0,9.0,318.0756597518921
3.2109251022338867,2.97847056388855,8.971494674682617,3.0,3.0,9.0,318.32501220703125
3.2062199115753174,3.0132105350494385,8.966656684875488,3.0,3.0,9.0,318.5268511772156
3.19350266456604,3.047107458114624,8.992565155029297,3.0,3.0,9.0,318.775860786438
3.1828508377075195,3.059311628341675,9.019266128540039,3.0,3.0,9.0,318.9761025905609
3.14090633392334,3.0393543243408203,9.047067642211914,3.0,3.0,9.0,319.32497906684875
3.0901129245758057,2.9877443313598633,9.041264533996582,3.0,3.0,9.0,319.6250247955322
3.051844358444214,2.9433953762054443,9.028993606567383,3.0,3.0,9.0,319.8290169239044
2.954695701599121,2.8773906230926514,8.934063911437988,3.0,3.0,8.0,320.5752558708191
2.927187442779541,2.9497344493865967,8.747191429138184,3.0,3.0,8.0,320.9255108833313
2.948307991027832,3.060823917388916,8.483943939208984,3.0,3.0,8.0,321.27578020095825
2.9743173122406006,3.153679609298706,8.327879905700684,3.0,3.0,8.0,321.5251433849335
2.933598041534424,3.2865798473358154,8.22550106048584,3.0,3.0,8.0,322.2757201194763
2.928133010864258,3.2591660022735596,8.228715896606445,3.0,3.0,8.0,322.4758241176605
2.925142526626587,3.206851005554199,8.213763236999512,3.0,3.0,8.0,322.67617440223694
2.930112838745117,3.1141655445098877,8.175777435302734,3.0,3.0,8.0,322.9253799915314
2.9148154258728027,3.0085723400115967,8.17416000366211,3.0,3.0,8.0,323.42480635643005
2.860729694366455,2.9223296642303467,8.133026123046875,3.0,3.0,8.0,323.72504210472107
2.8561291694641113,2.872095823287964,8.063324928283691,3.0,3.0,8.0,324.0250906944275
2.882291078567505,2.842912197113037,7.979429244995117,3.0,3.0,8.0,324.3253221511841
2.9410738945007324,2.8478035926818848,7.899288654327393,3.0,3.0,8.0,324.6758003234863
2.9933197498321533,2.87715744972229,7.851278781890869,3.0,3.0,8.0,324.97718334198
3.020634889602661,2.9161949157714844,7.809961318969727,3.0,3.0,8.0,325.2252867221832
3.0201878547668457,2.947672128677368,7.79904842376709,3.0,3.0,8.0,325.425678730011
2.991455316543579,2.975217819213867,7.8325347900390625,3.0,3.0,8.0,325.67550683021545
2.9584174156188965,2.986314296722412,7.892121315002441,3.0,3.0,7.0,326.0755376815796
2.8430707454681396,2.9890615940093994,8.038631439208984,3.0,3.0,7.0,326.27644896507263
2.8109750747680664,2.9548635482788086,8.05696964263916,3.0,3.0,7.0,326.52547311782837
2.797426700592041,2.9270596504211426,8.022377014160156,3.0,3.0,7.0,326.7256181240082
2.7967610359191895,2.9119856357574463,7.936116695404053,3.0,3.0,7.0,326.9257769584656
2.805053949356079,2.9140238761901855,7.7509284019470215,3.0,3.0,7.0,327.17529797554016
2.8264174461364746,2.990800380706787,7.385669231414795,3.0,3.0,7.0,327.57548236846924
2.864596128463745,3.1203572750091553,7.124072551727295,3.0,3.0,7.0,327.9256844520569
2.924041986465454,3.2000668048858643,7.024105548858643,3.0,3.0,7.0,328.17632031440735
3.0204226970672607,3.2206432819366455,6.970538139343262,3.0,3.0,7.0,328.5754451751709
3.0671775341033936,3.1546013355255127,7.029360771179199,3.0,3.0,7.0,328.8255066871643
3.09535551071167,3.0780367851257324,7.114374160766602,3.0,3.0,7.0,329.0314829349518
3.127197504043579,2.985506534576416,7.213594913482666,3.0,3.0,7.0,329.2759897708893
3.1575465202331543,2.927269458770752,7.261334419250488,3.0,3.0,7.0,329.4762918949127
3.2464258670806885,2.865520477294922,7.198237419128418,3.0,3.0,7.0,329.9258940219879
3.372758626937866,2.9776055812835693,6.86150598526001,3.0,3.0,7.0,330.806672334671
3.3438501358032227,3.0948331356048584,6.775162220001221,3.0,3.0,7.0,331.12581753730774
3.1382343769073486,3.137831687927246,6.762387752532959,3.0,3.0,10.0,332.0008099079132
2.9908804893493652,3.0670230388641357,6.739870548248291,3.0,3.0,10.0,332.2357530593872
2.8638620376586914,3.009467124938965,6.7746405601501465,3.0,3.0,10.0,332.4791564941406
2.765789270401001,2.9794371128082275,7.110538482666016,3.0,3.0,10.0,332.9262776374817
2.7625300884246826,2.998544692993164,7.420457363128662,3.0,3.0,10.0,333.17664313316345
2.6286654472351074,3.0409297943115234,8.436549186706543,3.0,3.0,10.0,333.7755358219147
2.597846269607544,3.0456326007843018,8.8169584274292,3.0,3.0,10.0,333.9757513999939
2.6095213890075684,3.0192372798919678,9.256489753723145,3.0,3.0,10.0,334.2285921573639
2.66178297996521,2.9727895259857178,9.603946685791016,3.0,3.0,10.0,334.47838401794434
2.732344627380371,2.9289212226867676,9.89281177520752,3.0,3.0,10.0,334.7257549762726
2.7916500568389893,2.905565023422241,10.102208137512207,3.0,3.0,10.0,334.9261956214905
2.8505871295928955,2.9023141860961914,10.336545944213867,3.0,3.0,10.0,335.1758828163147
2.9038329124450684,2.9437007904052734,10.54280948638916,3.0,3.0,10.0,335.426043510437
2.971388816833496,3.016965389251709,10.717374801635742,3.0,3.0,10.0,335.67681908607483
3.045426368713379,3.0871200561523438,10.826889038085938,3.0,3.0,10.0,335.92615151405334
3.0960566997528076,3.121349811553955,10.80964469909668,3.0,3.0,10.0,336.1758716106415
3.1243162155151367,3.128162384033203,10.71186351776123,3.0,3.0,10.0,336.3762118816376
3.1328208446502686,3.1132097244262695,10.55520248413086,3.0,3.0,10.0,336.57767033576965
3.0870513916015625,2.948458671569824,10.018601417541504,3.0,3.0,10.0,337.2259020805359
3.075305938720703,2.92938494682312,9.90268325805664,3.0,3.0,10.0,337.7759864330292
3.0676727294921875,2.937218189239502,9.914067268371582,3.0,3.0,10.0,338.003732919693
3.0314178466796875,2.996394157409668,10.002067565917969,3.0,3.0,9.0,338.22586488723755
2.9857187271118164,3.0744190216064453,10.060537338256836,3.0,3.0,9.0,338.42640256881714
2.910870313644409,3.169264316558838,10.069863319396973,3.0,3.0,9.0,338.67593216896057
2.850796937942505,3.2103090286254883,10.02178955078125,3.0,3.0,9.0,338.87638211250305
2.7983272075653076,3.17140531539917,9.796588897705078,3.0,3.0,9.0,339.28267645835876
2.8384053707122803,3.023916482925415,9.412991523742676,3.0,3.0,9.0,339.52611541748047
2.9022552967071533,2.9454522132873535,9.18289852142334,3.0,3.0,9.0,339.72627305984497
2.981792688369751,2.8751893043518066,8.9348783493042,3.0,3.0,9.0,339.9762272834778
3.0028882026672363,2.8477442264556885,8.796177864074707,3.0,3.0,9.0,340.2260727882385
2.9590396881103516,2.9243218898773193,8.844588279724121,3.0,3.0,9.0,340.52632308006287
2.887958288192749,3.1275506019592285,9.075401306152344,3.0,3.0,9.0,341.0246071815491
2.877197742462158,3.2742648124694824,9.301015853881836,3.0,3.0,9.0,341.47681188583374
2.916254997253418,3.2526843547821045,9.29877758026123,3.0,3.0,9.0,341.77586674690247
2.9551239013671875,3.208434581756592,9.240376472473145,3.0,3.0,9.0,341.9763979911804
3.0577855110168457,3.124666690826416,9.099178314208984,3.0,3.0,9.0,342.4077208042145
3.2074592113494873,3.033294200897217,8.904417037963867,3.0,3.0,9.0,342.63561511039734
3.2511043548583984,3.0033793449401855,8.804415702819824,3.0,3.0,9.0,342.92622780799866
3.213751792907715,3.001344680786133,8.784345626831055,3.0,3.0,9.0,343.1302058696747
3.0599517822265625,2.967349052429199,8.970306396484375,3.0,3.0,9.0,343.67653727531433
3.031839609146118,2.946199655532837,9.06755542755127,3.0,3.0,9.0,343.9200692176819
2.973341941833496,2.9209177494049072,9.231633186340332,3.0,3.0,8.0,344.1300528049469
2.921720027923584,2.937957763671875,9.280465126037598,3.0,3.0,8.0,344.3779344558716
2.8841450214385986,2.961027145385742,9.221891403198242,3.0,3.0,8.0,344.6266725063324
2.871971368789673,2.966933488845825,9.064615249633789,3.0,3.0,8.0,344.87620544433594
2.873016357421875,2.950650930404663,8.884947776794434,3.0,3.0,8.0,345.0764226913452
2.8816301822662354,2.929480791091919,8.673687934875488,3.0,3.0,8.0,345.27865409851074
2.894601345062256,2.915778160095215,8.406083106994629,3.0,3.0,8.0,345.5262699127197
2.9174671173095703,2.92165470123291,8.199627876281738,3.0,3.0,8.0,345.7763440608978
2.9350838661193848,2.9219772815704346,8.095222473144531,3.0,3.0,8.0,345.97640466690063
2.9608685970306396,2.9177136421203613,8.060332298278809,3.0,3.0,8.0,346.2263550758362
2.9923388957977295,2.9185664653778076,8.100395202636719,3.0,3.0,8.0,346.4276030063629
3.0350944995880127,2.9279050827026367,8.200220108032227,3.0,3.0,8.0,346.67659735679626
3.064486265182495,2.9294817447662354,8.284255981445312,3.0,3.0,8.0,346.8767490386963
3.087418556213379,2.9214489459991455,8.336546897888184,3.0,3.0,8.0,347.1263406276703
3.0925397872924805,2.9069736003875732,8.31890869140625,3.0,3.0,8.0,347.32635951042175
3.0910823345184326,2.892308235168457,8.252344131469727,3.0,3.0,8.0,347.5265038013458
3.0845704078674316,2.886181116104126,8.160337448120117,3.0,3.0,8.0,347.72659730911255
3.081342935562134,2.8855080604553223,8.060511589050293,3.0,3.0,8.0,347.92677545547485
3.0774598121643066,2.885047197341919,7.962845325469971,3.0,3.0,8.0,348.1336581707001
3.080271005630493,2.8983559608459473,7.862588405609131,3.0,3.0,8.0,348.37650632858276
3.0841498374938965,2.9215898513793945,7.828890323638916,3.0,3.0,8.0,348.578635931015
3.0863046646118164,2.9574971199035645,7.847433090209961,3.0,3.0,8.0,348.8268871307373
3.0799365043640137,2.981750249862671,7.9047746658325195,3.0,3.0,8.0,349.03271198272705
3.058624267578125,3.0026798248291016,8.00659465789795,3.0,3.0,8.0,349.2766568660736
3.0476760864257812,3.011775493621826,8.082399368286133,3.0,3.0,8.0,349.476952791214
3.0410022735595703,3.00813364982605,8.137710571289062,3.0,3.0,8.0,349.72660636901855
3.0606095790863037,2.9606359004974365,8.141313552856445,3.0,3.0,8.0,350.0266182422638
3.0862157344818115,2.8914175033569336,8.100255966186523,3.0,3.0,7.0,350.2766754627228
3.104506254196167,2.833296298980713,8.028715133666992,3.0,3.0,7.0,350.67558431625366
3.0783486366271973,2.8172566890716553,7.778820514678955,3.0,3.0,7.0,350.9771864414215
3.0433032512664795,3.113048553466797,7.142019748687744,3.0,3.0,7.0,351.97643542289734
3.06357741355896,3.2084171772003174,7.028560161590576,3.0,3.0,7.0,352.18247079849243
3.0557994842529297,3.2790122032165527,6.926710605621338,3.0,3.0,7.0,352.42704820632935
2.975621223449707,3.2426562309265137,6.9829301834106445,3.0,3.0,7.0,352.827353477478
2.9329190254211426,3.1028385162353516,7.149714946746826,3.0,3.0,7.0,353.17921590805054
2.9381701946258545,2.9622650146484375,7.241296768188477,3.0,3.0,7.0,353.4321038722992
2.963960647583008,2.8231616020202637,7.321807861328125,3.0,3.0,7.0,353.6770009994507
2.9947047233581543,2.7286574840545654,7.314681053161621,3.0,3.0,7.0,353.92693758010864
2.994412899017334,2.71480393409729,7.214558124542236,3.0,3.0,7.0,354.1767382621765
2.9723448753356934,2.768918752670288,7.105694770812988,3.0,3.0,7.0,354.3806574344635
2.936913251876831,2.862914562225342,7.011841773986816,3.0,3.0,7.0,354.62665700912476
2.9157702922821045,2.921788215637207,6.992783546447754,3.0,3.0,7.0,354.82683515548706
2.8977670669555664,2.957625389099121,6.996790885925293,3.0,3.0,7.0,355.02737760543823
2.8681023120880127,2.9994657039642334,7.0322980880737305,3.0,3.0,7.0,355.2771351337433
2.8438894748687744,3.045598268508911,7.081295967102051,3.0,3.0,7.0,355.526935338974
2.822246789932251,3.078988790512085,7.097385883331299,3.0,3.0,7.0,355.77855587005615
2.829646587371826,3.092207431793213,7.096325874328613,3.0,3.0,7.0,356.0270664691925
2.8573336601257324,3.0881688594818115,7.072878837585449,0.0,0.0,8.0,356.2274796962738
2.891533613204956,3.067380428314209,7.021084308624268,0.0,0.0,8.0,356.43126130104065
2.8752167224884033,3.0009210109710693,6.899117946624756,0.0,0.0,8.0,356.87773728370667
2.044426441192627,2.2736074924468994,7.3829169273376465,0.0,0.0,8.0,357.7269341945648
1.7933011054992676,1.9610083103179932,7.627743721008301,0.0,0.0,8.0,357.929874420166
1.4881314039230347,1.577577829360962,7.944912433624268,0.0,0.0,8.0,358.1796205043793
1.1831109523773193,1.2396754026412964,8.19801139831543,0.0,0.0,8.0,358.4320342540741
0.921829342842102,0.9426268339157104,8.356947898864746,0.0,0.0,8.0,358.67688512802124
0.7306748032569885,0.7106699347496033,8.39744758605957,0.0,0.0,8.0,358.87911438941956
0.5068390369415283,0.4330901801586151,8.349037170410156,0.0,0.0,8.0,359.1270136833191
0.3522226810455322,0.23855847120285034,8.264378547668457,0.0,0.0,8.0,359.32718873023987
0.24342885613441467,0.07858944684267044,8.144142150878906,0.0,0.0,8.0,359.52740454673767
0.1847681850194931,-0.047752562910318375,8.0004243850708,0.0,0.0,8.0,359.77692556381226
0.16765518486499786,-0.09886450320482254,7.896322727203369,0.0,0.0,8.0,360.12706565856934
0.14630600810050964,-0.0894131138920784,7.8842010498046875,0.0,0.0,8.0,360.32727122306824
0.10347159951925278,-0.061953868716955185,7.848910808563232,0.0,0.0,8.0,360.527396440506
0.04770321026444435,-0.016549713909626007,7.813223361968994,0.0,0.0,8.0,360.7276494503021
0.004720567259937525,0.03609248250722885,7.798229217529297,0.0,0.0,8.0,360.9304792881012
-0.020226510241627693,0.08459509909152985,7.831515789031982,0.0,0.0,8.0,361.177761554718
-0.029302112758159637,0.10717692226171494,7.907476902008057,0.0,0.0,8.0,361.43014883995056
-0.04222731292247772,0.11010105907917023,8.015921592712402,0.0,0.0,8.0,361.8275604248047
-0.05846100673079491,0.12317681312561035,8.065526962280273,3.0,0.0,8.0,362.2271010875702
0.14393073320388794,0.11233187466859818,8.15106201171875,3.0,0.0,8.0,362.9299111366272
0.6577498912811279,0.02601785957813263,8.234223365783691,3.0,0.0,8.0,363.37661838531494
1.2512662410736084,-0.0408613383769989,8.237119674682617,3.0,0.0,8.0,363.6782057285309
1.495015263557434,-0.056177280843257904,8.182389259338379,3.0,0.0,8.0,364.02355885505676
2.0206408500671387,-0.00943289790302515,7.965576648712158,3.0,0.0,8.0,364.2278199195862
2.2108407020568848,0.04952242225408554,7.8623175621032715,3.0,0.0,8.0,364.4305956363678
2.3783726692199707,0.11005175113677979,7.807064056396484,3.0,0.0,8.0,364.7285199165344
2.4352493286132812,0.11600159108638763,7.821124076843262,3.0,0.0,8.0,364.93231773376465
2.521688461303711,0.023234471678733826,7.9318623542785645,3.0,0.0,8.0,365.4142270088196
2.6747779846191406,-0.24479961395263672,8.235523223876953,3.0,0.0,8.0,366.0276393890381
2.7212557792663574,-0.3400067687034607,8.307729721069336,3.0,0.0,8.0,366.377277135849
2.742081880569458,-0.34990039467811584,8.289698600769043,3.0,0.0,8.0,366.5791642665863
2.7534096240997314,-0.3095782399177551,8.233765602111816,3.0,0.0,8.0,366.8777542114258
2.8359534740448,-0.2357199639081955,8.128300666809082,3.0,0.0,8.0,367.52753591537476
2.884864330291748,-0.2394312173128128,8.119102478027344,3.0,0.0,8.0,367.72850942611694
2.9381747245788574,-0.22213247418403625,8.107625961303711,3.0,0.0,8.0,367.93124294281006
2.987386465072632,-0.14912207424640656,8.09101390838623,3.0,0.0,8.0,368.17820715904236
3.0037598609924316,-0.012331042438745499,8.050677299499512,0.0,0.0,8.0,368.4303333759308
2.9653468132019043,0.14437885582447052,7.9588751792907715,0.0,0.0,8.0,368.67773389816284
2.8388917446136475,0.29960018396377563,7.762459754943848,0.0,0.0,8.0,368.9323537349701
2.588404893875122,0.39990851283073425,7.550637245178223,0.0,0.0,8.0,369.17759132385254
1.3019999265670776,0.39129287004470825,7.967636585235596,0.0,0.0,8.0,370.1276128292084
1.103898048400879,0.3310836851596832,8.163021087646484,0.0,0.0,8.0,370.32796812057495
0.8807228207588196,0.23598791658878326,8.41105842590332,0.0,0.0,8.0,370.57748317718506
0.6998016238212585,0.16754509508609772,8.640003204345703,0.0,0.0,8.0,370.8301258087158
0.5463550686836243,0.11419931799173355,8.757502555847168,0.0,0.0,8.0,371.177659034729
0.47330325841903687,0.06993753463029861,8.685673713684082,0.0,0.0,8.0,371.37784004211426
0.3854161500930786,0.015108661726117134,8.497610092163086,0.0,0.0,8.0,371.62792468070984
0.2938244640827179,-0.011920253746211529,8.274988174438477,0.0,0.0,8.0,371.87899351119995
0.2030213177204132,-0.00925619900226593,8.077353477478027,0.0,0.0,8.0,372.1294732093811
-0.10616365820169449,-0.20912058651447296,7.834115028381348,0.0,0.0,8.0,372.9343309402466
-0.274180144071579,-0.3403373956680298,7.999231338500977,0.0,0.0,8.0,373.2772741317749
-0.4315357208251953,-0.39413177967071533,8.243424415588379,0.0,0.0,8.0,373.578115940094
-0.4986577033996582,-0.29340705275535583,8.37589168548584,0.0,0.0,8.0,374.02824807167053
-0.4855329096317291,-0.21682237088680267,8.252985954284668,3.0,0.0,8.0,374.3279299736023
-0.43118008971214294,-0.19718822836875916,8.079815864562988,3.0,0.0,8.0,374.5778121948242
-0.2725701630115509,-0.22325889766216278,7.895853519439697,3.0,0.0,8.0,374.8278946876526
-0.029975568875670433,-0.24755851924419403,7.746506214141846,3.0,0.0,8.0,375.02972388267517
0.4081307649612427,-0.2161741405725479,7.621977806091309,3.0,0.0,8.0,375.27788615226746
0.9422911405563354,-0.08679463714361191,7.600996017456055,3.0,0.0,8.0,375.52806401252747
1.466020941734314,0.08008148521184921,7.675563335418701,3.0,0.0,8.0,375.77790236473083
1.8767826557159424,0.2133646309375763,7.838018894195557,3.0,0.0,8.0,376.0283215045929
2.1398608684539795,0.3040785789489746,8.001669883728027,3.0,0.0,8.0,376.27804946899414
2.2742631435394287,0.3750041127204895,8.122790336608887,3.0,0.0,8.0,376.5280702114105
2.310450792312622,0.40946802496910095,8.163811683654785,3.0,0.0,8.0,376.72937059402466
2.315718173980713,0.4159966707229614,8.166945457458496,3.0,0.0,8.0,376.93125438690186
2.3509538173675537,0.3398073613643646,8.164073944091797,3.0,0.0,8.0,377.2782425880432
2.483872652053833,0.20086748898029327,8.173599243164062,3.0,0.0,8.0,377.52859902381897
2.6390950679779053,0.049459416419267654,8.178020477294922,3.0,0.0,8.0,377.7289981842041
2.796865940093994,-0.11593151092529297,8.162548065185547,3.0,0.0,8.0,377.93563580513
2.9280178546905518,-0.28462353348731995,8.08934497833252,3.0,0.0,8.0,378.18141412734985
2.8675377368927,-0.28478220105171204,7.9682416915893555,3.0,0.0,8.0,378.7828607559204
2.7169575691223145,0.06086116284132004,7.847784519195557,3.0,0.0,8.0,380.028361082077
2.700110912322998,0.16193485260009766,7.85467004776001,3.0,0.0,8.0,380.2293424606323
2.6964402198791504,0.2570953369140625,7.845963478088379,0.0,0.0,8.0,380.43230509757996
2.67557954788208,0.31479090452194214,7.758955955505371,0.0,0.0,8.0,381.0327820777893
2.453888177871704,0.30800533294677734,7.850111961364746,0.0,0.0,8.0,381.48888540267944
2.019364595413208,0.2950907349586487,8.025769233703613,0.0,0.0,8.0,381.73459339141846
1.7051578760147095,0.28328579664230347,8.139864921569824,0.0,0.0,8.0,381.9399724006653
1.3264834880828857,0.25818145275115967,8.251494407653809,0.0,0.0,8.0,382.1924262046814
1.025145173072815,0.21265700459480286,8.295744895935059,0.0,0.0,8.0,382.4456660747528
0.8588503003120422,0.13882732391357422,8.286164283752441,0.0,0.0,8.0,382.6822955608368
0.8222015500068665,0.05752101540565491,8.240931510925293,0.0,0.0,8.0,382.88245129585266
0.8228187561035156,-0.03938303515315056,8.165624618530273,0.0,0.0,8.0,383.0873463153839
0.815961480140686,-0.1397579461336136,8.057243347167969,0.0,0.0,8.0,383.2939088344574
0.7271974086761475,-0.23961149156093597,7.898414611816406,0.0,0.0,8.0,383.71631622314453
0.549767255783081,-0.26390594244003296,7.790652275085449,0.0,0.0,8.0,383.9340419769287
0.43587496876716614,-0.24770617485046387,7.76829195022583,0.0,0.0,8.0,384.1797435283661
0.3695943355560303,-0.20075805485248566,7.7783522605896,0.0,0.0,8.0,384.38512134552
0.30224812030792236,-0.09924378246068954,7.845553398132324,0.0,0.0,8.0,384.62937784194946
0.14939367771148682,0.12921994924545288,8.016837120056152,0.0,0.0,8.0,385.231650352478
0.10094626247882843,0.17927028238773346,8.078988075256348,0.0,0.0,8.0,385.43562746047974
0.07148221135139465,0.21590788662433624,8.120877265930176,0.0,0.0,8.0,385.6788110733032
0.07206451892852783,0.2082095593214035,8.102242469787598,0.0,0.0,8.0,385.93207836151123
0.07321279495954514,0.15412907302379608,8.060622215270996,0.0,0.0,8.0,386.228577375412
0.07224377244710922,0.10541529953479767,8.030492782592773,3.0,3.0,8.0,386.43182134628296
0.07582134008407593,0.04201358184218407,7.988166809082031,3.0,3.0,8.0,386.67998218536377
0.10815352946519852,0.002976573072373867,7.940701484680176,3.0,3.0,8.0,386.9325211048126
0.20993652939796448,0.031838688999414444,7.913177967071533,3.0,3.0,8.0,387.1786878108978
0.41176947951316833,0.15795357525348663,7.902604103088379,3.0,3.0,8.0,387.4315576553345
0.6660071015357971,0.4094993472099304,7.903956890106201,3.0,3.0,8.0,387.67974734306335
0.9584614634513855,0.7834579944610596,7.910902500152588,3.0,3.0,8.0,387.93530106544495
1.243951439857483,1.1900067329406738,7.925136089324951,3.0,3.0,8.0,388.179541349411
1.5295376777648926,1.5740468502044678,7.960717678070068,3.0,3.0,8.0,388.43241357803345
1.774101734161377,1.865714192390442,8.016348838806152,3.0,3.0,8.0,388.67876839637756
1.920815110206604,2.0181503295898438,8.064961433410645,3.0,3.0,8.0,388.87878823280334
2.061347723007202,2.13926362991333,8.116374015808105,3.0,3.0,8.0,389.1285741329193
2.1485297679901123,2.2145187854766846,8.140613555908203,3.0,3.0,8.0,389.32885479927063
2.2179038524627686,2.2868995666503906,8.14377498626709,3.0,3.0,8.0,389.53086709976196
2.2859158515930176,2.3593227863311768,8.115999221801758,3.0,3.0,8.0,389.7354848384857
2.3573319911956787,2.431436538696289,8.069160461425781,3.0,3.0,8.0,389.935693025589
2.4535181522369385,2.506057024002075,8.012506484985352,3.0,3.0,8.0,390.1790187358856
2.5270016193389893,2.5578176975250244,7.966750621795654,3.0,3.0,8.0,390.3790535926819
2.5909299850463867,2.5928776264190674,7.930421352386475,3.0,3.0,8.0,390.57916283607483
2.6402502059936523,2.6141836643218994,7.931084632873535,3.0,3.0,8.0,390.82912707328796
2.6778411865234375,2.632580518722534,7.962907314300537,3.0,3.0,8.0,391.03168296813965
2.7302253246307373,2.668180465698242,8.026039123535156,3.0,3.0,8.0,391.27880573272705
2.769432783126831,2.70015549659729,8.076774597167969,3.0,3.0,8.0,391.47935938835144
2.7999563217163086,2.724807024002075,8.111459732055664,3.0,3.0,8.0,391.67956805229187
2.8365018367767334,2.7581145763397217,8.114093780517578,3.0,3.0,8.0,391.9333839416504
2.8761730194091797,2.7931036949157715,8.083667755126953,3.0,3.0,8.0,392.178998708725
2.9047129154205322,2.819680690765381,8.03997802734375,3.0,3.0,8.0,392.38006711006165
2.9252772331237793,2.8464534282684326,7.993452072143555,0.0,0.0,8.0,392.6288871765137
2.9165823459625244,2.8510513305664062,7.973382472991943,0.0,0.0,8.0,392.829181432724
2.862022876739502,2.8167781829833984,7.966554641723633,0.0,0.0,8.0,393.0337996482849
2.714212417602539,2.70418381690979,7.970710277557373,0.0,0.0,8.0,393.27885127067566
2.5291545391082764,2.55415415763855,7.977804183959961,0.0,0.0,8.0,393.4793817996979
2.2883248329162598,2.355534553527832,8.005586624145508,0.0,0.0,8.0,393.67973804473877
1.9475842714309692,2.0560519695281982,8.090932846069336,0.0,0.0,8.0,393.9338879585266
1.6144803762435913,1.742883324623108,8.20982837677002,0.0,0.0,8.0,394.18227791786194
1.316368818283081,1.4388090372085571,8.303923606872559,0.0,0.0,8.0,394.4321129322052
1.088200330734253,1.1854982376098633,8.343918800354004,0.0,0.0,8.0,394.6789104938507
0.9456997513771057,1.0291935205459595,8.29505443572998,0.0,0.0,8.0,394.88010430336
0.8434847593307495,0.9134652614593506,8.154051780700684,0.0,0.0,8.0,395.1291661262512
0.7897056937217712,0.8500388860702515,8.014525413513184,0.0,0.0,8.0,395.32919788360596
0.747577428817749,0.7821229696273804,7.861389636993408,0.0,0.0,8.0,395.53157448768616
0.6935689449310303,0.6607030630111694,7.7312164306640625,0.0,0.0,8.0,395.77912759780884
0.6402103304862976,0.5505286455154419,7.711541175842285,0.0,0.0,8.0,395.97944045066833
0.5695890188217163,0.4488084316253662,7.796797275543213,0.0,0.0,8.0,396.2288987636566
0.5096246600151062,0.39646124839782715,7.915031433105469,0.0,0.0,8.0,396.4326150417328
0.43229228258132935,0.3494676351547241,8.038105010986328,0.0,0.0,8.0,396.6796033382416
0.3588252663612366,0.3094139099121094,8.108814239501953,0.0,0.0,8.0,396.9335868358612
0.2886158227920532,0.27373021841049194,8.114724159240723,0.0,0.0,8.0,397.1791775226593
0.22055713832378387,0.23985551297664642,8.063840866088867,0.0,0.0,8.0,397.4319303035736
0.1600293517112732,0.21566501259803772,7.983020305633545,0.0,0.0,8.0,397.67924427986145
0.11611029505729675,0.19496013224124908,7.906370639801025,0.0,0.0,8.0,397.9356572628021
0.08894544839859009,0.17898190021514893,7.859915256500244,0.0,0.0,8.0,398.17931509017944
0.07556623965501785,0.1637544333934784,7.855246067047119,0.0,0.0,8.0,398.432062625885
0.08257242292165756,0.15092813968658447,7.88191032409668,3.0,3.0,8.0,398.68020391464233
0.13298286497592926,0.16057176887989044,7.9319281578063965,3.0,3.0,8.0,398.9332070350647
0.24274694919586182,0.23409926891326904,7.9872965812683105,3.0,3.0,8.0,399.180212020874
0.43210840225219727,0.3943101763725281,8.036046028137207,3.0,3.0,8.0,399.43206429481506
0.6786420941352844,0.6244624853134155,8.058341979980469,3.0,3.0,8.0,399.67954754829407
0.9108414053916931,0.8493257164955139,8.050161361694336,3.0,3.0,8.0,399.8798072338104
1.154952049255371,1.0959392786026,8.024619102478027,3.0,3.0,8.0,400.08021450042725
1.447572112083435,1.3994699716567993,7.98561429977417,3.0,3.0,8.0,400.33181834220886
1.6451900005340576,1.6147654056549072,7.9532952308654785,3.0,3.0,8.0,400.5348439216614
1.8465839624404907,1.829601764678955,7.930441856384277,3.0,3.0,8.0,400.7828514575958
1.9956358671188354,1.982539176940918,7.933685302734375,3.0,3.0,8.0,401.0293653011322
2.0842537879943848,2.071007490158081,7.9469757080078125,3.0,3.0,8.0,401.2294738292694
2.163302183151245,2.1464009284973145,7.969410419464111,3.0,3.0,8.0,401.43405961990356
2.2759618759155273,2.24849796295166,8.004961967468262,3.0,3.0,8.0,401.6813163757324
2.398216724395752,2.3562395572662354,8.038362503051758,3.0,3.0,8.0,401.93029952049255
2.4870128631591797,2.4350509643554688,8.052387237548828,3.0,3.0,8.0,402.13256311416626
2.583070755004883,2.517548084259033,8.0502347946167,3.0,3.0,8.0,402.37908363342285
2.643139123916626,2.5701658725738525,8.04090690612793,3.0,3.0,8.0,402.57925176620483
2.7041594982147217,2.6095876693725586,8.027710914611816,3.0,3.0,8.0,402.77927446365356
2.7689993381500244,2.6412205696105957,8.014578819274902,3.0,3.0,8.0,402.98043608665466
2.8240091800689697,2.679190158843994,8.01378059387207,3.0,3.0,8.0,403.22957468032837
2.838046073913574,2.709542989730835,8.014387130737305,3.0,3.0,8.0,403.42972135543823
2.836599826812744,2.7407147884368896,8.014464378356934,3.0,3.0,8.0,403.6792666912079
2.8276946544647217,2.7539384365081787,8.011709213256836,3.0,3.0,8.0,403.8795301914215
2.8187642097473145,2.7604165077209473,8.008450508117676,3.0,3.0,8.0,404.08025097846985
2.8135721683502197,2.763563394546509,8.007929801940918,3.0,3.0,8.0,404.2823610305786
2.810044765472412,2.766951084136963,8.004666328430176,3.0,3.0,8.0,404.4834794998169
2.7918508052825928,2.773245334625244,8.002885818481445,0.0,0.0,8.0,404.72975301742554
2.7516372203826904,2.7664432525634766,8.006979942321777,0.0,0.0,8.0,404.93329906463623
2.6433637142181396,2.7064054012298584,8.002416610717773,0.0,0.0,8.0,405.1795573234558
2.4670557975769043,2.5713789463043213,7.99791145324707,0.0,0.0,8.0,405.4299855232239
2.2949869632720947,2.4181430339813232,8.01441764831543,0.0,0.0,8.0,405.6305112838745
2.0994179248809814,2.2349460124969482,8.036109924316406,0.0,0.0,8.0,405.8316738605499
1.8922233581542969,2.037466049194336,8.058006286621094,0.0,0.0,8.0,406.03181052207947
1.6451176404953003,1.7928839921951294,8.077528953552246,0.0,0.0,8.0,406.282390832901
1.4242782592773438,1.5769587755203247,8.09329891204834,0.0,0.0,8.0,406.5296034812927
1.2416685819625854,1.3991079330444336,8.08576488494873,0.0,0.0,8.0,406.78022360801697
1.102725625038147,1.2513444423675537,8.033832550048828,0.0,0.0,8.0,407.0323495864868
0.9993299841880798,1.135960578918457,7.991542816162109,0.0,0.0,8.0,407.2796199321747
0.9266906976699829,1.0440622568130493,7.972275257110596,0.0,0.0,8.0,407.47989797592163
0.8521433472633362,0.946319043636322,7.972750186920166,0.0,0.0,8.0,407.68035221099854
0.7552339434623718,0.8189364075660706,7.9877400398254395,0.0,0.0,8.0,407.933646440506
0.6550331711769104,0.6952988505363464,8.009227752685547,0.0,0.0,8.0,408.17970275878906
0.5716710686683655,0.5863810777664185,8.006669044494629,0.0,0.0,8.0,408.43273639678955
0.5196147561073303,0.5123688578605652,8.018293380737305,0.0,0.0,8.0,408.6795573234558
0.49544066190719604,0.4773881435394287,8.058685302734375,0.0,0.0,8.0,408.88345861434937
0.4853614270687103,0.4509941041469574,8.175861358642578,0.0,0.0,8.0,409.1296167373657
0.49568867683410645,0.4418250024318695,8.332317352294922,0.0,0.0,8.0,409.3311336040497
0.5210701823234558,0.44113168120384216,8.606683731079102,0.0,0.0,8.0,409.5805251598358
0.5518905520439148,0.43931883573532104,8.948269844055176,0.0,0.0,8.0,409.8299243450165
0.5717103481292725,0.43242841958999634,9.25195026397705,0.0,0.0,8.0,410.03214716911316
0.5977012515068054,0.42799681425094604,9.634021759033203,0.0,0.0,8.0,410.2800190448761
0.614050030708313,0.4326440095901489,9.93708324432373,0.0,0.0,8.0,410.48023414611816
0.6198083162307739,0.44860705733299255,10.298293113708496,3.0,3.0,11.0,410.73527932167053
0.6105086207389832,0.48404818773269653,10.64137077331543,3.0,3.0,11.0,410.98081374168396
0.5952198505401611,0.5365872383117676,10.989561080932617,3.0,3.0,11.0,411.23106384277344
0.5882035493850708,0.576074481010437,11.260098457336426,3.0,3.0,11.0,411.4324862957001
0.5852702260017395,0.593482255935669,11.505167007446289,3.0,3.0,11.0,411.6334857940674
0.5886116027832031,0.5930947661399841,11.773064613342285,3.0,3.0,11.0,411.8797233104706
0.5454434156417847,0.5446078181266785,11.962380409240723,3.0,3.0,11.0,412.08060097694397
0.4149937629699707,0.41632193326950073,12.145337104797363,3.0,3.0,11.0,412.3301920890808
0.2248096764087677,0.23174899816513062,12.282614707946777,3.0,3.0,11.0,412.5799050331116
0.012471544556319714,-0.004469673614948988,12.387999534606934,3.0,3.0,11.0,412.829726934433
-0.15474602580070496,-0.22077028453350067,12.465556144714355,3.0,3.0,11.0,413.0321819782257
-0.318437784910202,-0.44856610894203186,12.53561019897461,3.0,3.0,11.0,413.2347939014435
-0.5288652181625366,-0.7389203906059265,12.548279762268066,3.0,3.0,11.0,413.479656457901
-0.7172110676765442,-0.9750555753707886,12.500364303588867,3.0,3.0,11.0,413.6813027858734
-0.9165785312652588,-1.217634677886963,12.41141128540039,3.0,3.0,11.0,413.88336634635925
-1.118800163269043,-1.474447250366211,12.285527229309082,3.0,3.0,11.0,414.08414006233215
-1.3533720970153809,-1.8180906772613525,12.1325044631958,3.0,3.0,11.0,414.3341636657715
-1.5520873069763184,-2.1388626098632812,12.041218757629395,3.0,3.0,11.0,414.5798671245575
-1.6888314485549927,-2.349689245223999,12.016634941101074,3.0,3.0,11.0,414.7800762653351
-1.7965401411056519,-2.507918357849121,12.025278091430664,3.0,3.0,11.0,414.9828419685364
-1.878111481666565,-2.637481927871704,12.080147743225098,3.0,3.0,11.0,415.2300455570221
-1.9027055501937866,-2.7106621265411377,12.150163650512695,3.0,3.0,11.0,415.43277072906494
-1.897399663925171,-2.7819039821624756,12.246184349060059,3.0,3.0,11.0,415.68283700942993
-1.883366346359253,-2.836975336074829,12.328426361083984,3.0,3.0,11.0,415.93620014190674
-1.8769205808639526,-2.848834276199341,12.38840389251709,3.0,3.0,11.0,416.18013429641724
-1.8972194194793701,-2.819185972213745,12.425078392028809,3.0,3.0,11.0,416.4326934814453
-1.9343458414077759,-2.7779245376586914,12.423247337341309,0.0,0.0,8.0,416.68015456199646
-1.9756664037704468,-2.7526981830596924,12.404233932495117,0.0,0.0,8.0,416.88256645202637
-2.0361456871032715,-2.7346620559692383,12.370138168334961,0.0,0.0,8.0,417.1307270526886
-2.0802180767059326,-2.725109815597534,12.341634750366211,0.0,0.0,8.0,417.33176851272583
-2.1181511878967285,-2.7168309688568115,12.302064895629883,0.0,0.0,8.0,417.579909324646
-2.143261432647705,-2.7154884338378906,12.280204772949219,0.0,0.0,8.0,417.78277492523193
-2.153177261352539,-2.732760190963745,12.265506744384766,0.0,0.0,8.0,418.0299713611603
-2.146926164627075,-2.7503468990325928,12.278874397277832,0.0,0.0,8.0,418.2303776741028
-2.1149580478668213,-2.772106170654297,12.334013938903809,0.0,0.0,8.0,418.58005928993225
-2.0792832374572754,-2.786491870880127,12.35679817199707,0.0,0.0,8.0,418.78195548057556
-2.025273561477661,-2.807541847229004,12.371891021728516,0.0,0.0,8.0,419.0300233364105
-1.9856771230697632,-2.821056604385376,12.386008262634277,0.0,0.0,8.0,419.2322299480438
-1.9538847208023071,-2.828955888748169,12.388435363769531,0.0,0.0,8.0,419.4328963756561
-1.9264367818832397,-2.8151676654815674,12.378899574279785,0.0,0.0,8.0,419.6828942298889
-1.9026683568954468,-2.776310443878174,12.363147735595703,0.0,0.0,8.0,419.93483304977417
-1.8721431493759155,-2.7166459560394287,12.347887992858887,0.0,0.0,8.0,420.1823134422302
-1.8408464193344116,-2.6608211994171143,12.350909233093262,0.0,0.0,8.0,420.38308095932007
-1.816357970237732,-2.5980286598205566,12.357569694519043,0.0,0.0,8.0,420.63068175315857
-1.8135288953781128,-2.557328224182129,12.357236862182617,0.0,0.0,8.0,420.83088850975037
-1.8323838710784912,-2.5291006565093994,12.33962345123291,0.0,0.0,8.0,421.032279253006
-1.8678637742996216,-2.5065712928771973,12.299824714660645,0.0,0.0,8.0,421.28089475631714
-1.9159321784973145,-2.4957053661346436,12.261861801147461,0.0,0.0,8.0,421.53086948394775
-1.962958812713623,-2.4864087104797363,12.215457916259766,0.0,0.0,8.0,421.7826807498932
-2.0066475868225098,-2.4872426986694336,12.134242057800293,0.0,0.0,8.0,422.0321047306061
-2.0344560146331787,-2.4839422702789307,11.985709190368652,0.0,0.0,8.0,422.2812762260437
-2.039717435836792,-2.4661481380462646,11.757972717285156,0.0,0.0,8.0,422.531858921051
-2.0363266468048096,-2.4241578578948975,11.298736572265625,3.0,3.0,11.0,422.88036131858826
-2.0246059894561768,-2.3988497257232666,10.983386993408203,3.0,3.0,11.0,423.0831301212311
-1.8957502841949463,-2.360055923461914,9.89727783203125,3.0,3.0,11.0,423.7802400588989
-1.866138219833374,-2.3894851207733154,9.692892074584961,3.0,3.0,11.0,423.98266863822937
-1.8522710800170898,-2.4338788986206055,9.567234992980957,3.0,3.0,11.0,424.23056387901306
-1.8654911518096924,-2.474605083465576,9.54629898071289,3.0,3.0,11.0,424.4330439567566
-1.8983064889907837,-2.52321720123291,9.597890853881836,3.0,3.0,11.0,424.68023657798767
-1.9281811714172363,-2.5579075813293457,9.653666496276855,3.0,3.0,11.0,424.88048338890076
-1.9618679285049438,-2.5864992141723633,9.69546127319336,3.0,3.0,11.0,425.09260630607605
